dataset,image_id,filepath,source_split,partition,source_group_id,object_count,median_relative_box_area,overlap_fraction,category_count,crowd_present,selection_group
coco-rem,000000372464,/home/felix/fiftyone/coco-2017/train/data/000000372464.jpg,train,calibration,000000372464,2,0.018076697892271662,0.0,2,False,random
coco-rem,000000341111,/home/felix/fiftyone/coco-2017/train/data/000000341111.jpg,train,calibration,000000341111,2,0.12818359375,0.0,2,False,random
coco-rem,000000338086,/home/felix/fiftyone/coco-2017/train/data/000000338086.jpg,train,calibration,000000338086,25,0.0109375,0.8,4,False,random
coco-rem,000000393493,/home/felix/fiftyone/coco-2017/train/data/000000393493.jpg,train,calibration,000000393493,8,0.070995,0.75,4,False,random
coco-rem,000000382563,/home/felix/fiftyone/coco-2017/train/data/000000382563.jpg,train,calibration,000000382563,5,0.07893333333333333,0.0,2,False,random
coco-rem,000000169228,/home/felix/fiftyone/coco-2017/train/data/000000169228.jpg,train,calibration,000000169228,4,0.029090073529411765,0.0,2,False,random
coco-rem,000000106199,/home/felix/fiftyone/coco-2017/train/data/000000106199.jpg,train,calibration,000000106199,2,0.13881487165178572,1.0,2,False,random
coco-rem,000000123330,/home/felix/fiftyone/coco-2017/train/data/000000123330.jpg,train,calibration,000000123330,3,0.58337890625,1.0,2,False,random
coco-rem,000000252608,/home/felix/fiftyone/coco-2017/train/data/000000252608.jpg,train,calibration,000000252608,2,0.01304607780612245,0.0,1,False,random
coco-rem,000000370310,/home/felix/fiftyone/coco-2017/train/data/000000370310.jpg,train,calibration,000000370310,1,0.220864,0.0,1,False,random
coco-rem,000000175513,/home/felix/fiftyone/coco-2017/train/data/000000175513.jpg,train,calibration,000000175513,2,0.23590419283181682,1.0,2,False,random
coco-rem,000000477259,/home/felix/fiftyone/coco-2017/train/data/000000477259.jpg,train,calibration,000000477259,22,0.003186848958333333,0.9090909090909091,7,True,random
coco-rem,000000385705,/home/felix/fiftyone/coco-2017/train/data/000000385705.jpg,train,calibration,000000385705,3,0.3847838785046729,0.6666666666666666,3,False,random
coco-rem,000000452783,/home/felix/fiftyone/coco-2017/train/data/000000452783.jpg,train,calibration,000000452783,3,0.49422169811320754,0.6666666666666666,1,False,random
coco-rem,000000358429,/home/felix/fiftyone/coco-2017/train/data/000000358429.jpg,train,calibration,000000358429,15,0.00704771662763466,0.26666666666666666,5,False,random
coco-rem,000000131427,/home/felix/fiftyone/coco-2017/train/data/000000131427.jpg,train,calibration,000000131427,8,0.12180928738317758,1.0,3,False,random
coco-rem,000000084881,/home/felix/fiftyone/coco-2017/train/data/000000084881.jpg,train,calibration,000000084881,2,0.5579946666666666,1.0,2,False,random
coco-rem,000000105468,/home/felix/fiftyone/coco-2017/train/data/000000105468.jpg,train,calibration,000000105468,3,0.04224308300395257,0.0,1,False,random
coco-rem,000000163759,/home/felix/fiftyone/coco-2017/train/data/000000163759.jpg,train,calibration,000000163759,2,0.2117297794117647,1.0,1,False,random
coco-rem,000000445087,/home/felix/fiftyone/coco-2017/train/data/000000445087.jpg,train,calibration,000000445087,3,0.017410714285714286,0.6666666666666666,2,False,random
coco-rem,000000057892,/home/felix/fiftyone/coco-2017/train/data/000000057892.jpg,train,calibration,000000057892,4,0.10550410958904109,0.5,2,False,random
coco-rem,000000179477,/home/felix/fiftyone/coco-2017/train/data/000000179477.jpg,train,calibration,000000179477,2,0.09428441334355828,0.0,2,False,random
coco-rem,000000211217,/home/felix/fiftyone/coco-2017/train/data/000000211217.jpg,train,calibration,000000211217,80,0.0029859484777517565,0.7,7,True,random
coco-rem,000000447224,/home/felix/fiftyone/coco-2017/train/data/000000447224.jpg,train,calibration,000000447224,3,0.018998829039812648,0.6666666666666666,3,False,random
coco-rem,000000027412,/home/felix/fiftyone/coco-2017/train/data/000000027412.jpg,train,calibration,000000027412,15,0.02847430139720559,0.9333333333333333,3,False,random
coco-rem,000000281431,/home/felix/fiftyone/coco-2017/train/data/000000281431.jpg,train,calibration,000000281431,3,0.12783203125,0.6666666666666666,2,False,random
coco-rem,000000013355,/home/felix/fiftyone/coco-2017/train/data/000000013355.jpg,train,calibration,000000013355,5,0.34894613583138173,1.0,3,False,random
coco-rem,000000455363,/home/felix/fiftyone/coco-2017/train/data/000000455363.jpg,train,calibration,000000455363,3,0.012704918032786885,0.0,2,False,random
coco-rem,000000525880,/home/felix/fiftyone/coco-2017/train/data/000000525880.jpg,train,calibration,000000525880,2,0.2856994459833795,0.0,2,False,random
coco-rem,000000069978,/home/felix/fiftyone/coco-2017/train/data/000000069978.jpg,train,calibration,000000069978,8,0.027982289227166276,0.25,5,False,random
coco-rem,000000428263,/home/felix/fiftyone/coco-2017/train/data/000000428263.jpg,train,calibration,000000428263,17,0.001097775175644028,0.0,4,True,random
coco-rem,000000351621,/home/felix/fiftyone/coco-2017/train/data/000000351621.jpg,train,calibration,000000351621,2,0.10751953125,0.0,1,False,random
coco-rem,000000015190,/home/felix/fiftyone/coco-2017/train/data/000000015190.jpg,train,calibration,000000015190,7,0.133671875,0.8571428571428571,2,False,random
coco-rem,000000110642,/home/felix/fiftyone/coco-2017/train/data/000000110642.jpg,train,calibration,000000110642,7,0.05736328125,0.0,1,False,random
coco-rem,000000291898,/home/felix/fiftyone/coco-2017/train/data/000000291898.jpg,train,calibration,000000291898,8,0.014227575836820083,0.0,6,False,random
coco-rem,000000460038,/home/felix/fiftyone/coco-2017/train/data/000000460038.jpg,train,calibration,000000460038,1,0.262109375,0.0,1,False,random
coco-rem,000000560254,/home/felix/fiftyone/coco-2017/train/data/000000560254.jpg,train,calibration,000000560254,3,0.015551814988290398,0.6666666666666666,2,False,random
coco-rem,000000068866,/home/felix/fiftyone/coco-2017/train/data/000000068866.jpg,train,calibration,000000068866,31,0.0103125,0.2903225806451613,2,False,random
coco-rem,000000385098,/home/felix/fiftyone/coco-2017/train/data/000000385098.jpg,train,calibration,000000385098,70,0.003093093093093093,0.37142857142857144,4,True,random
coco-rem,000000581766,/home/felix/fiftyone/coco-2017/train/data/000000581766.jpg,train,calibration,000000581766,3,0.07236266666666667,0.0,1,False,random
coco-rem,000000397685,/home/felix/fiftyone/coco-2017/train/data/000000397685.jpg,train,calibration,000000397685,3,0.18404947916666667,1.0,3,False,random
coco-rem,000000009668,/home/felix/fiftyone/coco-2017/train/data/000000009668.jpg,train,calibration,000000009668,4,0.02753294624217119,0.0,4,False,random
coco-rem,000000082957,/home/felix/fiftyone/coco-2017/train/data/000000082957.jpg,train,calibration,000000082957,17,0.002805897887323944,0.5294117647058824,4,False,random
coco-rem,000000486503,/home/felix/fiftyone/coco-2017/train/data/000000486503.jpg,train,calibration,000000486503,2,0.29074575526932084,1.0,2,False,random
coco-rem,000000322222,/home/felix/fiftyone/coco-2017/train/data/000000322222.jpg,train,calibration,000000322222,4,0.08996152638190955,0.75,3,False,random
coco-rem,000000127153,/home/felix/fiftyone/coco-2017/train/data/000000127153.jpg,train,calibration,000000127153,12,0.016999934759916492,0.5833333333333334,4,False,random
coco-rem,000000389036,/home/felix/fiftyone/coco-2017/train/data/000000389036.jpg,train,calibration,000000389036,2,0.32172256097560975,1.0,2,False,random
coco-rem,000000298657,/home/felix/fiftyone/coco-2017/train/data/000000298657.jpg,train,calibration,000000298657,5,0.0248046875,0.4,5,False,random
coco-rem,000000412510,/home/felix/fiftyone/coco-2017/train/data/000000412510.jpg,train,calibration,000000412510,5,0.003893229166666667,0.4,2,False,random
coco-rem,000000235547,/home/felix/fiftyone/coco-2017/train/data/000000235547.jpg,train,calibration,000000235547,3,0.42243486533957847,1.0,1,False,random
coco-rem,000000087509,/home/felix/fiftyone/coco-2017/train/data/000000087509.jpg,train,calibration,000000087509,2,0.507144201807229,1.0,2,False,random
coco-rem,000000226494,/home/felix/fiftyone/coco-2017/train/data/000000226494.jpg,train,calibration,000000226494,1,0.7539080796252927,0.0,1,False,random
coco-rem,000000231460,/home/felix/fiftyone/coco-2017/train/data/000000231460.jpg,train,calibration,000000231460,12,0.004396551724137931,0.16666666666666666,7,False,random
coco-rem,000000037638,/home/felix/fiftyone/coco-2017/train/data/000000037638.jpg,train,calibration,000000037638,100,0.007153834894613583,0.46,2,False,random
coco-rem,000000068235,/home/felix/fiftyone/coco-2017/train/data/000000068235.jpg,train,calibration,000000068235,5,0.029296875,0.0,5,False,random
coco-rem,000000157960,/home/felix/fiftyone/coco-2017/train/data/000000157960.jpg,train,calibration,000000157960,7,0.055338541666666664,0.8571428571428571,6,False,random
coco-rem,000000508430,/home/felix/fiftyone/coco-2017/train/data/000000508430.jpg,train,calibration,000000508430,5,0.024166666666666666,0.0,1,False,random
coco-rem,000000540068,/home/felix/fiftyone/coco-2017/train/data/000000540068.jpg,train,calibration,000000540068,1,0.1704225352112676,0.0,1,False,random
coco-rem,000000295269,/home/felix/fiftyone/coco-2017/train/data/000000295269.jpg,train,calibration,000000295269,3,0.10565217391304348,0.6666666666666666,1,False,random
coco-rem,000000329304,/home/felix/fiftyone/coco-2017/train/data/000000329304.jpg,train,calibration,000000329304,5,0.016016236306729263,0.0,2,False,random
coco-rem,000000572786,/home/felix/fiftyone/coco-2017/train/data/000000572786.jpg,train,calibration,000000572786,5,0.10407855952838652,0.0,4,False,random
coco-rem,000000335874,/home/felix/fiftyone/coco-2017/train/data/000000335874.jpg,train,calibration,000000335874,1,0.11619950234192038,0.0,1,False,random
coco-rem,000000232001,/home/felix/fiftyone/coco-2017/train/data/000000232001.jpg,train,calibration,000000232001,7,0.03624853629976581,1.0,2,False,random
coco-rem,000000225281,/home/felix/fiftyone/coco-2017/train/data/000000225281.jpg,train,calibration,000000225281,30,0.0009944661458333333,0.13333333333333333,3,True,random
coco-rem,000000498371,/home/felix/fiftyone/coco-2017/train/data/000000498371.jpg,train,calibration,000000498371,0,,0.0,0,False,random
coco-rem,000000209292,/home/felix/fiftyone/coco-2017/train/data/000000209292.jpg,train,calibration,000000209292,15,0.0015186915887850467,0.8,6,False,random
coco-rem,000000327368,/home/felix/fiftyone/coco-2017/train/data/000000327368.jpg,train,calibration,000000327368,3,0.02238136574074074,1.0,2,False,random
coco-rem,000000409364,/home/felix/fiftyone/coco-2017/train/data/000000409364.jpg,train,calibration,000000409364,3,0.04483198221757322,0.6666666666666666,2,False,random
coco-rem,000000210322,/home/felix/fiftyone/coco-2017/train/data/000000210322.jpg,train,calibration,000000210322,3,0.028257978723404256,0.0,3,False,random
coco-rem,000000293946,/home/felix/fiftyone/coco-2017/train/data/000000293946.jpg,train,calibration,000000293946,0,,0.0,0,False,random
coco-rem,000000562008,/home/felix/fiftyone/coco-2017/train/data/000000562008.jpg,train,calibration,000000562008,4,0.033829771662763464,0.0,3,False,random
coco-rem,000000053587,/home/felix/fiftyone/coco-2017/train/data/000000053587.jpg,train,calibration,000000053587,6,0.013672785547785548,0.3333333333333333,2,False,random
coco-rem,000000524956,/home/felix/fiftyone/coco-2017/train/data/000000524956.jpg,train,calibration,000000524956,18,0.005884074941451991,0.2777777777777778,5,False,random
coco-rem,000000088540,/home/felix/fiftyone/coco-2017/train/data/000000088540.jpg,train,calibration,000000088540,28,0.015598958333333333,0.8571428571428571,10,False,random
coco-rem,000000430583,/home/felix/fiftyone/coco-2017/train/data/000000430583.jpg,train,calibration,000000430583,4,0.13622933333333334,0.5,2,False,random
coco-rem,000000265253,/home/felix/fiftyone/coco-2017/train/data/000000265253.jpg,train,calibration,000000265253,24,0.012486979166666667,0.75,12,False,random
coco-rem,000000202131,/home/felix/fiftyone/coco-2017/train/data/000000202131.jpg,train,calibration,000000202131,3,0.13787109375,0.0,3,False,random
coco-rem,000000332420,/home/felix/fiftyone/coco-2017/train/data/000000332420.jpg,train,calibration,000000332420,3,0.4778971354166667,1.0,3,False,random
coco-rem,000000088162,/home/felix/fiftyone/coco-2017/train/data/000000088162.jpg,train,calibration,000000088162,33,0.0019366197183098592,0.3333333333333333,7,False,random
coco-rem,000000173447,/home/felix/fiftyone/coco-2017/train/data/000000173447.jpg,train,calibration,000000173447,5,0.001162109375,0.4,2,False,random
coco-rem,000000365353,/home/felix/fiftyone/coco-2017/train/data/000000365353.jpg,train,calibration,000000365353,2,0.5002858627858627,0.0,2,False,random
coco-rem,000000243171,/home/felix/fiftyone/coco-2017/train/data/000000243171.jpg,train,calibration,000000243171,3,0.003720238095238095,0.0,3,False,random
coco-rem,000000223992,/home/felix/fiftyone/coco-2017/train/data/000000223992.jpg,train,calibration,000000223992,20,0.0405884074941452,1.0,5,False,random
coco-rem,000000318240,/home/felix/fiftyone/coco-2017/train/data/000000318240.jpg,train,calibration,000000318240,10,0.008786666666666667,0.4,1,False,random
coco-rem,000000131825,/home/felix/fiftyone/coco-2017/train/data/000000131825.jpg,train,calibration,000000131825,5,0.052936936936936935,0.8,4,False,random
coco-rem,000000368541,/home/felix/fiftyone/coco-2017/train/data/000000368541.jpg,train,calibration,000000368541,31,0.0014322916666666666,0.7419354838709677,7,True,random
coco-rem,000000007890,/home/felix/fiftyone/coco-2017/train/data/000000007890.jpg,train,calibration,000000007890,5,0.015716145833333334,0.4,5,False,random
coco-rem,000000513946,/home/felix/fiftyone/coco-2017/train/data/000000513946.jpg,train,calibration,000000513946,3,0.25729166666666664,0.6666666666666666,3,False,random
coco-rem,000000459566,/home/felix/fiftyone/coco-2017/train/data/000000459566.jpg,train,calibration,000000459566,3,0.36833650468384077,0.6666666666666666,2,False,random
coco-rem,000000385272,/home/felix/fiftyone/coco-2017/train/data/000000385272.jpg,train,calibration,000000385272,10,0.06386551816239316,0.2,2,False,random
coco-rem,000000131494,/home/felix/fiftyone/coco-2017/train/data/000000131494.jpg,train,calibration,000000131494,10,0.01524626756440281,0.7,4,False,random
coco-rem,000000198312,/home/felix/fiftyone/coco-2017/train/data/000000198312.jpg,train,calibration,000000198312,20,0.018151041666666666,0.95,6,False,random
coco-rem,000000483923,/home/felix/fiftyone/coco-2017/train/data/000000483923.jpg,train,calibration,000000483923,2,0.3217576291079812,1.0,2,False,random
coco-rem,000000056193,/home/felix/fiftyone/coco-2017/train/data/000000056193.jpg,train,calibration,000000056193,2,0.05220720720720721,0.0,1,False,random
coco-rem,000000259884,/home/felix/fiftyone/coco-2017/train/data/000000259884.jpg,train,calibration,000000259884,18,0.0096484375,1.0,4,False,random
coco-rem,000000450543,/home/felix/fiftyone/coco-2017/train/data/000000450543.jpg,train,calibration,000000450543,2,0.21142942942942944,1.0,2,False,random
coco-rem,000000567764,/home/felix/fiftyone/coco-2017/train/data/000000567764.jpg,train,calibration,000000567764,10,0.009473852040816327,0.3,2,False,random
coco-rem,000000320374,/home/felix/fiftyone/coco-2017/train/data/000000320374.jpg,train,calibration,000000320374,21,0.0011276533018867924,0.19047619047619047,6,False,random
coco-rem,000000406908,/home/felix/fiftyone/coco-2017/train/data/000000406908.jpg,train,calibration,000000406908,7,0.003871487119437939,0.0,3,False,random
coco-rem,000000298405,/home/felix/fiftyone/coco-2017/train/data/000000298405.jpg,train,calibration,000000298405,7,0.0520703125,0.2857142857142857,3,False,random
coco-rem,000000012700,/home/felix/fiftyone/coco-2017/train/data/000000012700.jpg,train,calibration,000000012700,29,0.0014388020833333334,0.3448275862068966,8,True,random
coco-rem,000000546480,/home/felix/fiftyone/coco-2017/train/data/000000546480.jpg,train,calibration,000000546480,3,0.013221333333333333,0.6666666666666666,3,False,random
coco-rem,000000488796,/home/felix/fiftyone/coco-2017/train/data/000000488796.jpg,train,calibration,000000488796,1,0.3417058823529412,0.0,1,False,random
coco-rem,000000210549,/home/felix/fiftyone/coco-2017/train/data/000000210549.jpg,train,calibration,000000210549,4,0.02961614461358314,0.5,2,False,random
coco-rem,000000256031,/home/felix/fiftyone/coco-2017/train/data/000000256031.jpg,train,calibration,000000256031,2,0.047520616319444445,0.0,2,False,random
coco-rem,000000218762,/home/felix/fiftyone/coco-2017/train/data/000000218762.jpg,train,calibration,000000218762,2,0.011751760563380282,0.0,1,False,random
coco-rem,000000439486,/home/felix/fiftyone/coco-2017/train/data/000000439486.jpg,train,calibration,000000439486,2,0.5129345703125,1.0,2,False,random
coco-rem,000000044500,/home/felix/fiftyone/coco-2017/train/data/000000044500.jpg,train,calibration,000000044500,13,0.05736010579064588,0.6153846153846154,5,False,random
coco-rem,000000191327,/home/felix/fiftyone/coco-2017/train/data/000000191327.jpg,train,calibration,000000191327,7,0.035250651041666664,0.8571428571428571,4,False,random
coco-rem,000000370121,/home/felix/fiftyone/coco-2017/train/data/000000370121.jpg,train,calibration,000000370121,3,0.04485677083333333,1.0,2,False,random
coco-rem,000000271943,/home/felix/fiftyone/coco-2017/train/data/000000271943.jpg,train,calibration,000000271943,2,0.7109293619791667,1.0,2,False,random
coco-rem,000000417219,/home/felix/fiftyone/coco-2017/train/data/000000417219.jpg,train,calibration,000000417219,9,0.015525968309859155,0.7777777777777778,2,False,random
coco-rem,000000074060,/home/felix/fiftyone/coco-2017/train/data/000000074060.jpg,train,calibration,000000074060,3,0.029361826697892272,0.0,1,False,random
coco-rem,000000526085,/home/felix/fiftyone/coco-2017/train/data/000000526085.jpg,train,calibration,000000526085,22,0.008413964435146443,0.9545454545454546,7,False,random
coco-rem,000000359357,/home/felix/fiftyone/coco-2017/train/data/000000359357.jpg,train,calibration,000000359357,8,0.079482421875,0.75,4,False,random
coco-rem,000000492817,/home/felix/fiftyone/coco-2017/train/data/000000492817.jpg,train,calibration,000000492817,6,0.0018210827464788732,0.3333333333333333,4,False,random
coco-rem,000000194921,/home/felix/fiftyone/coco-2017/train/data/000000194921.jpg,train,calibration,000000194921,5,0.007102941176470588,0.4,2,False,random
coco-rem,000000287235,/home/felix/fiftyone/coco-2017/train/data/000000287235.jpg,train,calibration,000000287235,5,0.05833984375,1.0,3,False,random
coco-rem,000000086139,/home/felix/fiftyone/coco-2017/train/data/000000086139.jpg,train,calibration,000000086139,2,0.6654933333333334,1.0,2,False,random
coco-rem,000000105027,/home/felix/fiftyone/coco-2017/train/data/000000105027.jpg,train,calibration,000000105027,5,0.07117988807723526,0.4,4,False,random
coco-rem,000000416202,/home/felix/fiftyone/coco-2017/train/data/000000416202.jpg,train,calibration,000000416202,4,0.02273101806640625,0.5,3,False,random
coco-rem,000000061831,/home/felix/fiftyone/coco-2017/train/data/000000061831.jpg,train,calibration,000000061831,4,0.2810139783372365,0.0,3,False,random
coco-rem,000000430319,/home/felix/fiftyone/coco-2017/train/data/000000430319.jpg,train,calibration,000000430319,4,0.2751708984375,0.5,4,False,random
coco-rem,000000070829,/home/felix/fiftyone/coco-2017/train/data/000000070829.jpg,train,calibration,000000070829,3,0.05040157710280374,0.0,3,False,random
coco-rem,000000213268,/home/felix/fiftyone/coco-2017/train/data/000000213268.jpg,train,calibration,000000213268,24,0.008893808548009368,0.75,1,False,random
coco-rem,000000541493,/home/felix/fiftyone/coco-2017/train/data/000000541493.jpg,train,calibration,000000541493,6,0.023180338541666668,0.6666666666666666,4,False,random
coco-rem,000000430281,/home/felix/fiftyone/coco-2017/train/data/000000430281.jpg,train,calibration,000000430281,5,0.13212890625,1.0,3,False,random
coco-rem,000000182401,/home/felix/fiftyone/coco-2017/train/data/000000182401.jpg,train,calibration,000000182401,1,0.14620500782472615,0.0,1,False,random
coco-rem,000000334916,/home/felix/fiftyone/coco-2017/train/data/000000334916.jpg,train,calibration,000000334916,8,0.022109375,0.25,6,False,random
coco-rem,000000067558,/home/felix/fiftyone/coco-2017/train/data/000000067558.jpg,train,calibration,000000067558,1,0.43814778645833335,0.0,1,False,random
coco-rem,000000466197,/home/felix/fiftyone/coco-2017/train/data/000000466197.jpg,train,calibration,000000466197,1,0.8250666666666666,0.0,1,False,random
coco-rem,000000119787,/home/felix/fiftyone/coco-2017/train/data/000000119787.jpg,train,calibration,000000119787,5,0.04076735357917571,1.0,3,False,random
coco-rem,000000080892,/home/felix/fiftyone/coco-2017/train/data/000000080892.jpg,train,calibration,000000080892,8,0.07929036458333333,1.0,5,False,random
coco-rem,000000108862,/home/felix/fiftyone/coco-2017/train/data/000000108862.jpg,train,calibration,000000108862,3,0.35208333333333336,0.0,3,False,random
coco-rem,000000137666,/home/felix/fiftyone/coco-2017/train/data/000000137666.jpg,train,calibration,000000137666,12,0.010873493975903615,0.16666666666666666,8,False,random
coco-rem,000000124390,/home/felix/fiftyone/coco-2017/train/data/000000124390.jpg,train,calibration,000000124390,2,0.054404296875,0.0,1,False,random
coco-rem,000000161897,/home/felix/fiftyone/coco-2017/train/data/000000161897.jpg,train,calibration,000000161897,12,0.05381315712616822,1.0,2,False,random
coco-rem,000000069587,/home/felix/fiftyone/coco-2017/train/data/000000069587.jpg,train,calibration,000000069587,7,0.0017333333333333333,0.0,3,False,random
coco-rem,000000030113,/home/felix/fiftyone/coco-2017/train/data/000000030113.jpg,train,calibration,000000030113,8,0.001708984375,0.375,1,False,random
coco-rem,000000512436,/home/felix/fiftyone/coco-2017/train/data/000000512436.jpg,train,calibration,000000512436,2,0.1816796875,1.0,2,False,random
coco-rem,000000118277,/home/felix/fiftyone/coco-2017/train/data/000000118277.jpg,train,calibration,000000118277,2,0.06751708984375,0.0,1,False,random
coco-rem,000000182527,/home/felix/fiftyone/coco-2017/train/data/000000182527.jpg,train,calibration,000000182527,2,0.22693684895833333,0.0,2,False,random
coco-rem,000000244844,/home/felix/fiftyone/coco-2017/train/data/000000244844.jpg,train,calibration,000000244844,61,0.00583984375,0.9508196721311475,9,False,random
coco-rem,000000206800,/home/felix/fiftyone/coco-2017/train/data/000000206800.jpg,train,calibration,000000206800,2,0.0212060546875,0.0,2,False,random
coco-rem,000000103746,/home/felix/fiftyone/coco-2017/train/data/000000103746.jpg,train,calibration,000000103746,17,0.017472,0.4117647058823529,2,False,random
coco-rem,000000480576,/home/felix/fiftyone/coco-2017/train/data/000000480576.jpg,train,calibration,000000480576,18,0.00865398656542056,0.7777777777777778,8,False,random
coco-rem,000000118477,/home/felix/fiftyone/coco-2017/train/data/000000118477.jpg,train,calibration,000000118477,3,0.27013020833333334,0.0,3,False,random
coco-rem,000000098904,/home/felix/fiftyone/coco-2017/train/data/000000098904.jpg,train,calibration,000000098904,13,0.007991803278688524,1.0,3,False,random
coco-rem,000000264502,/home/felix/fiftyone/coco-2017/train/data/000000264502.jpg,train,calibration,000000264502,3,0.2837825520833333,0.6666666666666666,2,False,random
coco-rem,000000301950,/home/felix/fiftyone/coco-2017/train/data/000000301950.jpg,train,calibration,000000301950,5,0.19308035714285715,1.0,4,False,random
coco-rem,000000445745,/home/felix/fiftyone/coco-2017/train/data/000000445745.jpg,train,calibration,000000445745,14,0.007775821596244132,0.2857142857142857,3,False,random
coco-rem,000000268739,/home/felix/fiftyone/coco-2017/train/data/000000268739.jpg,train,calibration,000000268739,13,0.007212022132796781,0.5384615384615384,4,False,random
coco-rem,000000042069,/home/felix/fiftyone/coco-2017/train/data/000000042069.jpg,train,calibration,000000042069,6,0.011238232217573222,0.3333333333333333,4,False,random
coco-rem,000000492183,/home/felix/fiftyone/coco-2017/train/data/000000492183.jpg,train,calibration,000000492183,11,0.025941333333333334,0.9090909090909091,4,False,random
coco-rem,000000545293,/home/felix/fiftyone/coco-2017/train/data/000000545293.jpg,train,calibration,000000545293,1,0.144619140625,0.0,1,False,random
coco-rem,000000352965,/home/felix/fiftyone/coco-2017/train/data/000000352965.jpg,train,calibration,000000352965,3,0.36046096991701243,1.0,3,False,random
coco-rem,000000184320,/home/felix/fiftyone/coco-2017/train/data/000000184320.jpg,train,calibration,000000184320,11,0.024185893691588786,0.5454545454545454,2,False,random
coco-rem,000000502197,/home/felix/fiftyone/coco-2017/train/data/000000502197.jpg,train,calibration,000000502197,25,0.007495074430823118,0.84,10,False,random
coco-rem,000000402759,/home/felix/fiftyone/coco-2017/train/data/000000402759.jpg,train,calibration,000000402759,30,0.006863839285714286,0.4666666666666667,5,True,random
coco-rem,000000432120,/home/felix/fiftyone/coco-2017/train/data/000000432120.jpg,train,calibration,000000432120,2,0.379964953271028,1.0,2,False,random
coco-rem,000000342996,/home/felix/fiftyone/coco-2017/train/data/000000342996.jpg,train,calibration,000000342996,19,0.005304783950617284,0.7368421052631579,8,False,random
coco-rem,000000291788,/home/felix/fiftyone/coco-2017/train/data/000000291788.jpg,train,calibration,000000291788,1,0.6286197916666667,0.0,1,False,random
coco-rem,000000288114,/home/felix/fiftyone/coco-2017/train/data/000000288114.jpg,train,calibration,000000288114,7,0.0006154266958424508,0.8571428571428571,2,False,random
coco-rem,000000339105,/home/felix/fiftyone/coco-2017/train/data/000000339105.jpg,train,calibration,000000339105,2,0.041572356892523366,0.0,1,False,random
coco-rem,000000099389,/home/felix/fiftyone/coco-2017/train/data/000000099389.jpg,train,calibration,000000099389,1,0.20290806754221388,0.0,1,False,random
coco-rem,000000003729,/home/felix/fiftyone/coco-2017/train/data/000000003729.jpg,train,calibration,000000003729,4,0.27347493489583335,1.0,3,False,random
coco-rem,000000150372,/home/felix/fiftyone/coco-2017/train/data/000000150372.jpg,train,calibration,000000150372,5,0.11423897058823529,1.0,2,False,random
coco-rem,000000018661,/home/felix/fiftyone/coco-2017/train/data/000000018661.jpg,train,calibration,000000018661,8,0.1674310475708502,0.5,2,False,random
coco-rem,000000010711,/home/felix/fiftyone/coco-2017/train/data/000000010711.jpg,train,calibration,000000010711,18,0.011614461358313817,0.3888888888888889,5,True,random
coco-rem,000000317935,/home/felix/fiftyone/coco-2017/train/data/000000317935.jpg,train,calibration,000000317935,2,0.09995442708333334,0.0,1,False,random
coco-rem,000000006101,/home/felix/fiftyone/coco-2017/train/data/000000006101.jpg,train,calibration,000000006101,18,0.010249560889929742,0.1111111111111111,2,True,random
coco-rem,000000404929,/home/felix/fiftyone/coco-2017/train/data/000000404929.jpg,train,calibration,000000404929,2,0.06295374707259953,0.0,2,False,random
coco-rem,000000390179,/home/felix/fiftyone/coco-2017/train/data/000000390179.jpg,train,calibration,000000390179,5,0.06201171875,0.8,3,False,random
coco-rem,000000085802,/home/felix/fiftyone/coco-2017/train/data/000000085802.jpg,train,calibration,000000085802,3,0.22027224824355973,1.0,3,False,random
coco-rem,000000387421,/home/felix/fiftyone/coco-2017/train/data/000000387421.jpg,train,calibration,000000387421,11,0.045711297071129704,0.45454545454545453,6,False,random
coco-rem,000000165936,/home/felix/fiftyone/coco-2017/train/data/000000165936.jpg,train,calibration,000000165936,14,0.08920619714587738,0.6428571428571429,2,False,random
coco-rem,000000498436,/home/felix/fiftyone/coco-2017/train/data/000000498436.jpg,train,calibration,000000498436,15,0.07442915690866511,1.0,7,False,random
coco-rem,000000543166,/home/felix/fiftyone/coco-2017/train/data/000000543166.jpg,train,calibration,000000543166,13,0.0240625,0.7692307692307693,2,False,random
coco-rem,000000399288,/home/felix/fiftyone/coco-2017/train/data/000000399288.jpg,train,calibration,000000399288,13,0.003136,0.6153846153846154,5,False,random
coco-rem,000000518858,/home/felix/fiftyone/coco-2017/train/data/000000518858.jpg,train,calibration,000000518858,31,0.00111328125,0.1935483870967742,4,True,random
coco-rem,000000081315,/home/felix/fiftyone/coco-2017/train/data/000000081315.jpg,train,calibration,000000081315,6,0.07634114583333333,0.3333333333333333,6,False,random
coco-rem,000000036433,/home/felix/fiftyone/coco-2017/train/data/000000036433.jpg,train,calibration,000000036433,8,0.027228190104166668,0.75,3,False,random
coco-rem,000000121693,/home/felix/fiftyone/coco-2017/train/data/000000121693.jpg,train,calibration,000000121693,4,0.16438313802083335,1.0,4,False,random
coco-rem,000000142680,/home/felix/fiftyone/coco-2017/train/data/000000142680.jpg,train,calibration,000000142680,3,0.065078125,1.0,3,False,random
coco-rem,000000266518,/home/felix/fiftyone/coco-2017/train/data/000000266518.jpg,train,calibration,000000266518,0,,0.0,0,False,random
coco-rem,000000172989,/home/felix/fiftyone/coco-2017/train/data/000000172989.jpg,train,calibration,000000172989,3,0.02078125,1.0,3,False,random
coco-rem,000000471895,/home/felix/fiftyone/coco-2017/train/data/000000471895.jpg,train,calibration,000000471895,2,0.09362955729166667,0.0,2,False,random
coco-rem,000000557922,/home/felix/fiftyone/coco-2017/train/data/000000557922.jpg,train,calibration,000000557922,4,0.06244610778443114,1.0,4,False,random
coco-rem,000000450724,/home/felix/fiftyone/coco-2017/train/data/000000450724.jpg,train,calibration,000000450724,3,0.061888020833333335,0.6666666666666666,3,False,random
coco-rem,000000298004,/home/felix/fiftyone/coco-2017/train/data/000000298004.jpg,train,calibration,000000298004,1,0.3692411924119241,0.0,1,False,random
coco-rem,000000256284,/home/felix/fiftyone/coco-2017/train/data/000000256284.jpg,train,calibration,000000256284,6,0.10579752604166667,0.5,2,False,random
coco-rem,000000163138,/home/felix/fiftyone/coco-2017/train/data/000000163138.jpg,train,calibration,000000163138,15,0.046656,0.4,4,False,random
coco-rem,000000546159,/home/felix/fiftyone/coco-2017/train/data/000000546159.jpg,train,calibration,000000546159,5,0.01004004576659039,0.0,2,False,random
coco-rem,000000499168,/home/felix/fiftyone/coco-2017/train/data/000000499168.jpg,train,calibration,000000499168,4,0.09279417104532445,0.5,2,False,random
coco-rem,000000097021,/home/felix/fiftyone/coco-2017/train/data/000000097021.jpg,train,calibration,000000097021,6,0.04536360981308411,0.5,3,False,random
coco-rem,000000544329,/home/felix/fiftyone/coco-2017/train/data/000000544329.jpg,train,calibration,000000544329,6,0.03484411507009346,0.3333333333333333,3,False,random
coco-rem,000000227422,/home/felix/fiftyone/coco-2017/train/data/000000227422.jpg,train,calibration,000000227422,2,0.015421124739039666,0.0,2,False,random
coco-rem,000000029593,/home/felix/fiftyone/coco-2017/train/data/000000029593.jpg,train,calibration,000000029593,4,0.0035211267605633804,0.0,3,False,random
coco-rem,000000400975,/home/felix/fiftyone/coco-2017/train/data/000000400975.jpg,train,calibration,000000400975,2,0.3509660421545667,1.0,2,False,random
coco-rem,000000229529,/home/felix/fiftyone/coco-2017/train/data/000000229529.jpg,train,calibration,000000229529,2,0.0064697945682451255,0.0,2,False,random
coco-rem,000000565625,/home/felix/fiftyone/coco-2017/train/data/000000565625.jpg,train,calibration,000000565625,3,0.011589452214452215,0.0,3,False,random
coco-rem,000000085956,/home/felix/fiftyone/coco-2017/train/data/000000085956.jpg,train,calibration,000000085956,11,0.0008791371158392435,0.36363636363636365,3,False,random
coco-rem,000000351554,/home/felix/fiftyone/coco-2017/train/data/000000351554.jpg,train,calibration,000000351554,2,0.1244140625,0.0,2,False,random
coco-rem,000000028010,/home/felix/fiftyone/coco-2017/train/data/000000028010.jpg,train,calibration,000000028010,9,0.06131989832970225,0.7777777777777778,4,False,random
coco-rem,000000034475,/home/felix/fiftyone/coco-2017/train/data/000000034475.jpg,train,calibration,000000034475,27,0.009296875,1.0,7,False,random
coco-rem,000000017966,/home/felix/fiftyone/coco-2017/train/data/000000017966.jpg,train,calibration,000000017966,1,0.49411458333333336,0.0,1,False,random
coco-rem,000000499274,/home/felix/fiftyone/coco-2017/train/data/000000499274.jpg,train,calibration,000000499274,4,0.05271534222737819,1.0,3,False,random
coco-rem,000000469896,/home/felix/fiftyone/coco-2017/train/data/000000469896.jpg,train,calibration,000000469896,5,0.016846264367816093,1.0,4,False,random
coco-rem,000000244317,/home/felix/fiftyone/coco-2017/train/data/000000244317.jpg,train,calibration,000000244317,3,0.014743120608899297,0.0,3,False,random
coco-rem,000000566927,/home/felix/fiftyone/coco-2017/train/data/000000566927.jpg,train,calibration,000000566927,12,0.003249925417661098,0.16666666666666666,3,False,random
coco-rem,000000427382,/home/felix/fiftyone/coco-2017/train/data/000000427382.jpg,train,calibration,000000427382,6,0.0145361328125,0.3333333333333333,5,False,random
coco-rem,000000516782,/home/felix/fiftyone/coco-2017/train/data/000000516782.jpg,train,calibration,000000516782,21,0.001877195550351288,0.3333333333333333,4,True,random
coco-rem,000000512380,/home/felix/fiftyone/coco-2017/train/data/000000512380.jpg,train,calibration,000000512380,5,0.036822916666666664,0.8,2,False,random
coco-rem,000000230991,/home/felix/fiftyone/coco-2017/train/data/000000230991.jpg,train,calibration,000000230991,7,0.02310546875,0.0,7,False,random
coco-rem,000000423165,/home/felix/fiftyone/coco-2017/train/data/000000423165.jpg,train,calibration,000000423165,6,0.012854667887029289,0.6666666666666666,5,False,random
coco-rem,000000395749,/home/felix/fiftyone/coco-2017/train/data/000000395749.jpg,train,calibration,000000395749,7,0.06702646239554318,0.8571428571428571,3,False,random
coco-rem,000000432569,/home/felix/fiftyone/coco-2017/train/data/000000432569.jpg,train,calibration,000000432569,3,0.013831967213114754,0.0,3,False,random
coco-rem,000000140473,/home/felix/fiftyone/coco-2017/train/data/000000140473.jpg,train,calibration,000000140473,2,0.060172010086455334,0.0,2,False,random
coco-rem,000000545181,/home/felix/fiftyone/coco-2017/train/data/000000545181.jpg,train,calibration,000000545181,3,0.3355626666666667,1.0,3,False,random
coco-rem,000000575909,/home/felix/fiftyone/coco-2017/train/data/000000575909.jpg,train,calibration,000000575909,1,0.07936,0.0,1,False,random
coco-rem,000000102634,/home/felix/fiftyone/coco-2017/train/data/000000102634.jpg,train,calibration,000000102634,2,0.5118717447916666,1.0,2,False,random
coco-rem,000000402378,/home/felix/fiftyone/coco-2017/train/data/000000402378.jpg,train,calibration,000000402378,1,0.48039172535211266,0.0,1,False,random
coco-rem,000000191280,/home/felix/fiftyone/coco-2017/train/data/000000191280.jpg,train,calibration,000000191280,17,0.0176,0.5294117647058824,5,False,random
coco-rem,000000542325,/home/felix/fiftyone/coco-2017/train/data/000000542325.jpg,train,calibration,000000542325,4,0.013892344847775176,0.5,3,False,random
coco-rem,000000396862,/home/felix/fiftyone/coco-2017/train/data/000000396862.jpg,train,calibration,000000396862,16,0.006397853387850467,1.0,4,False,random
coco-rem,000000006451,/home/felix/fiftyone/coco-2017/train/data/000000006451.jpg,train,calibration,000000006451,1,0.009068341121495327,0.0,1,False,random
coco-rem,000000519035,/home/felix/fiftyone/coco-2017/train/data/000000519035.jpg,train,calibration,000000519035,4,0.10592209002293577,0.5,3,False,random
coco-rem,000000344190,/home/felix/fiftyone/coco-2017/train/data/000000344190.jpg,train,calibration,000000344190,2,0.12532266666666667,0.0,2,False,random
coco-rem,000000373758,/home/felix/fiftyone/coco-2017/train/data/000000373758.jpg,train,calibration,000000373758,24,0.005112327188940093,0.625,6,False,random
coco-rem,000000427232,/home/felix/fiftyone/coco-2017/train/data/000000427232.jpg,train,calibration,000000427232,28,0.0002664588167053364,0.14285714285714285,4,True,random
coco-rem,000000435750,/home/felix/fiftyone/coco-2017/train/data/000000435750.jpg,train,calibration,000000435750,3,0.002765551643192488,0.0,1,False,random
coco-rem,000000284386,/home/felix/fiftyone/coco-2017/train/data/000000284386.jpg,train,calibration,000000284386,2,0.16431640625,0.0,2,False,random
coco-rem,000000323599,/home/felix/fiftyone/coco-2017/train/data/000000323599.jpg,train,calibration,000000323599,4,0.115390625,0.0,2,False,random
coco-rem,000000141587,/home/felix/fiftyone/coco-2017/train/data/000000141587.jpg,train,calibration,000000141587,1,0.0037720588235294118,0.0,1,False,random
coco-rem,000000230548,/home/felix/fiftyone/coco-2017/train/data/000000230548.jpg,train,calibration,000000230548,3,0.1687744140625,0.6666666666666666,3,False,random
coco-rem,000000019157,/home/felix/fiftyone/coco-2017/train/data/000000019157.jpg,train,calibration,000000019157,7,0.08133223684210526,0.8571428571428571,2,False,random
coco-rem,000000552159,/home/felix/fiftyone/coco-2017/train/data/000000552159.jpg,train,calibration,000000552159,15,0.01041179906542056,0.6,3,True,random
coco-rem,000000383210,/home/felix/fiftyone/coco-2017/train/data/000000383210.jpg,train,calibration,000000383210,9,0.0346875,0.4444444444444444,1,False,random
coco-rem,000000469195,/home/felix/fiftyone/coco-2017/train/data/000000469195.jpg,train,calibration,000000469195,16,9.928385416666667e-05,0.125,3,True,random
coco-rem,000000530631,/home/felix/fiftyone/coco-2017/train/data/000000530631.jpg,train,calibration,000000530631,6,0.07423828125,0.5,2,False,random
coco-rem,000000483047,/home/felix/fiftyone/coco-2017/train/data/000000483047.jpg,train,calibration,000000483047,2,0.0010611826697892273,0.0,1,False,random
coco-rem,000000325836,/home/felix/fiftyone/coco-2017/train/data/000000325836.jpg,train,calibration,000000325836,16,0.009915865384615384,1.0,3,True,random
coco-rem,000000372625,/home/felix/fiftyone/coco-2017/train/data/000000372625.jpg,train,calibration,000000372625,1,0.0019975786924939466,0.0,1,False,random
coco-rem,000000215092,/home/felix/fiftyone/coco-2017/train/data/000000215092.jpg,train,calibration,000000215092,3,0.010714285714285714,0.6666666666666666,3,False,random
coco-rem,000000281210,/home/felix/fiftyone/coco-2017/train/data/000000281210.jpg,train,calibration,000000281210,1,0.48877604166666666,0.0,1,False,random
coco-rem,000000023035,/home/felix/fiftyone/coco-2017/train/data/000000023035.jpg,train,calibration,000000023035,1,0.13380859375,0.0,1,False,random
coco-rem,000000233365,/home/felix/fiftyone/coco-2017/train/data/000000233365.jpg,train,calibration,000000233365,6,0.0027229817708333335,0.6666666666666666,3,False,random
coco-rem,000000207805,/home/felix/fiftyone/coco-2017/train/data/000000207805.jpg,train,calibration,000000207805,10,0.006100260416666667,0.9,2,False,random
coco-rem,000000239458,/home/felix/fiftyone/coco-2017/train/data/000000239458.jpg,train,calibration,000000239458,1,0.6982764929742389,0.0,1,False,random
coco-rem,000000385577,/home/felix/fiftyone/coco-2017/train/data/000000385577.jpg,train,calibration,000000385577,13,0.0026666666666666666,0.46153846153846156,4,False,random
coco-rem,000000496687,/home/felix/fiftyone/coco-2017/train/data/000000496687.jpg,train,calibration,000000496687,4,0.1756599148177496,1.0,2,False,random
coco-rem,000000165750,/home/felix/fiftyone/coco-2017/train/data/000000165750.jpg,train,calibration,000000165750,3,0.011425149700598802,0.0,3,False,random
coco-rem,000000198557,/home/felix/fiftyone/coco-2017/train/data/000000198557.jpg,train,calibration,000000198557,12,0.0013628472222222223,0.75,4,False,random
coco-rem,000000546952,/home/felix/fiftyone/coco-2017/train/data/000000546952.jpg,train,calibration,000000546952,16,0.008046875,1.0,6,False,random
coco-rem,000000275930,/home/felix/fiftyone/coco-2017/train/data/000000275930.jpg,train,calibration,000000275930,15,0.0013539227166276346,0.9333333333333333,2,True,random
coco-rem,000000010785,/home/felix/fiftyone/coco-2017/train/data/000000010785.jpg,train,calibration,000000010785,8,0.0390206148018648,0.875,5,False,random
coco-rem,000000191716,/home/felix/fiftyone/coco-2017/train/data/000000191716.jpg,train,calibration,000000191716,2,0.4261783854166667,1.0,2,False,random
coco-rem,000000151375,/home/felix/fiftyone/coco-2017/train/data/000000151375.jpg,train,calibration,000000151375,7,0.029874476987447697,1.0,2,False,random
coco-rem,000000211186,/home/felix/fiftyone/coco-2017/train/data/000000211186.jpg,train,calibration,000000211186,22,0.0008561197916666667,0.5,9,False,random
coco-rem,000000454867,/home/felix/fiftyone/coco-2017/train/data/000000454867.jpg,train,calibration,000000454867,7,0.00234192037470726,0.5714285714285714,4,False,random
coco-rem,000000350514,/home/felix/fiftyone/coco-2017/train/data/000000350514.jpg,train,calibration,000000350514,15,0.01027205114822547,0.8666666666666667,5,False,random
coco-rem,000000334752,/home/felix/fiftyone/coco-2017/train/data/000000334752.jpg,train,calibration,000000334752,18,0.0029541015625,0.2222222222222222,3,False,random
coco-rem,000000331162,/home/felix/fiftyone/coco-2017/train/data/000000331162.jpg,train,calibration,000000331162,37,0.005213213213213213,0.7567567567567568,6,False,random
coco-rem,000000102056,/home/felix/fiftyone/coco-2017/train/data/000000102056.jpg,train,calibration,000000102056,14,0.015796182983682985,1.0,6,False,random
coco-rem,000000458802,/home/felix/fiftyone/coco-2017/train/data/000000458802.jpg,train,calibration,000000458802,6,0.014775390625,0.6666666666666666,3,False,random
coco-rem,000000428079,/home/felix/fiftyone/coco-2017/train/data/000000428079.jpg,train,calibration,000000428079,2,0.10935733333333333,0.0,2,False,random
coco-rem,000000290282,/home/felix/fiftyone/coco-2017/train/data/000000290282.jpg,train,calibration,000000290282,14,0.0017308255269320844,0.5,6,False,random
coco-rem,000000300782,/home/felix/fiftyone/coco-2017/train/data/000000300782.jpg,train,calibration,000000300782,13,0.007106119791666666,0.8461538461538461,6,False,random
coco-rem,000000450800,/home/felix/fiftyone/coco-2017/train/data/000000450800.jpg,train,calibration,000000450800,8,0.050985551778242676,0.875,4,False,random
coco-rem,000000131084,/home/felix/fiftyone/coco-2017/train/data/000000131084.jpg,train,calibration,000000131084,2,0.16485475352112677,1.0,2,False,random
coco-rem,000000234091,/home/felix/fiftyone/coco-2017/train/data/000000234091.jpg,train,calibration,000000234091,7,0.07208765859284891,0.8571428571428571,6,False,random
coco-rem,000000270586,/home/felix/fiftyone/coco-2017/train/data/000000270586.jpg,train,calibration,000000270586,7,0.03219408665105387,0.2857142857142857,2,False,random
coco-rem,000000215407,/home/felix/fiftyone/coco-2017/train/data/000000215407.jpg,train,calibration,000000215407,13,0.009191945606694561,0.7692307692307693,2,False,random
coco-rem,000000211172,/home/felix/fiftyone/coco-2017/train/data/000000211172.jpg,train,calibration,000000211172,2,0.0888639856557377,1.0,2,False,random
coco-rem,000000235683,/home/felix/fiftyone/coco-2017/train/data/000000235683.jpg,train,calibration,000000235683,81,0.0023711943793911006,0.037037037037037035,5,False,random
coco-rem,000000250578,/home/felix/fiftyone/coco-2017/train/data/000000250578.jpg,train,calibration,000000250578,3,0.015494791666666667,0.0,1,False,random
coco-rem,000000458361,/home/felix/fiftyone/coco-2017/train/data/000000458361.jpg,train,calibration,000000458361,7,0.07517808219178082,0.8571428571428571,4,False,random
coco-rem,000000062017,/home/felix/fiftyone/coco-2017/train/data/000000062017.jpg,train,calibration,000000062017,1,0.4722189695550351,0.0,1,False,random
coco-rem,000000160815,/home/felix/fiftyone/coco-2017/train/data/000000160815.jpg,train,calibration,000000160815,25,0.00336629746835443,0.24,3,True,random
coco-rem,000000419819,/home/felix/fiftyone/coco-2017/train/data/000000419819.jpg,train,calibration,000000419819,3,0.010515698356807511,0.0,2,False,random
coco-rem,000000172492,/home/felix/fiftyone/coco-2017/train/data/000000172492.jpg,train,calibration,000000172492,5,0.010078125,0.0,1,False,random
coco-rem,000000496430,/home/felix/fiftyone/coco-2017/train/data/000000496430.jpg,train,calibration,000000496430,5,0.0520721435546875,1.0,3,False,random
coco-rem,000000550056,/home/felix/fiftyone/coco-2017/train/data/000000550056.jpg,train,calibration,000000550056,10,0.03483466666666667,0.6,4,False,random
coco-rem,000000491872,/home/felix/fiftyone/coco-2017/train/data/000000491872.jpg,train,calibration,000000491872,3,0.235341796875,0.0,3,False,random
coco-rem,000000175334,/home/felix/fiftyone/coco-2017/train/data/000000175334.jpg,train,calibration,000000175334,2,0.33522536855881946,1.0,2,False,random
coco-rem,000000268927,/home/felix/fiftyone/coco-2017/train/data/000000268927.jpg,train,calibration,000000268927,4,0.018474,0.0,2,False,random
coco-rem,000000047952,/home/felix/fiftyone/coco-2017/train/data/000000047952.jpg,train,calibration,000000047952,76,0.001953125,0.5921052631578947,3,False,random
coco-rem,000000441824,/home/felix/fiftyone/coco-2017/train/data/000000441824.jpg,train,calibration,000000441824,2,0.3887473834849844,1.0,2,False,random
coco-rem,000000061945,/home/felix/fiftyone/coco-2017/train/data/000000061945.jpg,train,calibration,000000061945,7,0.002843237704918033,0.42857142857142855,2,False,random
coco-rem,000000338156,/home/felix/fiftyone/coco-2017/train/data/000000338156.jpg,train,calibration,000000338156,1,0.007109375,0.0,1,False,random
coco-rem,000000412914,/home/felix/fiftyone/coco-2017/train/data/000000412914.jpg,train,calibration,000000412914,3,0.052756756756756756,0.0,1,False,random
coco-rem,000000429990,/home/felix/fiftyone/coco-2017/train/data/000000429990.jpg,train,calibration,000000429990,5,0.004621167452830189,0.0,5,False,random
coco-rem,000000140352,/home/felix/fiftyone/coco-2017/train/data/000000140352.jpg,train,calibration,000000140352,13,0.03791666666666667,0.0,1,False,random
coco-rem,000000418692,/home/felix/fiftyone/coco-2017/train/data/000000418692.jpg,train,calibration,000000418692,8,0.0208984375,0.875,5,False,random
coco-rem,000000045840,/home/felix/fiftyone/coco-2017/train/data/000000045840.jpg,train,calibration,000000045840,3,0.1034881161971831,1.0,2,False,random
coco-rem,000000485946,/home/felix/fiftyone/coco-2017/train/data/000000485946.jpg,train,calibration,000000485946,1,0.29534505208333334,0.0,1,False,random
coco-rem,000000565070,/home/felix/fiftyone/coco-2017/train/data/000000565070.jpg,train,calibration,000000565070,6,0.0284375,0.6666666666666666,3,False,random
coco-rem,000000100560,/home/felix/fiftyone/coco-2017/train/data/000000100560.jpg,train,calibration,000000100560,4,0.010757378472222223,0.0,3,False,random
coco-rem,000000067776,/home/felix/fiftyone/coco-2017/train/data/000000067776.jpg,train,calibration,000000067776,2,0.3208381391772395,0.0,1,False,random
coco-rem,000000366651,/home/felix/fiftyone/coco-2017/train/data/000000366651.jpg,train,calibration,000000366651,2,0.29812608006912444,1.0,1,False,random
coco-rem,000000383389,/home/felix/fiftyone/coco-2017/train/data/000000383389.jpg,train,calibration,000000383389,9,0.014346888075313808,0.8888888888888888,4,False,random
coco-rem,000000518932,/home/felix/fiftyone/coco-2017/train/data/000000518932.jpg,train,calibration,000000518932,17,0.021662763466042154,1.0,6,False,random
coco-rem,000000234728,/home/felix/fiftyone/coco-2017/train/data/000000234728.jpg,train,calibration,000000234728,11,0.020892018779342724,0.45454545454545453,2,False,random
coco-rem,000000470004,/home/felix/fiftyone/coco-2017/train/data/000000470004.jpg,train,calibration,000000470004,13,0.05038788056206089,0.6923076923076923,4,False,random
coco-rem,000000258676,/home/felix/fiftyone/coco-2017/train/data/000000258676.jpg,train,calibration,000000258676,14,0.006703747072599532,0.6428571428571429,2,True,random
coco-rem,000000435764,/home/felix/fiftyone/coco-2017/train/data/000000435764.jpg,train,calibration,000000435764,11,0.0012674825174825175,0.36363636363636365,3,False,random
coco-rem,000000574208,/home/felix/fiftyone/coco-2017/train/data/000000574208.jpg,train,calibration,000000574208,3,0.01946629213483146,0.6666666666666666,2,False,random
coco-rem,000000458156,/home/felix/fiftyone/coco-2017/train/data/000000458156.jpg,train,calibration,000000458156,1,0.334112,0.0,1,False,random
coco-rem,000000431853,/home/felix/fiftyone/coco-2017/train/data/000000431853.jpg,train,calibration,000000431853,29,0.009274666666666667,0.4482758620689655,2,False,random
coco-rem,000000433446,/home/felix/fiftyone/coco-2017/train/data/000000433446.jpg,train,calibration,000000433446,7,0.05628255208333333,1.0,7,False,random
coco-rem,000000572572,/home/felix/fiftyone/coco-2017/train/data/000000572572.jpg,train,calibration,000000572572,3,0.4876904296875,1.0,2,False,random
coco-rem,000000521652,/home/felix/fiftyone/coco-2017/train/data/000000521652.jpg,train,calibration,000000521652,19,0.000849264705882353,0.21052631578947367,4,False,random
coco-rem,000000050960,/home/felix/fiftyone/coco-2017/train/data/000000050960.jpg,train,calibration,000000050960,8,0.04083723653395784,1.0,4,False,random
coco-rem,000000132067,/home/felix/fiftyone/coco-2017/train/data/000000132067.jpg,train,calibration,000000132067,5,0.026895491803278687,0.6,5,False,random
coco-rem,000000189129,/home/felix/fiftyone/coco-2017/train/data/000000189129.jpg,train,calibration,000000189129,13,0.000888671875,0.6923076923076923,7,False,random
coco-rem,000000015919,/home/felix/fiftyone/coco-2017/train/data/000000015919.jpg,train,calibration,000000015919,12,0.010119742990654206,0.6666666666666666,3,False,random
coco-rem,000000547644,/home/felix/fiftyone/coco-2017/train/data/000000547644.jpg,train,calibration,000000547644,4,0.03334635416666667,0.0,3,False,random
coco-rem,000000286450,/home/felix/fiftyone/coco-2017/train/data/000000286450.jpg,train,calibration,000000286450,1,0.819375,0.0,1,False,random
coco-rem,000000271897,/home/felix/fiftyone/coco-2017/train/data/000000271897.jpg,train,calibration,000000271897,5,0.14276785714285714,0.4,3,False,random
coco-rem,000000267691,/home/felix/fiftyone/coco-2017/train/data/000000267691.jpg,train,calibration,000000267691,19,0.0052734375,0.3684210526315789,5,False,random
coco-rem,000000533677,/home/felix/fiftyone/coco-2017/train/data/000000533677.jpg,train,calibration,000000533677,12,0.0004752604166666667,0.5833333333333334,2,False,random
coco-rem,000000263668,/home/felix/fiftyone/coco-2017/train/data/000000263668.jpg,train,calibration,000000263668,12,0.01693359375,0.75,3,False,random
coco-rem,000000490244,/home/felix/fiftyone/coco-2017/train/data/000000490244.jpg,train,calibration,000000490244,15,0.05340808823529412,0.8666666666666667,5,False,random
coco-rem,000000576397,/home/felix/fiftyone/coco-2017/train/data/000000576397.jpg,train,calibration,000000576397,17,0.008837090163934426,0.7647058823529411,4,False,random
coco-rem,000000160866,/home/felix/fiftyone/coco-2017/train/data/000000160866.jpg,train,calibration,000000160866,8,0.0268603515625,0.875,4,False,random
coco-rem,000000477718,/home/felix/fiftyone/coco-2017/train/data/000000477718.jpg,train,calibration,000000477718,5,0.10677083333333333,1.0,1,False,random
coco-rem,000000107797,/home/felix/fiftyone/coco-2017/train/data/000000107797.jpg,train,calibration,000000107797,18,0.016744865439093485,0.7222222222222222,4,False,random
coco-rem,000000221044,/home/felix/fiftyone/coco-2017/train/data/000000221044.jpg,train,calibration,000000221044,14,0.006517333333333333,0.8571428571428571,3,False,random
coco-rem,000000248771,/home/felix/fiftyone/coco-2017/train/data/000000248771.jpg,train,calibration,000000248771,9,0.001979166666666667,0.2222222222222222,2,False,random
coco-rem,000000297175,/home/felix/fiftyone/coco-2017/train/data/000000297175.jpg,train,calibration,000000297175,3,0.1079245283018868,0.0,1,False,random
coco-rem,000000220187,/home/felix/fiftyone/coco-2017/train/data/000000220187.jpg,train,calibration,000000220187,11,0.002041015625,0.36363636363636365,4,False,random
coco-rem,000000382729,/home/felix/fiftyone/coco-2017/train/data/000000382729.jpg,train,calibration,000000382729,2,0.07523236241217798,1.0,2,False,random
coco-rem,000000160139,/home/felix/fiftyone/coco-2017/train/data/000000160139.jpg,train,calibration,000000160139,9,0.001953125,1.0,2,False,random
coco-rem,000000555101,/home/felix/fiftyone/coco-2017/train/data/000000555101.jpg,train,calibration,000000555101,5,0.006015625,0.0,3,False,random
coco-rem,000000103804,/home/felix/fiftyone/coco-2017/train/data/000000103804.jpg,train,calibration,000000103804,14,0.04393717447916667,0.7857142857142857,3,False,random
coco-rem,000000258136,/home/felix/fiftyone/coco-2017/train/data/000000258136.jpg,train,calibration,000000258136,1,0.3515183823529412,0.0,1,False,random
coco-rem,000000198724,/home/felix/fiftyone/coco-2017/train/data/000000198724.jpg,train,calibration,000000198724,2,0.06994534603004292,1.0,2,False,random
coco-rem,000000043226,/home/felix/fiftyone/coco-2017/train/data/000000043226.jpg,train,calibration,000000043226,11,0.0011124121779859486,0.36363636363636365,2,False,random
coco-rem,000000237372,/home/felix/fiftyone/coco-2017/train/data/000000237372.jpg,train,calibration,000000237372,8,0.1183417458432304,1.0,4,False,random
coco-rem,000000145699,/home/felix/fiftyone/coco-2017/train/data/000000145699.jpg,train,calibration,000000145699,2,0.020126953125,0.0,1,False,random
coco-rem,000000236630,/home/felix/fiftyone/coco-2017/train/data/000000236630.jpg,train,calibration,000000236630,5,0.004488970588235294,1.0,2,False,random
coco-rem,000000106043,/home/felix/fiftyone/coco-2017/train/data/000000106043.jpg,train,calibration,000000106043,9,0.024071641791044776,0.6666666666666666,1,False,random
coco-rem,000000537337,/home/felix/fiftyone/coco-2017/train/data/000000537337.jpg,train,calibration,000000537337,10,0.019498666666666668,0.5,5,False,random
coco-rem,000000530313,/home/felix/fiftyone/coco-2017/train/data/000000530313.jpg,train,calibration,000000530313,16,0.025819672131147543,0.8125,2,True,random
coco-rem,000000111245,/home/felix/fiftyone/coco-2017/train/data/000000111245.jpg,train,calibration,000000111245,6,0.0330615234375,0.8333333333333334,3,False,random
coco-rem,000000028806,/home/felix/fiftyone/coco-2017/train/data/000000028806.jpg,train,calibration,000000028806,0,,0.0,0,False,random
coco-rem,000000198508,/home/felix/fiftyone/coco-2017/train/data/000000198508.jpg,train,calibration,000000198508,74,0.007939453125,0.3783783783783784,1,False,random
coco-rem,000000507263,/home/felix/fiftyone/coco-2017/train/data/000000507263.jpg,train,calibration,000000507263,6,0.0015286726804123712,0.0,3,False,random
coco-rem,000000310772,/home/felix/fiftyone/coco-2017/train/data/000000310772.jpg,train,calibration,000000310772,11,0.01600556206088993,0.6363636363636364,3,False,random
coco-rem,000000289510,/home/felix/fiftyone/coco-2017/train/data/000000289510.jpg,train,calibration,000000289510,24,0.0014948038641686182,0.4166666666666667,3,True,random
coco-rem,000000209904,/home/felix/fiftyone/coco-2017/train/data/000000209904.jpg,train,calibration,000000209904,15,0.00625,0.3333333333333333,3,True,random
coco-rem,000000525087,/home/felix/fiftyone/coco-2017/train/data/000000525087.jpg,train,calibration,000000525087,18,0.0269970703125,0.6666666666666666,5,False,random
coco-rem,000000022482,/home/felix/fiftyone/coco-2017/train/data/000000022482.jpg,train,calibration,000000022482,13,0.0021670854271356784,1.0,3,False,random
coco-rem,000000439837,/home/felix/fiftyone/coco-2017/train/data/000000439837.jpg,train,calibration,000000439837,9,0.010182291666666666,0.0,4,False,random
coco-rem,000000370831,/home/felix/fiftyone/coco-2017/train/data/000000370831.jpg,train,calibration,000000370831,8,0.04240234375,0.5,5,False,random
coco-rem,000000550842,/home/felix/fiftyone/coco-2017/train/data/000000550842.jpg,train,calibration,000000550842,6,0.0007519759953161592,0.3333333333333333,2,False,random
coco-rem,000000550392,/home/felix/fiftyone/coco-2017/train/data/000000550392.jpg,train,calibration,000000550392,3,0.5430403645833334,1.0,3,False,random
coco-rem,000000032044,/home/felix/fiftyone/coco-2017/train/data/000000032044.jpg,train,calibration,000000032044,9,0.09894859813084113,1.0,4,False,random
coco-rem,000000202842,/home/felix/fiftyone/coco-2017/train/data/000000202842.jpg,train,calibration,000000202842,12,0.001943359375,0.0,5,False,random
coco-rem,000000011209,/home/felix/fiftyone/coco-2017/train/data/000000011209.jpg,train,calibration,000000011209,16,0.008048,0.625,8,False,random
coco-rem,000000150212,/home/felix/fiftyone/coco-2017/train/data/000000150212.jpg,train,calibration,000000150212,1,0.37816,0.0,1,False,random
coco-rem,000000488731,/home/felix/fiftyone/coco-2017/train/data/000000488731.jpg,train,calibration,000000488731,3,0.041034836065573774,0.0,2,False,random
coco-rem,000000324962,/home/felix/fiftyone/coco-2017/train/data/000000324962.jpg,train,calibration,000000324962,3,0.20403726708074535,0.6666666666666666,2,False,random
coco-rem,000000284366,/home/felix/fiftyone/coco-2017/train/data/000000284366.jpg,train,calibration,000000284366,3,0.11664857320099256,0.0,2,False,random
coco-rem,000000288724,/home/felix/fiftyone/coco-2017/train/data/000000288724.jpg,train,calibration,000000288724,3,0.04714666666666667,0.0,3,False,random
coco-rem,000000446354,/home/felix/fiftyone/coco-2017/train/data/000000446354.jpg,train,calibration,000000446354,44,0.006604817708333334,1.0,3,False,random
coco-rem,000000365205,/home/felix/fiftyone/coco-2017/train/data/000000365205.jpg,train,calibration,000000365205,2,0.5789296582397003,0.0,1,False,random
coco-rem,000000121718,/home/felix/fiftyone/coco-2017/train/data/000000121718.jpg,train,calibration,000000121718,30,0.0018912760416666668,0.16666666666666666,6,False,random
coco-rem,000000458611,/home/felix/fiftyone/coco-2017/train/data/000000458611.jpg,train,calibration,000000458611,10,0.006062825520833333,0.6,4,False,random
coco-rem,000000486571,/home/felix/fiftyone/coco-2017/train/data/000000486571.jpg,train,calibration,000000486571,16,0.0142138671875,0.6875,2,False,random
coco-rem,000000162887,/home/felix/fiftyone/coco-2017/train/data/000000162887.jpg,train,calibration,000000162887,9,0.04453661327231121,1.0,2,False,random
coco-rem,000000574135,/home/felix/fiftyone/coco-2017/train/data/000000574135.jpg,train,calibration,000000574135,6,0.041660567915690866,0.6666666666666666,2,False,random
coco-rem,000000365652,/home/felix/fiftyone/coco-2017/train/data/000000365652.jpg,train,calibration,000000365652,7,0.0837890625,0.7142857142857143,2,False,random
coco-rem,000000379672,/home/felix/fiftyone/coco-2017/train/data/000000379672.jpg,train,calibration,000000379672,9,0.0075,0.4444444444444444,3,False,random
coco-rem,000000314693,/home/felix/fiftyone/coco-2017/train/data/000000314693.jpg,train,calibration,000000314693,3,0.00546875,0.0,2,False,random
coco-rem,000000442232,/home/felix/fiftyone/coco-2017/train/data/000000442232.jpg,train,calibration,000000442232,9,0.006566176470588235,0.6666666666666666,5,False,random
coco-rem,000000183007,/home/felix/fiftyone/coco-2017/train/data/000000183007.jpg,train,calibration,000000183007,6,0.042076822916666666,0.6666666666666666,5,False,random
coco-rem,000000536200,/home/felix/fiftyone/coco-2017/train/data/000000536200.jpg,train,calibration,000000536200,6,0.06249448529411765,1.0,3,False,random
coco-rem,000000515837,/home/felix/fiftyone/coco-2017/train/data/000000515837.jpg,train,calibration,000000515837,3,0.14362790697674419,0.6666666666666666,2,False,random
coco-rem,000000300786,/home/felix/fiftyone/coco-2017/train/data/000000300786.jpg,train,calibration,000000300786,38,0.004478922716627635,0.18421052631578946,6,True,random
coco-rem,000000215215,/home/felix/fiftyone/coco-2017/train/data/000000215215.jpg,train,calibration,000000215215,1,0.4418764637002342,0.0,1,False,random
coco-rem,000000357805,/home/felix/fiftyone/coco-2017/train/data/000000357805.jpg,train,calibration,000000357805,12,0.015516666666666666,0.9166666666666666,5,False,random
coco-rem,000000249273,/home/felix/fiftyone/coco-2017/train/data/000000249273.jpg,train,calibration,000000249273,4,0.02257555751173709,0.0,2,False,random
coco-rem,000000576709,/home/felix/fiftyone/coco-2017/train/data/000000576709.jpg,train,calibration,000000576709,1,0.033094262295081965,0.0,1,False,random
coco-rem,000000227134,/home/felix/fiftyone/coco-2017/train/data/000000227134.jpg,train,calibration,000000227134,1,0.4700520833333333,0.0,1,False,random
coco-rem,000000097365,/home/felix/fiftyone/coco-2017/train/data/000000097365.jpg,train,calibration,000000097365,7,0.032362412177985946,1.0,6,False,random
coco-rem,000000397241,/home/felix/fiftyone/coco-2017/train/data/000000397241.jpg,train,calibration,000000397241,2,0.4588353293413174,1.0,2,False,random
coco-rem,000000458870,/home/felix/fiftyone/coco-2017/train/data/000000458870.jpg,train,calibration,000000458870,1,0.6857029445727483,0.0,1,False,random
coco-rem,000000341189,/home/felix/fiftyone/coco-2017/train/data/000000341189.jpg,train,calibration,000000341189,2,0.32056456456456456,1.0,2,False,random
coco-rem,000000384641,/home/felix/fiftyone/coco-2017/train/data/000000384641.jpg,train,calibration,000000384641,7,0.007604166666666667,0.0,7,False,random
coco-rem,000000103877,/home/felix/fiftyone/coco-2017/train/data/000000103877.jpg,train,calibration,000000103877,2,0.21991048177083333,0.0,2,False,random
coco-rem,000000149566,/home/felix/fiftyone/coco-2017/train/data/000000149566.jpg,train,calibration,000000149566,11,0.03238636363636364,1.0,6,False,random
coco-rem,000000295334,/home/felix/fiftyone/coco-2017/train/data/000000295334.jpg,train,calibration,000000295334,3,0.02265807962529274,0.0,1,False,random
coco-rem,000000119414,/home/felix/fiftyone/coco-2017/train/data/000000119414.jpg,train,calibration,000000119414,5,0.12633138020833334,0.0,3,False,random
coco-rem,000000255741,/home/felix/fiftyone/coco-2017/train/data/000000255741.jpg,train,calibration,000000255741,3,0.01248508353221957,0.0,2,False,random
coco-rem,000000303520,/home/felix/fiftyone/coco-2017/train/data/000000303520.jpg,train,calibration,000000303520,21,0.00810546875,0.9047619047619048,7,False,random
coco-rem,000000184889,/home/felix/fiftyone/coco-2017/train/data/000000184889.jpg,train,calibration,000000184889,12,0.03349698795180723,1.0,4,False,random
coco-rem,000000040407,/home/felix/fiftyone/coco-2017/train/data/000000040407.jpg,train,calibration,000000040407,39,0.0036189988290398125,0.8717948717948718,6,False,random
coco-rem,000000318200,/home/felix/fiftyone/coco-2017/train/data/000000318200.jpg,train,calibration,000000318200,36,0.0023783783783783785,0.5555555555555556,7,True,random
coco-rem,000000201375,/home/felix/fiftyone/coco-2017/train/data/000000201375.jpg,train,calibration,000000201375,2,0.3274864607728337,0.0,2,False,random
coco-rem,000000404271,/home/felix/fiftyone/coco-2017/train/data/000000404271.jpg,train,calibration,000000404271,7,0.02739622641509434,1.0,4,False,random
coco-rem,000000459585,/home/felix/fiftyone/coco-2017/train/data/000000459585.jpg,train,calibration,000000459585,2,0.07885866666666666,0.0,2,False,random
coco-rem,000000280087,/home/felix/fiftyone/coco-2017/train/data/000000280087.jpg,train,calibration,000000280087,3,0.017710512552301255,0.0,3,False,random
coco-rem,000000091948,/home/felix/fiftyone/coco-2017/train/data/000000091948.jpg,train,calibration,000000091948,17,0.03288966049382716,0.8823529411764706,5,True,random
coco-rem,000000470770,/home/felix/fiftyone/coco-2017/train/data/000000470770.jpg,train,calibration,000000470770,14,0.032761150234741784,0.5714285714285714,5,False,random
coco-rem,000000353981,/home/felix/fiftyone/coco-2017/train/data/000000353981.jpg,train,calibration,000000353981,9,0.00124945079086116,1.0,3,False,random
coco-rem,000000428440,/home/felix/fiftyone/coco-2017/train/data/000000428440.jpg,train,calibration,000000428440,11,0.009484777517564403,0.7272727272727273,2,False,random
coco-rem,000000398419,/home/felix/fiftyone/coco-2017/train/data/000000398419.jpg,train,calibration,000000398419,15,0.01171875,0.4,8,False,random
coco-rem,000000124627,/home/felix/fiftyone/coco-2017/train/data/000000124627.jpg,train,calibration,000000124627,29,0.0005868544600938967,0.06896551724137931,4,True,random
coco-rem,000000113898,/home/felix/fiftyone/coco-2017/train/data/000000113898.jpg,train,calibration,000000113898,4,0.1497260668973472,0.5,3,False,random
coco-rem,000000511774,/home/felix/fiftyone/coco-2017/train/data/000000511774.jpg,train,calibration,000000511774,7,0.06424615384615384,1.0,3,False,random
coco-rem,000000226136,/home/felix/fiftyone/coco-2017/train/data/000000226136.jpg,train,calibration,000000226136,1,0.23510416666666667,0.0,1,False,random
coco-rem,000000037717,/home/felix/fiftyone/coco-2017/train/data/000000037717.jpg,train,calibration,000000037717,8,0.105908203125,0.0,1,False,random
coco-rem,000000030852,/home/felix/fiftyone/coco-2017/train/data/000000030852.jpg,train,calibration,000000030852,2,0.25814494680851063,1.0,2,False,random
coco-rem,000000409707,/home/felix/fiftyone/coco-2017/train/data/000000409707.jpg,train,calibration,000000409707,4,0.07827799479166667,1.0,3,False,random
coco-rem,000000212757,/home/felix/fiftyone/coco-2017/train/data/000000212757.jpg,train,calibration,000000212757,2,0.12844410211267607,0.0,1,False,random
coco-rem,000000432615,/home/felix/fiftyone/coco-2017/train/data/000000432615.jpg,train,calibration,000000432615,2,0.1176168893129771,0.0,1,False,random
coco-rem,000000111180,/home/felix/fiftyone/coco-2017/train/data/000000111180.jpg,train,calibration,000000111180,1,0.009296875,0.0,1,False,random
coco-rem,000000107216,/home/felix/fiftyone/coco-2017/train/data/000000107216.jpg,train,calibration,000000107216,2,0.3110266666666667,0.0,1,False,random
coco-rem,000000083507,/home/felix/fiftyone/coco-2017/train/data/000000083507.jpg,train,calibration,000000083507,1,0.09596354166666667,0.0,1,False,random
coco-rem,000000427449,/home/felix/fiftyone/coco-2017/train/data/000000427449.jpg,train,calibration,000000427449,5,0.070126953125,1.0,5,False,random
coco-rem,000000468346,/home/felix/fiftyone/coco-2017/train/data/000000468346.jpg,train,calibration,000000468346,12,0.00689395920502092,0.3333333333333333,3,False,random
coco-rem,000000448944,/home/felix/fiftyone/coco-2017/train/data/000000448944.jpg,train,calibration,000000448944,5,0.0107421875,0.4,3,False,random
coco-rem,000000318637,/home/felix/fiftyone/coco-2017/train/data/000000318637.jpg,train,calibration,000000318637,29,0.0018515807962529273,0.5172413793103449,5,True,random
coco-rem,000000570268,/home/felix/fiftyone/coco-2017/train/data/000000570268.jpg,train,calibration,000000570268,4,0.19461784174876848,1.0,4,False,random
coco-rem,000000449598,/home/felix/fiftyone/coco-2017/train/data/000000449598.jpg,train,calibration,000000449598,6,0.015102806788511749,0.6666666666666666,3,False,random
coco-rem,000000068381,/home/felix/fiftyone/coco-2017/train/data/000000068381.jpg,train,calibration,000000068381,2,0.07756510416666666,0.0,2,False,random
coco-rem,000000402806,/home/felix/fiftyone/coco-2017/train/data/000000402806.jpg,train,calibration,000000402806,3,0.17291666666666666,0.0,2,False,random
coco-rem,000000293072,/home/felix/fiftyone/coco-2017/train/data/000000293072.jpg,train,calibration,000000293072,11,0.12379680907172996,0.7272727272727273,4,False,random
coco-rem,000000348702,/home/felix/fiftyone/coco-2017/train/data/000000348702.jpg,train,calibration,000000348702,20,0.01407713700234192,1.0,6,False,random
coco-rem,000000366648,/home/felix/fiftyone/coco-2017/train/data/000000366648.jpg,train,calibration,000000366648,31,0.003544921875,0.0,1,False,random
coco-rem,000000185229,/home/felix/fiftyone/coco-2017/train/data/000000185229.jpg,train,calibration,000000185229,11,0.051086956521739134,0.9090909090909091,2,False,random
coco-rem,000000068003,/home/felix/fiftyone/coco-2017/train/data/000000068003.jpg,train,calibration,000000068003,17,0.0018076697892271663,0.6470588235294118,6,False,random
coco-rem,000000519076,/home/felix/fiftyone/coco-2017/train/data/000000519076.jpg,train,calibration,000000519076,6,0.030669333333333333,0.5,4,False,random
coco-rem,000000470516,/home/felix/fiftyone/coco-2017/train/data/000000470516.jpg,train,calibration,000000470516,5,0.0583984375,0.8,2,False,random
coco-rem,000000205344,/home/felix/fiftyone/coco-2017/train/data/000000205344.jpg,train,calibration,000000205344,26,0.0018245442708333334,0.8846153846153846,8,False,random
coco-rem,000000341232,/home/felix/fiftyone/coco-2017/train/data/000000341232.jpg,train,calibration,000000341232,13,0.011539641943734016,0.6923076923076923,6,False,random
coco-rem,000000363344,/home/felix/fiftyone/coco-2017/train/data/000000363344.jpg,train,calibration,000000363344,5,0.13862630208333335,0.8,1,False,random
coco-rem,000000472405,/home/felix/fiftyone/coco-2017/train/data/000000472405.jpg,train,calibration,000000472405,120,0.006434666666666667,0.1,2,False,random
coco-rem,000000567495,/home/felix/fiftyone/coco-2017/train/data/000000567495.jpg,train,calibration,000000567495,1,0.6590294117647059,0.0,1,False,random
coco-rem,000000049369,/home/felix/fiftyone/coco-2017/train/data/000000049369.jpg,train,calibration,000000049369,3,0.11963216145833333,1.0,1,False,random
coco-rem,000000380122,/home/felix/fiftyone/coco-2017/train/data/000000380122.jpg,train,calibration,000000380122,3,0.15370666666666666,0.6666666666666666,2,False,random
coco-rem,000000402420,/home/felix/fiftyone/coco-2017/train/data/000000402420.jpg,train,calibration,000000402420,8,0.004832,1.0,4,False,random
coco-rem,000000025758,/home/felix/fiftyone/coco-2017/train/data/000000025758.jpg,train,calibration,000000025758,2,0.73578125,1.0,2,False,random
coco-rem,000000571185,/home/felix/fiftyone/coco-2017/train/data/000000571185.jpg,train,calibration,000000571185,28,0.004440104166666667,0.42857142857142855,5,False,random
coco-rem,000000305501,/home/felix/fiftyone/coco-2017/train/data/000000305501.jpg,train,calibration,000000305501,12,0.022364908854166667,0.6666666666666666,4,False,random
coco-rem,000000080044,/home/felix/fiftyone/coco-2017/train/data/000000080044.jpg,train,calibration,000000080044,9,0.03695083682008368,1.0,3,False,random
coco-rem,000000487612,/home/felix/fiftyone/coco-2017/train/data/000000487612.jpg,train,calibration,000000487612,16,0.0013708382009345794,0.4375,3,False,random
coco-rem,000000410373,/home/felix/fiftyone/coco-2017/train/data/000000410373.jpg,train,calibration,000000410373,8,0.0251953125,0.75,3,False,random
coco-rem,000000393735,/home/felix/fiftyone/coco-2017/train/data/000000393735.jpg,train,calibration,000000393735,3,0.15960205078125,1.0,2,False,random
coco-rem,000000561047,/home/felix/fiftyone/coco-2017/train/data/000000561047.jpg,train,calibration,000000561047,21,0.0005973333333333333,0.2857142857142857,3,True,random
coco-rem,000000416188,/home/felix/fiftyone/coco-2017/train/data/000000416188.jpg,train,calibration,000000416188,8,0.09104779411764706,0.875,6,False,random
coco-rem,000000133237,/home/felix/fiftyone/coco-2017/train/data/000000133237.jpg,train,calibration,000000133237,2,0.27956036261792455,1.0,1,False,random
coco-rem,000000266442,/home/felix/fiftyone/coco-2017/train/data/000000266442.jpg,train,calibration,000000266442,2,0.26366181206088996,1.0,1,False,random
coco-rem,000000059584,/home/felix/fiftyone/coco-2017/train/data/000000059584.jpg,train,calibration,000000059584,4,0.103889592217484,0.5,1,False,random
coco-rem,000000466665,/home/felix/fiftyone/coco-2017/train/data/000000466665.jpg,train,calibration,000000466665,4,0.078505859375,0.5,4,False,random
coco-rem,000000519707,/home/felix/fiftyone/coco-2017/train/data/000000519707.jpg,train,calibration,000000519707,29,0.00181640625,0.6551724137931034,10,False,random
coco-rem,000000030548,/home/felix/fiftyone/coco-2017/train/data/000000030548.jpg,train,calibration,000000030548,2,0.443896484375,1.0,2,False,random
coco-rem,000000267284,/home/felix/fiftyone/coco-2017/train/data/000000267284.jpg,train,calibration,000000267284,18,0.03559343956953642,0.16666666666666666,1,False,random
coco-rem,000000401398,/home/felix/fiftyone/coco-2017/train/data/000000401398.jpg,train,calibration,000000401398,4,0.16687355658198613,1.0,4,False,random
coco-rem,000000459537,/home/felix/fiftyone/coco-2017/train/data/000000459537.jpg,train,calibration,000000459537,1,0.03393987341772152,0.0,1,False,random
coco-rem,000000161603,/home/felix/fiftyone/coco-2017/train/data/000000161603.jpg,train,calibration,000000161603,8,0.007383897569444444,0.0,4,False,random
coco-rem,000000247909,/home/felix/fiftyone/coco-2017/train/data/000000247909.jpg,train,calibration,000000247909,9,0.056396484375,0.0,2,False,random
coco-rem,000000555847,/home/felix/fiftyone/coco-2017/train/data/000000555847.jpg,train,calibration,000000555847,7,0.010766467065868264,1.0,2,False,random
coco-rem,000000215376,/home/felix/fiftyone/coco-2017/train/data/000000215376.jpg,train,calibration,000000215376,5,0.058072306791569085,0.4,4,False,random
coco-rem,000000512845,/home/felix/fiftyone/coco-2017/train/data/000000512845.jpg,train,calibration,000000512845,6,0.0910986328125,0.6666666666666666,2,False,random
coco-rem,000000418653,/home/felix/fiftyone/coco-2017/train/data/000000418653.jpg,train,calibration,000000418653,5,0.0009491822429906542,1.0,2,False,random
coco-rem,000000049095,/home/felix/fiftyone/coco-2017/train/data/000000049095.jpg,train,calibration,000000049095,11,0.03229166666666667,0.6363636363636364,4,False,random
coco-rem,000000529787,/home/felix/fiftyone/coco-2017/train/data/000000529787.jpg,train,calibration,000000529787,5,0.0016100702576112413,0.4,3,False,random
coco-rem,000000356733,/home/felix/fiftyone/coco-2017/train/data/000000356733.jpg,train,calibration,000000356733,7,0.16640625,0.5714285714285714,2,False,random
coco-rem,000000082275,/home/felix/fiftyone/coco-2017/train/data/000000082275.jpg,train,calibration,000000082275,11,0.0017578125,1.0,2,False,random
coco-rem,000000541999,/home/felix/fiftyone/coco-2017/train/data/000000541999.jpg,train,calibration,000000541999,18,0.0072233072916666665,0.6666666666666666,4,False,random
coco-rem,000000026436,/home/felix/fiftyone/coco-2017/train/data/000000026436.jpg,train,calibration,000000026436,5,0.0106233681462141,0.8,3,False,random
coco-rem,000000217054,/home/felix/fiftyone/coco-2017/train/data/000000217054.jpg,train,calibration,000000217054,2,0.41788411458333335,1.0,2,False,random
coco-rem,000000364683,/home/felix/fiftyone/coco-2017/train/data/000000364683.jpg,train,calibration,000000364683,2,0.21679361979166667,0.0,1,False,random
coco-rem,000000246342,/home/felix/fiftyone/coco-2017/train/data/000000246342.jpg,train,calibration,000000246342,5,0.018125,0.0,3,False,random
coco-rem,000000402671,/home/felix/fiftyone/coco-2017/train/data/000000402671.jpg,train,calibration,000000402671,7,0.023697916666666666,0.8571428571428571,3,False,random
coco-rem,000000310906,/home/felix/fiftyone/coco-2017/train/data/000000310906.jpg,train,calibration,000000310906,11,0.000703125,0.0,3,False,random
coco-rem,000000426252,/home/felix/fiftyone/coco-2017/train/data/000000426252.jpg,train,calibration,000000426252,15,0.0025232919254658385,0.26666666666666666,2,False,random
coco-rem,000000376911,/home/felix/fiftyone/coco-2017/train/data/000000376911.jpg,train,calibration,000000376911,4,0.06344644276629571,0.5,2,False,random
coco-rem,000000114173,/home/felix/fiftyone/coco-2017/train/data/000000114173.jpg,train,calibration,000000114173,1,0.05324970657276995,0.0,1,False,random
coco-rem,000000132212,/home/felix/fiftyone/coco-2017/train/data/000000132212.jpg,train,calibration,000000132212,2,0.015423423423423423,1.0,2,False,random
coco-rem,000000389159,/home/felix/fiftyone/coco-2017/train/data/000000389159.jpg,train,calibration,000000389159,22,0.01901680166374781,0.7272727272727273,4,False,random
coco-rem,000000364010,/home/felix/fiftyone/coco-2017/train/data/000000364010.jpg,train,calibration,000000364010,3,0.1203125,0.6666666666666666,2,False,random
coco-rem,000000145211,/home/felix/fiftyone/coco-2017/train/data/000000145211.jpg,train,calibration,000000145211,7,0.02984049479166667,0.5714285714285714,6,False,random
coco-rem,000000405271,/home/felix/fiftyone/coco-2017/train/data/000000405271.jpg,train,calibration,000000405271,29,0.003988970588235294,0.9655172413793104,3,False,random
coco-rem,000000231267,/home/felix/fiftyone/coco-2017/train/data/000000231267.jpg,train,calibration,000000231267,2,0.23005074474299064,0.0,2,False,random
coco-rem,000000016362,/home/felix/fiftyone/coco-2017/train/data/000000016362.jpg,train,calibration,000000016362,18,0.0009336890243902439,0.1111111111111111,2,False,random
coco-rem,000000415856,/home/felix/fiftyone/coco-2017/train/data/000000415856.jpg,train,calibration,000000415856,5,0.118515625,1.0,2,False,random
coco-rem,000000027776,/home/felix/fiftyone/coco-2017/train/data/000000027776.jpg,train,calibration,000000027776,6,0.10165992647058823,0.6666666666666666,5,False,random
coco-rem,000000328412,/home/felix/fiftyone/coco-2017/train/data/000000328412.jpg,train,calibration,000000328412,7,0.0031223106712564546,0.42857142857142855,3,False,random
coco-rem,000000264930,/home/felix/fiftyone/coco-2017/train/data/000000264930.jpg,train,calibration,000000264930,5,0.0034909250585480095,0.0,2,False,random
coco-rem,000000128553,/home/felix/fiftyone/coco-2017/train/data/000000128553.jpg,train,calibration,000000128553,16,0.000537109375,0.3125,3,False,random
coco-rem,000000536237,/home/felix/fiftyone/coco-2017/train/data/000000536237.jpg,train,calibration,000000536237,5,0.13452799479166666,1.0,4,False,random
coco-rem,000000441473,/home/felix/fiftyone/coco-2017/train/data/000000441473.jpg,train,calibration,000000441473,6,0.005465494791666667,0.5,4,False,random
coco-rem,000000170601,/home/felix/fiftyone/coco-2017/train/data/000000170601.jpg,train,calibration,000000170601,3,0.018113290398126463,0.0,3,False,random
coco-rem,000000448826,/home/felix/fiftyone/coco-2017/train/data/000000448826.jpg,train,calibration,000000448826,17,0.008505859375,0.5294117647058824,4,True,random
coco-rem,000000046809,/home/felix/fiftyone/coco-2017/train/data/000000046809.jpg,train,calibration,000000046809,3,0.18855386416861827,0.6666666666666666,2,False,random
coco-rem,000000181876,/home/felix/fiftyone/coco-2017/train/data/000000181876.jpg,train,calibration,000000181876,2,0.1269140625,0.0,1,False,random
coco-rem,000000155270,/home/felix/fiftyone/coco-2017/train/data/000000155270.jpg,train,calibration,000000155270,23,0.004293224299065421,0.391304347826087,6,True,random
coco-rem,000000052827,/home/felix/fiftyone/coco-2017/train/data/000000052827.jpg,train,calibration,000000052827,1,0.02760009765625,0.0,1,False,random
coco-rem,000000578060,/home/felix/fiftyone/coco-2017/train/data/000000578060.jpg,train,calibration,000000578060,2,0.037635392271662765,0.0,2,False,random
coco-rem,000000485142,/home/felix/fiftyone/coco-2017/train/data/000000485142.jpg,train,calibration,000000485142,2,0.2317719414893617,0.0,2,False,random
coco-rem,000000379630,/home/felix/fiftyone/coco-2017/train/data/000000379630.jpg,train,calibration,000000379630,10,0.010885416666666667,0.3,6,False,random
coco-rem,000000464296,/home/felix/fiftyone/coco-2017/train/data/000000464296.jpg,train,calibration,000000464296,0,,0.0,0,False,random
coco-rem,000000155496,/home/felix/fiftyone/coco-2017/train/data/000000155496.jpg,train,calibration,000000155496,14,0.015437825520833334,0.35714285714285715,6,False,random
coco-rem,000000460496,/home/felix/fiftyone/coco-2017/train/data/000000460496.jpg,train,calibration,000000460496,5,0.1001953125,0.0,5,False,random
coco-rem,000000557065,/home/felix/fiftyone/coco-2017/train/data/000000557065.jpg,train,calibration,000000557065,2,0.16095540364583333,0.0,2,False,random
coco-rem,000000447983,/home/felix/fiftyone/coco-2017/train/data/000000447983.jpg,train,calibration,000000447983,2,0.0020163967073818373,0.0,1,False,random
coco-rem,000000512864,/home/felix/fiftyone/coco-2017/train/data/000000512864.jpg,train,calibration,000000512864,2,0.09364908854166666,0.0,2,False,random
coco-rem,000000181851,/home/felix/fiftyone/coco-2017/train/data/000000181851.jpg,train,calibration,000000181851,23,0.0008729460093896713,0.17391304347826086,7,False,random
coco-rem,000000134697,/home/felix/fiftyone/coco-2017/train/data/000000134697.jpg,train,calibration,000000134697,2,0.006465895784543325,0.0,2,False,random
coco-rem,000000288219,/home/felix/fiftyone/coco-2017/train/data/000000288219.jpg,train,calibration,000000288219,2,0.014227166276346605,0.0,2,False,random
coco-rem,000000579909,/home/felix/fiftyone/coco-2017/train/data/000000579909.jpg,train,calibration,000000579909,3,0.17493333333333333,0.0,2,False,random
coco-rem,000000124002,/home/felix/fiftyone/coco-2017/train/data/000000124002.jpg,train,calibration,000000124002,4,0.4058474824355972,1.0,3,False,random
coco-rem,000000024264,/home/felix/fiftyone/coco-2017/train/data/000000024264.jpg,train,calibration,000000024264,2,0.0747265625,0.0,1,False,random
coco-rem,000000065955,/home/felix/fiftyone/coco-2017/train/data/000000065955.jpg,train,calibration,000000065955,17,0.0003301056338028169,0.11764705882352941,3,True,random
coco-rem,000000319142,/home/felix/fiftyone/coco-2017/train/data/000000319142.jpg,train,calibration,000000319142,2,0.7442629018612521,1.0,2,False,random
coco-rem,000000426064,/home/felix/fiftyone/coco-2017/train/data/000000426064.jpg,train,calibration,000000426064,4,0.10002017312206572,0.5,2,False,random
coco-rem,000000397365,/home/felix/fiftyone/coco-2017/train/data/000000397365.jpg,train,calibration,000000397365,8,0.17364215176715175,1.0,2,False,random
coco-rem,000000193444,/home/felix/fiftyone/coco-2017/train/data/000000193444.jpg,train,calibration,000000193444,2,0.03795114436619718,0.0,2,False,random
coco-rem,000000030210,/home/felix/fiftyone/coco-2017/train/data/000000030210.jpg,train,calibration,000000030210,6,0.08224531615925058,0.3333333333333333,1,False,random
coco-rem,000000529061,/home/felix/fiftyone/coco-2017/train/data/000000529061.jpg,train,calibration,000000529061,2,0.53602294921875,1.0,2,False,random
coco-rem,000000404222,/home/felix/fiftyone/coco-2017/train/data/000000404222.jpg,train,calibration,000000404222,2,0.15086588541666668,1.0,2,False,random
coco-rem,000000184431,/home/felix/fiftyone/coco-2017/train/data/000000184431.jpg,train,calibration,000000184431,12,0.0008088438189845475,0.0,3,True,random
coco-rem,000000110759,/home/felix/fiftyone/coco-2017/train/data/000000110759.jpg,train,calibration,000000110759,1,0.18484700520833333,0.0,1,False,random
coco-rem,000000396661,/home/felix/fiftyone/coco-2017/train/data/000000396661.jpg,train,calibration,000000396661,44,0.0037901680424528303,0.09090909090909091,6,True,random
coco-rem,000000151892,/home/felix/fiftyone/coco-2017/train/data/000000151892.jpg,train,calibration,000000151892,15,0.019441244239631335,1.0,4,False,random
coco-rem,000000403830,/home/felix/fiftyone/coco-2017/train/data/000000403830.jpg,train,calibration,000000403830,5,0.06833181265206813,0.4,3,False,random
coco-rem,000000240243,/home/felix/fiftyone/coco-2017/train/data/000000240243.jpg,train,calibration,000000240243,3,0.14622365339578455,1.0,3,False,random
coco-rem,000000021674,/home/felix/fiftyone/coco-2017/train/data/000000021674.jpg,train,calibration,000000021674,7,0.0006890311804008908,0.42857142857142855,2,False,random
coco-rem,000000421889,/home/felix/fiftyone/coco-2017/train/data/000000421889.jpg,train,calibration,000000421889,7,0.08340441176470588,0.5714285714285714,5,False,random
coco-rem,000000351268,/home/felix/fiftyone/coco-2017/train/data/000000351268.jpg,train,calibration,000000351268,7,0.0014860539551897576,0.5714285714285714,2,False,random
coco-rem,000000121690,/home/felix/fiftyone/coco-2017/train/data/000000121690.jpg,train,calibration,000000121690,2,0.4530386029411765,1.0,1,False,random
coco-rem,000000364436,/home/felix/fiftyone/coco-2017/train/data/000000364436.jpg,train,calibration,000000364436,2,0.42120133998435055,1.0,2,False,random
coco-rem,000000424989,/home/felix/fiftyone/coco-2017/train/data/000000424989.jpg,train,calibration,000000424989,4,0.08035416666666667,0.75,3,False,random
coco-rem,000000434326,/home/felix/fiftyone/coco-2017/train/data/000000434326.jpg,train,calibration,000000434326,3,0.09074869791666666,0.6666666666666666,3,False,random
coco-rem,000000013292,/home/felix/fiftyone/coco-2017/train/data/000000013292.jpg,train,calibration,000000013292,5,0.046962822014051525,0.4,5,False,random
coco-rem,000000475403,/home/felix/fiftyone/coco-2017/train/data/000000475403.jpg,train,calibration,000000475403,35,0.005730249480249481,0.5714285714285714,3,True,random
coco-rem,000000104211,/home/felix/fiftyone/coco-2017/train/data/000000104211.jpg,train,calibration,000000104211,4,0.0802297794117647,0.75,2,False,random
coco-rem,000000251232,/home/felix/fiftyone/coco-2017/train/data/000000251232.jpg,train,calibration,000000251232,2,0.03375658665105386,1.0,2,False,random
coco-rem,000000287228,/home/felix/fiftyone/coco-2017/train/data/000000287228.jpg,train,calibration,000000287228,1,0.014768,0.0,1,False,random
coco-rem,000000061409,/home/felix/fiftyone/coco-2017/train/data/000000061409.jpg,train,calibration,000000061409,13,0.001914612676056338,0.3076923076923077,4,False,random
coco-rem,000000053361,/home/felix/fiftyone/coco-2017/train/data/000000053361.jpg,train,calibration,000000053361,9,0.0064453125,0.0,6,False,random
coco-rem,000000319591,/home/felix/fiftyone/coco-2017/train/data/000000319591.jpg,train,calibration,000000319591,4,0.05118001302083333,0.5,3,False,random
coco-rem,000000175830,/home/felix/fiftyone/coco-2017/train/data/000000175830.jpg,train,calibration,000000175830,13,0.00391905737704918,0.9230769230769231,3,False,random
coco-rem,000000231362,/home/felix/fiftyone/coco-2017/train/data/000000231362.jpg,train,calibration,000000231362,1,0.17400390625,0.0,1,False,random
coco-rem,000000007625,/home/felix/fiftyone/coco-2017/train/data/000000007625.jpg,train,calibration,000000007625,0,,0.0,0,False,random
coco-rem,000000107516,/home/felix/fiftyone/coco-2017/train/data/000000107516.jpg,train,calibration,000000107516,27,0.0006770833333333334,0.2222222222222222,10,False,random
coco-rem,000000245505,/home/felix/fiftyone/coco-2017/train/data/000000245505.jpg,train,calibration,000000245505,1,0.75347533632287,0.0,1,False,random
coco-rem,000000095422,/home/felix/fiftyone/coco-2017/train/data/000000095422.jpg,train,calibration,000000095422,17,0.0038346354166666667,0.35294117647058826,5,True,random
coco-rem,000000463452,/home/felix/fiftyone/coco-2017/train/data/000000463452.jpg,train,calibration,000000463452,2,0.456944580078125,1.0,2,False,random
coco-rem,000000258017,/home/felix/fiftyone/coco-2017/train/data/000000258017.jpg,train,calibration,000000258017,4,0.001213041569086651,0.0,3,False,random
coco-rem,000000147591,/home/felix/fiftyone/coco-2017/train/data/000000147591.jpg,train,calibration,000000147591,63,0.010820677570093458,1.0,3,False,random
coco-rem,000000190700,/home/felix/fiftyone/coco-2017/train/data/000000190700.jpg,train,calibration,000000190700,3,0.14194594594594595,0.0,2,False,random
coco-rem,000000409239,/home/felix/fiftyone/coco-2017/train/data/000000409239.jpg,train,calibration,000000409239,5,0.3125,0.8,4,False,random
coco-rem,000000133609,/home/felix/fiftyone/coco-2017/train/data/000000133609.jpg,train,calibration,000000133609,7,0.07992533333333333,0.5714285714285714,3,False,random
coco-rem,000000382345,/home/felix/fiftyone/coco-2017/train/data/000000382345.jpg,train,calibration,000000382345,19,0.00034722222222222224,0.3684210526315789,2,False,random
coco-rem,000000211158,/home/felix/fiftyone/coco-2017/train/data/000000211158.jpg,train,calibration,000000211158,2,0.10686998279816513,0.0,2,False,random
coco-rem,000000217938,/home/felix/fiftyone/coco-2017/train/data/000000217938.jpg,train,calibration,000000217938,10,0.07794569672131148,0.7,5,False,random
coco-rem,000000320137,/home/felix/fiftyone/coco-2017/train/data/000000320137.jpg,train,calibration,000000320137,21,0.015577889447236181,1.0,8,False,random
coco-rem,000000392985,/home/felix/fiftyone/coco-2017/train/data/000000392985.jpg,train,calibration,000000392985,5,0.0020503227699530517,0.6,3,False,random
coco-rem,000000536366,/home/felix/fiftyone/coco-2017/train/data/000000536366.jpg,train,calibration,000000536366,2,0.0451935743559719,0.0,1,False,random
coco-rem,000000111824,/home/felix/fiftyone/coco-2017/train/data/000000111824.jpg,train,calibration,000000111824,1,0.05464037122969838,0.0,1,False,random
coco-rem,000000258089,/home/felix/fiftyone/coco-2017/train/data/000000258089.jpg,train,calibration,000000258089,8,0.025712890625,1.0,3,False,random
coco-rem,000000177323,/home/felix/fiftyone/coco-2017/train/data/000000177323.jpg,train,calibration,000000177323,3,0.497734375,1.0,3,False,random
coco-rem,000000048719,/home/felix/fiftyone/coco-2017/train/data/000000048719.jpg,train,calibration,000000048719,11,0.0334375,0.18181818181818182,1,False,random
coco-rem,000000497873,/home/felix/fiftyone/coco-2017/train/data/000000497873.jpg,train,calibration,000000497873,21,0.005661764705882353,0.9523809523809523,8,True,random
coco-rem,000000524059,/home/felix/fiftyone/coco-2017/train/data/000000524059.jpg,train,calibration,000000524059,3,0.211171875,0.6666666666666666,3,False,random
coco-rem,000000307272,/home/felix/fiftyone/coco-2017/train/data/000000307272.jpg,train,calibration,000000307272,14,0.0007093333333333333,0.0,3,False,random
coco-rem,000000091969,/home/felix/fiftyone/coco-2017/train/data/000000091969.jpg,train,calibration,000000091969,11,0.0005244006849315069,0.45454545454545453,2,False,random
coco-rem,000000101573,/home/felix/fiftyone/coco-2017/train/data/000000101573.jpg,train,calibration,000000101573,7,0.04933035714285714,1.0,5,False,random
coco-rem,000000185555,/home/felix/fiftyone/coco-2017/train/data/000000185555.jpg,train,calibration,000000185555,15,0.0037320859872611465,0.3333333333333333,4,False,random
coco-rem,000000108392,/home/felix/fiftyone/coco-2017/train/data/000000108392.jpg,train,calibration,000000108392,69,0.00537280701754386,0.0,1,False,random
coco-rem,000000402855,/home/felix/fiftyone/coco-2017/train/data/000000402855.jpg,train,calibration,000000402855,8,0.010279411764705882,0.25,1,False,random
coco-rem,000000377155,/home/felix/fiftyone/coco-2017/train/data/000000377155.jpg,train,calibration,000000377155,2,0.2366816359857482,0.0,2,False,random
coco-rem,000000333124,/home/felix/fiftyone/coco-2017/train/data/000000333124.jpg,train,calibration,000000333124,1,0.41888,0.0,1,False,random
coco-rem,000000448759,/home/felix/fiftyone/coco-2017/train/data/000000448759.jpg,train,calibration,000000448759,4,0.051492046593186375,1.0,3,False,random
coco-rem,000000150717,/home/felix/fiftyone/coco-2017/train/data/000000150717.jpg,train,calibration,000000150717,8,0.018590984513274338,0.5,1,False,random
coco-rem,000000535013,/home/felix/fiftyone/coco-2017/train/data/000000535013.jpg,train,calibration,000000535013,4,0.2608349609375,1.0,4,False,random
coco-rem,000000392871,/home/felix/fiftyone/coco-2017/train/data/000000392871.jpg,train,calibration,000000392871,3,0.3333402317880795,1.0,3,False,random
coco-rem,000000132621,/home/felix/fiftyone/coco-2017/train/data/000000132621.jpg,train,calibration,000000132621,7,0.007849264705882352,0.0,2,False,random
coco-rem,000000264619,/home/felix/fiftyone/coco-2017/train/data/000000264619.jpg,train,calibration,000000264619,11,0.0007747395833333333,0.18181818181818182,3,False,random
coco-rem,000000232819,/home/felix/fiftyone/coco-2017/train/data/000000232819.jpg,train,calibration,000000232819,3,0.4779881386861314,1.0,2,False,random
coco-rem,000000132612,/home/felix/fiftyone/coco-2017/train/data/000000132612.jpg,train,calibration,000000132612,9,0.0157421875,0.2222222222222222,2,False,random
coco-rem,000000478805,/home/felix/fiftyone/coco-2017/train/data/000000478805.jpg,train,calibration,000000478805,19,0.00232421875,0.5789473684210527,9,False,random
coco-rem,000000097270,/home/felix/fiftyone/coco-2017/train/data/000000097270.jpg,train,calibration,000000097270,2,0.09840169270833334,0.0,2,False,random
coco-rem,000000083045,/home/felix/fiftyone/coco-2017/train/data/000000083045.jpg,train,calibration,000000083045,2,0.5133562646370023,0.0,2,False,random
coco-rem,000000527219,/home/felix/fiftyone/coco-2017/train/data/000000527219.jpg,train,calibration,000000527219,8,0.05314146662763466,1.0,6,False,random
coco-rem,000000202918,/home/felix/fiftyone/coco-2017/train/data/000000202918.jpg,train,calibration,000000202918,3,0.3155733333333333,0.0,3,False,random
coco-rem,000000099443,/home/felix/fiftyone/coco-2017/train/data/000000099443.jpg,train,calibration,000000099443,8,0.005263831967213114,0.25,3,False,random
coco-rem,000000122537,/home/felix/fiftyone/coco-2017/train/data/000000122537.jpg,train,calibration,000000122537,5,0.03486328125,0.4,3,False,random
coco-rem,000000495356,/home/felix/fiftyone/coco-2017/train/data/000000495356.jpg,train,calibration,000000495356,4,0.054735294117647056,0.0,3,False,random
coco-rem,000000416705,/home/felix/fiftyone/coco-2017/train/data/000000416705.jpg,train,calibration,000000416705,10,0.025185546875,1.0,9,False,random
coco-rem,000000169634,/home/felix/fiftyone/coco-2017/train/data/000000169634.jpg,train,calibration,000000169634,4,0.458369140625,1.0,3,False,random
coco-rem,000000372536,/home/felix/fiftyone/coco-2017/train/data/000000372536.jpg,train,calibration,000000372536,2,0.3515009842519685,0.0,2,False,random
coco-rem,000000156284,/home/felix/fiftyone/coco-2017/train/data/000000156284.jpg,train,calibration,000000156284,3,0.022892271662763464,0.0,1,False,random
coco-rem,000000329752,/home/felix/fiftyone/coco-2017/train/data/000000329752.jpg,train,calibration,000000329752,16,0.005577799479166667,0.875,5,False,random
coco-rem,000000067207,/home/felix/fiftyone/coco-2017/train/data/000000067207.jpg,train,calibration,000000067207,16,0.011481119791666666,0.6875,9,False,random
coco-rem,000000054335,/home/felix/fiftyone/coco-2017/train/data/000000054335.jpg,train,calibration,000000054335,4,0.04441441441441441,1.0,3,False,random
coco-rem,000000276169,/home/felix/fiftyone/coco-2017/train/data/000000276169.jpg,train,calibration,000000276169,2,0.15105454545454544,1.0,2,False,random
coco-rem,000000340804,/home/felix/fiftyone/coco-2017/train/data/000000340804.jpg,train,calibration,000000340804,6,0.01232421875,0.8333333333333334,3,False,random
coco-rem,000000460370,/home/felix/fiftyone/coco-2017/train/data/000000460370.jpg,train,calibration,000000460370,17,0.01284396955503513,1.0,5,False,random
coco-rem,000000106895,/home/felix/fiftyone/coco-2017/train/data/000000106895.jpg,train,calibration,000000106895,2,0.6051775956284153,1.0,1,False,random
coco-rem,000000073016,/home/felix/fiftyone/coco-2017/train/data/000000073016.jpg,train,calibration,000000073016,9,0.01162109375,0.6666666666666666,5,False,random
coco-rem,000000298225,/home/felix/fiftyone/coco-2017/train/data/000000298225.jpg,train,calibration,000000298225,3,0.6373136182902585,1.0,3,False,random
coco-rem,000000129699,/home/felix/fiftyone/coco-2017/train/data/000000129699.jpg,train,calibration,000000129699,4,0.016165364583333335,0.0,1,False,random
coco-rem,000000502126,/home/felix/fiftyone/coco-2017/train/data/000000502126.jpg,train,calibration,000000502126,8,0.02552,0.0,7,False,random
coco-rem,000000221317,/home/felix/fiftyone/coco-2017/train/data/000000221317.jpg,train,calibration,000000221317,12,0.002250666666666667,0.0,2,False,random
coco-rem,000000260129,/home/felix/fiftyone/coco-2017/train/data/000000260129.jpg,train,calibration,000000260129,7,0.03642783957845433,1.0,4,False,random
coco-rem,000000004904,/home/felix/fiftyone/coco-2017/train/data/000000004904.jpg,train,calibration,000000004904,10,0.0336275577769234,0.2,5,False,random
coco-rem,000000250877,/home/felix/fiftyone/coco-2017/train/data/000000250877.jpg,train,calibration,000000250877,15,0.003351343457943925,0.26666666666666666,2,True,random
coco-rem,000000292227,/home/felix/fiftyone/coco-2017/train/data/000000292227.jpg,train,calibration,000000292227,14,0.014935231264637002,0.0,2,True,random
coco-rem,000000400596,/home/felix/fiftyone/coco-2017/train/data/000000400596.jpg,train,calibration,000000400596,3,0.032470703125,1.0,3,False,random
coco-rem,000000557811,/home/felix/fiftyone/coco-2017/train/data/000000557811.jpg,train,calibration,000000557811,3,0.01913512323943662,1.0,3,False,random
coco-rem,000000506388,/home/felix/fiftyone/coco-2017/train/data/000000506388.jpg,train,calibration,000000506388,2,0.019916212918688624,0.0,2,False,random
coco-rem,000000193972,/home/felix/fiftyone/coco-2017/train/data/000000193972.jpg,train,calibration,000000193972,2,0.019620483682983685,0.0,1,False,random
coco-rem,000000081826,/home/felix/fiftyone/coco-2017/train/data/000000081826.jpg,train,calibration,000000081826,5,0.019192708333333332,1.0,4,False,random
coco-rem,000000171536,/home/felix/fiftyone/coco-2017/train/data/000000171536.jpg,train,calibration,000000171536,24,0.016354166666666666,0.875,11,False,random
coco-rem,000000067577,/home/felix/fiftyone/coco-2017/train/data/000000067577.jpg,train,calibration,000000067577,7,0.06370023419203748,1.0,3,False,random
coco-rem,000000043933,/home/felix/fiftyone/coco-2017/train/data/000000043933.jpg,train,calibration,000000043933,4,0.13145821049528303,0.0,1,False,random
coco-rem,000000563301,/home/felix/fiftyone/coco-2017/train/data/000000563301.jpg,train,calibration,000000563301,2,0.010388236899563318,0.0,2,False,random
coco-rem,000000565245,/home/felix/fiftyone/coco-2017/train/data/000000565245.jpg,train,calibration,000000565245,24,0.0021249351659751036,0.08333333333333333,1,False,random
coco-rem,000000241390,/home/felix/fiftyone/coco-2017/train/data/000000241390.jpg,train,calibration,000000241390,6,0.005339752906976744,0.0,1,False,random
coco-rem,000000568155,/home/felix/fiftyone/coco-2017/train/data/000000568155.jpg,train,calibration,000000568155,8,0.008849283854166667,1.0,3,False,random
coco-rem,000000336167,/home/felix/fiftyone/coco-2017/train/data/000000336167.jpg,train,calibration,000000336167,21,0.01921472482435597,0.7619047619047619,4,True,random
coco-rem,000000302489,/home/felix/fiftyone/coco-2017/train/data/000000302489.jpg,train,calibration,000000302489,15,0.006467423349056604,0.5333333333333333,3,True,random
coco-rem,000000464602,/home/felix/fiftyone/coco-2017/train/data/000000464602.jpg,train,calibration,000000464602,1,0.06122292154566745,0.0,1,False,random
coco-rem,000000478922,/home/felix/fiftyone/coco-2017/train/data/000000478922.jpg,train,calibration,000000478922,4,0.014322509765625,0.0,2,False,random
coco-rem,000000551170,/home/felix/fiftyone/coco-2017/train/data/000000551170.jpg,train,calibration,000000551170,1,0.00452116935483871,0.0,1,False,random
coco-rem,000000573622,/home/felix/fiftyone/coco-2017/train/data/000000573622.jpg,train,calibration,000000573622,1,0.2103679906542056,0.0,1,False,random
coco-rem,000000487970,/home/felix/fiftyone/coco-2017/train/data/000000487970.jpg,train,calibration,000000487970,2,0.08922887731481481,1.0,2,False,random
coco-rem,000000135797,/home/felix/fiftyone/coco-2017/train/data/000000135797.jpg,train,calibration,000000135797,15,0.0013541666666666667,0.3333333333333333,5,False,random
coco-rem,000000013900,/home/felix/fiftyone/coco-2017/train/data/000000013900.jpg,train,calibration,000000013900,4,0.009576866610738255,0.0,1,False,random
coco-rem,000000436511,/home/felix/fiftyone/coco-2017/train/data/000000436511.jpg,train,calibration,000000436511,12,0.03123157429245283,0.75,3,False,random
coco-rem,000000438539,/home/felix/fiftyone/coco-2017/train/data/000000438539.jpg,train,calibration,000000438539,7,0.04894117647058824,0.5714285714285714,2,False,random
coco-rem,000000031653,/home/felix/fiftyone/coco-2017/train/data/000000031653.jpg,train,calibration,000000031653,2,0.4844939256440281,1.0,2,False,random
coco-rem,000000007735,/home/felix/fiftyone/coco-2017/train/data/000000007735.jpg,train,calibration,000000007735,14,0.0021028645833333333,0.21428571428571427,3,False,random
coco-rem,000000503569,/home/felix/fiftyone/coco-2017/train/data/000000503569.jpg,train,calibration,000000503569,9,0.002215909090909091,0.2222222222222222,3,False,random
coco-rem,000000471039,/home/felix/fiftyone/coco-2017/train/data/000000471039.jpg,train,calibration,000000471039,6,0.1107560126447093,0.6666666666666666,6,False,random
coco-rem,000000442811,/home/felix/fiftyone/coco-2017/train/data/000000442811.jpg,train,calibration,000000442811,18,0.00028195488721804513,0.3333333333333333,2,False,random
coco-rem,000000332943,/home/felix/fiftyone/coco-2017/train/data/000000332943.jpg,train,calibration,000000332943,3,0.31904296875,0.6666666666666666,3,False,random
coco-rem,000000213694,/home/felix/fiftyone/coco-2017/train/data/000000213694.jpg,train,calibration,000000213694,1,0.02466989436619718,0.0,1,False,random
coco-rem,000000505188,/home/felix/fiftyone/coco-2017/train/data/000000505188.jpg,train,calibration,000000505188,10,0.007215938807531381,0.0,6,False,random
coco-rem,000000049819,/home/felix/fiftyone/coco-2017/train/data/000000049819.jpg,train,calibration,000000049819,3,0.047759433962264154,0.0,3,False,random
coco-rem,000000221536,/home/felix/fiftyone/coco-2017/train/data/000000221536.jpg,train,calibration,000000221536,4,0.019288736979166665,0.0,1,False,random
coco-rem,000000001903,/home/felix/fiftyone/coco-2017/train/data/000000001903.jpg,train,calibration,000000001903,2,0.27829333333333334,0.0,2,False,random
coco-rem,000000489900,/home/felix/fiftyone/coco-2017/train/data/000000489900.jpg,train,calibration,000000489900,20,0.0020963541666666665,0.45,3,False,random
coco-rem,000000264962,/home/felix/fiftyone/coco-2017/train/data/000000264962.jpg,train,calibration,000000264962,3,0.07188160676532769,0.6666666666666666,1,False,random
coco-rem,000000392320,/home/felix/fiftyone/coco-2017/train/data/000000392320.jpg,train,calibration,000000392320,20,0.0032421875,0.4,6,False,random
coco-rem,000000006409,/home/felix/fiftyone/coco-2017/train/data/000000006409.jpg,train,calibration,000000006409,3,0.01936,1.0,3,False,random
coco-rem,000000301965,/home/felix/fiftyone/coco-2017/train/data/000000301965.jpg,train,calibration,000000301965,13,0.0030594405594405595,0.5384615384615384,3,False,random
coco-rem,000000069311,/home/felix/fiftyone/coco-2017/train/data/000000069311.jpg,train,calibration,000000069311,10,0.008873028621495327,1.0,2,False,random
coco-rem,000000186968,/home/felix/fiftyone/coco-2017/train/data/000000186968.jpg,train,calibration,000000186968,5,0.02584,0.4,3,False,random
coco-rem,000000347292,/home/felix/fiftyone/coco-2017/train/data/000000347292.jpg,train,calibration,000000347292,3,0.47429010538641686,1.0,2,False,random
coco-rem,000000546352,/home/felix/fiftyone/coco-2017/train/data/000000546352.jpg,train,calibration,000000546352,3,0.01836588541666667,1.0,2,False,random
coco-rem,000000118471,/home/felix/fiftyone/coco-2017/train/data/000000118471.jpg,train,calibration,000000118471,4,0.08596296296296296,1.0,4,False,random
coco-rem,000000038053,/home/felix/fiftyone/coco-2017/train/data/000000038053.jpg,train,calibration,000000038053,5,0.0007291666666666667,1.0,2,False,random
coco-rem,000000034097,/home/felix/fiftyone/coco-2017/train/data/000000034097.jpg,train,calibration,000000034097,14,0.0026291715456674475,0.8571428571428571,2,False,random
coco-rem,000000046085,/home/felix/fiftyone/coco-2017/train/data/000000046085.jpg,train,calibration,000000046085,4,0.020716728855721393,0.75,3,False,random
coco-rem,000000065900,/home/felix/fiftyone/coco-2017/train/data/000000065900.jpg,train,calibration,000000065900,23,0.019825819672131147,0.4782608695652174,4,False,random
coco-rem,000000378872,/home/felix/fiftyone/coco-2017/train/data/000000378872.jpg,train,calibration,000000378872,3,0.03574774774774775,0.6666666666666666,3,False,random
coco-rem,000000183445,/home/felix/fiftyone/coco-2017/train/data/000000183445.jpg,train,calibration,000000183445,7,0.09622579225352113,0.5714285714285714,3,False,random
coco-rem,000000380271,/home/felix/fiftyone/coco-2017/train/data/000000380271.jpg,train,calibration,000000380271,12,0.009320667264727241,0.75,7,False,random
coco-rem,000000467686,/home/felix/fiftyone/coco-2017/train/data/000000467686.jpg,train,calibration,000000467686,7,0.08986979166666667,1.0,5,False,random
coco-rem,000000269306,/home/felix/fiftyone/coco-2017/train/data/000000269306.jpg,train,calibration,000000269306,9,0.02803676470588235,0.4444444444444444,2,False,random
coco-rem,000000096070,/home/felix/fiftyone/coco-2017/train/data/000000096070.jpg,train,calibration,000000096070,2,0.3174669117647059,0.0,1,False,random
coco-rem,000000522061,/home/felix/fiftyone/coco-2017/train/data/000000522061.jpg,train,calibration,000000522061,1,0.21913946587537092,0.0,1,False,random
coco-rem,000000211593,/home/felix/fiftyone/coco-2017/train/data/000000211593.jpg,train,calibration,000000211593,28,0.000992349884526559,0.5714285714285714,4,True,random
coco-rem,000000310633,/home/felix/fiftyone/coco-2017/train/data/000000310633.jpg,train,calibration,000000310633,3,0.15875,1.0,3,False,random
coco-rem,000000348602,/home/felix/fiftyone/coco-2017/train/data/000000348602.jpg,train,calibration,000000348602,2,0.24771641791044777,0.0,1,False,random
coco-rem,000000205967,/home/felix/fiftyone/coco-2017/train/data/000000205967.jpg,train,calibration,000000205967,21,0.003093687374749499,0.42857142857142855,6,False,random
coco-rem,000000496339,/home/felix/fiftyone/coco-2017/train/data/000000496339.jpg,train,calibration,000000496339,3,0.04068614130434783,1.0,2,False,random
coco-rem,000000284333,/home/felix/fiftyone/coco-2017/train/data/000000284333.jpg,train,calibration,000000284333,1,0.45246940559440557,0.0,1,False,random
coco-rem,000000346997,/home/felix/fiftyone/coco-2017/train/data/000000346997.jpg,train,calibration,000000346997,22,0.0017978556485355648,0.6818181818181818,6,True,random
coco-rem,000000076001,/home/felix/fiftyone/coco-2017/train/data/000000076001.jpg,train,calibration,000000076001,2,0.022349591121495326,0.0,1,False,random
coco-rem,000000186844,/home/felix/fiftyone/coco-2017/train/data/000000186844.jpg,train,calibration,000000186844,2,0.3779833984375,1.0,2,False,random
coco-rem,000000478005,/home/felix/fiftyone/coco-2017/train/data/000000478005.jpg,train,calibration,000000478005,15,0.009611687812379853,0.0,2,True,random
coco-rem,000000224595,/home/felix/fiftyone/coco-2017/train/data/000000224595.jpg,train,calibration,000000224595,1,0.12446614583333333,0.0,1,False,random
coco-rem,000000087105,/home/felix/fiftyone/coco-2017/train/data/000000087105.jpg,train,calibration,000000087105,5,0.1580859375,1.0,4,False,random
coco-rem,000000436571,/home/felix/fiftyone/coco-2017/train/data/000000436571.jpg,train,calibration,000000436571,6,0.0010180489260143198,0.0,1,False,random
coco-rem,000000428786,/home/felix/fiftyone/coco-2017/train/data/000000428786.jpg,train,calibration,000000428786,1,0.0279296875,0.0,1,False,random
coco-rem,000000211722,/home/felix/fiftyone/coco-2017/train/data/000000211722.jpg,train,calibration,000000211722,2,0.07905241935483871,0.0,2,False,random
coco-rem,000000188068,/home/felix/fiftyone/coco-2017/train/data/000000188068.jpg,train,calibration,000000188068,1,0.5694086651053865,0.0,1,False,random
coco-rem,000000381334,/home/felix/fiftyone/coco-2017/train/data/000000381334.jpg,train,calibration,000000381334,13,0.005671838407494145,0.38461538461538464,2,False,random
coco-rem,000000527518,/home/felix/fiftyone/coco-2017/train/data/000000527518.jpg,train,calibration,000000527518,4,0.008777006172839507,1.0,1,False,random
coco-rem,000000455481,/home/felix/fiftyone/coco-2017/train/data/000000455481.jpg,train,calibration,000000455481,9,0.002942942942942943,0.7777777777777778,3,False,random
coco-rem,000000467939,/home/felix/fiftyone/coco-2017/train/data/000000467939.jpg,train,calibration,000000467939,11,0.05646484375,0.18181818181818182,2,False,random
coco-rem,000000338980,/home/felix/fiftyone/coco-2017/train/data/000000338980.jpg,train,calibration,000000338980,1,0.4478933333333333,0.0,1,False,random
coco-rem,000000158887,/home/felix/fiftyone/coco-2017/train/data/000000158887.jpg,train,calibration,000000158887,4,0.2078466796875,0.75,2,False,random
coco-rem,000000018819,/home/felix/fiftyone/coco-2017/train/data/000000018819.jpg,train,calibration,000000018819,6,0.13461948529411766,0.6666666666666666,4,False,random
coco-rem,000000173229,/home/felix/fiftyone/coco-2017/train/data/000000173229.jpg,train,calibration,000000173229,2,0.05436623831775701,0.0,2,False,random
coco-rem,000000106287,/home/felix/fiftyone/coco-2017/train/data/000000106287.jpg,train,calibration,000000106287,2,0.4510739900468384,1.0,2,False,random
coco-rem,000000492215,/home/felix/fiftyone/coco-2017/train/data/000000492215.jpg,train,calibration,000000492215,7,0.017265625,0.42857142857142855,3,False,random
coco-rem,000000011349,/home/felix/fiftyone/coco-2017/train/data/000000011349.jpg,train,calibration,000000011349,9,0.0023309426229508197,0.6666666666666666,2,False,random
coco-rem,000000120509,/home/felix/fiftyone/coco-2017/train/data/000000120509.jpg,train,calibration,000000120509,2,0.3234594594594595,0.0,2,False,random
coco-rem,000000246656,/home/felix/fiftyone/coco-2017/train/data/000000246656.jpg,train,calibration,000000246656,2,0.10311136221945137,1.0,2,False,random
coco-rem,000000269168,/home/felix/fiftyone/coco-2017/train/data/000000269168.jpg,train,calibration,000000269168,6,0.001640625,1.0,3,False,random
coco-rem,000000284324,/home/felix/fiftyone/coco-2017/train/data/000000284324.jpg,train,calibration,000000284324,1,0.005902048319327731,0.0,1,False,random
coco-rem,000000166828,/home/felix/fiftyone/coco-2017/train/data/000000166828.jpg,train,calibration,000000166828,6,0.013636363636363636,0.5,4,False,random
coco-rem,000000491211,/home/felix/fiftyone/coco-2017/train/data/000000491211.jpg,train,calibration,000000491211,2,0.2161328125,1.0,2,False,random
coco-rem,000000373648,/home/felix/fiftyone/coco-2017/train/data/000000373648.jpg,train,calibration,000000373648,26,0.001787109375,0.5769230769230769,5,False,random
coco-rem,000000472054,/home/felix/fiftyone/coco-2017/train/data/000000472054.jpg,train,calibration,000000472054,23,0.003622658079625293,0.9130434782608695,6,True,random
coco-rem,000000090255,/home/felix/fiftyone/coco-2017/train/data/000000090255.jpg,train,calibration,000000090255,5,0.010216346153846154,0.0,5,False,random
coco-rem,000000392753,/home/felix/fiftyone/coco-2017/train/data/000000392753.jpg,train,calibration,000000392753,3,0.1387890625,0.0,3,False,random
coco-rem,000000070724,/home/felix/fiftyone/coco-2017/train/data/000000070724.jpg,train,calibration,000000070724,2,0.03316927693208431,0.0,2,False,random
coco-rem,000000297273,/home/felix/fiftyone/coco-2017/train/data/000000297273.jpg,train,calibration,000000297273,51,0.006045560747663551,0.5490196078431373,9,True,random
coco-rem,000000403150,/home/felix/fiftyone/coco-2017/train/data/000000403150.jpg,train,calibration,000000403150,6,0.03673828125,0.8333333333333334,4,False,random
coco-rem,000000050025,/home/felix/fiftyone/coco-2017/train/data/000000050025.jpg,train,calibration,000000050025,5,0.04355090027700831,1.0,3,False,random
coco-rem,000000008599,/home/felix/fiftyone/coco-2017/train/data/000000008599.jpg,train,calibration,000000008599,10,0.0174658203125,0.7,3,False,random
coco-rem,000000120524,/home/felix/fiftyone/coco-2017/train/data/000000120524.jpg,train,calibration,000000120524,8,0.011720377604166667,0.375,3,False,random
coco-rem,000000044488,/home/felix/fiftyone/coco-2017/train/data/000000044488.jpg,train,calibration,000000044488,44,0.0032672672672672673,0.8636363636363636,4,False,random
coco-rem,000000338018,/home/felix/fiftyone/coco-2017/train/data/000000338018.jpg,train,calibration,000000338018,7,0.016021939953810623,0.5714285714285714,4,False,random
coco-rem,000000338121,/home/felix/fiftyone/coco-2017/train/data/000000338121.jpg,train,calibration,000000338121,3,0.158555381400209,1.0,3,False,random
coco-rem,000000550597,/home/felix/fiftyone/coco-2017/train/data/000000550597.jpg,train,calibration,000000550597,2,0.13848433840749413,0.0,2,False,random
coco-rem,000000335940,/home/felix/fiftyone/coco-2017/train/data/000000335940.jpg,train,calibration,000000335940,5,0.093312,0.4,5,False,random
coco-rem,000000259491,/home/felix/fiftyone/coco-2017/train/data/000000259491.jpg,train,calibration,000000259491,3,0.11785714285714285,1.0,3,False,random
coco-rem,000000145163,/home/felix/fiftyone/coco-2017/train/data/000000145163.jpg,train,calibration,000000145163,3,0.1024,0.6666666666666666,3,False,random
coco-rem,000000483611,/home/felix/fiftyone/coco-2017/train/data/000000483611.jpg,train,calibration,000000483611,12,0.025520833333333333,0.5833333333333334,5,False,random
coco-rem,000000513574,/home/felix/fiftyone/coco-2017/train/data/000000513574.jpg,train,calibration,000000513574,29,0.010746666666666667,0.9310344827586207,11,False,random
coco-rem,000000153136,/home/felix/fiftyone/coco-2017/train/data/000000153136.jpg,train,calibration,000000153136,2,0.062432,0.0,1,False,random
coco-rem,000000255093,/home/felix/fiftyone/coco-2017/train/data/000000255093.jpg,train,calibration,000000255093,57,0.0018619791666666667,0.7719298245614035,2,False,random
coco-rem,000000495692,/home/felix/fiftyone/coco-2017/train/data/000000495692.jpg,train,calibration,000000495692,11,0.01949648711943794,0.8181818181818182,3,False,random
coco-rem,000000340060,/home/felix/fiftyone/coco-2017/train/data/000000340060.jpg,train,calibration,000000340060,19,0.009232289227166277,0.3684210526315789,3,False,random
coco-rem,000000342874,/home/felix/fiftyone/coco-2017/train/data/000000342874.jpg,train,calibration,000000342874,5,0.011811696356102354,0.6,4,False,random
coco-rem,000000231466,/home/felix/fiftyone/coco-2017/train/data/000000231466.jpg,train,calibration,000000231466,4,0.012547459112149533,0.5,2,False,random
coco-rem,000000437209,/home/felix/fiftyone/coco-2017/train/data/000000437209.jpg,train,calibration,000000437209,5,0.19783783783783784,0.4,1,False,random
coco-rem,000000420490,/home/felix/fiftyone/coco-2017/train/data/000000420490.jpg,train,calibration,000000420490,13,0.004831578947368421,0.15384615384615385,8,False,random
coco-rem,000000386589,/home/felix/fiftyone/coco-2017/train/data/000000386589.jpg,train,calibration,000000386589,2,0.19507708333333335,1.0,2,False,random
coco-rem,000000447448,/home/felix/fiftyone/coco-2017/train/data/000000447448.jpg,train,calibration,000000447448,9,0.026122685185185186,0.3333333333333333,4,False,random
coco-rem,000000352524,/home/felix/fiftyone/coco-2017/train/data/000000352524.jpg,train,calibration,000000352524,3,0.0730078125,0.0,2,False,random
coco-rem,000000002179,/home/felix/fiftyone/coco-2017/train/data/000000002179.jpg,train,calibration,000000002179,10,0.05084309895833333,0.9,5,False,random
coco-rem,000000390183,/home/felix/fiftyone/coco-2017/train/data/000000390183.jpg,train,calibration,000000390183,4,0.11157805879237288,0.0,3,False,random
coco-rem,000000486513,/home/felix/fiftyone/coco-2017/train/data/000000486513.jpg,train,calibration,000000486513,28,0.002154296875,0.35714285714285715,7,True,random
coco-rem,000000574537,/home/felix/fiftyone/coco-2017/train/data/000000574537.jpg,train,calibration,000000574537,3,0.1654278621495327,0.6666666666666666,2,False,random
coco-rem,000000286760,/home/felix/fiftyone/coco-2017/train/data/000000286760.jpg,train,calibration,000000286760,6,0.0943116949648712,0.0,3,False,random
coco-rem,000000199688,/home/felix/fiftyone/coco-2017/train/data/000000199688.jpg,train,calibration,000000199688,17,0.005941901408450704,0.47058823529411764,10,False,random
coco-rem,000000008006,/home/felix/fiftyone/coco-2017/train/data/000000008006.jpg,train,calibration,000000008006,1,0.061572265625,0.0,1,False,random
coco-rem,000000305093,/home/felix/fiftyone/coco-2017/train/data/000000305093.jpg,train,calibration,000000305093,17,0.0007195723684210526,0.29411764705882354,5,True,random
coco-rem,000000315062,/home/felix/fiftyone/coco-2017/train/data/000000315062.jpg,train,calibration,000000315062,11,0.14826822916666665,0.7272727272727273,2,False,random
coco-rem,000000482984,/home/felix/fiftyone/coco-2017/train/data/000000482984.jpg,train,calibration,000000482984,3,0.0005208333333333333,0.6666666666666666,2,False,random
coco-rem,000000318386,/home/felix/fiftyone/coco-2017/train/data/000000318386.jpg,train,calibration,000000318386,6,0.04083958333333333,0.3333333333333333,1,False,random
coco-rem,000000022403,/home/felix/fiftyone/coco-2017/train/data/000000022403.jpg,train,calibration,000000022403,8,0.12661783854166667,0.75,2,False,random
coco-rem,000000026512,/home/felix/fiftyone/coco-2017/train/data/000000026512.jpg,train,calibration,000000026512,3,0.004072289156626506,1.0,3,False,random
coco-rem,000000028588,/home/felix/fiftyone/coco-2017/train/data/000000028588.jpg,train,calibration,000000028588,4,0.00658203125,0.0,2,False,random
coco-rem,000000540342,/home/felix/fiftyone/coco-2017/train/data/000000540342.jpg,train,calibration,000000540342,6,0.08339043003565062,0.8333333333333334,4,False,random
coco-rem,000000083716,/home/felix/fiftyone/coco-2017/train/data/000000083716.jpg,train,calibration,000000083716,1,0.28999560889929743,0.0,1,False,random
coco-rem,000000385770,/home/felix/fiftyone/coco-2017/train/data/000000385770.jpg,train,calibration,000000385770,3,0.026207682291666666,1.0,3,False,random
coco-rem,000000063140,/home/felix/fiftyone/coco-2017/train/data/000000063140.jpg,train,calibration,000000063140,4,0.09424149061032863,0.75,3,False,random
coco-rem,000000121112,/home/felix/fiftyone/coco-2017/train/data/000000121112.jpg,train,calibration,000000121112,7,0.11185407043879908,0.0,4,False,random
coco-rem,000000347976,/home/felix/fiftyone/coco-2017/train/data/000000347976.jpg,train,calibration,000000347976,6,0.06805105105105105,0.8333333333333334,2,False,random
coco-rem,000000191690,/home/felix/fiftyone/coco-2017/train/data/000000191690.jpg,train,calibration,000000191690,5,0.061442057291666664,0.4,5,False,random
coco-rem,000000525813,/home/felix/fiftyone/coco-2017/train/data/000000525813.jpg,train,calibration,000000525813,5,0.154375,0.4,3,False,random
coco-rem,000000073634,/home/felix/fiftyone/coco-2017/train/data/000000073634.jpg,train,calibration,000000073634,6,0.045451551522248244,0.6666666666666666,1,False,random
coco-rem,000000212733,/home/felix/fiftyone/coco-2017/train/data/000000212733.jpg,train,calibration,000000212733,2,0.06457907418224298,1.0,2,False,random
coco-rem,000000426128,/home/felix/fiftyone/coco-2017/train/data/000000426128.jpg,train,calibration,000000426128,8,0.10281213407494146,0.5,4,False,random
coco-rem,000000368727,/home/felix/fiftyone/coco-2017/train/data/000000368727.jpg,train,calibration,000000368727,3,0.00505859375,0.0,3,False,random
coco-rem,000000294943,/home/felix/fiftyone/coco-2017/train/data/000000294943.jpg,train,calibration,000000294943,4,0.096296,1.0,4,False,random
coco-rem,000000361030,/home/felix/fiftyone/coco-2017/train/data/000000361030.jpg,train,calibration,000000361030,2,0.09825903263403263,1.0,2,False,random
coco-rem,000000136415,/home/felix/fiftyone/coco-2017/train/data/000000136415.jpg,train,calibration,000000136415,2,0.43228352864583336,0.0,2,False,random
coco-rem,000000559039,/home/felix/fiftyone/coco-2017/train/data/000000559039.jpg,train,calibration,000000559039,20,0.0014002113526570049,0.15,8,False,random
coco-rem,000000015826,/home/felix/fiftyone/coco-2017/train/data/000000015826.jpg,train,calibration,000000015826,10,0.010409395973154363,0.6,2,False,random
coco-rem,000000087249,/home/felix/fiftyone/coco-2017/train/data/000000087249.jpg,train,calibration,000000087249,35,0.00533732476635514,0.34285714285714286,3,False,random
coco-rem,000000317130,/home/felix/fiftyone/coco-2017/train/data/000000317130.jpg,train,calibration,000000317130,0,,0.0,0,False,random
coco-rem,000000155386,/home/felix/fiftyone/coco-2017/train/data/000000155386.jpg,train,calibration,000000155386,2,0.310828313253012,0.0,2,False,random
coco-rem,000000471330,/home/felix/fiftyone/coco-2017/train/data/000000471330.jpg,train,calibration,000000471330,9,0.005244755244755245,0.4444444444444444,2,False,random
coco-rem,000000556360,/home/felix/fiftyone/coco-2017/train/data/000000556360.jpg,train,calibration,000000556360,11,0.046875,1.0,6,False,random
coco-rem,000000398209,/home/felix/fiftyone/coco-2017/train/data/000000398209.jpg,train,calibration,000000398209,8,0.008805645636792453,0.625,5,False,random
coco-rem,000000042044,/home/felix/fiftyone/coco-2017/train/data/000000042044.jpg,train,calibration,000000042044,4,0.11015459830866807,0.5,2,False,random
coco-rem,000000097696,/home/felix/fiftyone/coco-2017/train/data/000000097696.jpg,train,calibration,000000097696,5,0.14975260416666666,0.4,4,False,random
coco-rem,000000047898,/home/felix/fiftyone/coco-2017/train/data/000000047898.jpg,train,calibration,000000047898,14,9.309309309309309e-05,0.0,1,False,random
coco-rem,000000157938,/home/felix/fiftyone/coco-2017/train/data/000000157938.jpg,train,calibration,000000157938,5,0.04263157894736842,0.4,3,False,random
coco-rem,000000203481,/home/felix/fiftyone/coco-2017/train/data/000000203481.jpg,train,calibration,000000203481,10,0.012208406690140845,0.6,2,False,random
coco-rem,000000208144,/home/felix/fiftyone/coco-2017/train/data/000000208144.jpg,train,calibration,000000208144,2,0.0976283422459893,0.0,1,False,random
coco-rem,000000527994,/home/felix/fiftyone/coco-2017/train/data/000000527994.jpg,train,calibration,000000527994,4,0.14813378220140516,0.75,2,False,random
coco-rem,000000092219,/home/felix/fiftyone/coco-2017/train/data/000000092219.jpg,train,calibration,000000092219,2,0.5081994742990654,1.0,2,False,random
coco-rem,000000094920,/home/felix/fiftyone/coco-2017/train/data/000000094920.jpg,train,calibration,000000094920,23,0.017059426229508196,0.30434782608695654,4,True,random
coco-rem,000000508004,/home/felix/fiftyone/coco-2017/train/data/000000508004.jpg,train,calibration,000000508004,2,0.5176533157276996,1.0,2,False,random
coco-rem,000000310553,/home/felix/fiftyone/coco-2017/train/data/000000310553.jpg,train,calibration,000000310553,4,0.4137240193208431,1.0,3,False,random
coco-rem,000000024368,/home/felix/fiftyone/coco-2017/train/data/000000024368.jpg,train,calibration,000000024368,16,0.0011142418032786885,0.4375,5,False,random
coco-rem,000000424637,/home/felix/fiftyone/coco-2017/train/data/000000424637.jpg,train,calibration,000000424637,9,0.05248697916666667,0.5555555555555556,4,False,random
coco-rem,000000242745,/home/felix/fiftyone/coco-2017/train/data/000000242745.jpg,train,calibration,000000242745,8,0.04718708109919571,1.0,4,False,random
coco-rem,000000216364,/home/felix/fiftyone/coco-2017/train/data/000000216364.jpg,train,calibration,000000216364,2,0.2610735488126649,0.0,2,False,random
coco-rem,000000357966,/home/felix/fiftyone/coco-2017/train/data/000000357966.jpg,train,calibration,000000357966,4,0.03316019170526654,0.5,3,False,random
coco-rem,000000161060,/home/felix/fiftyone/coco-2017/train/data/000000161060.jpg,train,calibration,000000161060,11,0.06166666666666667,0.2727272727272727,2,False,random
coco-rem,000000368081,/home/felix/fiftyone/coco-2017/train/data/000000368081.jpg,train,calibration,000000368081,3,0.6988151041666667,1.0,3,False,random
coco-rem,000000123901,/home/felix/fiftyone/coco-2017/train/data/000000123901.jpg,train,calibration,000000123901,1,0.11047526041666667,0.0,1,False,random
coco-rem,000000058102,/home/felix/fiftyone/coco-2017/train/data/000000058102.jpg,train,calibration,000000058102,9,0.009505208333333333,0.2222222222222222,9,False,random
coco-rem,000000417766,/home/felix/fiftyone/coco-2017/train/data/000000417766.jpg,train,calibration,000000417766,11,0.0382421875,0.45454545454545453,7,False,random
coco-rem,000000371791,/home/felix/fiftyone/coco-2017/train/data/000000371791.jpg,train,calibration,000000371791,27,0.0006849315068493151,0.0,3,True,random
coco-rem,000000424544,/home/felix/fiftyone/coco-2017/train/data/000000424544.jpg,train,calibration,000000424544,2,0.18374222222222222,1.0,2,False,random
coco-rem,000000346469,/home/felix/fiftyone/coco-2017/train/data/000000346469.jpg,train,calibration,000000346469,5,0.023965669014084506,0.4,3,False,random
coco-rem,000000424554,/home/felix/fiftyone/coco-2017/train/data/000000424554.jpg,train,calibration,000000424554,1,0.3754391100702576,0.0,1,False,random
coco-rem,000000292901,/home/felix/fiftyone/coco-2017/train/data/000000292901.jpg,train,calibration,000000292901,2,0.16500292740046837,0.0,2,False,random
coco-rem,000000392099,/home/felix/fiftyone/coco-2017/train/data/000000392099.jpg,train,calibration,000000392099,3,0.23126463700234193,1.0,1,False,random
coco-rem,000000439874,/home/felix/fiftyone/coco-2017/train/data/000000439874.jpg,train,calibration,000000439874,2,0.10298498498498498,0.0,1,False,random
coco-rem,000000187286,/home/felix/fiftyone/coco-2017/train/data/000000187286.jpg,train,calibration,000000187286,15,0.007383362676056338,1.0,6,False,random
coco-rem,000000222753,/home/felix/fiftyone/coco-2017/train/data/000000222753.jpg,train,calibration,000000222753,15,0.01062731028484453,0.0,1,False,random
coco-rem,000000369140,/home/felix/fiftyone/coco-2017/train/data/000000369140.jpg,train,calibration,000000369140,7,0.000625,0.5714285714285714,2,False,random
coco-rem,000000124924,/home/felix/fiftyone/coco-2017/train/data/000000124924.jpg,train,calibration,000000124924,5,0.00451171875,1.0,2,False,random
coco-rem,000000386371,/home/felix/fiftyone/coco-2017/train/data/000000386371.jpg,train,calibration,000000386371,25,0.0008778089887640449,0.36,4,True,random
coco-rem,000000228261,/home/felix/fiftyone/coco-2017/train/data/000000228261.jpg,train,calibration,000000228261,86,0.000751953125,0.9302325581395349,8,True,random
coco-rem,000000378692,/home/felix/fiftyone/coco-2017/train/data/000000378692.jpg,train,calibration,000000378692,2,0.02324869791666667,0.0,2,False,random
coco-rem,000000246540,/home/felix/fiftyone/coco-2017/train/data/000000246540.jpg,train,calibration,000000246540,1,0.34881510416666667,0.0,1,False,random
coco-rem,000000563258,/home/felix/fiftyone/coco-2017/train/data/000000563258.jpg,train,calibration,000000563258,15,0.01832735655737705,0.7333333333333333,2,False,random
coco-rem,000000280814,/home/felix/fiftyone/coco-2017/train/data/000000280814.jpg,train,calibration,000000280814,19,0.0014271077283372366,0.2631578947368421,7,False,random
coco-rem,000000410590,/home/felix/fiftyone/coco-2017/train/data/000000410590.jpg,train,calibration,000000410590,25,0.0013671875,0.16,7,True,random
coco-rem,000000207740,/home/felix/fiftyone/coco-2017/train/data/000000207740.jpg,train,calibration,000000207740,3,0.6981333333333334,1.0,3,False,random
coco-rem,000000384422,/home/felix/fiftyone/coco-2017/train/data/000000384422.jpg,train,calibration,000000384422,6,0.12487867647058823,0.6666666666666666,5,False,random
coco-rem,000000334840,/home/felix/fiftyone/coco-2017/train/data/000000334840.jpg,train,calibration,000000334840,24,0.0005338541666666666,0.625,4,True,random
coco-rem,000000503860,/home/felix/fiftyone/coco-2017/train/data/000000503860.jpg,train,calibration,000000503860,0,,0.0,0,False,random
coco-rem,000000033476,/home/felix/fiftyone/coco-2017/train/data/000000033476.jpg,train,calibration,000000033476,9,0.03157138949671772,0.7777777777777778,3,False,random
coco-rem,000000579303,/home/felix/fiftyone/coco-2017/train/data/000000579303.jpg,train,calibration,000000579303,7,0.109921875,1.0,4,False,random
coco-rem,000000458401,/home/felix/fiftyone/coco-2017/train/data/000000458401.jpg,train,calibration,000000458401,2,0.08721382018716578,0.0,2,False,random
coco-rem,000000027539,/home/felix/fiftyone/coco-2017/train/data/000000027539.jpg,train,calibration,000000027539,12,0.008540679304897315,0.6666666666666666,4,False,random
coco-rem,000000470442,/home/felix/fiftyone/coco-2017/train/data/000000470442.jpg,train,calibration,000000470442,7,0.03399674773755656,0.8571428571428571,4,False,random
coco-rem,000000378618,/home/felix/fiftyone/coco-2017/train/data/000000378618.jpg,train,calibration,000000378618,10,0.006898203592814371,0.2,2,False,random
coco-rem,000000012096,/home/felix/fiftyone/coco-2017/train/data/000000012096.jpg,train,calibration,000000012096,3,0.09892028706907599,0.6666666666666666,2,False,random
coco-rem,000000491384,/home/felix/fiftyone/coco-2017/train/data/000000491384.jpg,train,calibration,000000491384,10,0.053504,1.0,2,False,random
coco-rem,000000493707,/home/felix/fiftyone/coco-2017/train/data/000000493707.jpg,train,calibration,000000493707,5,0.05346610915492958,1.0,4,False,random
coco-rem,000000405605,/home/felix/fiftyone/coco-2017/train/data/000000405605.jpg,train,calibration,000000405605,6,0.05299849562363239,0.8333333333333334,3,False,random
coco-rem,000000191283,/home/felix/fiftyone/coco-2017/train/data/000000191283.jpg,train,calibration,000000191283,10,0.0393603515625,0.0,2,False,random
coco-rem,000000258327,/home/felix/fiftyone/coco-2017/train/data/000000258327.jpg,train,calibration,000000258327,8,0.038059895833333336,0.5,3,False,random
coco-rem,000000151492,/home/felix/fiftyone/coco-2017/train/data/000000151492.jpg,train,calibration,000000151492,4,0.1588560794044665,0.75,3,False,random
coco-rem,000000513434,/home/felix/fiftyone/coco-2017/train/data/000000513434.jpg,train,calibration,000000513434,2,0.07724283854166666,0.0,2,False,random
coco-rem,000000328346,/home/felix/fiftyone/coco-2017/train/data/000000328346.jpg,train,calibration,000000328346,9,0.014128740648379053,0.3333333333333333,3,False,random
coco-rem,000000432997,/home/felix/fiftyone/coco-2017/train/data/000000432997.jpg,train,calibration,000000432997,16,0.004131043632075472,0.1875,4,False,random
coco-rem,000000297370,/home/felix/fiftyone/coco-2017/train/data/000000297370.jpg,train,calibration,000000297370,13,0.017495173745173745,0.9230769230769231,8,False,random
coco-rem,000000118748,/home/felix/fiftyone/coco-2017/train/data/000000118748.jpg,train,calibration,000000118748,1,0.3030729166666667,0.0,1,False,random
coco-rem,000000536949,/home/felix/fiftyone/coco-2017/train/data/000000536949.jpg,train,calibration,000000536949,25,0.01022196261682243,0.84,5,True,random
coco-rem,000000463581,/home/felix/fiftyone/coco-2017/train/data/000000463581.jpg,train,calibration,000000463581,3,0.011111111111111112,0.6666666666666666,1,False,random
coco-rem,000000425000,/home/felix/fiftyone/coco-2017/train/data/000000425000.jpg,train,calibration,000000425000,9,0.034048,0.4444444444444444,4,False,random
coco-rem,000000375425,/home/felix/fiftyone/coco-2017/train/data/000000375425.jpg,train,calibration,000000375425,16,0.002395833333333333,0.125,7,False,random
coco-rem,000000437892,/home/felix/fiftyone/coco-2017/train/data/000000437892.jpg,train,calibration,000000437892,6,0.0068603515625,0.6666666666666666,4,False,random
coco-rem,000000307583,/home/felix/fiftyone/coco-2017/train/data/000000307583.jpg,train,calibration,000000307583,1,0.3956235362997658,0.0,1,False,random
coco-rem,000000121349,/home/felix/fiftyone/coco-2017/train/data/000000121349.jpg,train,calibration,000000121349,6,0.00822265625,0.6666666666666666,5,False,random
coco-rem,000000549410,/home/felix/fiftyone/coco-2017/train/data/000000549410.jpg,train,calibration,000000549410,2,0.26244117647058823,0.0,2,False,random
coco-rem,000000043611,/home/felix/fiftyone/coco-2017/train/data/000000043611.jpg,train,calibration,000000043611,2,0.0933725,1.0,2,False,random
coco-rem,000000541783,/home/felix/fiftyone/coco-2017/train/data/000000541783.jpg,train,calibration,000000541783,5,0.005708607456140351,0.8,3,False,random
coco-rem,000000461365,/home/felix/fiftyone/coco-2017/train/data/000000461365.jpg,train,calibration,000000461365,3,0.03568033854166667,0.6666666666666666,3,False,random
coco-rem,000000306947,/home/felix/fiftyone/coco-2017/train/data/000000306947.jpg,train,calibration,000000306947,2,0.091512,1.0,2,False,random
coco-rem,000000243153,/home/felix/fiftyone/coco-2017/train/data/000000243153.jpg,train,calibration,000000243153,25,0.005130863844393593,0.64,6,False,random
coco-rem,000000580975,/home/felix/fiftyone/coco-2017/train/data/000000580975.jpg,train,calibration,000000580975,8,0.012312825520833333,1.0,1,False,random
coco-rem,000000070288,/home/felix/fiftyone/coco-2017/train/data/000000070288.jpg,train,calibration,000000070288,6,0.03364420572916667,0.5,4,False,random
coco-rem,000000438617,/home/felix/fiftyone/coco-2017/train/data/000000438617.jpg,train,calibration,000000438617,3,0.008855306345733041,0.6666666666666666,3,False,random
coco-rem,000000219179,/home/felix/fiftyone/coco-2017/train/data/000000219179.jpg,train,calibration,000000219179,5,0.09867901053864168,0.0,2,False,random
coco-rem,000000136493,/home/felix/fiftyone/coco-2017/train/data/000000136493.jpg,train,calibration,000000136493,3,0.029969262295081966,0.0,2,False,random
coco-rem,000000379067,/home/felix/fiftyone/coco-2017/train/data/000000379067.jpg,train,calibration,000000379067,22,0.0009895833333333334,0.7727272727272727,6,False,random
coco-rem,000000346702,/home/felix/fiftyone/coco-2017/train/data/000000346702.jpg,train,calibration,000000346702,3,0.04342447916666667,0.0,3,False,random
coco-rem,000000338972,/home/felix/fiftyone/coco-2017/train/data/000000338972.jpg,train,calibration,000000338972,2,0.058800795053003535,1.0,2,False,random
coco-rem,000000498915,/home/felix/fiftyone/coco-2017/train/data/000000498915.jpg,train,calibration,000000498915,10,0.029127634660421547,1.0,2,False,random
coco-rem,000000226324,/home/felix/fiftyone/coco-2017/train/data/000000226324.jpg,train,calibration,000000226324,2,0.2967431640625,0.0,2,False,random
coco-rem,000000020781,/home/felix/fiftyone/coco-2017/train/data/000000020781.jpg,train,calibration,000000020781,16,0.005844703638497653,0.625,7,False,random
coco-rem,000000560976,/home/felix/fiftyone/coco-2017/train/data/000000560976.jpg,train,calibration,000000560976,1,0.084816,0.0,1,False,random
coco-rem,000000172886,/home/felix/fiftyone/coco-2017/train/data/000000172886.jpg,train,calibration,000000172886,3,0.012734192037470726,0.0,2,False,random
coco-rem,000000430489,/home/felix/fiftyone/coco-2017/train/data/000000430489.jpg,train,calibration,000000430489,5,0.0023327464788732394,0.0,3,False,random
coco-rem,000000268579,/home/felix/fiftyone/coco-2017/train/data/000000268579.jpg,train,calibration,000000268579,3,0.15717884130982368,1.0,3,False,random
coco-rem,000000021968,/home/felix/fiftyone/coco-2017/train/data/000000021968.jpg,train,calibration,000000021968,4,0.004364601576182137,0.0,3,False,random
coco-rem,000000417440,/home/felix/fiftyone/coco-2017/train/data/000000417440.jpg,train,calibration,000000417440,3,0.05159543325526932,0.6666666666666666,1,False,random
coco-rem,000000004489,/home/felix/fiftyone/coco-2017/train/data/000000004489.jpg,train,calibration,000000004489,19,0.004566744730679157,0.21052631578947367,5,False,random
coco-rem,000000079992,/home/felix/fiftyone/coco-2017/train/data/000000079992.jpg,train,calibration,000000079992,8,0.033993501752336445,1.0,2,False,random
coco-rem,000000413970,/home/felix/fiftyone/coco-2017/train/data/000000413970.jpg,train,calibration,000000413970,12,0.020022786458333334,0.9166666666666666,7,False,random
coco-rem,000000117644,/home/felix/fiftyone/coco-2017/train/data/000000117644.jpg,train,calibration,000000117644,9,0.011352191943127962,0.6666666666666666,5,False,random
coco-rem,000000579548,/home/felix/fiftyone/coco-2017/train/data/000000579548.jpg,train,calibration,000000579548,8,0.01980323450134771,0.25,5,False,random
coco-rem,000000439288,/home/felix/fiftyone/coco-2017/train/data/000000439288.jpg,train,calibration,000000439288,2,0.42664713541666666,1.0,1,False,random
coco-rem,000000006426,/home/felix/fiftyone/coco-2017/train/data/000000006426.jpg,train,calibration,000000006426,0,,0.0,0,False,random
coco-rem,000000365444,/home/felix/fiftyone/coco-2017/train/data/000000365444.jpg,train,calibration,000000365444,2,0.20720274390243903,1.0,2,False,random
coco-rem,000000039399,/home/felix/fiftyone/coco-2017/train/data/000000039399.jpg,train,calibration,000000039399,6,0.04070498171846435,0.0,3,False,random
coco-rem,000000147753,/home/felix/fiftyone/coco-2017/train/data/000000147753.jpg,train,calibration,000000147753,23,0.001328125,0.7391304347826086,9,False,random
coco-rem,000000560158,/home/felix/fiftyone/coco-2017/train/data/000000560158.jpg,train,calibration,000000560158,9,0.0033854166666666668,0.0,3,False,random
coco-rem,000000230057,/home/felix/fiftyone/coco-2017/train/data/000000230057.jpg,train,calibration,000000230057,4,0.15415997371495327,0.5,1,False,random
coco-rem,000000161738,/home/felix/fiftyone/coco-2017/train/data/000000161738.jpg,train,calibration,000000161738,59,0.0017205882352941176,0.3559322033898305,6,True,random
coco-rem,000000065353,/home/felix/fiftyone/coco-2017/train/data/000000065353.jpg,train,calibration,000000065353,8,0.0092919921875,0.375,1,False,random
coco-rem,000000470112,/home/felix/fiftyone/coco-2017/train/data/000000470112.jpg,train,calibration,000000470112,3,0.03486328125,0.0,3,False,random
coco-rem,000000149123,/home/felix/fiftyone/coco-2017/train/data/000000149123.jpg,train,calibration,000000149123,4,0.03949725418410042,0.0,3,False,random
coco-rem,000000193255,/home/felix/fiftyone/coco-2017/train/data/000000193255.jpg,train,calibration,000000193255,2,0.07466700819672131,0.0,2,False,random
coco-rem,000000144372,/home/felix/fiftyone/coco-2017/train/data/000000144372.jpg,train,calibration,000000144372,13,0.019482421875,0.9230769230769231,4,False,random
coco-rem,000000326811,/home/felix/fiftyone/coco-2017/train/data/000000326811.jpg,train,calibration,000000326811,2,0.05938324538258575,1.0,2,False,random
coco-rem,000000266533,/home/felix/fiftyone/coco-2017/train/data/000000266533.jpg,train,calibration,000000266533,10,0.005821940104166667,0.8,4,False,random
coco-rem,000000475621,/home/felix/fiftyone/coco-2017/train/data/000000475621.jpg,train,calibration,000000475621,3,0.058850911458333335,0.0,3,False,random
coco-rem,000000145488,/home/felix/fiftyone/coco-2017/train/data/000000145488.jpg,train,calibration,000000145488,2,0.19582194010416668,0.0,2,False,random
coco-rem,000000351808,/home/felix/fiftyone/coco-2017/train/data/000000351808.jpg,train,calibration,000000351808,20,0.02446940104166667,1.0,8,False,random
coco-rem,000000393887,/home/felix/fiftyone/coco-2017/train/data/000000393887.jpg,train,calibration,000000393887,1,0.016927374301675978,0.0,1,False,random
coco-rem,000000379760,/home/felix/fiftyone/coco-2017/train/data/000000379760.jpg,train,calibration,000000379760,5,0.014404296875,0.0,2,False,random
coco-rem,000000176298,/home/felix/fiftyone/coco-2017/train/data/000000176298.jpg,train,calibration,000000176298,4,0.13403465346534654,1.0,2,False,random
coco-rem,000000180779,/home/felix/fiftyone/coco-2017/train/data/000000180779.jpg,train,calibration,000000180779,12,0.030737704918032786,0.0,2,False,random
coco-rem,000000579463,/home/felix/fiftyone/coco-2017/train/data/000000579463.jpg,train,calibration,000000579463,7,0.000146484375,0.0,2,False,random
coco-rem,000000491831,/home/felix/fiftyone/coco-2017/train/data/000000491831.jpg,train,calibration,000000491831,15,0.008533333333333334,0.13333333333333333,3,True,random
coco-rem,000000419767,/home/felix/fiftyone/coco-2017/train/data/000000419767.jpg,train,calibration,000000419767,16,0.010645183741648107,1.0,3,False,random
coco-rem,000000011265,/home/felix/fiftyone/coco-2017/train/data/000000011265.jpg,train,calibration,000000011265,18,0.002724609375,0.2222222222222222,4,True,random
coco-rem,000000240586,/home/felix/fiftyone/coco-2017/train/data/000000240586.jpg,train,calibration,000000240586,5,0.0966796875,0.4,3,False,random
coco-rem,000000315868,/home/felix/fiftyone/coco-2017/train/data/000000315868.jpg,train,calibration,000000315868,3,0.028060787671232875,1.0,2,False,random
coco-rem,000000003389,/home/felix/fiftyone/coco-2017/train/data/000000003389.jpg,train,calibration,000000003389,2,0.16985626220703126,1.0,1,False,random
coco-rem,000000070336,/home/felix/fiftyone/coco-2017/train/data/000000070336.jpg,train,calibration,000000070336,7,0.000234192037470726,0.0,2,False,random
coco-rem,000000190722,/home/felix/fiftyone/coco-2017/train/data/000000190722.jpg,train,calibration,000000190722,8,0.030242906852248393,0.5,6,False,random
coco-rem,000000355214,/home/felix/fiftyone/coco-2017/train/data/000000355214.jpg,train,calibration,000000355214,6,0.020343424479166667,0.3333333333333333,5,False,random
coco-rem,000000460858,/home/felix/fiftyone/coco-2017/train/data/000000460858.jpg,train,calibration,000000460858,2,0.05385708041958042,0.0,2,False,random
coco-rem,000000416048,/home/felix/fiftyone/coco-2017/train/data/000000416048.jpg,train,calibration,000000416048,7,0.015304136253041363,0.8571428571428571,3,False,random
coco-rem,000000358795,/home/felix/fiftyone/coco-2017/train/data/000000358795.jpg,train,calibration,000000358795,0,,0.0,0,False,random
coco-rem,000000188532,/home/felix/fiftyone/coco-2017/train/data/000000188532.jpg,train,calibration,000000188532,16,0.011376,0.9375,2,True,random
coco-rem,000000027343,/home/felix/fiftyone/coco-2017/train/data/000000027343.jpg,train,calibration,000000027343,2,0.053561197916666664,0.0,2,False,random
coco-rem,000000413600,/home/felix/fiftyone/coco-2017/train/data/000000413600.jpg,train,calibration,000000413600,2,0.28056640625,1.0,2,False,random
coco-rem,000000549797,/home/felix/fiftyone/coco-2017/train/data/000000549797.jpg,train,calibration,000000549797,4,0.062110130560928435,0.5,3,False,random
coco-rem,000000143929,/home/felix/fiftyone/coco-2017/train/data/000000143929.jpg,train,calibration,000000143929,14,0.034613715277777776,0.6428571428571429,3,False,random
coco-rem,000000178901,/home/felix/fiftyone/coco-2017/train/data/000000178901.jpg,train,calibration,000000178901,25,0.0018016014234875444,0.64,7,False,random
coco-rem,000000097951,/home/felix/fiftyone/coco-2017/train/data/000000097951.jpg,train,calibration,000000097951,14,0.0043420493197278915,0.8571428571428571,2,False,random
coco-rem,000000096582,/home/felix/fiftyone/coco-2017/train/data/000000096582.jpg,train,calibration,000000096582,8,0.024235026041666666,1.0,6,False,random
coco-rem,000000179571,/home/felix/fiftyone/coco-2017/train/data/000000179571.jpg,train,calibration,000000179571,7,0.034848,1.0,3,False,random
coco-rem,000000104594,/home/felix/fiftyone/coco-2017/train/data/000000104594.jpg,train,calibration,000000104594,10,0.040078125,1.0,3,False,random
coco-rem,000000506371,/home/felix/fiftyone/coco-2017/train/data/000000506371.jpg,train,calibration,000000506371,4,0.0007544910179640719,0.0,1,False,random
coco-rem,000000483941,/home/felix/fiftyone/coco-2017/train/data/000000483941.jpg,train,calibration,000000483941,1,0.29028645833333333,0.0,1,False,random
coco-rem,000000161543,/home/felix/fiftyone/coco-2017/train/data/000000161543.jpg,train,calibration,000000161543,3,0.34344,0.6666666666666666,2,False,random
coco-rem,000000164499,/home/felix/fiftyone/coco-2017/train/data/000000164499.jpg,train,calibration,000000164499,10,0.044849461488250655,0.9,5,False,random
coco-rem,000000376490,/home/felix/fiftyone/coco-2017/train/data/000000376490.jpg,train,calibration,000000376490,3,0.003029636150234742,0.0,2,False,random
coco-rem,000000209133,/home/felix/fiftyone/coco-2017/train/data/000000209133.jpg,train,calibration,000000209133,2,0.14007794203747073,1.0,2,False,random
coco-rem,000000532260,/home/felix/fiftyone/coco-2017/train/data/000000532260.jpg,train,calibration,000000532260,25,0.005751173708920188,0.24,4,True,random
coco-rem,000000249226,/home/felix/fiftyone/coco-2017/train/data/000000249226.jpg,train,calibration,000000249226,28,0.0036516516516516516,0.5714285714285714,5,True,random
coco-rem,000000384967,/home/felix/fiftyone/coco-2017/train/data/000000384967.jpg,train,calibration,000000384967,32,0.004938151041666667,0.5625,6,True,random
coco-rem,000000530863,/home/felix/fiftyone/coco-2017/train/data/000000530863.jpg,train,calibration,000000530863,1,0.43212890625,0.0,1,False,random
coco-rem,000000306178,/home/felix/fiftyone/coco-2017/train/data/000000306178.jpg,train,calibration,000000306178,2,0.25557602339181285,1.0,2,False,random
coco-rem,000000160967,/home/felix/fiftyone/coco-2017/train/data/000000160967.jpg,train,calibration,000000160967,19,0.00126953125,0.5263157894736842,7,False,random
coco-rem,000000478380,/home/felix/fiftyone/coco-2017/train/data/000000478380.jpg,train,calibration,000000478380,108,0.0025911458333333333,0.4722222222222222,3,False,random
coco-rem,000000407990,/home/felix/fiftyone/coco-2017/train/data/000000407990.jpg,train,calibration,000000407990,1,0.41110684931506847,0.0,1,False,random
coco-rem,000000518027,/home/felix/fiftyone/coco-2017/train/data/000000518027.jpg,train,calibration,000000518027,3,0.19325900294758427,0.6666666666666666,1,False,random
coco-rem,000000326531,/home/felix/fiftyone/coco-2017/train/data/000000326531.jpg,train,calibration,000000326531,15,0.03433752997601919,0.4,3,False,random
coco-rem,000000521306,/home/felix/fiftyone/coco-2017/train/data/000000521306.jpg,train,calibration,000000521306,3,0.01904296875,1.0,2,False,random
coco-rem,000000014857,/home/felix/fiftyone/coco-2017/train/data/000000014857.jpg,train,calibration,000000014857,2,0.485283203125,1.0,2,False,random
coco-rem,000000436611,/home/felix/fiftyone/coco-2017/train/data/000000436611.jpg,train,calibration,000000436611,1,0.45560302734375,0.0,1,False,random
coco-rem,000000493760,/home/felix/fiftyone/coco-2017/train/data/000000493760.jpg,train,calibration,000000493760,12,0.012862942913385828,0.6666666666666666,5,False,random
coco-rem,000000420411,/home/felix/fiftyone/coco-2017/train/data/000000420411.jpg,train,calibration,000000420411,2,0.1165283203125,0.0,2,False,random
coco-rem,000000427802,/home/felix/fiftyone/coco-2017/train/data/000000427802.jpg,train,calibration,000000427802,48,0.022464,0.4375,1,False,random
coco-rem,000000185091,/home/felix/fiftyone/coco-2017/train/data/000000185091.jpg,train,calibration,000000185091,3,0.664432668329177,1.0,2,False,random
coco-rem,000000019781,/home/felix/fiftyone/coco-2017/train/data/000000019781.jpg,train,calibration,000000019781,3,0.05653333333333333,1.0,3,False,random
coco-rem,000000358421,/home/felix/fiftyone/coco-2017/train/data/000000358421.jpg,train,calibration,000000358421,3,0.03829140863643192,1.0,3,False,random
coco-rem,000000357498,/home/felix/fiftyone/coco-2017/train/data/000000357498.jpg,train,calibration,000000357498,16,0.0061246744791666665,0.375,4,True,random
coco-rem,000000156100,/home/felix/fiftyone/coco-2017/train/data/000000156100.jpg,train,calibration,000000156100,4,0.15570149739583333,1.0,3,False,random
coco-rem,000000475808,/home/felix/fiftyone/coco-2017/train/data/000000475808.jpg,train,calibration,000000475808,44,0.00969933093994778,0.8863636363636364,5,True,random
coco-rem,000000367639,/home/felix/fiftyone/coco-2017/train/data/000000367639.jpg,train,calibration,000000367639,2,0.06351488095238095,0.0,2,False,random
coco-rem,000000401251,/home/felix/fiftyone/coco-2017/train/data/000000401251.jpg,train,calibration,000000401251,2,0.03700577858880778,0.0,2,False,random
coco-rem,000000535179,/home/felix/fiftyone/coco-2017/train/data/000000535179.jpg,train,calibration,000000535179,4,0.0030225409836065575,1.0,3,False,random
coco-rem,000000530758,/home/felix/fiftyone/coco-2017/train/data/000000530758.jpg,train,calibration,000000530758,8,0.055179669203747075,0.875,4,False,random
coco-rem,000000383972,/home/felix/fiftyone/coco-2017/train/data/000000383972.jpg,train,calibration,000000383972,7,0.0005989583333333333,0.0,2,False,random
coco-rem,000000092847,/home/felix/fiftyone/coco-2017/train/data/000000092847.jpg,train,calibration,000000092847,6,0.06760560615577889,0.3333333333333333,2,False,random
coco-rem,000000223481,/home/felix/fiftyone/coco-2017/train/data/000000223481.jpg,train,calibration,000000223481,14,0.0010337382903981265,0.5714285714285714,3,False,random
coco-rem,000000148409,/home/felix/fiftyone/coco-2017/train/data/000000148409.jpg,train,calibration,000000148409,3,0.043294270833333336,0.0,3,False,random
coco-rem,000000569769,/home/felix/fiftyone/coco-2017/train/data/000000569769.jpg,train,calibration,000000569769,8,0.05406307403135546,1.0,5,False,random
coco-rem,000000398463,/home/felix/fiftyone/coco-2017/train/data/000000398463.jpg,train,calibration,000000398463,2,0.0825625,1.0,2,False,random
coco-rem,000000289245,/home/felix/fiftyone/coco-2017/train/data/000000289245.jpg,train,calibration,000000289245,4,0.00467652224824356,0.0,3,False,random
coco-rem,000000026654,/home/felix/fiftyone/coco-2017/train/data/000000026654.jpg,train,calibration,000000026654,2,0.5012086397058824,1.0,2,False,random
coco-rem,000000118775,/home/felix/fiftyone/coco-2017/train/data/000000118775.jpg,train,calibration,000000118775,1,0.1735632183908046,0.0,1,False,random
coco-rem,000000253693,/home/felix/fiftyone/coco-2017/train/data/000000253693.jpg,train,calibration,000000253693,10,0.0016845703125,0.0,2,False,random
coco-rem,000000190537,/home/felix/fiftyone/coco-2017/train/data/000000190537.jpg,train,calibration,000000190537,1,0.7628574587264151,0.0,1,False,random
coco-rem,000000349230,/home/felix/fiftyone/coco-2017/train/data/000000349230.jpg,train,calibration,000000349230,11,0.102099609375,0.9090909090909091,9,False,random
coco-rem,000000557812,/home/felix/fiftyone/coco-2017/train/data/000000557812.jpg,train,calibration,000000557812,6,0.016987602699530518,0.6666666666666666,2,False,random
coco-rem,000000516088,/home/felix/fiftyone/coco-2017/train/data/000000516088.jpg,train,calibration,000000516088,5,0.018511029411764707,0.4,3,False,random
coco-rem,000000238448,/home/felix/fiftyone/coco-2017/train/data/000000238448.jpg,train,calibration,000000238448,5,0.02810884702464864,0.0,2,False,random
coco-rem,000000505919,/home/felix/fiftyone/coco-2017/train/data/000000505919.jpg,train,calibration,000000505919,3,0.07722058823529412,0.0,1,False,random
coco-rem,000000401499,/home/felix/fiftyone/coco-2017/train/data/000000401499.jpg,train,calibration,000000401499,3,0.006421539379474941,0.6666666666666666,2,False,random
coco-rem,000000141862,/home/felix/fiftyone/coco-2017/train/data/000000141862.jpg,train,calibration,000000141862,2,0.2035546875,1.0,2,False,random
coco-rem,000000061660,/home/felix/fiftyone/coco-2017/train/data/000000061660.jpg,train,calibration,000000061660,3,0.797705078125,1.0,2,False,random
coco-rem,000000314082,/home/felix/fiftyone/coco-2017/train/data/000000314082.jpg,train,calibration,000000314082,5,0.03568359375,1.0,3,False,random
coco-rem,000000319031,/home/felix/fiftyone/coco-2017/train/data/000000319031.jpg,train,calibration,000000319031,3,0.0399753829321663,0.0,2,False,random
coco-rem,000000522452,/home/felix/fiftyone/coco-2017/train/data/000000522452.jpg,train,calibration,000000522452,6,0.0021770397489539748,0.5,3,False,random
coco-rem,000000554643,/home/felix/fiftyone/coco-2017/train/data/000000554643.jpg,train,calibration,000000554643,10,0.00078307962529274,0.7,3,False,random
coco-rem,000000427958,/home/felix/fiftyone/coco-2017/train/data/000000427958.jpg,train,calibration,000000427958,3,0.58125,1.0,3,False,random
coco-rem,000000480057,/home/felix/fiftyone/coco-2017/train/data/000000480057.jpg,train,calibration,000000480057,41,0.0028213333333333332,0.6097560975609756,3,False,random
coco-rem,000000348144,/home/felix/fiftyone/coco-2017/train/data/000000348144.jpg,train,calibration,000000348144,3,0.019782945736434108,0.0,3,False,random
coco-rem,000000517748,/home/felix/fiftyone/coco-2017/train/data/000000517748.jpg,train,calibration,000000517748,3,0.02614168618266979,0.0,1,False,random
coco-rem,000000355304,/home/felix/fiftyone/coco-2017/train/data/000000355304.jpg,train,calibration,000000355304,23,0.014976,0.8695652173913043,5,False,random
coco-rem,000000206068,/home/felix/fiftyone/coco-2017/train/data/000000206068.jpg,train,calibration,000000206068,16,0.028871405516431924,0.3125,2,False,random
coco-rem,000000502978,/home/felix/fiftyone/coco-2017/train/data/000000502978.jpg,train,calibration,000000502978,2,0.23348460477941177,0.0,2,False,random
coco-rem,000000457168,/home/felix/fiftyone/coco-2017/train/data/000000457168.jpg,train,calibration,000000457168,32,0.01049206570155902,0.84375,9,False,random
coco-rem,000000075522,/home/felix/fiftyone/coco-2017/train/data/000000075522.jpg,train,calibration,000000075522,1,0.24265927977839336,0.0,1,False,random
coco-rem,000000530160,/home/felix/fiftyone/coco-2017/train/data/000000530160.jpg,train,calibration,000000530160,2,0.40859192037470726,1.0,2,False,random
coco-rem,000000564936,/home/felix/fiftyone/coco-2017/train/data/000000564936.jpg,train,calibration,000000564936,17,0.00033203125,0.23529411764705882,3,True,random
coco-rem,000000404579,/home/felix/fiftyone/coco-2017/train/data/000000404579.jpg,train,calibration,000000404579,3,0.27005208333333336,1.0,3,False,random
coco-rem,000000179011,/home/felix/fiftyone/coco-2017/train/data/000000179011.jpg,train,calibration,000000179011,2,0.5255560064935065,1.0,1,False,random
coco-rem,000000504769,/home/felix/fiftyone/coco-2017/train/data/000000504769.jpg,train,calibration,000000504769,3,0.12546440972222223,0.0,2,False,random
coco-rem,000000532245,/home/felix/fiftyone/coco-2017/train/data/000000532245.jpg,train,calibration,000000532245,26,0.008857421875,0.5384615384615384,4,True,random
coco-rem,000000271364,/home/felix/fiftyone/coco-2017/train/data/000000271364.jpg,train,calibration,000000271364,2,0.012335526315789474,1.0,2,False,random
coco-rem,000000321935,/home/felix/fiftyone/coco-2017/train/data/000000321935.jpg,train,calibration,000000321935,3,0.0016470588235294118,0.0,2,False,random
coco-rem,000000200735,/home/felix/fiftyone/coco-2017/train/data/000000200735.jpg,train,calibration,000000200735,14,0.014972330729166667,0.8571428571428571,3,False,random
coco-rem,000000115973,/home/felix/fiftyone/coco-2017/train/data/000000115973.jpg,train,calibration,000000115973,3,0.0009257903981264637,0.0,2,False,random
coco-rem,000000568256,/home/felix/fiftyone/coco-2017/train/data/000000568256.jpg,train,calibration,000000568256,2,0.2843294270833333,0.0,2,False,random
coco-rem,000000118436,/home/felix/fiftyone/coco-2017/train/data/000000118436.jpg,train,calibration,000000118436,21,0.006891276041666667,0.7142857142857143,3,False,random
coco-rem,000000164224,/home/felix/fiftyone/coco-2017/train/data/000000164224.jpg,train,calibration,000000164224,5,0.05012019230769231,0.0,5,False,random
coco-rem,000000004309,/home/felix/fiftyone/coco-2017/train/data/000000004309.jpg,train,calibration,000000004309,2,0.10036458333333333,1.0,2,False,random
coco-rem,000000143054,/home/felix/fiftyone/coco-2017/train/data/000000143054.jpg,train,calibration,000000143054,0,,0.0,0,False,random
coco-rem,000000121420,/home/felix/fiftyone/coco-2017/train/data/000000121420.jpg,train,calibration,000000121420,2,0.5775381455399061,1.0,2,False,random
coco-rem,000000403143,/home/felix/fiftyone/coco-2017/train/data/000000403143.jpg,train,calibration,000000403143,3,0.017724203601108032,0.0,1,False,random
coco-rem,000000103697,/home/felix/fiftyone/coco-2017/train/data/000000103697.jpg,train,calibration,000000103697,2,0.1023894906323185,1.0,2,False,random
coco-rem,000000472630,/home/felix/fiftyone/coco-2017/train/data/000000472630.jpg,train,calibration,000000472630,2,0.009852532201405152,0.0,2,False,random
coco-rem,000000570963,/home/felix/fiftyone/coco-2017/train/data/000000570963.jpg,train,calibration,000000570963,6,0.05997145784543326,0.0,4,False,random
coco-rem,000000071214,/home/felix/fiftyone/coco-2017/train/data/000000071214.jpg,train,calibration,000000071214,4,0.16932015011547344,0.0,1,False,random
coco-rem,000000109558,/home/felix/fiftyone/coco-2017/train/data/000000109558.jpg,train,calibration,000000109558,0,,0.0,0,False,random
coco-rem,000000272487,/home/felix/fiftyone/coco-2017/train/data/000000272487.jpg,train,calibration,000000272487,1,0.33533854166666666,0.0,1,False,random
coco-rem,000000424370,/home/felix/fiftyone/coco-2017/train/data/000000424370.jpg,train,calibration,000000424370,1,0.1166593309859155,0.0,1,False,random
coco-rem,000000283874,/home/felix/fiftyone/coco-2017/train/data/000000283874.jpg,train,calibration,000000283874,183,0.000657126168224299,0.7049180327868853,8,True,random
coco-rem,000000019375,/home/felix/fiftyone/coco-2017/train/data/000000019375.jpg,train,calibration,000000019375,14,0.005900531423290203,0.7857142857142857,2,False,random
coco-rem,000000418297,/home/felix/fiftyone/coco-2017/train/data/000000418297.jpg,train,calibration,000000418297,3,0.015847844112769485,0.0,2,False,random
coco-rem,000000144935,/home/felix/fiftyone/coco-2017/train/data/000000144935.jpg,train,calibration,000000144935,26,0.0007405598958333333,0.0,2,True,small_objects
coco-rem,000000449712,/home/felix/fiftyone/coco-2017/train/data/000000449712.jpg,train,calibration,000000449712,22,0.021729436910377358,0.9090909090909091,6,False,many_objects
coco-rem,000000242828,/home/felix/fiftyone/coco-2017/train/data/000000242828.jpg,train,calibration,000000242828,2,0.4692975,1.0,2,False,high_overlap
coco-rem,000000022741,/home/felix/fiftyone/coco-2017/train/data/000000022741.jpg,train,calibration,000000022741,28,0.0045032184385382056,0.7857142857142857,6,False,many_categories
coco-rem,000000324052,/home/felix/fiftyone/coco-2017/train/data/000000324052.jpg,train,calibration,000000324052,14,0.005648053278688525,0.14285714285714285,2,True,crowd
coco-rem,000000016523,/home/felix/fiftyone/coco-2017/train/data/000000016523.jpg,train,calibration,000000016523,5,0.0016666666666666668,0.0,4,False,small_objects
coco-rem,000000253095,/home/felix/fiftyone/coco-2017/train/data/000000253095.jpg,train,calibration,000000253095,21,0.01284355179704017,0.7619047619047619,5,True,many_objects
coco-rem,000000241836,/home/felix/fiftyone/coco-2017/train/data/000000241836.jpg,train,calibration,000000241836,3,0.42997562056737587,1.0,3,False,high_overlap
coco-rem,000000436605,/home/felix/fiftyone/coco-2017/train/data/000000436605.jpg,train,calibration,000000436605,20,0.0004906666666666667,0.75,5,False,many_categories
coco-rem,000000508087,/home/felix/fiftyone/coco-2017/train/data/000000508087.jpg,train,calibration,000000508087,20,0.0056,0.85,6,True,crowd
coco-rem,000000070863,/home/felix/fiftyone/coco-2017/train/data/000000070863.jpg,train,calibration,000000070863,9,0.0009660421545667448,1.0,2,False,small_objects
coco-rem,000000323827,/home/felix/fiftyone/coco-2017/train/data/000000323827.jpg,train,calibration,000000323827,24,0.005143229166666667,0.375,5,True,many_objects
coco-rem,000000014941,/home/felix/fiftyone/coco-2017/train/data/000000014941.jpg,train,calibration,000000014941,3,0.2826468295218295,1.0,3,False,high_overlap
coco-rem,000000575361,/home/felix/fiftyone/coco-2017/train/data/000000575361.jpg,train,calibration,000000575361,9,0.009898666666666667,0.4444444444444444,6,False,many_categories
coco-rem,000000202372,/home/felix/fiftyone/coco-2017/train/data/000000202372.jpg,train,calibration,000000202372,87,0.003828125,0.42528735632183906,5,True,crowd
coco-rem,000000568459,/home/felix/fiftyone/coco-2017/train/data/000000568459.jpg,train,calibration,000000568459,7,0.0009765625,0.2857142857142857,5,False,small_objects
coco-rem,000000466599,/home/felix/fiftyone/coco-2017/train/data/000000466599.jpg,train,calibration,000000466599,20,0.01677734375,0.1,2,False,many_objects
coco-rem,000000116031,/home/felix/fiftyone/coco-2017/train/data/000000116031.jpg,train,calibration,000000116031,3,0.20504244730679158,1.0,2,False,high_overlap
coco-rem,000000214834,/home/felix/fiftyone/coco-2017/train/data/000000214834.jpg,train,calibration,000000214834,16,0.008502862004950495,0.5,8,False,many_categories
coco-rem,000000435377,/home/felix/fiftyone/coco-2017/train/data/000000435377.jpg,train,calibration,000000435377,17,0.003931203931203931,0.8235294117647058,3,True,crowd
coco-rem,000000180966,/home/felix/fiftyone/coco-2017/train/data/000000180966.jpg,train,calibration,000000180966,3,0.0004861111111111111,1.0,2,False,small_objects
coco-rem,000000428152,/home/felix/fiftyone/coco-2017/train/data/000000428152.jpg,train,calibration,000000428152,34,0.00099609375,0.35294117647058826,10,False,many_objects
coco-rem,000000225490,/home/felix/fiftyone/coco-2017/train/data/000000225490.jpg,train,calibration,000000225490,8,0.07601725260416667,1.0,4,False,high_overlap
coco-rem,000000072018,/home/felix/fiftyone/coco-2017/train/data/000000072018.jpg,train,calibration,000000072018,6,0.024004683840749413,0.3333333333333333,6,False,many_categories
coco-rem,000000035725,/home/felix/fiftyone/coco-2017/train/data/000000035725.jpg,train,calibration,000000035725,20,0.0047314453125,0.6,6,True,crowd
coco-rem,000000396481,/home/felix/fiftyone/coco-2017/train/data/000000396481.jpg,train,calibration,000000396481,9,0.00012612612612612612,0.2222222222222222,3,False,small_objects
coco-rem,000000319690,/home/felix/fiftyone/coco-2017/train/data/000000319690.jpg,train,calibration,000000319690,247,0.00042666666666666667,0.08502024291497975,3,False,many_objects
coco-rem,000000275657,/home/felix/fiftyone/coco-2017/train/data/000000275657.jpg,train,calibration,000000275657,10,0.0781563714810543,1.0,7,False,high_overlap
coco-rem,000000237632,/home/felix/fiftyone/coco-2017/train/data/000000237632.jpg,train,calibration,000000237632,17,0.016865208877284595,1.0,7,False,many_categories
coco-rem,000000227734,/home/felix/fiftyone/coco-2017/train/data/000000227734.jpg,train,calibration,000000227734,25,0.010663056206088994,0.56,6,True,crowd
coco-rem,000000225989,/home/felix/fiftyone/coco-2017/train/data/000000225989.jpg,train,calibration,000000225989,26,0.0008016528925619834,0.15384615384615385,3,True,small_objects
coco-rem,000000490461,/home/felix/fiftyone/coco-2017/train/data/000000490461.jpg,train,calibration,000000490461,26,0.0010677083333333333,0.2692307692307692,5,False,many_objects
coco-rem,000000271490,/home/felix/fiftyone/coco-2017/train/data/000000271490.jpg,train,calibration,000000271490,2,0.07900876696832579,1.0,2,False,high_overlap
coco-rem,000000185025,/home/felix/fiftyone/coco-2017/train/data/000000185025.jpg,train,calibration,000000185025,20,0.0007988061797752809,0.7,5,False,many_categories
coco-rem,000000260230,/home/felix/fiftyone/coco-2017/train/data/000000260230.jpg,train,calibration,000000260230,14,0.014053373247663552,0.5714285714285714,2,True,crowd
coco-rem,000000361572,/home/felix/fiftyone/coco-2017/train/data/000000361572.jpg,train,calibration,000000361572,109,0.000973360655737705,0.3853211009174312,3,False,small_objects
coco-rem,000000133486,/home/felix/fiftyone/coco-2017/train/data/000000133486.jpg,train,calibration,000000133486,28,0.009113363583138172,0.8571428571428571,7,False,many_objects
coco-rem,000000054532,/home/felix/fiftyone/coco-2017/train/data/000000054532.jpg,train,calibration,000000054532,10,0.06400716145833334,1.0,8,False,high_overlap
coco-rem,000000197616,/home/felix/fiftyone/coco-2017/train/data/000000197616.jpg,train,calibration,000000197616,8,0.0432373046875,1.0,5,False,many_categories
coco-rem,000000431660,/home/felix/fiftyone/coco-2017/train/data/000000431660.jpg,train,calibration,000000431660,15,0.017418032786885244,0.0,3,True,crowd
coco-rem,000000364299,/home/felix/fiftyone/coco-2017/train/data/000000364299.jpg,train,calibration,000000364299,3,0.0006239686468646865,1.0,2,False,small_objects
coco-rem,000000339536,/home/felix/fiftyone/coco-2017/train/data/000000339536.jpg,train,calibration,000000339536,63,0.0009879976580796253,0.5079365079365079,5,False,many_objects
coco-rem,000000526227,/home/felix/fiftyone/coco-2017/train/data/000000526227.jpg,train,calibration,000000526227,2,0.288017578125,1.0,2,False,high_overlap
coco-rem,000000446670,/home/felix/fiftyone/coco-2017/train/data/000000446670.jpg,train,calibration,000000446670,43,0.0008519736842105264,0.7209302325581395,5,False,many_categories
coco-rem,000000440387,/home/felix/fiftyone/coco-2017/train/data/000000440387.jpg,train,calibration,000000440387,21,0.0005729166666666667,0.42857142857142855,3,True,crowd
coco-rem,000000295823,/home/felix/fiftyone/coco-2017/train/data/000000295823.jpg,train,calibration,000000295823,6,0.0010089820359281438,0.0,3,False,small_objects
coco-rem,000000365271,/home/felix/fiftyone/coco-2017/train/data/000000365271.jpg,train,calibration,000000365271,24,0.0003018465909090909,0.4583333333333333,3,False,many_objects
coco-rem,000000423717,/home/felix/fiftyone/coco-2017/train/data/000000423717.jpg,train,calibration,000000423717,2,0.44235270541082167,1.0,2,False,high_overlap
coco-rem,000000181223,/home/felix/fiftyone/coco-2017/train/data/000000181223.jpg,train,calibration,000000181223,31,0.009912109375,0.7096774193548387,9,False,many_categories
coco-rem,000000044178,/home/felix/fiftyone/coco-2017/train/data/000000044178.jpg,train,calibration,000000044178,17,0.0010477941176470589,0.35294117647058826,4,True,crowd
coco-rem,000000160101,/home/felix/fiftyone/coco-2017/train/data/000000160101.jpg,train,calibration,000000160101,21,0.000574398249452954,0.42857142857142855,5,True,small_objects
coco-rem,000000440891,/home/felix/fiftyone/coco-2017/train/data/000000440891.jpg,train,calibration,000000440891,25,0.00136,0.28,3,False,many_objects
coco-rem,000000286348,/home/felix/fiftyone/coco-2017/train/data/000000286348.jpg,train,calibration,000000286348,2,0.46719563802083336,1.0,2,False,high_overlap
coco-rem,000000530384,/home/felix/fiftyone/coco-2017/train/data/000000530384.jpg,train,calibration,000000530384,18,0.006022593896713615,0.4444444444444444,12,False,many_categories
coco-rem,000000472614,/home/felix/fiftyone/coco-2017/train/data/000000472614.jpg,train,calibration,000000472614,25,0.02852112676056338,0.52,2,True,crowd
coco-rem,000000369296,/home/felix/fiftyone/coco-2017/train/data/000000369296.jpg,train,calibration,000000369296,35,0.00015380859375,0.14285714285714285,2,False,small_objects
coco-rem,000000521752,/home/felix/fiftyone/coco-2017/train/data/000000521752.jpg,train,calibration,000000521752,24,0.008141017259414227,0.875,8,False,many_objects
coco-rem,000000190277,/home/felix/fiftyone/coco-2017/train/data/000000190277.jpg,train,calibration,000000190277,9,0.04654255319148936,1.0,6,False,high_overlap
coco-rem,000000482122,/home/felix/fiftyone/coco-2017/train/data/000000482122.jpg,train,calibration,000000482122,9,0.027019906323185013,0.6666666666666666,5,False,many_categories
coco-rem,000000374829,/home/felix/fiftyone/coco-2017/train/data/000000374829.jpg,train,calibration,000000374829,29,0.00429230093676815,0.6551724137931034,5,True,crowd
coco-rem,000000295655,/home/felix/fiftyone/coco-2017/train/data/000000295655.jpg,train,calibration,000000295655,16,0.0012415639671361502,0.3125,5,False,small_objects
coco-rem,000000331395,/home/felix/fiftyone/coco-2017/train/data/000000331395.jpg,train,calibration,000000331395,26,0.011611328125,0.7692307692307693,7,False,many_objects
coco-rem,000000443635,/home/felix/fiftyone/coco-2017/train/data/000000443635.jpg,train,calibration,000000443635,32,0.002952,1.0,3,False,high_overlap
coco-rem,000000120380,/home/felix/fiftyone/coco-2017/train/data/000000120380.jpg,train,calibration,000000120380,8,0.05874267578125,0.625,5,False,many_categories
coco-rem,000000324497,/home/felix/fiftyone/coco-2017/train/data/000000324497.jpg,train,calibration,000000324497,14,0.010709386927480916,0.5714285714285714,2,True,crowd
coco-rem,000000365479,/home/felix/fiftyone/coco-2017/train/data/000000365479.jpg,train,calibration,000000365479,10,0.0016266324626865673,0.0,4,False,small_objects
coco-rem,000000033172,/home/felix/fiftyone/coco-2017/train/data/000000033172.jpg,train,calibration,000000033172,32,0.002314157196969697,0.59375,4,True,many_objects
coco-rem,000000314188,/home/felix/fiftyone/coco-2017/train/data/000000314188.jpg,train,calibration,000000314188,3,0.4744744744744745,1.0,3,False,high_overlap
coco-rem,000000496097,/home/felix/fiftyone/coco-2017/train/data/000000496097.jpg,train,calibration,000000496097,16,0.0025625,0.1875,9,False,many_categories
coco-rem,000000440329,/home/felix/fiftyone/coco-2017/train/data/000000440329.jpg,train,calibration,000000440329,27,0.009338407494145199,0.5185185185185185,8,True,crowd
coco-rem,000000490405,/home/felix/fiftyone/coco-2017/train/data/000000490405.jpg,train,calibration,000000490405,92,0.0005859375,0.5,3,False,small_objects
coco-rem,000000349485,/home/felix/fiftyone/coco-2017/train/data/000000349485.jpg,train,calibration,000000349485,38,0.00013346354166666666,0.05263157894736842,5,False,many_objects
coco-rem,000000543836,/home/felix/fiftyone/coco-2017/train/data/000000543836.jpg,train,calibration,000000543836,6,0.0504052734375,1.0,5,False,high_overlap
coco-rem,000000127558,/home/felix/fiftyone/coco-2017/train/data/000000127558.jpg,train,calibration,000000127558,6,0.01228515625,0.3333333333333333,6,False,many_categories
coco-rem,000000127259,/home/felix/fiftyone/coco-2017/train/data/000000127259.jpg,train,calibration,000000127259,110,0.001667102510460251,0.5454545454545454,7,True,crowd
coco-rem,000000340217,/home/felix/fiftyone/coco-2017/train/data/000000340217.jpg,train,calibration,000000340217,11,0.001875,0.36363636363636365,6,False,small_objects
coco-rem,000000122302,/home/felix/fiftyone/coco-2017/train/data/000000122302.jpg,train,calibration,000000122302,42,0.006698666666666667,0.5,4,True,many_objects
coco-rem,000000215196,/home/felix/fiftyone/coco-2017/train/data/000000215196.jpg,train,calibration,000000215196,2,0.438525390625,1.0,2,False,high_overlap
coco-rem,000000063676,/home/felix/fiftyone/coco-2017/train/data/000000063676.jpg,train,calibration,000000063676,11,0.006007304882737409,0.2727272727272727,6,False,many_categories
coco-rem,000000258837,/home/felix/fiftyone/coco-2017/train/data/000000258837.jpg,train,calibration,000000258837,17,0.004855310262529833,0.5294117647058824,2,True,crowd
coco-rem,000000560511,/home/felix/fiftyone/coco-2017/train/data/000000560511.jpg,train,calibration,000000560511,9,0.0009394572025052192,0.3333333333333333,2,False,small_objects
coco-rem,000000236176,/home/felix/fiftyone/coco-2017/train/data/000000236176.jpg,train,calibration,000000236176,32,0.004173018292682927,0.375,5,True,many_objects
coco-rem,000000237203,/home/felix/fiftyone/coco-2017/train/data/000000237203.jpg,train,calibration,000000237203,2,0.3905112619331742,1.0,2,False,high_overlap
coco-rem,000000507871,/home/felix/fiftyone/coco-2017/train/data/000000507871.jpg,train,calibration,000000507871,5,0.18216,0.8,5,False,many_categories
coco-rem,000000118330,/home/felix/fiftyone/coco-2017/train/data/000000118330.jpg,train,calibration,000000118330,24,0.008857834507042254,0.7083333333333334,3,True,crowd
coco-rem,000000229539,/home/felix/fiftyone/coco-2017/train/data/000000229539.jpg,train,calibration,000000229539,15,0.0001756440281030445,0.26666666666666666,2,False,small_objects
coco-rem,000000244283,/home/felix/fiftyone/coco-2017/train/data/000000244283.jpg,train,calibration,000000244283,22,0.00185546875,0.36363636363636365,4,False,many_objects
coco-rem,000000404471,/home/felix/fiftyone/coco-2017/train/data/000000404471.jpg,train,calibration,000000404471,2,0.00568,1.0,2,False,high_overlap
coco-rem,000000426551,/home/felix/fiftyone/coco-2017/train/data/000000426551.jpg,train,calibration,000000426551,13,0.004357869601328904,0.46153846153846156,6,False,many_categories
coco-rem,000000241402,/home/felix/fiftyone/coco-2017/train/data/000000241402.jpg,train,calibration,000000241402,21,0.0030737704918032786,0.7619047619047619,2,True,crowd
coco-rem,000000379188,/home/felix/fiftyone/coco-2017/train/data/000000379188.jpg,train,calibration,000000379188,8,0.0016073564593301435,0.0,2,False,small_objects
coco-rem,000000523468,/home/felix/fiftyone/coco-2017/train/data/000000523468.jpg,train,calibration,000000523468,56,0.004512,0.23214285714285715,5,True,many_objects
coco-rem,000000499627,/home/felix/fiftyone/coco-2017/train/data/000000499627.jpg,train,calibration,000000499627,2,0.3682889344262295,1.0,2,False,high_overlap
coco-rem,000000344920,/home/felix/fiftyone/coco-2017/train/data/000000344920.jpg,train,calibration,000000344920,10,0.02611607142857143,1.0,5,False,many_categories
coco-rem,000000563809,/home/felix/fiftyone/coco-2017/train/data/000000563809.jpg,train,calibration,000000563809,20,0.014774599811676083,0.1,2,True,crowd
coco-rem,000000330701,/home/felix/fiftyone/coco-2017/train/data/000000330701.jpg,train,calibration,000000330701,3,0.0007135538641686183,0.0,2,False,small_objects
coco-rem,000000000761,/home/felix/fiftyone/coco-2017/train/data/000000000761.jpg,train,calibration,000000000761,27,0.00341796875,0.8518518518518519,3,False,many_objects
coco-rem,000000001591,/home/felix/fiftyone/coco-2017/train/data/000000001591.jpg,train,calibration,000000001591,11,0.01591064453125,1.0,6,False,high_overlap
coco-rem,000000131902,/home/felix/fiftyone/coco-2017/train/data/000000131902.jpg,train,calibration,000000131902,10,0.03740668911007026,0.6,5,False,many_categories
coco-rem,000000208288,/home/felix/fiftyone/coco-2017/train/data/000000208288.jpg,train,calibration,000000208288,53,0.003515625,0.22641509433962265,2,True,crowd
coco-rem,000000273808,/home/felix/fiftyone/coco-2017/train/data/000000273808.jpg,train,calibration,000000273808,52,0.0011577298050139276,0.28846153846153844,6,False,small_objects
coco-rem,000000290379,/home/felix/fiftyone/coco-2017/train/data/000000290379.jpg,train,calibration,000000290379,31,0.000702576112412178,0.5806451612903226,6,False,many_objects
coco-rem,000000273600,/home/felix/fiftyone/coco-2017/train/data/000000273600.jpg,train,calibration,000000273600,3,0.29924266666666666,1.0,2,False,high_overlap
coco-rem,000000064342,/home/felix/fiftyone/coco-2017/train/data/000000064342.jpg,train,calibration,000000064342,11,0.0030594405594405595,0.7272727272727273,8,False,many_categories
coco-rem,000000393617,/home/felix/fiftyone/coco-2017/train/data/000000393617.jpg,train,calibration,000000393617,14,0.0005379098360655738,1.0,2,True,crowd
coco-rem,000000185002,/home/felix/fiftyone/coco-2017/train/data/000000185002.jpg,train,calibration,000000185002,8,0.0018451789264413519,0.0,3,False,small_objects
coco-rem,000000238858,/home/felix/fiftyone/coco-2017/train/data/000000238858.jpg,train,calibration,000000238858,20,0.04350474272349272,0.0,2,False,many_objects
coco-rem,000000107519,/home/felix/fiftyone/coco-2017/train/data/000000107519.jpg,train,calibration,000000107519,6,0.06850911458333334,1.0,4,False,high_overlap
coco-rem,000000354070,/home/felix/fiftyone/coco-2017/train/data/000000354070.jpg,train,calibration,000000354070,20,0.016286057692307693,0.9,7,False,many_categories
coco-rem,000000538187,/home/felix/fiftyone/coco-2017/train/data/000000538187.jpg,train,calibration,000000538187,14,0.00859375,0.0,2,True,crowd
coco-rem,000000052086,/home/felix/fiftyone/coco-2017/train/data/000000052086.jpg,train,calibration,000000052086,15,0.0019270833333333334,0.7333333333333333,3,True,small_objects
coco-rem,000000108557,/home/felix/fiftyone/coco-2017/train/data/000000108557.jpg,train,calibration,000000108557,25,0.0004320276497695853,0.12,5,False,many_objects
coco-rem,000000045479,/home/felix/fiftyone/coco-2017/train/data/000000045479.jpg,train,calibration,000000045479,5,0.02118945868945869,1.0,2,False,high_overlap
coco-rem,000000496313,/home/felix/fiftyone/coco-2017/train/data/000000496313.jpg,train,calibration,000000496313,9,0.0032603922716627634,0.2222222222222222,5,False,many_categories
coco-rem,000000265677,/home/felix/fiftyone/coco-2017/train/data/000000265677.jpg,train,calibration,000000265677,49,0.00045998831775700933,0.20408163265306123,7,True,crowd
coco-rem,000000552222,/home/felix/fiftyone/coco-2017/train/data/000000552222.jpg,train,calibration,000000552222,4,0.0006717289719626169,0.0,3,False,small_objects
coco-rem,000000426975,/home/felix/fiftyone/coco-2017/train/data/000000426975.jpg,train,calibration,000000426975,22,0.019386709601873536,0.6818181818181818,5,True,many_objects
coco-rem,000000044523,/home/felix/fiftyone/coco-2017/train/data/000000044523.jpg,train,calibration,000000044523,3,0.0014344262295081967,1.0,2,False,high_overlap
coco-rem,000000530599,/home/felix/fiftyone/coco-2017/train/data/000000530599.jpg,train,calibration,000000530599,10,0.051165165165165165,0.8,5,False,many_categories
coco-rem,000000573357,/home/felix/fiftyone/coco-2017/train/data/000000573357.jpg,train,calibration,000000573357,25,0.007105446927374302,0.76,4,True,crowd
coco-rem,000000474953,/home/felix/fiftyone/coco-2017/train/data/000000474953.jpg,train,calibration,000000474953,8,0.0014818075117370893,0.75,5,False,small_objects
coco-rem,000000561589,/home/felix/fiftyone/coco-2017/train/data/000000561589.jpg,train,calibration,000000561589,20,0.02998276115023474,0.95,9,False,many_objects
coco-rem,000000116872,/home/felix/fiftyone/coco-2017/train/data/000000116872.jpg,train,calibration,000000116872,2,0.2918929036458333,1.0,2,False,high_overlap
coco-rem,000000084454,/home/felix/fiftyone/coco-2017/train/data/000000084454.jpg,train,calibration,000000084454,13,0.001981981981981982,0.15384615384615385,5,False,many_categories
coco-rem,000000089725,/home/felix/fiftyone/coco-2017/train/data/000000089725.jpg,train,calibration,000000089725,21,0.004851398601398602,0.14285714285714285,3,True,crowd
coco-rem,000000093604,/home/felix/fiftyone/coco-2017/train/data/000000093604.jpg,train,calibration,000000093604,21,0.0005257009345794393,0.6190476190476191,6,False,small_objects
coco-rem,000000521232,/home/felix/fiftyone/coco-2017/train/data/000000521232.jpg,train,calibration,000000521232,30,0.010215351654846336,0.43333333333333335,4,True,many_objects
coco-rem,000000253170,/home/felix/fiftyone/coco-2017/train/data/000000253170.jpg,train,calibration,000000253170,11,0.05578125,1.0,5,False,high_overlap
coco-rem,000000426377,/home/felix/fiftyone/coco-2017/train/data/000000426377.jpg,train,calibration,000000426377,38,0.0019498697916666666,0.47368421052631576,7,True,many_categories
coco-rem,000000363986,/home/felix/fiftyone/coco-2017/train/data/000000363986.jpg,train,calibration,000000363986,75,0.0021889740566037735,0.6133333333333333,6,True,crowd
coco-rem,000000165455,/home/felix/fiftyone/coco-2017/train/data/000000165455.jpg,train,calibration,000000165455,11,0.0019806338028169014,0.2727272727272727,3,False,small_objects
coco-rem,000000421360,/home/felix/fiftyone/coco-2017/train/data/000000421360.jpg,train,calibration,000000421360,30,0.010739900468384075,0.9333333333333333,7,False,many_objects
coco-rem,000000270330,/home/felix/fiftyone/coco-2017/train/data/000000270330.jpg,train,calibration,000000270330,2,0.11896756329113924,1.0,2,False,high_overlap
coco-rem,000000326700,/home/felix/fiftyone/coco-2017/train/data/000000326700.jpg,train,calibration,000000326700,9,0.0077083333333333335,0.8888888888888888,5,False,many_categories
coco-rem,000000214742,/home/felix/fiftyone/coco-2017/train/data/000000214742.jpg,train,calibration,000000214742,16,0.0006289936102236421,0.25,3,True,crowd
coco-rem,000000325220,/home/felix/fiftyone/coco-2017/train/data/000000325220.jpg,train,calibration,000000325220,29,0.0019284250585480094,0.20689655172413793,5,True,small_objects
coco-rem,000000113556,/home/felix/fiftyone/coco-2017/train/data/000000113556.jpg,train,calibration,000000113556,186,0.0022135416666666666,0.1827956989247312,4,False,many_objects
coco-rem,000000127945,/home/felix/fiftyone/coco-2017/train/data/000000127945.jpg,train,calibration,000000127945,4,0.25566774764150946,1.0,2,False,high_overlap
coco-rem,000000027642,/home/felix/fiftyone/coco-2017/train/data/000000027642.jpg,train,calibration,000000027642,23,0.01953125,0.6086956521739131,5,True,many_categories
coco-rem,000000075932,/home/felix/fiftyone/coco-2017/train/data/000000075932.jpg,train,calibration,000000075932,17,0.00093994140625,0.8235294117647058,3,True,crowd
coco-rem,000000090343,/home/felix/fiftyone/coco-2017/train/data/000000090343.jpg,train,calibration,000000090343,2,0.00043911007025761124,0.0,1,False,small_objects
coco-rem,000000285457,/home/felix/fiftyone/coco-2017/train/data/000000285457.jpg,train,calibration,000000285457,73,0.0004654947916666667,0.9178082191780822,4,True,many_objects
coco-rem,000000348371,/home/felix/fiftyone/coco-2017/train/data/000000348371.jpg,train,calibration,000000348371,8,0.023107096354166665,1.0,6,False,high_overlap
coco-rem,000000019589,/home/felix/fiftyone/coco-2017/train/data/000000019589.jpg,train,calibration,000000019589,9,0.006291814946619217,0.7777777777777778,6,False,many_categories
coco-rem,000000534736,/home/felix/fiftyone/coco-2017/train/data/000000534736.jpg,train,calibration,000000534736,24,0.013348946135831381,0.75,3,True,crowd
coco-rem,000000269325,/home/felix/fiftyone/coco-2017/train/data/000000269325.jpg,train,calibration,000000269325,7,0.000568853427895981,0.0,4,False,small_objects
coco-rem,000000261585,/home/felix/fiftyone/coco-2017/train/data/000000261585.jpg,train,calibration,000000261585,20,0.018426156323185013,0.45,3,False,many_objects
coco-rem,000000025123,/home/felix/fiftyone/coco-2017/train/data/000000025123.jpg,train,calibration,000000025123,2,0.3724072265625,1.0,2,False,high_overlap
coco-rem,000000137301,/home/felix/fiftyone/coco-2017/train/data/000000137301.jpg,train,calibration,000000137301,9,0.00955805439330544,0.6666666666666666,7,False,many_categories
coco-rem,000000040874,/home/felix/fiftyone/coco-2017/train/data/000000040874.jpg,train,calibration,000000040874,20,0.007611711448598131,0.85,4,True,crowd
coco-rem,000000043393,/home/felix/fiftyone/coco-2017/train/data/000000043393.jpg,train,calibration,000000043393,141,9.249471458773784e-05,0.19858156028368795,2,False,small_objects
coco-rem,000000458935,/home/felix/fiftyone/coco-2017/train/data/000000458935.jpg,train,calibration,000000458935,26,0.013603264051522249,0.8846153846153846,11,False,many_objects
coco-rem,000000209286,/home/felix/fiftyone/coco-2017/train/data/000000209286.jpg,train,calibration,000000209286,2,0.3680192057291667,1.0,2,False,high_overlap
coco-rem,000000307757,/home/felix/fiftyone/coco-2017/train/data/000000307757.jpg,train,calibration,000000307757,15,0.00048828125,0.4666666666666667,7,False,many_categories
coco-rem,000000074407,/home/felix/fiftyone/coco-2017/train/data/000000074407.jpg,train,calibration,000000074407,18,0.00022135416666666666,0.1111111111111111,3,True,crowd
coco-rem,000000275450,/home/felix/fiftyone/coco-2017/train/data/000000275450.jpg,train,calibration,000000275450,19,0.0007649058577405858,0.3157894736842105,4,False,small_objects
coco-rem,000000086292,/home/felix/fiftyone/coco-2017/train/data/000000086292.jpg,train,calibration,000000086292,186,0.0007441580118694362,0.043010752688172046,4,True,many_objects
coco-rem,000000568396,/home/felix/fiftyone/coco-2017/train/data/000000568396.jpg,train,calibration,000000568396,6,0.14808639705882354,1.0,5,False,high_overlap
coco-rem,000000108701,/home/felix/fiftyone/coco-2017/train/data/000000108701.jpg,train,calibration,000000108701,32,0.001669921875,0.375,7,False,many_categories
coco-rem,000000419216,/home/felix/fiftyone/coco-2017/train/data/000000419216.jpg,train,calibration,000000419216,39,0.0045994718309859154,0.717948717948718,8,True,crowd
coco-rem,000000574623,/home/felix/fiftyone/coco-2017/train/data/000000574623.jpg,train,calibration,000000574623,12,0.00016134510869565216,0.16666666666666666,3,False,small_objects
coco-rem,000000041913,/home/felix/fiftyone/coco-2017/train/data/000000041913.jpg,train,calibration,000000041913,215,0.00515625,0.6372093023255814,1,False,many_objects
coco-rem,000000518889,/home/felix/fiftyone/coco-2017/train/data/000000518889.jpg,train,calibration,000000518889,9,0.028528528528528527,1.0,5,False,high_overlap
coco-rem,000000523754,/home/felix/fiftyone/coco-2017/train/data/000000523754.jpg,train,calibration,000000523754,13,0.025660211267605634,0.6923076923076923,5,False,many_categories
coco-rem,000000485447,/home/felix/fiftyone/coco-2017/train/data/000000485447.jpg,train,calibration,000000485447,19,0.0020246478873239436,0.2631578947368421,3,True,crowd
coco-rem,000000521620,/home/felix/fiftyone/coco-2017/train/data/000000521620.jpg,train,calibration,000000521620,5,0.0013173302107728337,0.0,3,False,small_objects
coco-rem,000000539793,/home/felix/fiftyone/coco-2017/train/data/000000539793.jpg,train,calibration,000000539793,27,0.005208333333333333,0.5555555555555556,5,False,many_objects
coco-rem,000000026833,/home/felix/fiftyone/coco-2017/train/data/000000026833.jpg,train,calibration,000000026833,18,0.01381675469483568,1.0,9,False,high_overlap
coco-rem,000000322094,/home/felix/fiftyone/coco-2017/train/data/000000322094.jpg,train,calibration,000000322094,10,0.01848341232227488,0.8,8,False,many_categories
coco-rem,000000269346,/home/felix/fiftyone/coco-2017/train/data/000000269346.jpg,train,calibration,000000269346,31,0.0026675936768149884,0.3548387096774194,6,True,crowd
coco-rem,000000150444,/home/felix/fiftyone/coco-2017/train/data/000000150444.jpg,train,calibration,000000150444,14,0.0018332845433255268,0.8571428571428571,6,False,small_objects
coco-rem,000000325371,/home/felix/fiftyone/coco-2017/train/data/000000325371.jpg,train,calibration,000000325371,20,0.0007210286458333333,0.35,2,False,many_objects
coco-rem,000000328066,/home/felix/fiftyone/coco-2017/train/data/000000328066.jpg,train,calibration,000000328066,3,0.258984375,1.0,3,False,high_overlap
coco-rem,000000263008,/home/felix/fiftyone/coco-2017/train/data/000000263008.jpg,train,calibration,000000263008,13,0.002415105386416862,0.6923076923076923,8,False,many_categories
coco-rem,000000126229,/home/felix/fiftyone/coco-2017/train/data/000000126229.jpg,train,calibration,000000126229,33,0.0024370608899297423,0.18181818181818182,5,True,crowd
coco-rem,000000061899,/home/felix/fiftyone/coco-2017/train/data/000000061899.jpg,train,calibration,000000061899,21,0.001025390625,0.42857142857142855,4,False,small_objects
coco-rem,000000236282,/home/felix/fiftyone/coco-2017/train/data/000000236282.jpg,train,calibration,000000236282,26,0.007075161007025761,0.7307692307692307,7,True,many_objects
coco-rem,000000250790,/home/felix/fiftyone/coco-2017/train/data/000000250790.jpg,train,calibration,000000250790,8,0.04195513758782202,1.0,6,False,high_overlap
coco-rem,000000399540,/home/felix/fiftyone/coco-2017/train/data/000000399540.jpg,train,calibration,000000399540,20,0.001044921875,0.35,6,False,many_categories
coco-rem,000000175437,/home/felix/fiftyone/coco-2017/train/data/000000175437.jpg,train,calibration,000000175437,60,0.0005110677083333333,0.7,3,True,crowd
coco-rem,000000566668,/home/felix/fiftyone/coco-2017/train/data/000000566668.jpg,train,calibration,000000566668,37,0.001971378504672897,0.8918918918918919,4,False,small_objects
coco-rem,000000396420,/home/felix/fiftyone/coco-2017/train/data/000000396420.jpg,train,calibration,000000396420,27,0.0029842931937172773,0.2222222222222222,3,False,many_objects
coco-rem,000000297220,/home/felix/fiftyone/coco-2017/train/data/000000297220.jpg,train,calibration,000000297220,7,0.010450819672131148,1.0,2,False,high_overlap
coco-rem,000000207995,/home/felix/fiftyone/coco-2017/train/data/000000207995.jpg,train,calibration,000000207995,7,0.14794270833333334,1.0,6,False,many_categories
coco-rem,000000366789,/home/felix/fiftyone/coco-2017/train/data/000000366789.jpg,train,calibration,000000366789,28,0.009687865925058547,0.7857142857142857,2,True,crowd
coco-rem,000000049175,/home/felix/fiftyone/coco-2017/train/data/000000049175.jpg,train,calibration,000000049175,6,0.0007942708333333334,0.3333333333333333,4,False,small_objects
coco-rem,000000136683,/home/felix/fiftyone/coco-2017/train/data/000000136683.jpg,train,calibration,000000136683,27,0.008013758782201405,0.5185185185185185,4,False,many_objects
coco-rem,000000560123,/home/felix/fiftyone/coco-2017/train/data/000000560123.jpg,train,calibration,000000560123,9,0.015364583333333333,1.0,5,False,high_overlap
coco-rem,000000382101,/home/felix/fiftyone/coco-2017/train/data/000000382101.jpg,train,calibration,000000382101,8,0.10208455023364486,0.75,5,False,many_categories
coco-rem,000000246014,/home/felix/fiftyone/coco-2017/train/data/000000246014.jpg,train,calibration,000000246014,24,0.0028597005208333332,0.125,5,True,crowd
coco-rem,000000012455,/home/felix/fiftyone/coco-2017/train/data/000000012455.jpg,train,calibration,000000012455,1,0.001278409090909091,0.0,1,False,small_objects
coco-rem,000000472690,/home/felix/fiftyone/coco-2017/train/data/000000472690.jpg,train,calibration,000000472690,211,0.00087158203125,0.08530805687203792,1,False,many_objects
coco-rem,000000517032,/home/felix/fiftyone/coco-2017/train/data/000000517032.jpg,train,calibration,000000517032,2,0.1211943793911007,1.0,2,False,high_overlap
coco-rem,000000361670,/home/felix/fiftyone/coco-2017/train/data/000000361670.jpg,train,calibration,000000361670,31,0.008250445368171022,0.6451612903225806,5,False,many_categories
coco-rem,000000419483,/home/felix/fiftyone/coco-2017/train/data/000000419483.jpg,train,calibration,000000419483,16,0.006513671875,0.125,4,True,crowd
coco-rem,000000401785,/home/felix/fiftyone/coco-2017/train/data/000000401785.jpg,train,calibration,000000401785,114,0.0016428154205607476,0.0,1,False,small_objects
coco-rem,000000232279,/home/felix/fiftyone/coco-2017/train/data/000000232279.jpg,train,calibration,000000232279,24,0.003792,0.6666666666666666,12,False,many_objects
coco-rem,000000163985,/home/felix/fiftyone/coco-2017/train/data/000000163985.jpg,train,calibration,000000163985,3,0.07984375,1.0,2,False,high_overlap
coco-rem,000000253212,/home/felix/fiftyone/coco-2017/train/data/000000253212.jpg,train,calibration,000000253212,78,0.0013386666666666666,0.8205128205128205,7,False,many_categories
coco-rem,000000131364,/home/felix/fiftyone/coco-2017/train/data/000000131364.jpg,train,calibration,000000131364,32,0.009104817708333334,0.375,4,True,crowd
coco-rem,000000024923,/home/felix/fiftyone/coco-2017/train/data/000000024923.jpg,train,calibration,000000024923,3,0.0013493975903614457,0.6666666666666666,2,False,small_objects
coco-rem,000000435076,/home/felix/fiftyone/coco-2017/train/data/000000435076.jpg,train,calibration,000000435076,44,0.00817110655737705,0.6136363636363636,12,True,many_objects
coco-rem,000000298067,/home/felix/fiftyone/coco-2017/train/data/000000298067.jpg,train,calibration,000000298067,6,0.2164538745781537,1.0,4,False,high_overlap
coco-rem,000000157519,/home/felix/fiftyone/coco-2017/train/data/000000157519.jpg,train,calibration,000000157519,6,0.050285146738433935,0.5,5,False,many_categories
coco-rem,000000223020,/home/felix/fiftyone/coco-2017/train/data/000000223020.jpg,train,calibration,000000223020,27,0.009918212890625,0.6296296296296297,5,True,crowd
coco-rem,000000345880,/home/felix/fiftyone/coco-2017/train/data/000000345880.jpg,train,calibration,000000345880,12,0.000704,0.0,2,False,small_objects
coco-rem,000000380828,/home/felix/fiftyone/coco-2017/train/data/000000380828.jpg,train,calibration,000000380828,72,0.001836857601713062,0.9305555555555556,7,False,many_objects
coco-rem,000000359131,/home/felix/fiftyone/coco-2017/train/data/000000359131.jpg,train,calibration,000000359131,2,0.22184015551643194,1.0,2,False,high_overlap
coco-rem,000000209428,/home/felix/fiftyone/coco-2017/train/data/000000209428.jpg,train,calibration,000000209428,5,0.3239498956158664,1.0,5,False,many_categories
coco-rem,000000545022,/home/felix/fiftyone/coco-2017/train/data/000000545022.jpg,train,calibration,000000545022,26,0.0018479215456674474,0.46153846153846156,5,True,crowd
coco-rem,000000551515,/home/felix/fiftyone/coco-2017/train/data/000000551515.jpg,train,calibration,000000551515,3,0.0003826530612244898,1.0,2,False,small_objects
coco-rem,000000513899,/home/felix/fiftyone/coco-2017/train/data/000000513899.jpg,train,calibration,000000513899,34,0.007350352112676056,0.47058823529411764,3,False,many_objects
coco-rem,000000500071,/home/felix/fiftyone/coco-2017/train/data/000000500071.jpg,train,calibration,000000500071,4,0.12833984375,1.0,4,False,high_overlap
coco-rem,000000355425,/home/felix/fiftyone/coco-2017/train/data/000000355425.jpg,train,calibration,000000355425,19,0.009018666666666666,0.8947368421052632,9,False,many_categories
coco-rem,000000100519,/home/felix/fiftyone/coco-2017/train/data/000000100519.jpg,train,calibration,000000100519,25,0.005826518691588785,0.68,5,True,crowd
coco-rem,000000514016,/home/felix/fiftyone/coco-2017/train/data/000000514016.jpg,train,calibration,000000514016,7,0.0016213333333333334,0.0,3,False,small_objects
coco-rem,000000094103,/home/felix/fiftyone/coco-2017/train/data/000000094103.jpg,train,calibration,000000094103,20,0.024005368942731278,1.0,5,False,many_objects
coco-rem,000000258792,/home/felix/fiftyone/coco-2017/train/data/000000258792.jpg,train,calibration,000000258792,2,0.386648,1.0,2,False,high_overlap
coco-rem,000000155861,/home/felix/fiftyone/coco-2017/train/data/000000155861.jpg,train,calibration,000000155861,8,0.03881293402777778,1.0,8,False,many_categories
coco-rem,000000502712,/home/felix/fiftyone/coco-2017/train/data/000000502712.jpg,train,calibration,000000502712,18,0.0015990925058548008,0.2222222222222222,4,True,crowd
coco-rem,000000526432,/home/felix/fiftyone/coco-2017/train/data/000000526432.jpg,train,calibration,000000526432,19,0.0008233313817330211,0.10526315789473684,6,True,small_objects
coco-rem,000000462565,/home/felix/fiftyone/coco-2017/train/data/000000462565.jpg,train,calibration,000000462565,28,0.003668398711943794,0.75,6,False,many_objects
coco-rem,000000015586,/home/felix/fiftyone/coco-2017/train/data/000000015586.jpg,train,calibration,000000015586,2,0.4560091145833333,1.0,2,False,high_overlap
coco-rem,000000298540,/home/felix/fiftyone/coco-2017/train/data/000000298540.jpg,train,calibration,000000298540,24,0.00369140625,0.6666666666666666,6,False,many_categories
coco-rem,000000104337,/home/felix/fiftyone/coco-2017/train/data/000000104337.jpg,train,calibration,000000104337,21,0.011131440281030445,0.8571428571428571,2,True,crowd
coco-rem,000000411343,/home/felix/fiftyone/coco-2017/train/data/000000411343.jpg,train,calibration,000000411343,9,0.0011176470588235294,0.0,2,False,small_objects
coco-rem,000000055873,/home/felix/fiftyone/coco-2017/train/data/000000055873.jpg,train,calibration,000000055873,22,0.0267041015625,1.0,5,False,many_objects
coco-rem,000000037401,/home/felix/fiftyone/coco-2017/train/data/000000037401.jpg,train,calibration,000000037401,2,0.16098507025761125,1.0,2,False,high_overlap
coco-rem,000000185041,/home/felix/fiftyone/coco-2017/train/data/000000185041.jpg,train,calibration,000000185041,13,0.0014781396713615023,0.15384615384615385,5,False,many_categories
coco-rem,000000198596,/home/felix/fiftyone/coco-2017/train/data/000000198596.jpg,train,calibration,000000198596,22,0.004041341145833334,0.45454545454545453,6,True,crowd
coco-rem,000000432796,/home/felix/fiftyone/coco-2017/train/data/000000432796.jpg,train,calibration,000000432796,17,0.000996641355140187,0.29411764705882354,3,False,small_objects
coco-rem,000000469300,/home/felix/fiftyone/coco-2017/train/data/000000469300.jpg,train,calibration,000000469300,31,0.007457682291666667,0.5806451612903226,5,False,many_objects
coco-rem,000000144983,/home/felix/fiftyone/coco-2017/train/data/000000144983.jpg,train,calibration,000000144983,2,0.4922145328719723,1.0,2,False,high_overlap
coco-rem,000000130538,/home/felix/fiftyone/coco-2017/train/data/000000130538.jpg,train,calibration,000000130538,8,0.013245283018867925,0.25,6,False,many_categories
coco-rem,000000002608,/home/felix/fiftyone/coco-2017/train/data/000000002608.jpg,train,calibration,000000002608,20,0.0016910807291666667,0.3,8,True,crowd
coco-rem,000000275631,/home/felix/fiftyone/coco-2017/train/data/000000275631.jpg,train,calibration,000000275631,21,0.0004947916666666667,0.38095238095238093,4,False,small_objects
coco-rem,000000362373,/home/felix/fiftyone/coco-2017/train/data/000000362373.jpg,train,calibration,000000362373,126,0.000390625,0.16666666666666666,4,False,many_objects
coco-rem,000000557985,/home/felix/fiftyone/coco-2017/train/data/000000557985.jpg,train,calibration,000000557985,8,0.040799560546875,1.0,4,False,high_overlap
coco-rem,000000484579,/home/felix/fiftyone/coco-2017/train/data/000000484579.jpg,train,calibration,000000484579,13,0.05766213389121339,1.0,8,False,many_categories
coco-rem,000000537248,/home/felix/fiftyone/coco-2017/train/data/000000537248.jpg,train,calibration,000000537248,22,0.0007421875,0.36363636363636365,7,True,crowd
coco-rem,000000474031,/home/felix/fiftyone/coco-2017/train/data/000000474031.jpg,train,calibration,000000474031,21,0.0017578125,0.6190476190476191,7,False,small_objects
coco-rem,000000246007,/home/felix/fiftyone/coco-2017/train/data/000000246007.jpg,train,calibration,000000246007,322,0.00025390625,0.6894409937888198,3,False,many_objects
coco-rem,000000343619,/home/felix/fiftyone/coco-2017/train/data/000000343619.jpg,train,calibration,000000343619,2,0.03708467505854801,1.0,2,False,high_overlap
coco-rem,000000342639,/home/felix/fiftyone/coco-2017/train/data/000000342639.jpg,train,calibration,000000342639,6,0.054713541666666664,1.0,5,False,many_categories
coco-rem,000000011320,/home/felix/fiftyone/coco-2017/train/data/000000011320.jpg,train,calibration,000000011320,19,0.0020556962025316456,0.3684210526315789,5,True,crowd
coco-rem,000000159582,/home/felix/fiftyone/coco-2017/train/data/000000159582.jpg,train,calibration,000000159582,9,0.0009114583333333333,0.7777777777777778,3,False,small_objects
coco-rem,000000111591,/home/felix/fiftyone/coco-2017/train/data/000000111591.jpg,train,calibration,000000111591,163,0.0002734375,0.024539877300613498,1,False,many_objects
coco-rem,000000210997,/home/felix/fiftyone/coco-2017/train/data/000000210997.jpg,train,calibration,000000210997,2,0.5484071180555555,1.0,2,False,high_overlap
coco-rem,000000035696,/home/felix/fiftyone/coco-2017/train/data/000000035696.jpg,train,calibration,000000035696,37,0.0005859375,0.10810810810810811,6,False,many_categories
coco-rem,000000375321,/home/felix/fiftyone/coco-2017/train/data/000000375321.jpg,train,calibration,000000375321,27,0.00256,0.14814814814814814,5,True,crowd
coco-rem,000000058232,/home/felix/fiftyone/coco-2017/train/data/000000058232.jpg,train,calibration,000000058232,17,0.0009879976580796253,0.4117647058823529,4,False,small_objects
coco-rem,000000105768,/home/felix/fiftyone/coco-2017/train/data/000000105768.jpg,train,calibration,000000105768,61,0.005404411764705882,0.5573770491803278,3,False,many_objects
coco-rem,000000269033,/home/felix/fiftyone/coco-2017/train/data/000000269033.jpg,train,calibration,000000269033,2,0.2657368691314554,1.0,2,False,high_overlap
coco-rem,000000129334,/home/felix/fiftyone/coco-2017/train/data/000000129334.jpg,train,calibration,000000129334,11,0.004576,0.45454545454545453,6,False,many_categories
coco-rem,000000126230,/home/felix/fiftyone/coco-2017/train/data/000000126230.jpg,train,calibration,000000126230,18,0.00048177083333333335,0.1111111111111111,2,True,crowd
coco-rem,000000428391,/home/felix/fiftyone/coco-2017/train/data/000000428391.jpg,train,calibration,000000428391,17,0.0007747395833333333,0.0,5,False,small_objects
coco-rem,000000001756,/home/felix/fiftyone/coco-2017/train/data/000000001756.jpg,train,calibration,000000001756,113,0.0007291666666666667,0.3274336283185841,6,True,many_objects
coco-rem,000000525615,/home/felix/fiftyone/coco-2017/train/data/000000525615.jpg,train,calibration,000000525615,7,0.10347147147147147,1.0,2,False,high_overlap
coco-rem,000000304789,/home/felix/fiftyone/coco-2017/train/data/000000304789.jpg,train,calibration,000000304789,9,0.04979508196721311,1.0,5,False,many_categories
coco-rem,000000187822,/home/felix/fiftyone/coco-2017/train/data/000000187822.jpg,train,calibration,000000187822,21,0.01124567474048443,0.3333333333333333,3,True,crowd
coco-rem,000000509811,/home/felix/fiftyone/coco-2017/train/data/000000509811.jpg,train,calibration,000000509811,83,0.000768,0.14457831325301204,4,True,small_objects
coco-rem,000000050204,/home/felix/fiftyone/coco-2017/train/data/000000050204.jpg,train,calibration,000000050204,119,0.0008233313817330211,0.9831932773109243,3,False,many_objects
coco-rem,000000456833,/home/felix/fiftyone/coco-2017/train/data/000000456833.jpg,train,calibration,000000456833,2,0.22763671875,1.0,2,False,high_overlap
coco-rem,000000108803,/home/felix/fiftyone/coco-2017/train/data/000000108803.jpg,train,calibration,000000108803,19,0.004869791666666666,0.631578947368421,7,False,many_categories
coco-rem,000000246815,/home/felix/fiftyone/coco-2017/train/data/000000246815.jpg,train,calibration,000000246815,59,0.0004098360655737705,0.3050847457627119,2,True,crowd
coco-rem,000000233994,/home/felix/fiftyone/coco-2017/train/data/000000233994.jpg,train,calibration,000000233994,25,0.0003086018711018711,0.0,1,False,small_objects
coco-rem,000000250194,/home/felix/fiftyone/coco-2017/train/data/000000250194.jpg,train,calibration,000000250194,29,0.002378512880562061,0.6896551724137931,3,True,many_objects
coco-rem,000000028698,/home/felix/fiftyone/coco-2017/train/data/000000028698.jpg,train,calibration,000000028698,2,0.5014065236427321,1.0,2,False,high_overlap
coco-rem,000000271495,/home/felix/fiftyone/coco-2017/train/data/000000271495.jpg,train,calibration,000000271495,7,0.011907552083333333,0.5714285714285714,7,False,many_categories
coco-rem,000000310538,/home/felix/fiftyone/coco-2017/train/data/000000310538.jpg,train,calibration,000000310538,17,0.001207552693208431,0.0,4,True,crowd
coco-rem,000000271310,/home/felix/fiftyone/coco-2017/train/data/000000271310.jpg,train,calibration,000000271310,57,0.000537109375,0.21052631578947367,2,False,small_objects
coco-rem,000000549224,/home/felix/fiftyone/coco-2017/train/data/000000549224.jpg,train,calibration,000000549224,29,0.005078125,1.0,4,False,many_objects
coco-rem,000000511929,/home/felix/fiftyone/coco-2017/train/data/000000511929.jpg,train,calibration,000000511929,2,0.02926491947541544,1.0,2,False,high_overlap
coco-rem,000000377910,/home/felix/fiftyone/coco-2017/train/data/000000377910.jpg,train,calibration,000000377910,15,0.015728459139647145,0.5333333333333333,7,False,many_categories
coco-rem,000000181084,/home/felix/fiftyone/coco-2017/train/data/000000181084.jpg,train,calibration,000000181084,17,0.01033015839041096,0.47058823529411764,4,True,crowd
coco-rem,000000550477,/home/felix/fiftyone/coco-2017/train/data/000000550477.jpg,train,calibration,000000550477,23,0.00017930327868852458,0.0,5,False,small_objects
coco-rem,000000240952,/home/felix/fiftyone/coco-2017/train/data/000000240952.jpg,train,calibration,000000240952,28,0.0013199869791666666,0.7142857142857143,8,True,many_objects
coco-rem,000000542472,/home/felix/fiftyone/coco-2017/train/data/000000542472.jpg,train,calibration,000000542472,16,0.005655924479166667,1.0,4,False,high_overlap
coco-rem,000000564803,/home/felix/fiftyone/coco-2017/train/data/000000564803.jpg,train,calibration,000000564803,16,0.00181640625,0.25,5,False,many_categories
coco-rem,000000279373,/home/felix/fiftyone/coco-2017/train/data/000000279373.jpg,train,calibration,000000279373,16,0.01042906746031746,0.875,3,True,crowd
coco-rem,000000154727,/home/felix/fiftyone/coco-2017/train/data/000000154727.jpg,train,calibration,000000154727,6,0.0006888977635782748,1.0,1,False,small_objects
coco-rem,000000269843,/home/felix/fiftyone/coco-2017/train/data/000000269843.jpg,train,calibration,000000269843,21,0.0033040364583333333,0.09523809523809523,4,False,many_objects
coco-rem,000000184161,/home/felix/fiftyone/coco-2017/train/data/000000184161.jpg,train,calibration,000000184161,2,0.26985875292740047,1.0,1,False,high_overlap
coco-rem,000000120285,/home/felix/fiftyone/coco-2017/train/data/000000120285.jpg,train,calibration,000000120285,8,0.026455882352941176,0.25,6,False,many_categories
coco-rem,000000301110,/home/felix/fiftyone/coco-2017/train/data/000000301110.jpg,train,calibration,000000301110,39,0.0070972711267605635,0.6153846153846154,4,True,crowd
coco-rem,000000154301,/home/felix/fiftyone/coco-2017/train/data/000000154301.jpg,train,calibration,000000154301,18,0.0010996048009367682,0.3888888888888889,6,False,small_objects
coco-rem,000000326408,/home/felix/fiftyone/coco-2017/train/data/000000326408.jpg,train,calibration,000000326408,35,0.031796875,0.6285714285714286,2,False,many_objects
coco-rem,000000116601,/home/felix/fiftyone/coco-2017/train/data/000000116601.jpg,train,calibration,000000116601,4,0.6120746666666667,1.0,4,False,high_overlap
coco-rem,000000535151,/home/felix/fiftyone/coco-2017/train/data/000000535151.jpg,train,calibration,000000535151,20,0.0077734375,0.95,5,False,many_categories
coco-rem,000000262359,/home/felix/fiftyone/coco-2017/train/data/000000262359.jpg,train,calibration,000000262359,44,0.002698567708333333,0.6590909090909091,9,True,crowd
coco-rem,000000082787,/home/felix/fiftyone/coco-2017/train/data/000000082787.jpg,train,calibration,000000082787,12,0.001123046875,0.0,5,False,small_objects
coco-rem,000000511639,/home/felix/fiftyone/coco-2017/train/data/000000511639.jpg,train,calibration,000000511639,20,0.01566342213114754,0.55,5,True,many_objects
coco-rem,000000364079,/home/felix/fiftyone/coco-2017/train/data/000000364079.jpg,train,calibration,000000364079,4,0.14752053990610328,1.0,3,False,high_overlap
coco-rem,000000565405,/home/felix/fiftyone/coco-2017/train/data/000000565405.jpg,train,calibration,000000565405,13,0.01611328125,0.5384615384615384,7,False,many_categories
coco-rem,000000127235,/home/felix/fiftyone/coco-2017/train/data/000000127235.jpg,train,calibration,000000127235,24,0.000703125,0.20833333333333334,4,True,crowd
coco-rem,000000006753,/home/felix/fiftyone/coco-2017/train/data/000000006753.jpg,train,calibration,000000006753,169,0.0008394469525959368,0.14201183431952663,3,False,small_objects
coco-rem,000000191225,/home/felix/fiftyone/coco-2017/train/data/000000191225.jpg,train,calibration,000000191225,23,0.00984375,0.782608695652174,9,False,many_objects
coco-rem,000000012884,/home/felix/fiftyone/coco-2017/train/data/000000012884.jpg,train,calibration,000000012884,2,0.051865671641791046,1.0,2,False,high_overlap
coco-rem,000000100959,/home/felix/fiftyone/coco-2017/train/data/000000100959.jpg,train,calibration,000000100959,6,0.064016,1.0,5,False,many_categories
coco-rem,000000343349,/home/felix/fiftyone/coco-2017/train/data/000000343349.jpg,train,calibration,000000343349,22,0.0009847005208333333,0.6818181818181818,3,True,crowd
coco-rem,000000354827,/home/felix/fiftyone/coco-2017/train/data/000000354827.jpg,train,calibration,000000354827,26,0.0016108630952380953,0.23076923076923078,8,False,small_objects
coco-rem,000000577843,/home/felix/fiftyone/coco-2017/train/data/000000577843.jpg,train,calibration,000000577843,23,0.00392578125,0.6086956521739131,6,False,many_objects
coco-rem,000000515392,/home/felix/fiftyone/coco-2017/train/data/000000515392.jpg,train,calibration,000000515392,3,0.018339201877934273,1.0,3,False,high_overlap
coco-rem,000000274753,/home/felix/fiftyone/coco-2017/train/data/000000274753.jpg,train,calibration,000000274753,14,0.0191162109375,0.8571428571428571,6,False,many_categories
coco-rem,000000304530,/home/felix/fiftyone/coco-2017/train/data/000000304530.jpg,train,calibration,000000304530,19,0.005126953125,0.21052631578947367,4,True,crowd
coco-rem,000000158922,/home/felix/fiftyone/coco-2017/train/data/000000158922.jpg,train,calibration,000000158922,20,0.0017513020833333332,0.7,3,True,small_objects
coco-rem,000000300501,/home/felix/fiftyone/coco-2017/train/data/000000300501.jpg,train,calibration,000000300501,24,0.004387160966981132,1.0,3,False,many_objects
coco-rem,000000152633,/home/felix/fiftyone/coco-2017/train/data/000000152633.jpg,train,calibration,000000152633,6,0.03000612039170507,1.0,3,False,high_overlap
coco-rem,000000202990,/home/felix/fiftyone/coco-2017/train/data/000000202990.jpg,train,calibration,000000202990,19,0.004875261651501559,0.6842105263157895,7,False,many_categories
coco-rem,000000247945,/home/felix/fiftyone/coco-2017/train/data/000000247945.jpg,train,calibration,000000247945,15,0.0025,0.26666666666666666,2,True,crowd
coco-rem,000000330140,/home/felix/fiftyone/coco-2017/train/data/000000330140.jpg,train,calibration,000000330140,3,0.001185441496860182,0.6666666666666666,3,False,small_objects
coco-rem,000000002764,/home/felix/fiftyone/coco-2017/train/data/000000002764.jpg,train,calibration,000000002764,21,0.000587160751565762,0.19047619047619047,2,False,many_objects
coco-rem,000000501054,/home/felix/fiftyone/coco-2017/train/data/000000501054.jpg,train,calibration,000000501054,2,0.3144776485426009,1.0,2,False,high_overlap
coco-rem,000000062543,/home/felix/fiftyone/coco-2017/train/data/000000062543.jpg,train,calibration,000000062543,12,0.03513509114583333,0.5833333333333334,7,False,many_categories
coco-rem,000000178566,/home/felix/fiftyone/coco-2017/train/data/000000178566.jpg,train,calibration,000000178566,23,0.016180722891566263,0.6521739130434783,4,True,crowd
coco-rem,000000209574,/home/felix/fiftyone/coco-2017/train/data/000000209574.jpg,train,calibration,000000209574,22,0.0007867132867132868,0.09090909090909091,5,True,small_objects
coco-rem,000000012497,/home/felix/fiftyone/coco-2017/train/data/000000012497.jpg,train,calibration,000000012497,25,0.00016816816816816817,0.0,2,True,many_objects
coco-rem,000000097873,/home/felix/fiftyone/coco-2017/train/data/000000097873.jpg,train,calibration,000000097873,4,0.2953125,1.0,3,False,high_overlap
coco-rem,000000256550,/home/felix/fiftyone/coco-2017/train/data/000000256550.jpg,train,calibration,000000256550,5,0.172208,0.8,5,False,many_categories
coco-rem,000000559463,/home/felix/fiftyone/coco-2017/train/data/000000559463.jpg,train,calibration,000000559463,29,0.003714020427112349,0.41379310344827586,5,True,crowd
coco-rem,000000354402,/home/felix/fiftyone/coco-2017/train/data/000000354402.jpg,train,calibration,000000354402,5,0.001015625,0.0,2,False,small_objects
coco-rem,000000337146,/home/felix/fiftyone/coco-2017/train/data/000000337146.jpg,train,calibration,000000337146,73,0.005625507283523431,0.9863013698630136,6,True,many_objects
coco-rem,000000256101,/home/felix/fiftyone/coco-2017/train/data/000000256101.jpg,train,calibration,000000256101,2,0.44065316758511686,1.0,2,False,high_overlap
coco-rem,000000310390,/home/felix/fiftyone/coco-2017/train/data/000000310390.jpg,train,calibration,000000310390,7,0.023766276041666666,0.8571428571428571,5,False,many_categories
coco-rem,000000382715,/home/felix/fiftyone/coco-2017/train/data/000000382715.jpg,train,calibration,000000382715,25,0.0011580882352941176,0.52,6,True,crowd
coco-rem,000000255665,/home/felix/fiftyone/coco-2017/train/data/000000255665.jpg,train,calibration,000000255665,11,0.0018192896935933147,0.0,5,False,small_objects
coco-rem,000000113985,/home/felix/fiftyone/coco-2017/train/data/000000113985.jpg,train,calibration,000000113985,27,0.0013118489583333333,0.4444444444444444,7,True,many_objects
coco-rem,000000521533,/home/felix/fiftyone/coco-2017/train/data/000000521533.jpg,train,calibration,000000521533,3,0.7015135135135135,1.0,3,False,high_overlap
coco-rem,000000084840,/home/felix/fiftyone/coco-2017/train/data/000000084840.jpg,train,calibration,000000084840,5,0.015349397590361446,0.6,5,False,many_categories
coco-rem,000000292257,/home/felix/fiftyone/coco-2017/train/data/000000292257.jpg,train,calibration,000000292257,15,0.0030846537558685445,0.26666666666666666,3,True,crowd
coco-rem,000000569437,/home/felix/fiftyone/coco-2017/train/data/000000569437.jpg,train,calibration,000000569437,20,0.0011081081081081082,0.1,3,True,small_objects
coco-rem,000000271461,/home/felix/fiftyone/coco-2017/train/data/000000271461.jpg,train,calibration,000000271461,30,0.004697290100250626,1.0,2,False,many_objects
coco-rem,000000313872,/home/felix/fiftyone/coco-2017/train/data/000000313872.jpg,train,calibration,000000313872,2,0.05185467479674797,1.0,2,False,high_overlap
coco-rem,000000348314,/home/felix/fiftyone/coco-2017/train/data/000000348314.jpg,train,calibration,000000348314,13,0.020886486486486486,0.8461538461538461,5,False,many_categories
coco-rem,000000027710,/home/felix/fiftyone/coco-2017/train/data/000000027710.jpg,train,calibration,000000027710,14,0.027508031542056076,0.0,1,True,crowd
coco-rem,000000228681,/home/felix/fiftyone/coco-2017/train/data/000000228681.jpg,train,calibration,000000228681,11,0.0009286556603773585,0.0,3,False,small_objects
coco-rem,000000042204,/home/felix/fiftyone/coco-2017/train/data/000000042204.jpg,train,calibration,000000042204,27,0.008525345622119816,0.7037037037037037,3,False,many_objects
coco-rem,000000018267,/home/felix/fiftyone/coco-2017/train/data/000000018267.jpg,train,calibration,000000018267,2,0.8101105093676815,1.0,2,False,high_overlap
coco-rem,000000022593,/home/felix/fiftyone/coco-2017/train/data/000000022593.jpg,train,calibration,000000022593,7,0.03296223958333333,0.42857142857142855,7,False,many_categories
coco-rem,000000493294,/home/felix/fiftyone/coco-2017/train/data/000000493294.jpg,train,calibration,000000493294,17,0.004808255269320843,0.35294117647058826,5,True,crowd
coco-rem,000000285603,/home/felix/fiftyone/coco-2017/train/data/000000285603.jpg,train,calibration,000000285603,47,0.0009221311475409836,0.1702127659574468,4,False,small_objects
coco-rem,000000122357,/home/felix/fiftyone/coco-2017/train/data/000000122357.jpg,train,calibration,000000122357,106,0.00228515625,0.2641509433962264,3,True,many_objects
coco-rem,000000091366,/home/felix/fiftyone/coco-2017/train/data/000000091366.jpg,train,calibration,000000091366,2,0.570028242370892,1.0,2,False,high_overlap
coco-rem,000000035004,/home/felix/fiftyone/coco-2017/train/data/000000035004.jpg,train,calibration,000000035004,31,0.00359375,0.9032258064516129,6,False,many_categories
coco-rem,000000554587,/home/felix/fiftyone/coco-2017/train/data/000000554587.jpg,train,calibration,000000554587,17,0.05968424479166667,0.4117647058823529,3,True,crowd
coco-rem,000000248167,/home/felix/fiftyone/coco-2017/train/data/000000248167.jpg,train,calibration,000000248167,11,0.00046214788732394364,0.5454545454545454,5,False,small_objects
coco-rem,000000281679,/home/felix/fiftyone/coco-2017/train/data/000000281679.jpg,train,calibration,000000281679,30,0.011859631147540984,0.9,6,False,many_objects
coco-rem,000000455548,/home/felix/fiftyone/coco-2017/train/data/000000455548.jpg,train,calibration,000000455548,9,0.0845045045045045,1.0,1,False,high_overlap
coco-rem,000000164330,/home/felix/fiftyone/coco-2017/train/data/000000164330.jpg,train,calibration,000000164330,19,0.0228515625,0.9473684210526315,6,False,many_categories
coco-rem,000000261026,/home/felix/fiftyone/coco-2017/train/data/000000261026.jpg,train,calibration,000000261026,35,0.0010269953051643193,0.37142857142857144,5,True,crowd
coco-rem,000000423161,/home/felix/fiftyone/coco-2017/train/data/000000423161.jpg,train,calibration,000000423161,45,0.0008542640186915888,0.4,5,True,small_objects
coco-rem,000000104756,/home/felix/fiftyone/coco-2017/train/data/000000104756.jpg,train,calibration,000000104756,20,0.04834939759036144,0.35,1,False,many_objects
coco-rem,000000528341,/home/felix/fiftyone/coco-2017/train/data/000000528341.jpg,train,calibration,000000528341,6,0.034140181126916996,1.0,6,False,high_overlap
coco-rem,000000422279,/home/felix/fiftyone/coco-2017/train/data/000000422279.jpg,train,calibration,000000422279,13,0.07527078454332553,1.0,8,False,many_categories
coco-rem,000000384998,/home/felix/fiftyone/coco-2017/train/data/000000384998.jpg,train,calibration,000000384998,14,0.002085762593283582,0.5714285714285714,2,True,crowd
coco-rem,000000217303,/home/felix/fiftyone/coco-2017/train/data/000000217303.jpg,train,calibration,000000217303,17,0.0011223591549295775,0.23529411764705882,4,True,small_objects
coco-rem,000000187181,/home/felix/fiftyone/coco-2017/train/data/000000187181.jpg,train,calibration,000000187181,43,0.00078125,0.23255813953488372,6,True,many_objects
coco-rem,000000568137,/home/felix/fiftyone/coco-2017/train/data/000000568137.jpg,train,calibration,000000568137,3,0.14404296875,1.0,3,False,high_overlap
coco-rem,000000423534,/home/felix/fiftyone/coco-2017/train/data/000000423534.jpg,train,calibration,000000423534,7,0.017720471398305085,0.0,6,False,many_categories
coco-rem,000000299764,/home/felix/fiftyone/coco-2017/train/data/000000299764.jpg,train,calibration,000000299764,17,0.009558640438247012,0.5882352941176471,3,True,crowd
coco-rem,000000304523,/home/felix/fiftyone/coco-2017/train/data/000000304523.jpg,train,calibration,000000304523,9,0.0016080729166666667,0.3333333333333333,6,False,small_objects
coco-rem,000000467432,/home/felix/fiftyone/coco-2017/train/data/000000467432.jpg,train,calibration,000000467432,24,0.0009244791666666667,0.3333333333333333,3,True,many_objects
coco-rem,000000165550,/home/felix/fiftyone/coco-2017/train/data/000000165550.jpg,train,calibration,000000165550,2,0.7821526946107784,1.0,2,False,high_overlap
coco-rem,000000352480,/home/felix/fiftyone/coco-2017/train/data/000000352480.jpg,train,calibration,000000352480,9,0.10130666666666667,1.0,5,False,many_categories
coco-rem,000000327532,/home/felix/fiftyone/coco-2017/train/data/000000327532.jpg,train,calibration,000000327532,29,0.001207552693208431,0.06896551724137931,4,True,crowd
coco-rem,000000477622,/home/felix/fiftyone/coco-2017/train/data/000000477622.jpg,train,calibration,000000477622,7,0.0008138020833333334,0.0,4,False,small_objects
coco-rem,000000037527,/home/felix/fiftyone/coco-2017/train/data/000000037527.jpg,train,calibration,000000037527,26,0.004543900437636762,0.23076923076923078,4,True,many_objects
coco-rem,000000351148,/home/felix/fiftyone/coco-2017/train/data/000000351148.jpg,train,calibration,000000351148,5,0.020528395784543324,1.0,4,False,high_overlap
coco-rem,000000527906,/home/felix/fiftyone/coco-2017/train/data/000000527906.jpg,train,calibration,000000527906,14,0.012583301294373959,0.6428571428571429,7,False,many_categories
coco-rem,000000217487,/home/felix/fiftyone/coco-2017/train/data/000000217487.jpg,train,calibration,000000217487,61,0.0021634615384615386,0.6065573770491803,10,True,crowd
coco-rem,000000085187,/home/felix/fiftyone/coco-2017/train/data/000000085187.jpg,train,calibration,000000085187,27,0.0010581264108352145,0.4074074074074074,3,False,small_objects
coco-rem,000000074901,/home/felix/fiftyone/coco-2017/train/data/000000074901.jpg,train,calibration,000000074901,81,0.003279194078947368,0.41975308641975306,1,False,many_objects
coco-rem,000000315487,/home/felix/fiftyone/coco-2017/train/data/000000315487.jpg,train,calibration,000000315487,3,0.04174723756906077,1.0,3,False,high_overlap
coco-rem,000000169885,/home/felix/fiftyone/coco-2017/train/data/000000169885.jpg,train,calibration,000000169885,10,0.045776,0.9,5,False,many_categories
coco-rem,000000359232,/home/felix/fiftyone/coco-2017/train/data/000000359232.jpg,train,calibration,000000359232,17,0.010619279176201374,0.5294117647058824,4,True,crowd
coco-rem,000000570023,/home/felix/fiftyone/coco-2017/train/data/000000570023.jpg,train,calibration,000000570023,5,0.0005933077830188679,0.4,2,False,small_objects
coco-rem,000000472253,/home/felix/fiftyone/coco-2017/train/data/000000472253.jpg,train,calibration,000000472253,29,0.007269333333333333,0.6551724137931034,5,True,many_objects
coco-rem,000000052461,/home/felix/fiftyone/coco-2017/train/data/000000052461.jpg,train,calibration,000000052461,4,0.09803073347107438,1.0,3,False,high_overlap
coco-rem,000000576857,/home/felix/fiftyone/coco-2017/train/data/000000576857.jpg,train,calibration,000000576857,26,0.009034689695550352,0.6153846153846154,5,False,many_categories
coco-rem,000000532817,/home/felix/fiftyone/coco-2017/train/data/000000532817.jpg,train,calibration,000000532817,69,0.004467429577464789,0.5507246376811594,4,True,crowd
coco-rem,000000290400,/home/felix/fiftyone/coco-2017/train/data/000000290400.jpg,train,calibration,000000290400,6,0.00016100702576112412,0.0,2,False,small_objects
coco-rem,000000116155,/home/felix/fiftyone/coco-2017/train/data/000000116155.jpg,train,calibration,000000116155,65,0.0012109375,0.5846153846153846,4,True,many_objects
coco-rem,000000356153,/home/felix/fiftyone/coco-2017/train/data/000000356153.jpg,train,calibration,000000356153,6,0.18366876463700235,1.0,6,False,high_overlap
coco-rem,000000329343,/home/felix/fiftyone/coco-2017/train/data/000000329343.jpg,train,calibration,000000329343,12,0.021528389084507042,0.16666666666666666,6,False,many_categories
coco-rem,000000102037,/home/felix/fiftyone/coco-2017/train/data/000000102037.jpg,train,calibration,000000102037,37,0.010125373134328357,0.6486486486486487,5,True,crowd
coco-rem,000000443964,/home/felix/fiftyone/coco-2017/train/data/000000443964.jpg,train,calibration,000000443964,4,0.0017308255269320844,0.0,3,False,small_objects
coco-rem,000000170513,/home/felix/fiftyone/coco-2017/train/data/000000170513.jpg,train,calibration,000000170513,28,0.0016539812646370023,0.8928571428571429,5,True,many_objects
coco-rem,000000228463,/home/felix/fiftyone/coco-2017/train/data/000000228463.jpg,train,calibration,000000228463,4,0.08986002604166667,1.0,2,False,high_overlap
coco-rem,000000092464,/home/felix/fiftyone/coco-2017/train/data/000000092464.jpg,train,calibration,000000092464,12,0.016440931658878506,0.9166666666666666,7,False,many_categories
coco-rem,000000100827,/home/felix/fiftyone/coco-2017/train/data/000000100827.jpg,train,calibration,000000100827,40,0.003951990632318501,0.55,5,True,crowd
coco-rem,000000533137,/home/felix/fiftyone/coco-2017/train/data/000000533137.jpg,train,calibration,000000533137,9,0.00032,0.4444444444444444,2,False,small_objects
coco-rem,000000528957,/home/felix/fiftyone/coco-2017/train/data/000000528957.jpg,train,calibration,000000528957,21,0.002700526932084309,0.7619047619047619,5,False,many_objects
coco-rem,000000536605,/home/felix/fiftyone/coco-2017/train/data/000000536605.jpg,train,calibration,000000536605,4,0.32545753761574076,1.0,3,False,high_overlap
coco-rem,000000395321,/home/felix/fiftyone/coco-2017/train/data/000000395321.jpg,train,calibration,000000395321,5,0.08503580729166667,1.0,5,False,many_categories
coco-rem,000000210845,/home/felix/fiftyone/coco-2017/train/data/000000210845.jpg,train,calibration,000000210845,51,0.00521268267223382,0.8823529411764706,6,True,crowd
coco-rem,000000171453,/home/felix/fiftyone/coco-2017/train/data/000000171453.jpg,train,calibration,000000171453,6,0.000927734375,1.0,3,False,small_objects
coco-rem,000000340488,/home/felix/fiftyone/coco-2017/train/data/000000340488.jpg,train,calibration,000000340488,24,0.003400297619047619,0.875,5,True,many_objects
coco-rem,000000514321,/home/felix/fiftyone/coco-2017/train/data/000000514321.jpg,train,calibration,000000514321,2,0.454970703125,1.0,2,False,high_overlap
coco-rem,000000153734,/home/felix/fiftyone/coco-2017/train/data/000000153734.jpg,train,calibration,000000153734,32,0.0027169935597189695,0.59375,5,True,many_categories
coco-rem,000000413626,/home/felix/fiftyone/coco-2017/train/data/000000413626.jpg,train,calibration,000000413626,28,0.00628125,0.4642857142857143,4,True,crowd
coco-rem,000000505520,/home/felix/fiftyone/coco-2017/train/data/000000505520.jpg,train,calibration,000000505520,10,0.00012369791666666668,1.0,2,False,small_objects
coco-rem,000000355685,/home/felix/fiftyone/coco-2017/train/data/000000355685.jpg,train,calibration,000000355685,27,0.006000285388127854,0.9629629629629629,10,False,many_objects
coco-rem,000000155285,/home/felix/fiftyone/coco-2017/train/data/000000155285.jpg,train,calibration,000000155285,8,0.04637368266978923,1.0,2,False,high_overlap
coco-rem,000000066520,/home/felix/fiftyone/coco-2017/train/data/000000066520.jpg,train,calibration,000000066520,10,0.00823467966573816,0.6,6,False,many_categories
coco-rem,000000267152,/home/felix/fiftyone/coco-2017/train/data/000000267152.jpg,train,calibration,000000267152,35,0.001513975155279503,0.6571428571428571,3,True,crowd
coco-rem,000000493840,/home/felix/fiftyone/coco-2017/train/data/000000493840.jpg,train,calibration,000000493840,7,0.0010548523206751054,0.2857142857142857,5,False,small_objects
coco-rem,000000552336,/home/felix/fiftyone/coco-2017/train/data/000000552336.jpg,train,calibration,000000552336,21,0.025581470893970892,0.8095238095238095,2,False,many_objects
coco-rem,000000170000,/home/felix/fiftyone/coco-2017/train/data/000000170000.jpg,train,calibration,000000170000,3,0.14126255285412262,1.0,3,False,high_overlap
coco-rem,000000074127,/home/felix/fiftyone/coco-2017/train/data/000000074127.jpg,train,calibration,000000074127,16,0.0077083333333333335,0.75,7,False,many_categories
coco-rem,000000207264,/home/felix/fiftyone/coco-2017/train/data/000000207264.jpg,train,calibration,000000207264,13,0.0024088541666666668,0.15384615384615385,1,True,crowd
coco-rem,000000372548,/home/felix/fiftyone/coco-2017/train/data/000000372548.jpg,train,calibration,000000372548,18,0.00022802033492822966,0.8333333333333334,2,False,small_objects
coco-rem,000000511026,/home/felix/fiftyone/coco-2017/train/data/000000511026.jpg,train,calibration,000000511026,320,0.0001658313679245283,0.178125,4,False,many_objects
coco-rem,000000572016,/home/felix/fiftyone/coco-2017/train/data/000000572016.jpg,train,calibration,000000572016,4,0.27205078125,1.0,2,False,high_overlap
coco-rem,000000480014,/home/felix/fiftyone/coco-2017/train/data/000000480014.jpg,train,calibration,000000480014,14,0.0012532552083333334,0.14285714285714285,5,False,many_categories
coco-rem,000000061951,/home/felix/fiftyone/coco-2017/train/data/000000061951.jpg,train,calibration,000000061951,18,0.011846769957983193,0.8333333333333334,3,True,crowd
coco-rem,000000433968,/home/felix/fiftyone/coco-2017/train/data/000000433968.jpg,train,calibration,000000433968,4,0.0004576107899807322,0.0,1,False,small_objects
coco-rem,000000467145,/home/felix/fiftyone/coco-2017/train/data/000000467145.jpg,train,calibration,000000467145,44,0.00403209989539749,0.7045454545454546,11,False,many_objects
coco-rem,000000390782,/home/felix/fiftyone/coco-2017/train/data/000000390782.jpg,train,calibration,000000390782,10,0.0022355487089201877,1.0,3,False,high_overlap
coco-rem,000000154713,/home/felix/fiftyone/coco-2017/train/data/000000154713.jpg,train,calibration,000000154713,6,0.11805989583333333,1.0,5,False,many_categories
coco-rem,000000059252,/home/felix/fiftyone/coco-2017/train/data/000000059252.jpg,train,calibration,000000059252,23,0.0029329608938547485,0.2608695652173913,2,True,crowd
coco-rem,000000008188,/home/felix/fiftyone/coco-2017/train/data/000000008188.jpg,train,calibration,000000008188,14,0.0011692415730337078,0.14285714285714285,5,False,small_objects
coco-rem,000000253474,/home/felix/fiftyone/coco-2017/train/data/000000253474.jpg,train,calibration,000000253474,36,0.001044921875,0.3055555555555556,5,True,many_objects
coco-rem,000000143445,/home/felix/fiftyone/coco-2017/train/data/000000143445.jpg,train,calibration,000000143445,29,0.007765333333333333,1.0,6,False,high_overlap
coco-rem,000000042526,/home/felix/fiftyone/coco-2017/train/data/000000042526.jpg,train,calibration,000000042526,6,0.123824,1.0,5,False,many_categories
coco-rem,000000498022,/home/felix/fiftyone/coco-2017/train/data/000000498022.jpg,train,calibration,000000498022,23,0.008897058823529412,0.34782608695652173,3,True,crowd
coco-rem,000000429741,/home/felix/fiftyone/coco-2017/train/data/000000429741.jpg,train,calibration,000000429741,28,0.0009016927083333333,0.17857142857142858,4,False,small_objects
coco-rem,000000430660,/home/felix/fiftyone/coco-2017/train/data/000000430660.jpg,train,calibration,000000430660,27,0.005740181268882176,0.5555555555555556,2,True,many_objects
coco-rem,000000140507,/home/felix/fiftyone/coco-2017/train/data/000000140507.jpg,train,calibration,000000140507,2,0.038134765625,1.0,2,False,high_overlap
coco-rem,000000065518,/home/felix/fiftyone/coco-2017/train/data/000000065518.jpg,train,calibration,000000065518,20,0.004296875,0.6,6,False,many_categories
coco-rem,000000352091,/home/felix/fiftyone/coco-2017/train/data/000000352091.jpg,train,calibration,000000352091,23,0.004641927083333333,0.7391304347826086,5,True,crowd
coco-rem,000000388880,/home/felix/fiftyone/coco-2017/train/data/000000388880.jpg,train,calibration,000000388880,3,0.001097775175644028,0.6666666666666666,2,False,small_objects
coco-rem,000000251242,/home/felix/fiftyone/coco-2017/train/data/000000251242.jpg,train,calibration,000000251242,25,0.022311197916666668,1.0,5,True,many_objects
coco-rem,000000386945,/home/felix/fiftyone/coco-2017/train/data/000000386945.jpg,train,calibration,000000386945,4,0.49340711805555554,1.0,4,False,high_overlap
coco-rem,000000546147,/home/felix/fiftyone/coco-2017/train/data/000000546147.jpg,train,calibration,000000546147,10,0.02153834894613583,0.9,6,False,many_categories
coco-rem,000000377432,/home/felix/fiftyone/coco-2017/train/data/000000377432.jpg,train,calibration,000000377432,16,0.002822822822822823,0.1875,3,True,crowd
coco-rem,000000301977,/home/felix/fiftyone/coco-2017/train/data/000000301977.jpg,train,calibration,000000301977,132,0.0018345588235294118,0.20454545454545456,3,False,small_objects
coco-rem,000000110794,/home/felix/fiftyone/coco-2017/train/data/000000110794.jpg,train,calibration,000000110794,33,0.0096484375,0.6666666666666666,6,True,many_objects
coco-rem,000000498988,/home/felix/fiftyone/coco-2017/train/data/000000498988.jpg,train,calibration,000000498988,4,0.24628743489583332,1.0,4,False,high_overlap
coco-rem,000000401416,/home/felix/fiftyone/coco-2017/train/data/000000401416.jpg,train,calibration,000000401416,8,0.0025358072916666667,0.875,5,False,many_categories
coco-rem,000000015451,/home/felix/fiftyone/coco-2017/train/data/000000015451.jpg,train,calibration,000000015451,26,0.003324652777777778,0.9615384615384616,5,True,crowd
coco-rem,000000198978,/home/felix/fiftyone/coco-2017/train/data/000000198978.jpg,train,calibration,000000198978,13,0.0016213333333333334,0.0,4,False,small_objects
coco-rem,000000180341,/home/felix/fiftyone/coco-2017/train/data/000000180341.jpg,train,calibration,000000180341,35,0.00234375,0.2571428571428571,4,True,many_objects
coco-rem,000000496274,/home/felix/fiftyone/coco-2017/train/data/000000496274.jpg,train,calibration,000000496274,6,0.09645915354330709,1.0,3,False,high_overlap
coco-rem,000000002283,/home/felix/fiftyone/coco-2017/train/data/000000002283.jpg,train,calibration,000000002283,13,0.002734375,0.6153846153846154,5,False,many_categories
coco-rem,000000497273,/home/felix/fiftyone/coco-2017/train/data/000000497273.jpg,train,calibration,000000497273,24,0.011923828125,0.9583333333333334,4,True,crowd
coco-rem,000000453352,/home/felix/fiftyone/coco-2017/train/data/000000453352.jpg,train,calibration,000000453352,4,0.00087890625,0.75,2,False,small_objects
coco-rem,000000157804,/home/felix/fiftyone/coco-2017/train/data/000000157804.jpg,train,calibration,000000157804,26,0.0026424242424242426,0.4230769230769231,4,True,many_objects
coco-rem,000000102330,/home/felix/fiftyone/coco-2017/train/data/000000102330.jpg,train,calibration,000000102330,4,0.10001838235294118,1.0,4,False,high_overlap
coco-rem,000000329613,/home/felix/fiftyone/coco-2017/train/data/000000329613.jpg,train,calibration,000000329613,11,0.02122641509433962,0.2727272727272727,8,False,many_categories
coco-rem,000000544615,/home/felix/fiftyone/coco-2017/train/data/000000544615.jpg,train,calibration,000000544615,17,0.0046484375,0.5294117647058824,5,True,crowd
coco-rem,000000319494,/home/felix/fiftyone/coco-2017/train/data/000000319494.jpg,train,calibration,000000319494,8,0.0005777994791666667,0.875,2,False,small_objects
coco-rem,000000313465,/home/felix/fiftyone/coco-2017/train/data/000000313465.jpg,train,calibration,000000313465,41,0.00111328125,0.43902439024390244,5,False,many_objects
coco-rem,000000365131,/home/felix/fiftyone/coco-2017/train/data/000000365131.jpg,train,calibration,000000365131,2,0.04614902712264151,1.0,2,False,high_overlap
coco-rem,000000317595,/home/felix/fiftyone/coco-2017/train/data/000000317595.jpg,train,calibration,000000317595,13,0.009176070601851851,0.9230769230769231,6,False,many_categories
coco-rem,000000490044,/home/felix/fiftyone/coco-2017/train/data/000000490044.jpg,train,calibration,000000490044,221,0.001152482269503546,0.14479638009049775,5,True,crowd
coco-rem,000000277089,/home/felix/fiftyone/coco-2017/train/data/000000277089.jpg,train,calibration,000000277089,24,0.0004524739583333333,0.20833333333333334,7,True,small_objects
coco-rem,000000554106,/home/felix/fiftyone/coco-2017/train/data/000000554106.jpg,train,calibration,000000554106,30,0.004053347280334728,0.9,5,False,many_objects
coco-rem,000000329097,/home/felix/fiftyone/coco-2017/train/data/000000329097.jpg,train,calibration,000000329097,3,0.012115839243498818,1.0,2,False,high_overlap
coco-rem,000000288906,/home/felix/fiftyone/coco-2017/train/data/000000288906.jpg,train,calibration,000000288906,38,0.010218897405660378,0.7368421052631579,9,True,many_categories
coco-rem,000000393317,/home/felix/fiftyone/coco-2017/train/data/000000393317.jpg,train,calibration,000000393317,21,0.0031613372093023256,0.47619047619047616,5,True,crowd
coco-rem,000000513690,/home/felix/fiftyone/coco-2017/train/data/000000513690.jpg,train,calibration,000000513690,11,0.001286764705882353,0.18181818181818182,2,False,small_objects
coco-rem,000000333654,/home/felix/fiftyone/coco-2017/train/data/000000333654.jpg,train,calibration,000000333654,33,0.00095703125,0.0,4,True,many_objects
coco-rem,000000241916,/home/felix/fiftyone/coco-2017/train/data/000000241916.jpg,train,calibration,000000241916,61,0.005525525525525526,1.0,3,False,high_overlap
coco-rem,000000075270,/home/felix/fiftyone/coco-2017/train/data/000000075270.jpg,train,calibration,000000075270,15,0.014230637788884616,0.9333333333333333,7,False,many_categories
coco-rem,000000106813,/home/felix/fiftyone/coco-2017/train/data/000000106813.jpg,train,calibration,000000106813,31,0.0011991279069767443,0.22580645161290322,2,True,crowd
coco-rem,000000362314,/home/felix/fiftyone/coco-2017/train/data/000000362314.jpg,train,calibration,000000362314,81,0.0012532552083333334,0.5061728395061729,8,False,small_objects
coco-rem,000000230554,/home/felix/fiftyone/coco-2017/train/data/000000230554.jpg,train,calibration,000000230554,36,0.001318359375,0.3611111111111111,5,True,many_objects
coco-rem,000000395527,/home/felix/fiftyone/coco-2017/train/data/000000395527.jpg,train,calibration,000000395527,18,0.022340494791666665,1.0,6,False,high_overlap
coco-rem,000000400567,/home/felix/fiftyone/coco-2017/train/data/000000400567.jpg,train,calibration,000000400567,19,0.00494140625,0.47368421052631576,5,False,many_categories
coco-rem,000000178258,/home/felix/fiftyone/coco-2017/train/data/000000178258.jpg,train,calibration,000000178258,14,0.010485478359908883,0.42857142857142855,2,True,crowd
coco-rem,000000075982,/home/felix/fiftyone/coco-2017/train/data/000000075982.jpg,train,calibration,000000075982,6,0.0017541386393845411,0.5,3,False,small_objects
coco-rem,000000450107,/home/felix/fiftyone/coco-2017/train/data/000000450107.jpg,train,calibration,000000450107,78,0.0004903242677824268,0.7564102564102564,4,False,many_objects
coco-rem,000000491681,/home/felix/fiftyone/coco-2017/train/data/000000491681.jpg,train,calibration,000000491681,2,0.01247799295774648,1.0,2,False,high_overlap
coco-rem,000000522930,/home/felix/fiftyone/coco-2017/train/data/000000522930.jpg,train,calibration,000000522930,9,0.0037830882352941175,0.7777777777777778,5,False,many_categories
coco-rem,000000073626,/home/felix/fiftyone/coco-2017/train/data/000000073626.jpg,train,calibration,000000073626,34,0.010863970588235294,0.4411764705882353,6,True,crowd
coco-rem,000000202582,/home/felix/fiftyone/coco-2017/train/data/000000202582.jpg,train,calibration,000000202582,16,0.00029296875,0.5,4,False,small_objects
coco-rem,000000194774,/home/felix/fiftyone/coco-2017/train/data/000000194774.jpg,train,calibration,000000194774,29,0.00390625,0.6206896551724138,7,False,many_objects
coco-rem,000000143578,/home/felix/fiftyone/coco-2017/train/data/000000143578.jpg,train,calibration,000000143578,3,0.09031617647058823,1.0,3,False,high_overlap
coco-rem,000000081200,/home/felix/fiftyone/coco-2017/train/data/000000081200.jpg,train,calibration,000000081200,23,0.010211267605633803,0.9565217391304348,9,False,many_categories
coco-rem,000000172439,/home/felix/fiftyone/coco-2017/train/data/000000172439.jpg,train,calibration,000000172439,23,0.01747159090909091,0.6956521739130435,3,True,crowd
coco-rem,000000256648,/home/felix/fiftyone/coco-2017/train/data/000000256648.jpg,train,calibration,000000256648,8,0.0018076697892271663,0.5,2,False,small_objects
coco-rem,000000432417,/home/felix/fiftyone/coco-2017/train/data/000000432417.jpg,train,calibration,000000432417,26,0.002382172131147541,0.6923076923076923,13,False,many_objects
coco-rem,000000517007,/home/felix/fiftyone/coco-2017/train/data/000000517007.jpg,train,calibration,000000517007,5,0.08525390625,1.0,4,False,high_overlap
coco-rem,000000293165,/home/felix/fiftyone/coco-2017/train/data/000000293165.jpg,train,calibration,000000293165,19,0.015851683937823834,0.8421052631578947,7,False,many_categories
coco-rem,000000403853,/home/felix/fiftyone/coco-2017/train/data/000000403853.jpg,train,calibration,000000403853,14,0.0006764705882352941,0.5,2,True,crowd
coco-rem,000000151577,/home/felix/fiftyone/coco-2017/train/data/000000151577.jpg,train,calibration,000000151577,22,0.0007307942708333333,0.36363636363636365,3,False,small_objects
coco-rem,000000476080,/home/felix/fiftyone/coco-2017/train/data/000000476080.jpg,train,calibration,000000476080,30,0.0005863611713665944,0.36666666666666664,9,False,many_objects
coco-rem,000000006263,/home/felix/fiftyone/coco-2017/train/data/000000006263.jpg,train,calibration,000000006263,3,0.292432,1.0,3,False,high_overlap
coco-rem,000000084996,/home/felix/fiftyone/coco-2017/train/data/000000084996.jpg,train,calibration,000000084996,16,0.015767710772833725,0.5,7,False,many_categories
coco-rem,000000355737,/home/felix/fiftyone/coco-2017/train/data/000000355737.jpg,train,calibration,000000355737,24,0.008645833333333333,0.25,6,True,crowd
coco-rem,000000149364,/home/felix/fiftyone/coco-2017/train/data/000000149364.jpg,train,calibration,000000149364,10,0.0011623475609756097,0.4,3,False,small_objects
coco-rem,000000446500,/home/felix/fiftyone/coco-2017/train/data/000000446500.jpg,train,calibration,000000446500,20,0.013172794117647059,1.0,2,False,many_objects
coco-rem,000000550643,/home/felix/fiftyone/coco-2017/train/data/000000550643.jpg,train,calibration,000000550643,24,0.008683401639344262,1.0,5,False,high_overlap
coco-rem,000000158718,/home/felix/fiftyone/coco-2017/train/data/000000158718.jpg,train,calibration,000000158718,15,0.013597173144876325,0.4666666666666667,6,False,many_categories
coco-rem,000000207763,/home/felix/fiftyone/coco-2017/train/data/000000207763.jpg,train,calibration,000000207763,18,0.0016890404929577464,0.2222222222222222,3,True,crowd
coco-rem,000000409956,/home/felix/fiftyone/coco-2017/train/data/000000409956.jpg,train,calibration,000000409956,20,0.00021033653846153847,0.25,2,True,small_objects
coco-rem,000000013985,/home/felix/fiftyone/coco-2017/train/data/000000013985.jpg,train,calibration,000000013985,30,0.006033597417840376,0.9333333333333333,6,False,many_objects
coco-rem,000000075630,/home/felix/fiftyone/coco-2017/train/data/000000075630.jpg,train,calibration,000000075630,2,0.2359961854460094,1.0,2,False,high_overlap
coco-rem,000000325328,/home/felix/fiftyone/coco-2017/train/data/000000325328.jpg,train,calibration,000000325328,10,0.04462515024038462,0.5,8,False,many_categories
coco-rem,000000349344,/home/felix/fiftyone/coco-2017/train/data/000000349344.jpg,train,calibration,000000349344,20,0.0023995535714285716,1.0,6,True,crowd
