dataset,image_id,filepath,source_split,partition,source_group_id,object_count,median_relative_box_area,overlap_fraction,category_count,crowd_present,selection_group
coco-rem,000000000139,/home/felix/fiftyone/coco-2017/validation/data/000000000139.jpg,validation,locked_confirmation,000000000139,22,0.002888424295774648,0.5,10,False,all_validation
coco-rem,000000000285,/home/felix/fiftyone/coco-2017/validation/data/000000000285.jpg,validation,locked_confirmation,000000000285,1,0.8814419795221843,0.0,1,False,all_validation
coco-rem,000000000632,/home/felix/fiftyone/coco-2017/validation/data/000000000632.jpg,validation,locked_confirmation,000000000632,18,0.001033579192546584,0.0,5,True,all_validation
coco-rem,000000000724,/home/felix/fiftyone/coco-2017/validation/data/000000000724.jpg,validation,locked_confirmation,000000000724,4,0.0028426666666666665,0.0,3,False,all_validation
coco-rem,000000000776,/home/felix/fiftyone/coco-2017/validation/data/000000000776.jpg,validation,locked_confirmation,000000000776,4,0.509866019275701,1.0,2,False,all_validation
coco-rem,000000000785,/home/felix/fiftyone/coco-2017/validation/data/000000000785.jpg,validation,locked_confirmation,000000000785,3,0.020588235294117647,0.6666666666666666,2,False,all_validation
coco-rem,000000000802,/home/felix/fiftyone/coco-2017/validation/data/000000000802.jpg,validation,locked_confirmation,000000000802,2,0.16129127358490566,0.0,2,False,all_validation
coco-rem,000000000872,/home/felix/fiftyone/coco-2017/validation/data/000000000872.jpg,validation,locked_confirmation,000000000872,4,0.1563846115136876,1.0,3,False,all_validation
coco-rem,000000000885,/home/felix/fiftyone/coco-2017/validation/data/000000000885.jpg,validation,locked_confirmation,000000000885,9,0.004061768149882904,0.0,2,False,all_validation
coco-rem,000000001000,/home/felix/fiftyone/coco-2017/validation/data/000000001000.jpg,validation,locked_confirmation,000000001000,17,0.04033203125,0.7058823529411765,4,False,all_validation
coco-rem,000000001268,/home/felix/fiftyone/coco-2017/validation/data/000000001268.jpg,validation,locked_confirmation,000000001268,11,0.009067622950819672,0.45454545454545453,6,False,all_validation
coco-rem,000000001296,/home/felix/fiftyone/coco-2017/validation/data/000000001296.jpg,validation,locked_confirmation,000000001296,5,0.03504098360655738,1.0,3,False,all_validation
coco-rem,000000001353,/home/felix/fiftyone/coco-2017/validation/data/000000001353.jpg,validation,locked_confirmation,000000001353,8,0.039568,0.375,2,False,all_validation
coco-rem,000000001425,/home/felix/fiftyone/coco-2017/validation/data/000000001425.jpg,validation,locked_confirmation,000000001425,3,0.140625,0.0,3,False,all_validation
coco-rem,000000001490,/home/felix/fiftyone/coco-2017/validation/data/000000001490.jpg,validation,locked_confirmation,000000001490,2,0.023115079365079366,0.0,2,False,all_validation
coco-rem,000000001503,/home/felix/fiftyone/coco-2017/validation/data/000000001503.jpg,validation,locked_confirmation,000000001503,5,0.083984375,0.4,4,False,all_validation
coco-rem,000000001532,/home/felix/fiftyone/coco-2017/validation/data/000000001532.jpg,validation,locked_confirmation,000000001532,8,0.009156901041666667,0.375,2,False,all_validation
coco-rem,000000001584,/home/felix/fiftyone/coco-2017/validation/data/000000001584.jpg,validation,locked_confirmation,000000001584,14,0.0016006130120893673,0.6428571428571429,2,False,all_validation
coco-rem,000000001675,/home/felix/fiftyone/coco-2017/validation/data/000000001675.jpg,validation,locked_confirmation,000000001675,3,0.3625,0.6666666666666666,3,False,all_validation
coco-rem,000000001761,/home/felix/fiftyone/coco-2017/validation/data/000000001761.jpg,validation,locked_confirmation,000000001761,11,0.000311036299765808,0.18181818181818182,3,False,all_validation
coco-rem,000000001818,/home/felix/fiftyone/coco-2017/validation/data/000000001818.jpg,validation,locked_confirmation,000000001818,2,0.7976360294117647,1.0,1,False,all_validation
coco-rem,000000001993,/home/felix/fiftyone/coco-2017/validation/data/000000001993.jpg,validation,locked_confirmation,000000001993,4,0.0848541915274463,0.5,3,False,all_validation
coco-rem,000000002006,/home/felix/fiftyone/coco-2017/validation/data/000000002006.jpg,validation,locked_confirmation,000000002006,9,0.0013541666666666667,0.5555555555555556,4,False,all_validation
coco-rem,000000002149,/home/felix/fiftyone/coco-2017/validation/data/000000002149.jpg,validation,locked_confirmation,000000002149,9,0.09539666276346605,1.0,2,False,all_validation
coco-rem,000000002153,/home/felix/fiftyone/coco-2017/validation/data/000000002153.jpg,validation,locked_confirmation,000000002153,5,0.041875,0.6,2,False,all_validation
coco-rem,000000002157,/home/felix/fiftyone/coco-2017/validation/data/000000002157.jpg,validation,locked_confirmation,000000002157,16,0.027243120608899298,0.9375,5,False,all_validation
coco-rem,000000002261,/home/felix/fiftyone/coco-2017/validation/data/000000002261.jpg,validation,locked_confirmation,000000002261,2,0.028651932084309134,0.0,2,False,all_validation
coco-rem,000000002299,/home/felix/fiftyone/coco-2017/validation/data/000000002299.jpg,validation,locked_confirmation,000000002299,22,0.022596026490066225,0.36363636363636365,2,True,all_validation
coco-rem,000000002431,/home/felix/fiftyone/coco-2017/validation/data/000000002431.jpg,validation,locked_confirmation,000000002431,10,0.03962664113785558,0.7,6,False,all_validation
coco-rem,000000002473,/home/felix/fiftyone/coco-2017/validation/data/000000002473.jpg,validation,locked_confirmation,000000002473,6,0.004837529274004684,0.5,2,False,all_validation
coco-rem,000000002532,/home/felix/fiftyone/coco-2017/validation/data/000000002532.jpg,validation,locked_confirmation,000000002532,3,0.0046875,0.6666666666666666,2,False,all_validation
coco-rem,000000002587,/home/felix/fiftyone/coco-2017/validation/data/000000002587.jpg,validation,locked_confirmation,000000002587,2,0.4916933333333333,1.0,2,False,all_validation
coco-rem,000000002592,/home/felix/fiftyone/coco-2017/validation/data/000000002592.jpg,validation,locked_confirmation,000000002592,3,0.23685109289617487,1.0,3,False,all_validation
coco-rem,000000002685,/home/felix/fiftyone/coco-2017/validation/data/000000002685.jpg,validation,locked_confirmation,000000002685,19,0.005135135135135135,0.9473684210526315,5,False,all_validation
coco-rem,000000002923,/home/felix/fiftyone/coco-2017/validation/data/000000002923.jpg,validation,locked_confirmation,000000002923,8,0.002824,0.0,2,False,all_validation
coco-rem,000000003156,/home/felix/fiftyone/coco-2017/validation/data/000000003156.jpg,validation,locked_confirmation,000000003156,3,0.2342938769751693,1.0,3,False,all_validation
coco-rem,000000003255,/home/felix/fiftyone/coco-2017/validation/data/000000003255.jpg,validation,locked_confirmation,000000003255,11,0.0019412878787878787,0.7272727272727273,3,False,all_validation
coco-rem,000000003501,/home/felix/fiftyone/coco-2017/validation/data/000000003501.jpg,validation,locked_confirmation,000000003501,5,0.0503278653509334,1.0,2,False,all_validation
coco-rem,000000003553,/home/felix/fiftyone/coco-2017/validation/data/000000003553.jpg,validation,locked_confirmation,000000003553,2,0.17965639637002342,0.0,2,False,all_validation
coco-rem,000000003661,/home/felix/fiftyone/coco-2017/validation/data/000000003661.jpg,validation,locked_confirmation,000000003661,7,0.0966552734375,0.5714285714285714,3,False,all_validation
coco-rem,000000003845,/home/felix/fiftyone/coco-2017/validation/data/000000003845.jpg,validation,locked_confirmation,000000003845,13,0.020106666666666665,1.0,6,False,all_validation
coco-rem,000000003934,/home/felix/fiftyone/coco-2017/validation/data/000000003934.jpg,validation,locked_confirmation,000000003934,14,0.007072,0.5714285714285714,5,False,all_validation
coco-rem,000000004134,/home/felix/fiftyone/coco-2017/validation/data/000000004134.jpg,validation,locked_confirmation,000000004134,26,0.007676470588235294,0.9615384615384616,5,False,all_validation
coco-rem,000000004395,/home/felix/fiftyone/coco-2017/validation/data/000000004395.jpg,validation,locked_confirmation,000000004395,2,0.5620882352941177,1.0,2,False,all_validation
coco-rem,000000004495,/home/felix/fiftyone/coco-2017/validation/data/000000004495.jpg,validation,locked_confirmation,000000004495,3,0.14224533333333333,0.0,3,False,all_validation
coco-rem,000000004765,/home/felix/fiftyone/coco-2017/validation/data/000000004765.jpg,validation,locked_confirmation,000000004765,2,0.09418119099491648,0.0,2,False,all_validation
coco-rem,000000004795,/home/felix/fiftyone/coco-2017/validation/data/000000004795.jpg,validation,locked_confirmation,000000004795,4,0.29192220052083334,1.0,4,False,all_validation
coco-rem,000000005001,/home/felix/fiftyone/coco-2017/validation/data/000000005001.jpg,validation,locked_confirmation,000000005001,17,0.0305859375,0.6470588235294118,4,True,all_validation
coco-rem,000000005037,/home/felix/fiftyone/coco-2017/validation/data/000000005037.jpg,validation,locked_confirmation,000000005037,10,0.0015294117647058824,0.5,3,False,all_validation
coco-rem,000000005060,/home/felix/fiftyone/coco-2017/validation/data/000000005060.jpg,validation,locked_confirmation,000000005060,2,0.0507666015625,1.0,2,False,all_validation
coco-rem,000000005193,/home/felix/fiftyone/coco-2017/validation/data/000000005193.jpg,validation,locked_confirmation,000000005193,9,0.09902941176470588,0.6666666666666666,3,False,all_validation
coco-rem,000000005477,/home/felix/fiftyone/coco-2017/validation/data/000000005477.jpg,validation,locked_confirmation,000000005477,3,0.013852077363896848,1.0,1,False,all_validation
coco-rem,000000005503,/home/felix/fiftyone/coco-2017/validation/data/000000005503.jpg,validation,locked_confirmation,000000005503,1,0.7617297297297297,0.0,1,False,all_validation
coco-rem,000000005529,/home/felix/fiftyone/coco-2017/validation/data/000000005529.jpg,validation,locked_confirmation,000000005529,3,0.0058065878378378375,1.0,2,False,all_validation
coco-rem,000000005586,/home/felix/fiftyone/coco-2017/validation/data/000000005586.jpg,validation,locked_confirmation,000000005586,14,0.0018424479166666667,0.0,2,True,all_validation
coco-rem,000000005600,/home/felix/fiftyone/coco-2017/validation/data/000000005600.jpg,validation,locked_confirmation,000000005600,3,0.2083275623268698,0.0,2,False,all_validation
coco-rem,000000005992,/home/felix/fiftyone/coco-2017/validation/data/000000005992.jpg,validation,locked_confirmation,000000005992,6,0.10911762558411214,0.3333333333333333,1,False,all_validation
coco-rem,000000006012,/home/felix/fiftyone/coco-2017/validation/data/000000006012.jpg,validation,locked_confirmation,000000006012,7,0.12254001883239171,1.0,2,False,all_validation
coco-rem,000000006040,/home/felix/fiftyone/coco-2017/validation/data/000000006040.jpg,validation,locked_confirmation,000000006040,12,0.002114494301994302,1.0,4,False,all_validation
coco-rem,000000006213,/home/felix/fiftyone/coco-2017/validation/data/000000006213.jpg,validation,locked_confirmation,000000006213,2,0.006873161764705882,0.0,1,False,all_validation
coco-rem,000000006460,/home/felix/fiftyone/coco-2017/validation/data/000000006460.jpg,validation,locked_confirmation,000000006460,2,0.008650468384074942,0.0,2,False,all_validation
coco-rem,000000006471,/home/felix/fiftyone/coco-2017/validation/data/000000006471.jpg,validation,locked_confirmation,000000006471,18,0.014924924924924926,0.6111111111111112,5,False,all_validation
coco-rem,000000006614,/home/felix/fiftyone/coco-2017/validation/data/000000006614.jpg,validation,locked_confirmation,000000006614,3,0.16262626262626262,0.0,2,False,all_validation
coco-rem,000000006723,/home/felix/fiftyone/coco-2017/validation/data/000000006723.jpg,validation,locked_confirmation,000000006723,5,0.002380540166204986,0.0,2,False,all_validation
coco-rem,000000006763,/home/felix/fiftyone/coco-2017/validation/data/000000006763.jpg,validation,locked_confirmation,000000006763,8,0.06540266666666666,1.0,5,False,all_validation
coco-rem,000000006771,/home/felix/fiftyone/coco-2017/validation/data/000000006771.jpg,validation,locked_confirmation,000000006771,9,0.09257903981264637,1.0,2,False,all_validation
coco-rem,000000006818,/home/felix/fiftyone/coco-2017/validation/data/000000006818.jpg,validation,locked_confirmation,000000006818,1,0.019408665105386417,0.0,1,False,all_validation
coco-rem,000000006894,/home/felix/fiftyone/coco-2017/validation/data/000000006894.jpg,validation,locked_confirmation,000000006894,2,0.6535986328125,1.0,2,False,all_validation
coco-rem,000000006954,/home/felix/fiftyone/coco-2017/validation/data/000000006954.jpg,validation,locked_confirmation,000000006954,7,0.0587890625,0.7142857142857143,2,False,all_validation
coco-rem,000000007088,/home/felix/fiftyone/coco-2017/validation/data/000000007088.jpg,validation,locked_confirmation,000000007088,4,0.039838846757322174,0.0,4,False,all_validation
coco-rem,000000007108,/home/felix/fiftyone/coco-2017/validation/data/000000007108.jpg,validation,locked_confirmation,000000007108,5,0.07845510563380281,0.8,1,False,all_validation
coco-rem,000000007278,/home/felix/fiftyone/coco-2017/validation/data/000000007278.jpg,validation,locked_confirmation,000000007278,2,0.02318788900414938,0.0,2,False,all_validation
coco-rem,000000007281,/home/felix/fiftyone/coco-2017/validation/data/000000007281.jpg,validation,locked_confirmation,000000007281,12,0.0012725069252077562,0.3333333333333333,2,False,all_validation
coco-rem,000000007386,/home/felix/fiftyone/coco-2017/validation/data/000000007386.jpg,validation,locked_confirmation,000000007386,5,0.0181125,1.0,4,False,all_validation
coco-rem,000000007511,/home/felix/fiftyone/coco-2017/validation/data/000000007511.jpg,validation,locked_confirmation,000000007511,16,0.0005338541666666666,0.125,3,True,all_validation
coco-rem,000000007574,/home/felix/fiftyone/coco-2017/validation/data/000000007574.jpg,validation,locked_confirmation,000000007574,16,0.0038704427083333334,0.125,9,False,all_validation
coco-rem,000000007784,/home/felix/fiftyone/coco-2017/validation/data/000000007784.jpg,validation,locked_confirmation,000000007784,1,0.2774933333333333,0.0,1,False,all_validation
coco-rem,000000007795,/home/felix/fiftyone/coco-2017/validation/data/000000007795.jpg,validation,locked_confirmation,000000007795,4,0.04951331967213115,0.5,3,False,all_validation
coco-rem,000000007816,/home/felix/fiftyone/coco-2017/validation/data/000000007816.jpg,validation,locked_confirmation,000000007816,11,0.011065573770491803,0.8181818181818182,2,False,all_validation
coco-rem,000000007818,/home/felix/fiftyone/coco-2017/validation/data/000000007818.jpg,validation,locked_confirmation,000000007818,11,0.018230386416861828,0.6363636363636364,6,False,all_validation
coco-rem,000000007888,/home/felix/fiftyone/coco-2017/validation/data/000000007888.jpg,validation,locked_confirmation,000000007888,2,0.04820973746081505,0.0,1,False,all_validation
coco-rem,000000007977,/home/felix/fiftyone/coco-2017/validation/data/000000007977.jpg,validation,locked_confirmation,000000007977,6,0.0004916958041958042,0.6666666666666666,2,False,all_validation
coco-rem,000000007991,/home/felix/fiftyone/coco-2017/validation/data/000000007991.jpg,validation,locked_confirmation,000000007991,4,0.028203342618384402,0.75,1,True,all_validation
coco-rem,000000008021,/home/felix/fiftyone/coco-2017/validation/data/000000008021.jpg,validation,locked_confirmation,000000008021,7,0.0073046875,0.8571428571428571,3,False,all_validation
coco-rem,000000008211,/home/felix/fiftyone/coco-2017/validation/data/000000008211.jpg,validation,locked_confirmation,000000008211,6,0.02828329248366013,0.6666666666666666,4,False,all_validation
coco-rem,000000008277,/home/felix/fiftyone/coco-2017/validation/data/000000008277.jpg,validation,locked_confirmation,000000008277,13,0.015592293562305097,1.0,3,False,all_validation
coco-rem,000000008532,/home/felix/fiftyone/coco-2017/validation/data/000000008532.jpg,validation,locked_confirmation,000000008532,2,0.3725663879107981,1.0,2,False,all_validation
coco-rem,000000008629,/home/felix/fiftyone/coco-2017/validation/data/000000008629.jpg,validation,locked_confirmation,000000008629,7,0.07134521484375,0.2857142857142857,2,False,all_validation
coco-rem,000000008690,/home/felix/fiftyone/coco-2017/validation/data/000000008690.jpg,validation,locked_confirmation,000000008690,5,0.18367838541666667,0.4,2,False,all_validation
coco-rem,000000008762,/home/felix/fiftyone/coco-2017/validation/data/000000008762.jpg,validation,locked_confirmation,000000008762,7,0.0025687939110070257,0.0,2,False,all_validation
coco-rem,000000008844,/home/felix/fiftyone/coco-2017/validation/data/000000008844.jpg,validation,locked_confirmation,000000008844,34,0.00560262617370892,0.47058823529411764,2,True,all_validation
coco-rem,000000008899,/home/felix/fiftyone/coco-2017/validation/data/000000008899.jpg,validation,locked_confirmation,000000008899,2,0.011841952690166977,0.0,2,False,all_validation
coco-rem,000000009378,/home/felix/fiftyone/coco-2017/validation/data/000000009378.jpg,validation,locked_confirmation,000000009378,10,0.012808333333333333,0.5,2,False,all_validation
coco-rem,000000009400,/home/felix/fiftyone/coco-2017/validation/data/000000009400.jpg,validation,locked_confirmation,000000009400,26,0.020625,0.7692307692307693,6,False,all_validation
coco-rem,000000009448,/home/felix/fiftyone/coco-2017/validation/data/000000009448.jpg,validation,locked_confirmation,000000009448,2,0.4817575998185118,1.0,2,False,all_validation
coco-rem,000000009483,/home/felix/fiftyone/coco-2017/validation/data/000000009483.jpg,validation,locked_confirmation,000000009483,7,0.0038671875,0.2857142857142857,5,False,all_validation
coco-rem,000000009590,/home/felix/fiftyone/coco-2017/validation/data/000000009590.jpg,validation,locked_confirmation,000000009590,29,0.0033848067915690865,0.7586206896551724,8,False,all_validation
coco-rem,000000009769,/home/felix/fiftyone/coco-2017/validation/data/000000009769.jpg,validation,locked_confirmation,000000009769,5,0.00650390625,0.8,3,False,all_validation
coco-rem,000000009772,/home/felix/fiftyone/coco-2017/validation/data/000000009772.jpg,validation,locked_confirmation,000000009772,4,0.011819602272727273,0.0,3,False,all_validation
coco-rem,000000009891,/home/felix/fiftyone/coco-2017/validation/data/000000009891.jpg,validation,locked_confirmation,000000009891,16,0.007696940104166667,0.875,5,False,all_validation
coco-rem,000000009914,/home/felix/fiftyone/coco-2017/validation/data/000000009914.jpg,validation,locked_confirmation,000000009914,6,0.11485677083333333,0.0,4,False,all_validation
coco-rem,000000010092,/home/felix/fiftyone/coco-2017/validation/data/000000010092.jpg,validation,locked_confirmation,000000010092,5,0.0539906103286385,0.6,4,False,all_validation
coco-rem,000000010363,/home/felix/fiftyone/coco-2017/validation/data/000000010363.jpg,validation,locked_confirmation,000000010363,4,0.07952302631578947,0.75,4,False,all_validation
coco-rem,000000010583,/home/felix/fiftyone/coco-2017/validation/data/000000010583.jpg,validation,locked_confirmation,000000010583,4,0.20780869537357427,1.0,3,False,all_validation
coco-rem,000000010707,/home/felix/fiftyone/coco-2017/validation/data/000000010707.jpg,validation,locked_confirmation,000000010707,15,0.005703125,0.9333333333333333,8,False,all_validation
coco-rem,000000010764,/home/felix/fiftyone/coco-2017/validation/data/000000010764.jpg,validation,locked_confirmation,000000010764,2,0.16783977004716982,1.0,2,False,all_validation
coco-rem,000000010977,/home/felix/fiftyone/coco-2017/validation/data/000000010977.jpg,validation,locked_confirmation,000000010977,4,0.0077866666666666666,0.0,3,False,all_validation
coco-rem,000000010995,/home/felix/fiftyone/coco-2017/validation/data/000000010995.jpg,validation,locked_confirmation,000000010995,1,0.43841145833333334,0.0,1,False,all_validation
coco-rem,000000011051,/home/felix/fiftyone/coco-2017/validation/data/000000011051.jpg,validation,locked_confirmation,000000011051,3,0.506885494402985,0.6666666666666666,2,False,all_validation
coco-rem,000000011122,/home/felix/fiftyone/coco-2017/validation/data/000000011122.jpg,validation,locked_confirmation,000000011122,1,0.019300130208333332,0.0,1,False,all_validation
coco-rem,000000011149,/home/felix/fiftyone/coco-2017/validation/data/000000011149.jpg,validation,locked_confirmation,000000011149,5,0.14631466666666668,0.0,3,False,all_validation
coco-rem,000000011197,/home/felix/fiftyone/coco-2017/validation/data/000000011197.jpg,validation,locked_confirmation,000000011197,18,0.001600922131147541,0.2777777777777778,5,False,all_validation
coco-rem,000000011511,/home/felix/fiftyone/coco-2017/validation/data/000000011511.jpg,validation,locked_confirmation,000000011511,10,0.020819302262931036,0.6,4,False,all_validation
coco-rem,000000011615,/home/felix/fiftyone/coco-2017/validation/data/000000011615.jpg,validation,locked_confirmation,000000011615,2,0.006643880208333334,0.0,2,False,all_validation
coco-rem,000000011699,/home/felix/fiftyone/coco-2017/validation/data/000000011699.jpg,validation,locked_confirmation,000000011699,6,0.13199544270833333,0.8333333333333334,3,False,all_validation
coco-rem,000000011760,/home/felix/fiftyone/coco-2017/validation/data/000000011760.jpg,validation,locked_confirmation,000000011760,3,0.16888235294117648,0.0,1,False,all_validation
coco-rem,000000011813,/home/felix/fiftyone/coco-2017/validation/data/000000011813.jpg,validation,locked_confirmation,000000011813,2,0.05630630630630631,0.0,2,False,all_validation
coco-rem,000000012062,/home/felix/fiftyone/coco-2017/validation/data/000000012062.jpg,validation,locked_confirmation,000000012062,4,0.19901017271662763,0.0,2,False,all_validation
coco-rem,000000012120,/home/felix/fiftyone/coco-2017/validation/data/000000012120.jpg,validation,locked_confirmation,000000012120,24,0.0011974299065420561,0.16666666666666666,4,True,all_validation
coco-rem,000000012280,/home/felix/fiftyone/coco-2017/validation/data/000000012280.jpg,validation,locked_confirmation,000000012280,5,0.00849609375,0.0,3,False,all_validation
coco-rem,000000012576,/home/felix/fiftyone/coco-2017/validation/data/000000012576.jpg,validation,locked_confirmation,000000012576,17,0.017356770833333333,0.5882352941176471,7,False,all_validation
coco-rem,000000012639,/home/felix/fiftyone/coco-2017/validation/data/000000012639.jpg,validation,locked_confirmation,000000012639,15,0.00623046875,0.5333333333333333,3,True,all_validation
coco-rem,000000012667,/home/felix/fiftyone/coco-2017/validation/data/000000012667.jpg,validation,locked_confirmation,000000012667,1,0.11177083333333333,0.0,1,False,all_validation
coco-rem,000000012670,/home/felix/fiftyone/coco-2017/validation/data/000000012670.jpg,validation,locked_confirmation,000000012670,28,0.02239157418224299,0.6428571428571429,5,True,all_validation
coco-rem,000000012748,/home/felix/fiftyone/coco-2017/validation/data/000000012748.jpg,validation,locked_confirmation,000000012748,3,0.3871875,0.6666666666666666,2,False,all_validation
coco-rem,000000013004,/home/felix/fiftyone/coco-2017/validation/data/000000013004.jpg,validation,locked_confirmation,000000013004,2,0.6690133333333333,1.0,2,False,all_validation
coco-rem,000000013177,/home/felix/fiftyone/coco-2017/validation/data/000000013177.jpg,validation,locked_confirmation,000000013177,3,0.3427290690866511,0.6666666666666666,3,False,all_validation
coco-rem,000000013201,/home/felix/fiftyone/coco-2017/validation/data/000000013201.jpg,validation,locked_confirmation,000000013201,2,0.18075966042154568,1.0,2,False,all_validation
coco-rem,000000013291,/home/felix/fiftyone/coco-2017/validation/data/000000013291.jpg,validation,locked_confirmation,000000013291,8,0.037611940298507465,0.875,2,False,all_validation
coco-rem,000000013348,/home/felix/fiftyone/coco-2017/validation/data/000000013348.jpg,validation,locked_confirmation,000000013348,12,0.0008288202576112412,0.8333333333333334,3,False,all_validation
coco-rem,000000013546,/home/felix/fiftyone/coco-2017/validation/data/000000013546.jpg,validation,locked_confirmation,000000013546,8,0.0071433823529411765,0.5,3,False,all_validation
coco-rem,000000013597,/home/felix/fiftyone/coco-2017/validation/data/000000013597.jpg,validation,locked_confirmation,000000013597,2,0.8267775735294117,1.0,2,False,all_validation
coco-rem,000000013659,/home/felix/fiftyone/coco-2017/validation/data/000000013659.jpg,validation,locked_confirmation,000000013659,22,0.018289388020833332,0.6363636363636364,8,False,all_validation
coco-rem,000000013729,/home/felix/fiftyone/coco-2017/validation/data/000000013729.jpg,validation,locked_confirmation,000000013729,12,0.0314501953125,0.6666666666666666,6,False,all_validation
coco-rem,000000013774,/home/felix/fiftyone/coco-2017/validation/data/000000013774.jpg,validation,locked_confirmation,000000013774,2,0.005006510416666667,0.0,2,False,all_validation
coco-rem,000000013923,/home/felix/fiftyone/coco-2017/validation/data/000000013923.jpg,validation,locked_confirmation,000000013923,21,0.01093018149882904,0.5238095238095238,8,False,all_validation
coco-rem,000000014007,/home/felix/fiftyone/coco-2017/validation/data/000000014007.jpg,validation,locked_confirmation,000000014007,2,0.11087147887323943,0.0,2,False,all_validation
coco-rem,000000014038,/home/felix/fiftyone/coco-2017/validation/data/000000014038.jpg,validation,locked_confirmation,000000014038,49,0.001639344262295082,0.7142857142857143,13,False,all_validation
coco-rem,000000014226,/home/felix/fiftyone/coco-2017/validation/data/000000014226.jpg,validation,locked_confirmation,000000014226,8,0.07375651041666667,0.625,5,False,all_validation
coco-rem,000000014380,/home/felix/fiftyone/coco-2017/validation/data/000000014380.jpg,validation,locked_confirmation,000000014380,2,0.10121304156908666,0.0,2,False,all_validation
coco-rem,000000014439,/home/felix/fiftyone/coco-2017/validation/data/000000014439.jpg,validation,locked_confirmation,000000014439,20,0.002701500618811881,0.4,4,True,all_validation
coco-rem,000000014473,/home/felix/fiftyone/coco-2017/validation/data/000000014473.jpg,validation,locked_confirmation,000000014473,9,0.0020491803278688526,0.5555555555555556,2,False,all_validation
coco-rem,000000014831,/home/felix/fiftyone/coco-2017/validation/data/000000014831.jpg,validation,locked_confirmation,000000014831,2,0.5164095052083333,0.0,2,False,all_validation
coco-rem,000000014888,/home/felix/fiftyone/coco-2017/validation/data/000000014888.jpg,validation,locked_confirmation,000000014888,1,0.8956901041666666,0.0,1,False,all_validation
coco-rem,000000015079,/home/felix/fiftyone/coco-2017/validation/data/000000015079.jpg,validation,locked_confirmation,000000015079,3,0.208984375,0.0,2,False,all_validation
coco-rem,000000015254,/home/felix/fiftyone/coco-2017/validation/data/000000015254.jpg,validation,locked_confirmation,000000015254,8,0.1052126024590164,0.5,3,False,all_validation
coco-rem,000000015272,/home/felix/fiftyone/coco-2017/validation/data/000000015272.jpg,validation,locked_confirmation,000000015272,1,0.08278301886792452,0.0,1,False,all_validation
coco-rem,000000015278,/home/felix/fiftyone/coco-2017/validation/data/000000015278.jpg,validation,locked_confirmation,000000015278,1,0.8770833333333333,0.0,1,False,all_validation
coco-rem,000000015335,/home/felix/fiftyone/coco-2017/validation/data/000000015335.jpg,validation,locked_confirmation,000000015335,17,0.027649739583333333,0.8235294117647058,7,False,all_validation
coco-rem,000000015338,/home/felix/fiftyone/coco-2017/validation/data/000000015338.jpg,validation,locked_confirmation,000000015338,5,0.008490566037735849,0.0,3,False,all_validation
coco-rem,000000015440,/home/felix/fiftyone/coco-2017/validation/data/000000015440.jpg,validation,locked_confirmation,000000015440,3,0.01921410891089109,0.0,2,False,all_validation
coco-rem,000000015497,/home/felix/fiftyone/coco-2017/validation/data/000000015497.jpg,validation,locked_confirmation,000000015497,3,0.5836458333333333,1.0,3,False,all_validation
coco-rem,000000015517,/home/felix/fiftyone/coco-2017/validation/data/000000015517.jpg,validation,locked_confirmation,000000015517,13,0.005989583333333334,0.15384615384615385,1,True,all_validation
coco-rem,000000015597,/home/felix/fiftyone/coco-2017/validation/data/000000015597.jpg,validation,locked_confirmation,000000015597,3,0.02091512702078522,0.6666666666666666,3,False,all_validation
coco-rem,000000015660,/home/felix/fiftyone/coco-2017/validation/data/000000015660.jpg,validation,locked_confirmation,000000015660,7,0.0018767959770114942,0.0,3,False,all_validation
coco-rem,000000015746,/home/felix/fiftyone/coco-2017/validation/data/000000015746.jpg,validation,locked_confirmation,000000015746,1,0.3811182669789227,0.0,1,False,all_validation
coco-rem,000000015751,/home/felix/fiftyone/coco-2017/validation/data/000000015751.jpg,validation,locked_confirmation,000000015751,4,0.014161299765807963,0.0,1,False,all_validation
coco-rem,000000015956,/home/felix/fiftyone/coco-2017/validation/data/000000015956.jpg,validation,locked_confirmation,000000015956,5,0.001953125,0.0,4,False,all_validation
coco-rem,000000016010,/home/felix/fiftyone/coco-2017/validation/data/000000016010.jpg,validation,locked_confirmation,000000016010,5,0.002673832271762208,0.4,2,False,all_validation
coco-rem,000000016228,/home/felix/fiftyone/coco-2017/validation/data/000000016228.jpg,validation,locked_confirmation,000000016228,20,0.0026633522727272725,0.5,6,True,all_validation
coco-rem,000000016249,/home/felix/fiftyone/coco-2017/validation/data/000000016249.jpg,validation,locked_confirmation,000000016249,11,0.04832876712328767,0.9090909090909091,4,False,all_validation
coco-rem,000000016439,/home/felix/fiftyone/coco-2017/validation/data/000000016439.jpg,validation,locked_confirmation,000000016439,3,0.01755859375,0.6666666666666666,3,False,all_validation
coco-rem,000000016451,/home/felix/fiftyone/coco-2017/validation/data/000000016451.jpg,validation,locked_confirmation,000000016451,12,0.01253524285531206,0.3333333333333333,6,False,all_validation
coco-rem,000000016502,/home/felix/fiftyone/coco-2017/validation/data/000000016502.jpg,validation,locked_confirmation,000000016502,1,0.04165866666666666,0.0,1,False,all_validation
coco-rem,000000016598,/home/felix/fiftyone/coco-2017/validation/data/000000016598.jpg,validation,locked_confirmation,000000016598,3,0.13041644874476988,1.0,3,False,all_validation
coco-rem,000000016958,/home/felix/fiftyone/coco-2017/validation/data/000000016958.jpg,validation,locked_confirmation,000000016958,8,0.011618355724299066,0.0,3,False,all_validation
coco-rem,000000017029,/home/felix/fiftyone/coco-2017/validation/data/000000017029.jpg,validation,locked_confirmation,000000017029,4,0.093948974609375,0.5,3,False,all_validation
coco-rem,000000017031,/home/felix/fiftyone/coco-2017/validation/data/000000017031.jpg,validation,locked_confirmation,000000017031,1,0.49440718562874253,0.0,1,False,all_validation
coco-rem,000000017115,/home/felix/fiftyone/coco-2017/validation/data/000000017115.jpg,validation,locked_confirmation,000000017115,2,0.3282378668171558,0.0,1,False,all_validation
coco-rem,000000017178,/home/felix/fiftyone/coco-2017/validation/data/000000017178.jpg,validation,locked_confirmation,000000017178,6,0.011896223653395785,0.6666666666666666,2,False,all_validation
coco-rem,000000017182,/home/felix/fiftyone/coco-2017/validation/data/000000017182.jpg,validation,locked_confirmation,000000017182,8,0.007505841121495327,0.5,3,False,all_validation
coco-rem,000000017207,/home/felix/fiftyone/coco-2017/validation/data/000000017207.jpg,validation,locked_confirmation,000000017207,5,0.009166666666666667,0.6,4,False,all_validation
coco-rem,000000017379,/home/felix/fiftyone/coco-2017/validation/data/000000017379.jpg,validation,locked_confirmation,000000017379,5,0.016834466527196654,0.6,3,False,all_validation
coco-rem,000000017436,/home/felix/fiftyone/coco-2017/validation/data/000000017436.jpg,validation,locked_confirmation,000000017436,4,0.0158004158004158,0.5,2,False,all_validation
coco-rem,000000017627,/home/felix/fiftyone/coco-2017/validation/data/000000017627.jpg,validation,locked_confirmation,000000017627,16,0.0044580078125,0.5,3,False,all_validation
coco-rem,000000017714,/home/felix/fiftyone/coco-2017/validation/data/000000017714.jpg,validation,locked_confirmation,000000017714,17,0.004671223958333333,1.0,7,False,all_validation
coco-rem,000000017899,/home/felix/fiftyone/coco-2017/validation/data/000000017899.jpg,validation,locked_confirmation,000000017899,11,0.02380859375,0.9090909090909091,9,False,all_validation
coco-rem,000000017905,/home/felix/fiftyone/coco-2017/validation/data/000000017905.jpg,validation,locked_confirmation,000000017905,3,0.027565104166666667,0.0,3,False,all_validation
coco-rem,000000017959,/home/felix/fiftyone/coco-2017/validation/data/000000017959.jpg,validation,locked_confirmation,000000017959,24,0.002894467213114754,0.4166666666666667,3,True,all_validation
coco-rem,000000018150,/home/felix/fiftyone/coco-2017/validation/data/000000018150.jpg,validation,locked_confirmation,000000018150,7,0.02080729166666667,0.8571428571428571,5,False,all_validation
coco-rem,000000018193,/home/felix/fiftyone/coco-2017/validation/data/000000018193.jpg,validation,locked_confirmation,000000018193,3,0.43219401041666666,1.0,3,False,all_validation
coco-rem,000000018380,/home/felix/fiftyone/coco-2017/validation/data/000000018380.jpg,validation,locked_confirmation,000000018380,52,0.0059015551643192485,0.8076923076923077,11,True,all_validation
coco-rem,000000018491,/home/felix/fiftyone/coco-2017/validation/data/000000018491.jpg,validation,locked_confirmation,000000018491,16,0.00817110655737705,0.4375,4,False,all_validation
coco-rem,000000018519,/home/felix/fiftyone/coco-2017/validation/data/000000018519.jpg,validation,locked_confirmation,000000018519,1,0.12607099514563108,0.0,1,False,all_validation
coco-rem,000000018575,/home/felix/fiftyone/coco-2017/validation/data/000000018575.jpg,validation,locked_confirmation,000000018575,9,0.03552734375,1.0,7,False,all_validation
coco-rem,000000018737,/home/felix/fiftyone/coco-2017/validation/data/000000018737.jpg,validation,locked_confirmation,000000018737,1,0.29112997658079626,0.0,1,False,all_validation
coco-rem,000000018770,/home/felix/fiftyone/coco-2017/validation/data/000000018770.jpg,validation,locked_confirmation,000000018770,2,0.3557571553738318,1.0,2,False,all_validation
coco-rem,000000018833,/home/felix/fiftyone/coco-2017/validation/data/000000018833.jpg,validation,locked_confirmation,000000018833,1,0.29240757042253523,0.0,1,False,all_validation
coco-rem,000000018837,/home/felix/fiftyone/coco-2017/validation/data/000000018837.jpg,validation,locked_confirmation,000000018837,9,0.009729817708333333,0.4444444444444444,3,False,all_validation
coco-rem,000000019042,/home/felix/fiftyone/coco-2017/validation/data/000000019042.jpg,validation,locked_confirmation,000000019042,3,0.0023247978436657683,0.0,2,False,all_validation
coco-rem,000000019109,/home/felix/fiftyone/coco-2017/validation/data/000000019109.jpg,validation,locked_confirmation,000000019109,29,0.0068925233644859816,0.5172413793103449,3,False,all_validation
coco-rem,000000019221,/home/felix/fiftyone/coco-2017/validation/data/000000019221.jpg,validation,locked_confirmation,000000019221,2,0.24623921286610878,0.0,2,False,all_validation
coco-rem,000000019402,/home/felix/fiftyone/coco-2017/validation/data/000000019402.jpg,validation,locked_confirmation,000000019402,3,0.5484375,0.6666666666666666,2,False,all_validation
coco-rem,000000019432,/home/felix/fiftyone/coco-2017/validation/data/000000019432.jpg,validation,locked_confirmation,000000019432,15,0.022291666666666668,0.26666666666666666,4,True,all_validation
coco-rem,000000019742,/home/felix/fiftyone/coco-2017/validation/data/000000019742.jpg,validation,locked_confirmation,000000019742,1,0.2318609625668449,0.0,1,False,all_validation
coco-rem,000000019786,/home/felix/fiftyone/coco-2017/validation/data/000000019786.jpg,validation,locked_confirmation,000000019786,6,0.13402133333333333,1.0,4,False,all_validation
coco-rem,000000019924,/home/felix/fiftyone/coco-2017/validation/data/000000019924.jpg,validation,locked_confirmation,000000019924,2,0.49807860262008735,1.0,2,False,all_validation
coco-rem,000000020059,/home/felix/fiftyone/coco-2017/validation/data/000000020059.jpg,validation,locked_confirmation,000000020059,2,0.05286336358313817,0.0,1,False,all_validation
coco-rem,000000020107,/home/felix/fiftyone/coco-2017/validation/data/000000020107.jpg,validation,locked_confirmation,000000020107,1,0.5207687687687688,0.0,1,False,all_validation
coco-rem,000000020247,/home/felix/fiftyone/coco-2017/validation/data/000000020247.jpg,validation,locked_confirmation,000000020247,2,0.11304875547045952,0.0,1,False,all_validation
coco-rem,000000020333,/home/felix/fiftyone/coco-2017/validation/data/000000020333.jpg,validation,locked_confirmation,000000020333,3,0.13331381733021078,0.6666666666666666,3,False,all_validation
coco-rem,000000020553,/home/felix/fiftyone/coco-2017/validation/data/000000020553.jpg,validation,locked_confirmation,000000020553,11,0.007424,0.2727272727272727,6,False,all_validation
coco-rem,000000020571,/home/felix/fiftyone/coco-2017/validation/data/000000020571.jpg,validation,locked_confirmation,000000020571,12,0.0005406423933209647,0.5833333333333334,3,False,all_validation
coco-rem,000000020992,/home/felix/fiftyone/coco-2017/validation/data/000000020992.jpg,validation,locked_confirmation,000000020992,2,0.5618198198198198,1.0,2,False,all_validation
coco-rem,000000021167,/home/felix/fiftyone/coco-2017/validation/data/000000021167.jpg,validation,locked_confirmation,000000021167,4,0.17089752053990612,0.75,3,False,all_validation
coco-rem,000000021465,/home/felix/fiftyone/coco-2017/validation/data/000000021465.jpg,validation,locked_confirmation,000000021465,2,0.04566192170818505,0.0,2,False,all_validation
coco-rem,000000021503,/home/felix/fiftyone/coco-2017/validation/data/000000021503.jpg,validation,locked_confirmation,000000021503,8,0.06871419270833333,0.0,4,False,all_validation
coco-rem,000000021604,/home/felix/fiftyone/coco-2017/validation/data/000000021604.jpg,validation,locked_confirmation,000000021604,2,0.42027587890625,1.0,2,False,all_validation
coco-rem,000000021839,/home/felix/fiftyone/coco-2017/validation/data/000000021839.jpg,validation,locked_confirmation,000000021839,15,0.002392578125,0.5333333333333333,4,False,all_validation
coco-rem,000000021879,/home/felix/fiftyone/coco-2017/validation/data/000000021879.jpg,validation,locked_confirmation,000000021879,7,0.01557377049180328,0.8571428571428571,2,False,all_validation
coco-rem,000000021903,/home/felix/fiftyone/coco-2017/validation/data/000000021903.jpg,validation,locked_confirmation,000000021903,3,0.180126953125,0.0,2,False,all_validation
coco-rem,000000022192,/home/felix/fiftyone/coco-2017/validation/data/000000022192.jpg,validation,locked_confirmation,000000022192,2,0.12789942781690142,0.0,2,False,all_validation
coco-rem,000000022371,/home/felix/fiftyone/coco-2017/validation/data/000000022371.jpg,validation,locked_confirmation,000000022371,4,0.13182728410513142,0.75,4,False,all_validation
coco-rem,000000022396,/home/felix/fiftyone/coco-2017/validation/data/000000022396.jpg,validation,locked_confirmation,000000022396,1,0.0949621212121212,0.0,1,False,all_validation
coco-rem,000000022479,/home/felix/fiftyone/coco-2017/validation/data/000000022479.jpg,validation,locked_confirmation,000000022479,4,0.05788610537190083,0.5,3,False,all_validation
coco-rem,000000022589,/home/felix/fiftyone/coco-2017/validation/data/000000022589.jpg,validation,locked_confirmation,000000022589,2,0.2542008463541667,1.0,1,False,all_validation
coco-rem,000000022623,/home/felix/fiftyone/coco-2017/validation/data/000000022623.jpg,validation,locked_confirmation,000000022623,1,0.9864908854166666,0.0,1,False,all_validation
coco-rem,000000022705,/home/felix/fiftyone/coco-2017/validation/data/000000022705.jpg,validation,locked_confirmation,000000022705,5,0.005815612033195021,0.6,5,False,all_validation
coco-rem,000000022755,/home/felix/fiftyone/coco-2017/validation/data/000000022755.jpg,validation,locked_confirmation,000000022755,4,0.002743345511482255,0.5,2,False,all_validation
coco-rem,000000022892,/home/felix/fiftyone/coco-2017/validation/data/000000022892.jpg,validation,locked_confirmation,000000022892,5,0.2827185628742515,0.8,5,False,all_validation
coco-rem,000000022935,/home/felix/fiftyone/coco-2017/validation/data/000000022935.jpg,validation,locked_confirmation,000000022935,3,0.295087890625,0.6666666666666666,2,False,all_validation
coco-rem,000000022969,/home/felix/fiftyone/coco-2017/validation/data/000000022969.jpg,validation,locked_confirmation,000000022969,2,0.054136,0.0,1,False,all_validation
coco-rem,000000023023,/home/felix/fiftyone/coco-2017/validation/data/000000023023.jpg,validation,locked_confirmation,000000023023,3,0.08572824554658465,0.0,2,False,all_validation
coco-rem,000000023034,/home/felix/fiftyone/coco-2017/validation/data/000000023034.jpg,validation,locked_confirmation,000000023034,5,0.0351288056206089,0.4,3,False,all_validation
coco-rem,000000023126,/home/felix/fiftyone/coco-2017/validation/data/000000023126.jpg,validation,locked_confirmation,000000023126,3,0.13332359813084113,0.6666666666666666,2,False,all_validation
coco-rem,000000023230,/home/felix/fiftyone/coco-2017/validation/data/000000023230.jpg,validation,locked_confirmation,000000023230,4,0.0031575520833333334,0.0,1,False,all_validation
coco-rem,000000023272,/home/felix/fiftyone/coco-2017/validation/data/000000023272.jpg,validation,locked_confirmation,000000023272,3,0.049450666666666664,1.0,2,False,all_validation
coco-rem,000000023359,/home/felix/fiftyone/coco-2017/validation/data/000000023359.jpg,validation,locked_confirmation,000000023359,2,0.037879672897196265,1.0,2,False,all_validation
coco-rem,000000023666,/home/felix/fiftyone/coco-2017/validation/data/000000023666.jpg,validation,locked_confirmation,000000023666,1,0.048951822916666665,0.0,1,False,all_validation
coco-rem,000000023751,/home/felix/fiftyone/coco-2017/validation/data/000000023751.jpg,validation,locked_confirmation,000000023751,1,0.024832848837209303,0.0,1,False,all_validation
coco-rem,000000023781,/home/felix/fiftyone/coco-2017/validation/data/000000023781.jpg,validation,locked_confirmation,000000023781,8,0.021964651639344263,0.5,2,False,all_validation
coco-rem,000000023899,/home/felix/fiftyone/coco-2017/validation/data/000000023899.jpg,validation,locked_confirmation,000000023899,9,0.011727941176470589,1.0,3,False,all_validation
coco-rem,000000023937,/home/felix/fiftyone/coco-2017/validation/data/000000023937.jpg,validation,locked_confirmation,000000023937,7,0.016796875,0.2857142857142857,2,False,all_validation
coco-rem,000000024021,/home/felix/fiftyone/coco-2017/validation/data/000000024021.jpg,validation,locked_confirmation,000000024021,26,0.0020372596153846153,0.2692307692307692,2,True,all_validation
coco-rem,000000024027,/home/felix/fiftyone/coco-2017/validation/data/000000024027.jpg,validation,locked_confirmation,000000024027,3,0.001152,0.0,2,False,all_validation
coco-rem,000000024144,/home/felix/fiftyone/coco-2017/validation/data/000000024144.jpg,validation,locked_confirmation,000000024144,1,0.6783072916666667,0.0,1,False,all_validation
coco-rem,000000024243,/home/felix/fiftyone/coco-2017/validation/data/000000024243.jpg,validation,locked_confirmation,000000024243,18,0.0008219401041666667,0.5555555555555556,3,True,all_validation
coco-rem,000000024567,/home/felix/fiftyone/coco-2017/validation/data/000000024567.jpg,validation,locked_confirmation,000000024567,9,0.05022135416666667,0.3333333333333333,3,False,all_validation
coco-rem,000000024610,/home/felix/fiftyone/coco-2017/validation/data/000000024610.jpg,validation,locked_confirmation,000000024610,16,0.0036865234375,0.375,6,False,all_validation
coco-rem,000000024919,/home/felix/fiftyone/coco-2017/validation/data/000000024919.jpg,validation,locked_confirmation,000000024919,3,0.11300735294117648,0.0,2,False,all_validation
coco-rem,000000025057,/home/felix/fiftyone/coco-2017/validation/data/000000025057.jpg,validation,locked_confirmation,000000025057,4,0.01913056206088993,0.0,3,False,all_validation
coco-rem,000000025096,/home/felix/fiftyone/coco-2017/validation/data/000000025096.jpg,validation,locked_confirmation,000000025096,8,0.025725333333333333,1.0,7,False,all_validation
coco-rem,000000025139,/home/felix/fiftyone/coco-2017/validation/data/000000025139.jpg,validation,locked_confirmation,000000025139,2,0.43469161676646706,0.0,1,False,all_validation
coco-rem,000000025181,/home/felix/fiftyone/coco-2017/validation/data/000000025181.jpg,validation,locked_confirmation,000000025181,9,0.0004098360655737705,0.5555555555555556,4,False,all_validation
coco-rem,000000025228,/home/felix/fiftyone/coco-2017/validation/data/000000025228.jpg,validation,locked_confirmation,000000025228,2,0.1373100630733945,0.0,2,False,all_validation
coco-rem,000000025386,/home/felix/fiftyone/coco-2017/validation/data/000000025386.jpg,validation,locked_confirmation,000000025386,8,0.020129537470725996,0.625,4,False,all_validation
coco-rem,000000025393,/home/felix/fiftyone/coco-2017/validation/data/000000025393.jpg,validation,locked_confirmation,000000025393,9,0.007473958333333333,0.8888888888888888,3,False,all_validation
coco-rem,000000025394,/home/felix/fiftyone/coco-2017/validation/data/000000025394.jpg,validation,locked_confirmation,000000025394,25,0.00287109375,0.12,5,True,all_validation
coco-rem,000000025424,/home/felix/fiftyone/coco-2017/validation/data/000000025424.jpg,validation,locked_confirmation,000000025424,3,0.061834016393442624,0.0,3,False,all_validation
coco-rem,000000025560,/home/felix/fiftyone/coco-2017/validation/data/000000025560.jpg,validation,locked_confirmation,000000025560,4,0.14080240885416667,0.5,4,False,all_validation
coco-rem,000000025593,/home/felix/fiftyone/coco-2017/validation/data/000000025593.jpg,validation,locked_confirmation,000000025593,0,,0.0,0,False,all_validation
coco-rem,000000025603,/home/felix/fiftyone/coco-2017/validation/data/000000025603.jpg,validation,locked_confirmation,000000025603,25,0.01958984375,0.68,6,False,all_validation
coco-rem,000000025986,/home/felix/fiftyone/coco-2017/validation/data/000000025986.jpg,validation,locked_confirmation,000000025986,18,0.005690104166666667,0.4444444444444444,5,False,all_validation
coco-rem,000000026204,/home/felix/fiftyone/coco-2017/validation/data/000000026204.jpg,validation,locked_confirmation,000000026204,13,0.013875878220140515,0.3076923076923077,5,False,all_validation
coco-rem,000000026465,/home/felix/fiftyone/coco-2017/validation/data/000000026465.jpg,validation,locked_confirmation,000000026465,6,0.061512,0.3333333333333333,6,False,all_validation
coco-rem,000000026564,/home/felix/fiftyone/coco-2017/validation/data/000000026564.jpg,validation,locked_confirmation,000000026564,22,0.0073851965962441314,0.5454545454545454,7,False,all_validation
coco-rem,000000026690,/home/felix/fiftyone/coco-2017/validation/data/000000026690.jpg,validation,locked_confirmation,000000026690,15,0.007501463700234192,0.13333333333333333,3,True,all_validation
coco-rem,000000026926,/home/felix/fiftyone/coco-2017/validation/data/000000026926.jpg,validation,locked_confirmation,000000026926,3,0.02624113475177305,0.6666666666666666,2,False,all_validation
coco-rem,000000026941,/home/felix/fiftyone/coco-2017/validation/data/000000026941.jpg,validation,locked_confirmation,000000026941,10,0.02505854800936768,0.0,2,False,all_validation
coco-rem,000000027186,/home/felix/fiftyone/coco-2017/validation/data/000000027186.jpg,validation,locked_confirmation,000000027186,4,0.22722327686915889,0.75,3,False,all_validation
coco-rem,000000027620,/home/felix/fiftyone/coco-2017/validation/data/000000027620.jpg,validation,locked_confirmation,000000027620,7,0.016650390625,0.7142857142857143,5,False,all_validation
coco-rem,000000027696,/home/felix/fiftyone/coco-2017/validation/data/000000027696.jpg,validation,locked_confirmation,000000027696,4,0.0621875,0.75,4,False,all_validation
coco-rem,000000027768,/home/felix/fiftyone/coco-2017/validation/data/000000027768.jpg,validation,locked_confirmation,000000027768,9,0.0037592378999530096,0.8888888888888888,3,False,all_validation
coco-rem,000000027932,/home/felix/fiftyone/coco-2017/validation/data/000000027932.jpg,validation,locked_confirmation,000000027932,1,0.23307998552298226,0.0,1,False,all_validation
coco-rem,000000027972,/home/felix/fiftyone/coco-2017/validation/data/000000027972.jpg,validation,locked_confirmation,000000027972,2,0.06717649647887323,1.0,2,False,all_validation
coco-rem,000000027982,/home/felix/fiftyone/coco-2017/validation/data/000000027982.jpg,validation,locked_confirmation,000000027982,2,0.08511377245508982,0.0,2,False,all_validation
coco-rem,000000028285,/home/felix/fiftyone/coco-2017/validation/data/000000028285.jpg,validation,locked_confirmation,000000028285,1,0.0022058823529411764,0.0,1,False,all_validation
coco-rem,000000028449,/home/felix/fiftyone/coco-2017/validation/data/000000028449.jpg,validation,locked_confirmation,000000028449,5,0.12618925644028103,0.4,1,False,all_validation
coco-rem,000000028452,/home/felix/fiftyone/coco-2017/validation/data/000000028452.jpg,validation,locked_confirmation,000000028452,2,0.4711572265625,1.0,2,False,all_validation
coco-rem,000000028809,/home/felix/fiftyone/coco-2017/validation/data/000000028809.jpg,validation,locked_confirmation,000000028809,14,0.03736947791164659,0.9285714285714286,1,False,all_validation
coco-rem,000000028993,/home/felix/fiftyone/coco-2017/validation/data/000000028993.jpg,validation,locked_confirmation,000000028993,15,0.0006754880601478064,0.13333333333333333,3,False,all_validation
coco-rem,000000029187,/home/felix/fiftyone/coco-2017/validation/data/000000029187.jpg,validation,locked_confirmation,000000029187,2,0.1963308299389002,0.0,2,False,all_validation
coco-rem,000000029393,/home/felix/fiftyone/coco-2017/validation/data/000000029393.jpg,validation,locked_confirmation,000000029393,5,0.0010453333333333332,0.6,3,False,all_validation
coco-rem,000000029397,/home/felix/fiftyone/coco-2017/validation/data/000000029397.jpg,validation,locked_confirmation,000000029397,2,0.32528535634743877,0.0,2,False,all_validation
coco-rem,000000029596,/home/felix/fiftyone/coco-2017/validation/data/000000029596.jpg,validation,locked_confirmation,000000029596,11,0.0068998247663551405,0.45454545454545453,8,False,all_validation
coco-rem,000000029640,/home/felix/fiftyone/coco-2017/validation/data/000000029640.jpg,validation,locked_confirmation,000000029640,14,0.015569982394366197,1.0,4,False,all_validation
coco-rem,000000029675,/home/felix/fiftyone/coco-2017/validation/data/000000029675.jpg,validation,locked_confirmation,000000029675,4,0.28120423640167364,0.75,2,False,all_validation
coco-rem,000000029984,/home/felix/fiftyone/coco-2017/validation/data/000000029984.jpg,validation,locked_confirmation,000000029984,7,0.0058911331300813006,0.2857142857142857,3,False,all_validation
coco-rem,000000030213,/home/felix/fiftyone/coco-2017/validation/data/000000030213.jpg,validation,locked_confirmation,000000030213,15,0.0006681514476614699,0.13333333333333333,8,False,all_validation
coco-rem,000000030494,/home/felix/fiftyone/coco-2017/validation/data/000000030494.jpg,validation,locked_confirmation,000000030494,2,0.056236979166666666,0.0,2,False,all_validation
coco-rem,000000030504,/home/felix/fiftyone/coco-2017/validation/data/000000030504.jpg,validation,locked_confirmation,000000030504,6,0.03361979166666667,0.6666666666666666,3,False,all_validation
coco-rem,000000030675,/home/felix/fiftyone/coco-2017/validation/data/000000030675.jpg,validation,locked_confirmation,000000030675,1,0.33328125,0.0,1,False,all_validation
coco-rem,000000030785,/home/felix/fiftyone/coco-2017/validation/data/000000030785.jpg,validation,locked_confirmation,000000030785,10,0.0330419921875,1.0,4,False,all_validation
coco-rem,000000030828,/home/felix/fiftyone/coco-2017/validation/data/000000030828.jpg,validation,locked_confirmation,000000030828,5,0.025278103044496486,0.6,5,False,all_validation
coco-rem,000000031050,/home/felix/fiftyone/coco-2017/validation/data/000000031050.jpg,validation,locked_confirmation,000000031050,4,0.03543618266978923,0.0,1,False,all_validation
coco-rem,000000031093,/home/felix/fiftyone/coco-2017/validation/data/000000031093.jpg,validation,locked_confirmation,000000031093,6,0.003968603286384977,0.3333333333333333,3,False,all_validation
coco-rem,000000031118,/home/felix/fiftyone/coco-2017/validation/data/000000031118.jpg,validation,locked_confirmation,000000031118,17,0.0013173302107728337,0.35294117647058826,3,False,all_validation
coco-rem,000000031217,/home/felix/fiftyone/coco-2017/validation/data/000000031217.jpg,validation,locked_confirmation,000000031217,3,0.004999266431924883,0.0,3,False,all_validation
coco-rem,000000031248,/home/felix/fiftyone/coco-2017/validation/data/000000031248.jpg,validation,locked_confirmation,000000031248,21,0.0021141141141141143,0.5238095238095238,5,False,all_validation
coco-rem,000000031269,/home/felix/fiftyone/coco-2017/validation/data/000000031269.jpg,validation,locked_confirmation,000000031269,3,0.1234765625,0.0,1,False,all_validation
coco-rem,000000031296,/home/felix/fiftyone/coco-2017/validation/data/000000031296.jpg,validation,locked_confirmation,000000031296,53,0.0045588235294117645,0.6981132075471698,9,True,all_validation
coco-rem,000000031322,/home/felix/fiftyone/coco-2017/validation/data/000000031322.jpg,validation,locked_confirmation,000000031322,34,0.003948331381733021,0.17647058823529413,3,False,all_validation
coco-rem,000000031620,/home/felix/fiftyone/coco-2017/validation/data/000000031620.jpg,validation,locked_confirmation,000000031620,10,0.006717122395833333,0.6,6,False,all_validation
coco-rem,000000031735,/home/felix/fiftyone/coco-2017/validation/data/000000031735.jpg,validation,locked_confirmation,000000031735,5,0.012526041666666666,0.4,3,False,all_validation
coco-rem,000000031749,/home/felix/fiftyone/coco-2017/validation/data/000000031749.jpg,validation,locked_confirmation,000000031749,2,0.119241943359375,0.0,1,False,all_validation
coco-rem,000000031817,/home/felix/fiftyone/coco-2017/validation/data/000000031817.jpg,validation,locked_confirmation,000000031817,6,0.10202095808383234,1.0,2,False,all_validation
coco-rem,000000032038,/home/felix/fiftyone/coco-2017/validation/data/000000032038.jpg,validation,locked_confirmation,000000032038,4,0.18235435435435435,0.0,4,False,all_validation
coco-rem,000000032081,/home/felix/fiftyone/coco-2017/validation/data/000000032081.jpg,validation,locked_confirmation,000000032081,2,0.15637066666666666,0.0,2,False,all_validation
coco-rem,000000032285,/home/felix/fiftyone/coco-2017/validation/data/000000032285.jpg,validation,locked_confirmation,000000032285,1,0.058451536643026006,0.0,1,False,all_validation
coco-rem,000000032334,/home/felix/fiftyone/coco-2017/validation/data/000000032334.jpg,validation,locked_confirmation,000000032334,10,0.026749674479166666,0.8,4,False,all_validation
coco-rem,000000032570,/home/felix/fiftyone/coco-2017/validation/data/000000032570.jpg,validation,locked_confirmation,000000032570,2,0.04805510831381733,0.0,2,False,all_validation
coco-rem,000000032610,/home/felix/fiftyone/coco-2017/validation/data/000000032610.jpg,validation,locked_confirmation,000000032610,13,0.06013978337236534,0.6153846153846154,3,False,all_validation
coco-rem,000000032735,/home/felix/fiftyone/coco-2017/validation/data/000000032735.jpg,validation,locked_confirmation,000000032735,5,0.02154200819672131,0.4,2,False,all_validation
coco-rem,000000032811,/home/felix/fiftyone/coco-2017/validation/data/000000032811.jpg,validation,locked_confirmation,000000032811,1,0.018538666666666665,0.0,1,False,all_validation
coco-rem,000000032817,/home/felix/fiftyone/coco-2017/validation/data/000000032817.jpg,validation,locked_confirmation,000000032817,8,0.007236328125,0.5,3,False,all_validation
coco-rem,000000032861,/home/felix/fiftyone/coco-2017/validation/data/000000032861.jpg,validation,locked_confirmation,000000032861,2,0.28962734741784035,0.0,2,False,all_validation
coco-rem,000000032887,/home/felix/fiftyone/coco-2017/validation/data/000000032887.jpg,validation,locked_confirmation,000000032887,4,0.0281201171875,1.0,3,False,all_validation
coco-rem,000000032901,/home/felix/fiftyone/coco-2017/validation/data/000000032901.jpg,validation,locked_confirmation,000000032901,21,0.006730769230769231,0.7142857142857143,7,False,all_validation
coco-rem,000000032941,/home/felix/fiftyone/coco-2017/validation/data/000000032941.jpg,validation,locked_confirmation,000000032941,12,0.0010047079694323145,0.0,5,False,all_validation
coco-rem,000000033005,/home/felix/fiftyone/coco-2017/validation/data/000000033005.jpg,validation,locked_confirmation,000000033005,2,0.02273510856807512,0.0,2,False,all_validation
coco-rem,000000033104,/home/felix/fiftyone/coco-2017/validation/data/000000033104.jpg,validation,locked_confirmation,000000033104,10,0.033434579439252335,0.4,3,False,all_validation
coco-rem,000000033109,/home/felix/fiftyone/coco-2017/validation/data/000000033109.jpg,validation,locked_confirmation,000000033109,9,0.0012174479166666666,0.2222222222222222,3,False,all_validation
coco-rem,000000033114,/home/felix/fiftyone/coco-2017/validation/data/000000033114.jpg,validation,locked_confirmation,000000033114,8,0.0043359375,0.0,2,False,all_validation
coco-rem,000000033221,/home/felix/fiftyone/coco-2017/validation/data/000000033221.jpg,validation,locked_confirmation,000000033221,18,0.007765765765765766,0.7777777777777778,5,False,all_validation
coco-rem,000000033368,/home/felix/fiftyone/coco-2017/validation/data/000000033368.jpg,validation,locked_confirmation,000000033368,3,0.011398565573770492,0.6666666666666666,3,False,all_validation
coco-rem,000000033638,/home/felix/fiftyone/coco-2017/validation/data/000000033638.jpg,validation,locked_confirmation,000000033638,9,0.002558823529411765,0.2222222222222222,5,False,all_validation
coco-rem,000000033707,/home/felix/fiftyone/coco-2017/validation/data/000000033707.jpg,validation,locked_confirmation,000000033707,2,0.22148265624332522,1.0,1,False,all_validation
coco-rem,000000033759,/home/felix/fiftyone/coco-2017/validation/data/000000033759.jpg,validation,locked_confirmation,000000033759,5,0.007990289934354486,1.0,5,False,all_validation
coco-rem,000000033854,/home/felix/fiftyone/coco-2017/validation/data/000000033854.jpg,validation,locked_confirmation,000000033854,23,0.001712529274004684,0.2608695652173913,4,False,all_validation
coco-rem,000000034071,/home/felix/fiftyone/coco-2017/validation/data/000000034071.jpg,validation,locked_confirmation,000000034071,2,0.15500476819248826,0.0,1,False,all_validation
coco-rem,000000034139,/home/felix/fiftyone/coco-2017/validation/data/000000034139.jpg,validation,locked_confirmation,000000034139,4,0.09763509114583334,0.75,3,False,all_validation
coco-rem,000000034205,/home/felix/fiftyone/coco-2017/validation/data/000000034205.jpg,validation,locked_confirmation,000000034205,4,0.03200929449648712,0.5,1,False,all_validation
coco-rem,000000034257,/home/felix/fiftyone/coco-2017/validation/data/000000034257.jpg,validation,locked_confirmation,000000034257,5,0.016310679611650485,0.4,2,True,all_validation
coco-rem,000000034417,/home/felix/fiftyone/coco-2017/validation/data/000000034417.jpg,validation,locked_confirmation,000000034417,22,0.002696,0.09090909090909091,3,True,all_validation
coco-rem,000000034452,/home/felix/fiftyone/coco-2017/validation/data/000000034452.jpg,validation,locked_confirmation,000000034452,3,0.00134765625,1.0,2,False,all_validation
coco-rem,000000034760,/home/felix/fiftyone/coco-2017/validation/data/000000034760.jpg,validation,locked_confirmation,000000034760,4,0.007907863849765258,0.0,3,False,all_validation
coco-rem,000000034873,/home/felix/fiftyone/coco-2017/validation/data/000000034873.jpg,validation,locked_confirmation,000000034873,10,0.006795247395833333,0.2,7,False,all_validation
coco-rem,000000035062,/home/felix/fiftyone/coco-2017/validation/data/000000035062.jpg,validation,locked_confirmation,000000035062,2,0.26414338235294116,1.0,2,False,all_validation
coco-rem,000000035197,/home/felix/fiftyone/coco-2017/validation/data/000000035197.jpg,validation,locked_confirmation,000000035197,3,0.07138694638694638,0.6666666666666666,2,False,all_validation
coco-rem,000000035279,/home/felix/fiftyone/coco-2017/validation/data/000000035279.jpg,validation,locked_confirmation,000000035279,10,0.11099487041036717,0.8,8,False,all_validation
coco-rem,000000035326,/home/felix/fiftyone/coco-2017/validation/data/000000035326.jpg,validation,locked_confirmation,000000035326,6,0.005706380208333334,0.0,3,False,all_validation
coco-rem,000000035682,/home/felix/fiftyone/coco-2017/validation/data/000000035682.jpg,validation,locked_confirmation,000000035682,17,0.023697916666666666,0.47058823529411764,6,False,all_validation
coco-rem,000000035770,/home/felix/fiftyone/coco-2017/validation/data/000000035770.jpg,validation,locked_confirmation,000000035770,5,0.12432291666666667,0.0,2,False,all_validation
coco-rem,000000035963,/home/felix/fiftyone/coco-2017/validation/data/000000035963.jpg,validation,locked_confirmation,000000035963,2,0.07222493489583333,0.0,1,False,all_validation
coco-rem,000000036494,/home/felix/fiftyone/coco-2017/validation/data/000000036494.jpg,validation,locked_confirmation,000000036494,49,0.004233870967741936,0.42857142857142855,9,True,all_validation
coco-rem,000000036539,/home/felix/fiftyone/coco-2017/validation/data/000000036539.jpg,validation,locked_confirmation,000000036539,3,0.020528395784543324,0.0,2,False,all_validation
coco-rem,000000036660,/home/felix/fiftyone/coco-2017/validation/data/000000036660.jpg,validation,locked_confirmation,000000036660,5,0.0534984520123839,0.4,2,False,all_validation
coco-rem,000000036678,/home/felix/fiftyone/coco-2017/validation/data/000000036678.jpg,validation,locked_confirmation,000000036678,8,0.002640235457063712,0.0,2,False,all_validation
coco-rem,000000036844,/home/felix/fiftyone/coco-2017/validation/data/000000036844.jpg,validation,locked_confirmation,000000036844,16,0.007086588541666667,0.5,8,False,all_validation
coco-rem,000000036861,/home/felix/fiftyone/coco-2017/validation/data/000000036861.jpg,validation,locked_confirmation,000000036861,4,0.022526041666666666,0.0,1,False,all_validation
coco-rem,000000036936,/home/felix/fiftyone/coco-2017/validation/data/000000036936.jpg,validation,locked_confirmation,000000036936,28,0.0012588954207920792,0.6071428571428571,9,False,all_validation
coco-rem,000000037670,/home/felix/fiftyone/coco-2017/validation/data/000000037670.jpg,validation,locked_confirmation,000000037670,3,0.19728515625,0.0,3,False,all_validation
coco-rem,000000037689,/home/felix/fiftyone/coco-2017/validation/data/000000037689.jpg,validation,locked_confirmation,000000037689,15,0.0011003521126760564,0.0,2,True,all_validation
coco-rem,000000037740,/home/felix/fiftyone/coco-2017/validation/data/000000037740.jpg,validation,locked_confirmation,000000037740,22,0.0009781901041666667,0.5454545454545454,8,True,all_validation
coco-rem,000000037751,/home/felix/fiftyone/coco-2017/validation/data/000000037751.jpg,validation,locked_confirmation,000000037751,4,0.014005533854166667,0.75,3,False,all_validation
coco-rem,000000037777,/home/felix/fiftyone/coco-2017/validation/data/000000037777.jpg,validation,locked_confirmation,000000037777,15,0.0033596837944664033,0.6666666666666666,8,False,all_validation
coco-rem,000000037988,/home/felix/fiftyone/coco-2017/validation/data/000000037988.jpg,validation,locked_confirmation,000000037988,5,0.0090625,0.0,3,False,all_validation
coco-rem,000000038048,/home/felix/fiftyone/coco-2017/validation/data/000000038048.jpg,validation,locked_confirmation,000000038048,6,0.001153846153846154,0.3333333333333333,5,False,all_validation
coco-rem,000000038070,/home/felix/fiftyone/coco-2017/validation/data/000000038070.jpg,validation,locked_confirmation,000000038070,1,0.3238506666666667,0.0,1,False,all_validation
coco-rem,000000038118,/home/felix/fiftyone/coco-2017/validation/data/000000038118.jpg,validation,locked_confirmation,000000038118,3,0.0010575234192037471,0.0,2,False,all_validation
coco-rem,000000038210,/home/felix/fiftyone/coco-2017/validation/data/000000038210.jpg,validation,locked_confirmation,000000038210,3,0.01594626168224299,0.0,2,False,all_validation
coco-rem,000000038576,/home/felix/fiftyone/coco-2017/validation/data/000000038576.jpg,validation,locked_confirmation,000000038576,7,0.013463184931506849,0.5714285714285714,3,False,all_validation
coco-rem,000000038678,/home/felix/fiftyone/coco-2017/validation/data/000000038678.jpg,validation,locked_confirmation,000000038678,6,0.03421223958333333,1.0,3,False,all_validation
coco-rem,000000038825,/home/felix/fiftyone/coco-2017/validation/data/000000038825.jpg,validation,locked_confirmation,000000038825,2,0.4505251024590164,0.0,1,False,all_validation
coco-rem,000000038829,/home/felix/fiftyone/coco-2017/validation/data/000000038829.jpg,validation,locked_confirmation,000000038829,12,0.0609740925058548,0.5,4,False,all_validation
coco-rem,000000039405,/home/felix/fiftyone/coco-2017/validation/data/000000039405.jpg,validation,locked_confirmation,000000039405,29,0.0014388020833333334,0.1724137931034483,7,True,all_validation
coco-rem,000000039477,/home/felix/fiftyone/coco-2017/validation/data/000000039477.jpg,validation,locked_confirmation,000000039477,15,0.0059382422802850355,0.5333333333333333,5,False,all_validation
coco-rem,000000039480,/home/felix/fiftyone/coco-2017/validation/data/000000039480.jpg,validation,locked_confirmation,000000039480,2,0.060617315573770494,0.0,2,False,all_validation
coco-rem,000000039484,/home/felix/fiftyone/coco-2017/validation/data/000000039484.jpg,validation,locked_confirmation,000000039484,35,0.001673340961098398,0.37142857142857144,6,True,all_validation
coco-rem,000000039551,/home/felix/fiftyone/coco-2017/validation/data/000000039551.jpg,validation,locked_confirmation,000000039551,3,0.014812646370023419,0.0,3,False,all_validation
coco-rem,000000039670,/home/felix/fiftyone/coco-2017/validation/data/000000039670.jpg,validation,locked_confirmation,000000039670,1,0.44051025390625,0.0,1,False,all_validation
coco-rem,000000039769,/home/felix/fiftyone/coco-2017/validation/data/000000039769.jpg,validation,locked_confirmation,000000039769,5,0.32697916666666665,1.0,3,False,all_validation
coco-rem,000000039785,/home/felix/fiftyone/coco-2017/validation/data/000000039785.jpg,validation,locked_confirmation,000000039785,6,0.003488,0.3333333333333333,3,False,all_validation
coco-rem,000000039914,/home/felix/fiftyone/coco-2017/validation/data/000000039914.jpg,validation,locked_confirmation,000000039914,11,0.00044917864476386036,0.36363636363636365,2,False,all_validation
coco-rem,000000039951,/home/felix/fiftyone/coco-2017/validation/data/000000039951.jpg,validation,locked_confirmation,000000039951,5,0.005730337078651685,0.0,3,False,all_validation
coco-rem,000000039956,/home/felix/fiftyone/coco-2017/validation/data/000000039956.jpg,validation,locked_confirmation,000000039956,3,0.05977385831381733,0.0,3,False,all_validation
coco-rem,000000040036,/home/felix/fiftyone/coco-2017/validation/data/000000040036.jpg,validation,locked_confirmation,000000040036,3,0.06671179742388758,1.0,3,False,all_validation
coco-rem,000000040083,/home/felix/fiftyone/coco-2017/validation/data/000000040083.jpg,validation,locked_confirmation,000000040083,11,0.014324324324324324,0.8181818181818182,6,False,all_validation
coco-rem,000000040471,/home/felix/fiftyone/coco-2017/validation/data/000000040471.jpg,validation,locked_confirmation,000000040471,23,0.0010428864168618268,0.34782608695652173,11,False,all_validation
coco-rem,000000040757,/home/felix/fiftyone/coco-2017/validation/data/000000040757.jpg,validation,locked_confirmation,000000040757,16,0.0035441176470588235,0.9375,4,False,all_validation
coco-rem,000000041488,/home/felix/fiftyone/coco-2017/validation/data/000000041488.jpg,validation,locked_confirmation,000000041488,0,,0.0,0,False,all_validation
coco-rem,000000041633,/home/felix/fiftyone/coco-2017/validation/data/000000041633.jpg,validation,locked_confirmation,000000041633,3,0.010249125874125874,0.6666666666666666,2,False,all_validation
coco-rem,000000041635,/home/felix/fiftyone/coco-2017/validation/data/000000041635.jpg,validation,locked_confirmation,000000041635,4,0.12508463541666667,0.5,1,False,all_validation
coco-rem,000000041872,/home/felix/fiftyone/coco-2017/validation/data/000000041872.jpg,validation,locked_confirmation,000000041872,5,0.02567488262910798,0.0,4,False,all_validation
coco-rem,000000041888,/home/felix/fiftyone/coco-2017/validation/data/000000041888.jpg,validation,locked_confirmation,000000041888,3,0.042412109375,0.0,1,False,all_validation
coco-rem,000000041990,/home/felix/fiftyone/coco-2017/validation/data/000000041990.jpg,validation,locked_confirmation,000000041990,5,0.15073567708333332,0.6,2,False,all_validation
coco-rem,000000042070,/home/felix/fiftyone/coco-2017/validation/data/000000042070.jpg,validation,locked_confirmation,000000042070,3,0.005218505859375,0.6666666666666666,3,False,all_validation
coco-rem,000000042102,/home/felix/fiftyone/coco-2017/validation/data/000000042102.jpg,validation,locked_confirmation,000000042102,3,0.06057545731707317,1.0,3,False,all_validation
coco-rem,000000042178,/home/felix/fiftyone/coco-2017/validation/data/000000042178.jpg,validation,locked_confirmation,000000042178,3,0.098115234375,0.6666666666666666,1,False,all_validation
coco-rem,000000042276,/home/felix/fiftyone/coco-2017/validation/data/000000042276.jpg,validation,locked_confirmation,000000042276,2,0.08245866666666667,0.0,2,False,all_validation
coco-rem,000000042296,/home/felix/fiftyone/coco-2017/validation/data/000000042296.jpg,validation,locked_confirmation,000000042296,4,0.036875,0.5,2,False,all_validation
coco-rem,000000042528,/home/felix/fiftyone/coco-2017/validation/data/000000042528.jpg,validation,locked_confirmation,000000042528,3,0.20359217171717173,1.0,3,False,all_validation
coco-rem,000000042563,/home/felix/fiftyone/coco-2017/validation/data/000000042563.jpg,validation,locked_confirmation,000000042563,1,0.03641075721153846,0.0,1,False,all_validation
coco-rem,000000042628,/home/felix/fiftyone/coco-2017/validation/data/000000042628.jpg,validation,locked_confirmation,000000042628,8,0.012501833920187793,0.25,4,False,all_validation
coco-rem,000000042888,/home/felix/fiftyone/coco-2017/validation/data/000000042888.jpg,validation,locked_confirmation,000000042888,0,,0.0,0,False,all_validation
coco-rem,000000042889,/home/felix/fiftyone/coco-2017/validation/data/000000042889.jpg,validation,locked_confirmation,000000042889,2,0.31904,0.0,2,False,all_validation
coco-rem,000000043314,/home/felix/fiftyone/coco-2017/validation/data/000000043314.jpg,validation,locked_confirmation,000000043314,5,0.07413829787234043,0.8,3,False,all_validation
coco-rem,000000043435,/home/felix/fiftyone/coco-2017/validation/data/000000043435.jpg,validation,locked_confirmation,000000043435,5,0.0035266457680250786,0.4,2,False,all_validation
coco-rem,000000043581,/home/felix/fiftyone/coco-2017/validation/data/000000043581.jpg,validation,locked_confirmation,000000043581,4,0.1562134074941452,1.0,4,False,all_validation
coco-rem,000000043737,/home/felix/fiftyone/coco-2017/validation/data/000000043737.jpg,validation,locked_confirmation,000000043737,6,0.0053889973958333335,0.5,2,False,all_validation
coco-rem,000000043816,/home/felix/fiftyone/coco-2017/validation/data/000000043816.jpg,validation,locked_confirmation,000000043816,5,0.011597711267605634,0.8,4,False,all_validation
coco-rem,000000044068,/home/felix/fiftyone/coco-2017/validation/data/000000044068.jpg,validation,locked_confirmation,000000044068,2,0.60794921875,1.0,2,False,all_validation
coco-rem,000000044195,/home/felix/fiftyone/coco-2017/validation/data/000000044195.jpg,validation,locked_confirmation,000000044195,3,0.08935180055401662,0.6666666666666666,2,False,all_validation
coco-rem,000000044260,/home/felix/fiftyone/coco-2017/validation/data/000000044260.jpg,validation,locked_confirmation,000000044260,8,0.00340625,0.0,1,False,all_validation
coco-rem,000000044279,/home/felix/fiftyone/coco-2017/validation/data/000000044279.jpg,validation,locked_confirmation,000000044279,11,0.0058823529411764705,0.7272727272727273,4,False,all_validation
coco-rem,000000044590,/home/felix/fiftyone/coco-2017/validation/data/000000044590.jpg,validation,locked_confirmation,000000044590,25,0.009432164634146341,0.52,3,False,all_validation
coco-rem,000000044652,/home/felix/fiftyone/coco-2017/validation/data/000000044652.jpg,validation,locked_confirmation,000000044652,1,0.053816598360655735,0.0,1,False,all_validation
coco-rem,000000044699,/home/felix/fiftyone/coco-2017/validation/data/000000044699.jpg,validation,locked_confirmation,000000044699,5,0.019270833333333334,0.4,1,False,all_validation
coco-rem,000000044877,/home/felix/fiftyone/coco-2017/validation/data/000000044877.jpg,validation,locked_confirmation,000000044877,6,0.08097189695550351,0.3333333333333333,3,False,all_validation
coco-rem,000000045070,/home/felix/fiftyone/coco-2017/validation/data/000000045070.jpg,validation,locked_confirmation,000000045070,2,0.3262898489932886,0.0,2,False,all_validation
coco-rem,000000045090,/home/felix/fiftyone/coco-2017/validation/data/000000045090.jpg,validation,locked_confirmation,000000045090,4,0.0025135135135135136,0.0,2,False,all_validation
coco-rem,000000045229,/home/felix/fiftyone/coco-2017/validation/data/000000045229.jpg,validation,locked_confirmation,000000045229,22,0.0021435546875,0.2727272727272727,5,False,all_validation
coco-rem,000000045472,/home/felix/fiftyone/coco-2017/validation/data/000000045472.jpg,validation,locked_confirmation,000000045472,9,0.011959696261682242,0.0,2,False,all_validation
coco-rem,000000045550,/home/felix/fiftyone/coco-2017/validation/data/000000045550.jpg,validation,locked_confirmation,000000045550,10,0.0071809895833333335,0.8,4,False,all_validation
coco-rem,000000045596,/home/felix/fiftyone/coco-2017/validation/data/000000045596.jpg,validation,locked_confirmation,000000045596,12,0.004193474264705882,0.5833333333333334,4,False,all_validation
coco-rem,000000045728,/home/felix/fiftyone/coco-2017/validation/data/000000045728.jpg,validation,locked_confirmation,000000045728,2,0.1047265625,0.0,2,False,all_validation
coco-rem,000000046031,/home/felix/fiftyone/coco-2017/validation/data/000000046031.jpg,validation,locked_confirmation,000000046031,6,0.0158984375,0.0,5,False,all_validation
coco-rem,000000046048,/home/felix/fiftyone/coco-2017/validation/data/000000046048.jpg,validation,locked_confirmation,000000046048,4,0.02179524739583333,0.0,3,False,all_validation
coco-rem,000000046252,/home/felix/fiftyone/coco-2017/validation/data/000000046252.jpg,validation,locked_confirmation,000000046252,5,0.03879557291666667,0.4,3,False,all_validation
coco-rem,000000046378,/home/felix/fiftyone/coco-2017/validation/data/000000046378.jpg,validation,locked_confirmation,000000046378,2,0.38147352430555553,1.0,2,False,all_validation
coco-rem,000000046463,/home/felix/fiftyone/coco-2017/validation/data/000000046463.jpg,validation,locked_confirmation,000000046463,3,0.52632,1.0,3,False,all_validation
coco-rem,000000046497,/home/felix/fiftyone/coco-2017/validation/data/000000046497.jpg,validation,locked_confirmation,000000046497,4,0.2511777108433735,1.0,2,False,all_validation
coco-rem,000000046804,/home/felix/fiftyone/coco-2017/validation/data/000000046804.jpg,validation,locked_confirmation,000000046804,1,0.23939453125,0.0,1,False,all_validation
coco-rem,000000046872,/home/felix/fiftyone/coco-2017/validation/data/000000046872.jpg,validation,locked_confirmation,000000046872,6,0.009676710358056267,0.3333333333333333,3,False,all_validation
coco-rem,000000047010,/home/felix/fiftyone/coco-2017/validation/data/000000047010.jpg,validation,locked_confirmation,000000047010,5,0.0302734375,0.0,2,False,all_validation
coco-rem,000000047112,/home/felix/fiftyone/coco-2017/validation/data/000000047112.jpg,validation,locked_confirmation,000000047112,25,0.0022265625,0.44,8,False,all_validation
coco-rem,000000047121,/home/felix/fiftyone/coco-2017/validation/data/000000047121.jpg,validation,locked_confirmation,000000047121,4,0.17473958333333334,0.0,4,False,all_validation
coco-rem,000000047571,/home/felix/fiftyone/coco-2017/validation/data/000000047571.jpg,validation,locked_confirmation,000000047571,3,0.029159330985915492,0.0,2,False,all_validation
coco-rem,000000047585,/home/felix/fiftyone/coco-2017/validation/data/000000047585.jpg,validation,locked_confirmation,000000047585,7,0.05797464622641509,0.7142857142857143,3,False,all_validation
coco-rem,000000047740,/home/felix/fiftyone/coco-2017/validation/data/000000047740.jpg,validation,locked_confirmation,000000047740,6,0.05815198467966574,0.8333333333333334,2,False,all_validation
coco-rem,000000047769,/home/felix/fiftyone/coco-2017/validation/data/000000047769.jpg,validation,locked_confirmation,000000047769,6,0.033717333333333335,0.3333333333333333,4,False,all_validation
coco-rem,000000047801,/home/felix/fiftyone/coco-2017/validation/data/000000047801.jpg,validation,locked_confirmation,000000047801,7,0.00045388525780682646,0.42857142857142855,3,False,all_validation
coco-rem,000000047819,/home/felix/fiftyone/coco-2017/validation/data/000000047819.jpg,validation,locked_confirmation,000000047819,4,0.05790133333333333,0.5,3,False,all_validation
coco-rem,000000047828,/home/felix/fiftyone/coco-2017/validation/data/000000047828.jpg,validation,locked_confirmation,000000047828,13,0.0033608490566037737,0.15384615384615385,3,False,all_validation
coco-rem,000000048153,/home/felix/fiftyone/coco-2017/validation/data/000000048153.jpg,validation,locked_confirmation,000000048153,2,0.6944426666666667,1.0,2,False,all_validation
coco-rem,000000048396,/home/felix/fiftyone/coco-2017/validation/data/000000048396.jpg,validation,locked_confirmation,000000048396,7,0.027971311475409835,1.0,6,False,all_validation
coco-rem,000000048504,/home/felix/fiftyone/coco-2017/validation/data/000000048504.jpg,validation,locked_confirmation,000000048504,6,0.0179870462529274,0.0,3,False,all_validation
coco-rem,000000048555,/home/felix/fiftyone/coco-2017/validation/data/000000048555.jpg,validation,locked_confirmation,000000048555,6,0.00951108870967742,0.6666666666666666,2,False,all_validation
coco-rem,000000048564,/home/felix/fiftyone/coco-2017/validation/data/000000048564.jpg,validation,locked_confirmation,000000048564,2,0.5027810304449649,1.0,2,False,all_validation
coco-rem,000000048924,/home/felix/fiftyone/coco-2017/validation/data/000000048924.jpg,validation,locked_confirmation,000000048924,3,0.015272058823529411,1.0,3,False,all_validation
coco-rem,000000049060,/home/felix/fiftyone/coco-2017/validation/data/000000049060.jpg,validation,locked_confirmation,000000049060,9,0.007945559610705597,0.5555555555555556,2,False,all_validation
coco-rem,000000049091,/home/felix/fiftyone/coco-2017/validation/data/000000049091.jpg,validation,locked_confirmation,000000049091,0,,0.0,0,False,all_validation
coco-rem,000000049259,/home/felix/fiftyone/coco-2017/validation/data/000000049259.jpg,validation,locked_confirmation,000000049259,1,0.03396516393442623,0.0,1,False,all_validation
coco-rem,000000049269,/home/felix/fiftyone/coco-2017/validation/data/000000049269.jpg,validation,locked_confirmation,000000049269,2,0.40290748259860787,0.0,2,False,all_validation
coco-rem,000000049759,/home/felix/fiftyone/coco-2017/validation/data/000000049759.jpg,validation,locked_confirmation,000000049759,14,0.007311611050328228,0.2857142857142857,2,True,all_validation
coco-rem,000000049761,/home/felix/fiftyone/coco-2017/validation/data/000000049761.jpg,validation,locked_confirmation,000000049761,17,0.0002283402922755741,0.0,2,True,all_validation
coco-rem,000000049810,/home/felix/fiftyone/coco-2017/validation/data/000000049810.jpg,validation,locked_confirmation,000000049810,3,0.5030218160377359,0.6666666666666666,2,False,all_validation
coco-rem,000000050006,/home/felix/fiftyone/coco-2017/validation/data/000000050006.jpg,validation,locked_confirmation,000000050006,15,0.0011328125,0.5333333333333333,3,False,all_validation
coco-rem,000000050145,/home/felix/fiftyone/coco-2017/validation/data/000000050145.jpg,validation,locked_confirmation,000000050145,11,0.009479166666666667,0.7272727272727273,4,False,all_validation
coco-rem,000000050149,/home/felix/fiftyone/coco-2017/validation/data/000000050149.jpg,validation,locked_confirmation,000000050149,7,0.0022127659574468087,0.0,2,True,all_validation
coco-rem,000000050165,/home/felix/fiftyone/coco-2017/validation/data/000000050165.jpg,validation,locked_confirmation,000000050165,1,0.1007975638051044,0.0,1,False,all_validation
coco-rem,000000050326,/home/felix/fiftyone/coco-2017/validation/data/000000050326.jpg,validation,locked_confirmation,000000050326,3,0.22704,0.6666666666666666,3,False,all_validation
coco-rem,000000050331,/home/felix/fiftyone/coco-2017/validation/data/000000050331.jpg,validation,locked_confirmation,000000050331,4,0.24095540364583334,1.0,2,False,all_validation
coco-rem,000000050380,/home/felix/fiftyone/coco-2017/validation/data/000000050380.jpg,validation,locked_confirmation,000000050380,5,0.12008928571428572,0.4,3,False,all_validation
coco-rem,000000050638,/home/felix/fiftyone/coco-2017/validation/data/000000050638.jpg,validation,locked_confirmation,000000050638,2,0.08565124045801527,1.0,2,False,all_validation
coco-rem,000000050679,/home/felix/fiftyone/coco-2017/validation/data/000000050679.jpg,validation,locked_confirmation,000000050679,13,0.002656615925058548,0.0,2,False,all_validation
coco-rem,000000050811,/home/felix/fiftyone/coco-2017/validation/data/000000050811.jpg,validation,locked_confirmation,000000050811,9,0.042644628099173555,0.8888888888888888,7,False,all_validation
coco-rem,000000050828,/home/felix/fiftyone/coco-2017/validation/data/000000050828.jpg,validation,locked_confirmation,000000050828,4,0.0503125,0.5,4,False,all_validation
coco-rem,000000050844,/home/felix/fiftyone/coco-2017/validation/data/000000050844.jpg,validation,locked_confirmation,000000050844,4,0.2636766467065868,1.0,2,False,all_validation
coco-rem,000000050896,/home/felix/fiftyone/coco-2017/validation/data/000000050896.jpg,validation,locked_confirmation,000000050896,15,0.039990234375,1.0,3,False,all_validation
coco-rem,000000050943,/home/felix/fiftyone/coco-2017/validation/data/000000050943.jpg,validation,locked_confirmation,000000050943,2,0.002674373040752351,0.0,2,False,all_validation
coco-rem,000000051008,/home/felix/fiftyone/coco-2017/validation/data/000000051008.jpg,validation,locked_confirmation,000000051008,8,0.023095703125,0.875,4,False,all_validation
coco-rem,000000051309,/home/felix/fiftyone/coco-2017/validation/data/000000051309.jpg,validation,locked_confirmation,000000051309,5,0.1574826388888889,1.0,1,False,all_validation
coco-rem,000000051314,/home/felix/fiftyone/coco-2017/validation/data/000000051314.jpg,validation,locked_confirmation,000000051314,2,0.12682291666666667,0.0,2,False,all_validation
coco-rem,000000051326,/home/felix/fiftyone/coco-2017/validation/data/000000051326.jpg,validation,locked_confirmation,000000051326,5,0.004098360655737705,0.0,2,False,all_validation
coco-rem,000000051598,/home/felix/fiftyone/coco-2017/validation/data/000000051598.jpg,validation,locked_confirmation,000000051598,4,0.00296875,0.0,2,False,all_validation
coco-rem,000000051610,/home/felix/fiftyone/coco-2017/validation/data/000000051610.jpg,validation,locked_confirmation,000000051610,4,0.21317513173302108,0.75,4,False,all_validation
coco-rem,000000051712,/home/felix/fiftyone/coco-2017/validation/data/000000051712.jpg,validation,locked_confirmation,000000051712,3,0.06330672554347826,0.6666666666666666,2,False,all_validation
coco-rem,000000051738,/home/felix/fiftyone/coco-2017/validation/data/000000051738.jpg,validation,locked_confirmation,000000051738,3,0.033744,0.6666666666666666,3,False,all_validation
coco-rem,000000051938,/home/felix/fiftyone/coco-2017/validation/data/000000051938.jpg,validation,locked_confirmation,000000051938,13,0.00048828125,0.3076923076923077,2,False,all_validation
coco-rem,000000051961,/home/felix/fiftyone/coco-2017/validation/data/000000051961.jpg,validation,locked_confirmation,000000051961,1,0.03899297423887588,0.0,1,False,all_validation
coco-rem,000000051976,/home/felix/fiftyone/coco-2017/validation/data/000000051976.jpg,validation,locked_confirmation,000000051976,2,0.004092435747663551,0.0,2,False,all_validation
coco-rem,000000052007,/home/felix/fiftyone/coco-2017/validation/data/000000052007.jpg,validation,locked_confirmation,000000052007,8,0.006360677083333334,0.5,3,False,all_validation
coco-rem,000000052017,/home/felix/fiftyone/coco-2017/validation/data/000000052017.jpg,validation,locked_confirmation,000000052017,2,0.1618639705882353,1.0,2,False,all_validation
coco-rem,000000052412,/home/felix/fiftyone/coco-2017/validation/data/000000052412.jpg,validation,locked_confirmation,000000052412,16,0.0007317341549295775,0.0,3,True,all_validation
coco-rem,000000052413,/home/felix/fiftyone/coco-2017/validation/data/000000052413.jpg,validation,locked_confirmation,000000052413,5,0.17191466666666666,0.6,4,False,all_validation
coco-rem,000000052462,/home/felix/fiftyone/coco-2017/validation/data/000000052462.jpg,validation,locked_confirmation,000000052462,2,0.10549253512880562,0.0,1,False,all_validation
coco-rem,000000052507,/home/felix/fiftyone/coco-2017/validation/data/000000052507.jpg,validation,locked_confirmation,000000052507,2,0.0593072203196347,1.0,2,False,all_validation
coco-rem,000000052565,/home/felix/fiftyone/coco-2017/validation/data/000000052565.jpg,validation,locked_confirmation,000000052565,1,0.20637963973799126,0.0,1,False,all_validation
coco-rem,000000052591,/home/felix/fiftyone/coco-2017/validation/data/000000052591.jpg,validation,locked_confirmation,000000052591,2,0.3936934192200557,1.0,2,False,all_validation
coco-rem,000000052891,/home/felix/fiftyone/coco-2017/validation/data/000000052891.jpg,validation,locked_confirmation,000000052891,8,0.0001372218969555035,0.875,3,False,all_validation
coco-rem,000000052996,/home/felix/fiftyone/coco-2017/validation/data/000000052996.jpg,validation,locked_confirmation,000000052996,25,0.010170921361502347,0.96,10,False,all_validation
coco-rem,000000053505,/home/felix/fiftyone/coco-2017/validation/data/000000053505.jpg,validation,locked_confirmation,000000053505,9,0.002183119158878505,0.0,2,False,all_validation
coco-rem,000000053529,/home/felix/fiftyone/coco-2017/validation/data/000000053529.jpg,validation,locked_confirmation,000000053529,3,0.11411411411411411,1.0,3,False,all_validation
coco-rem,000000053624,/home/felix/fiftyone/coco-2017/validation/data/000000053624.jpg,validation,locked_confirmation,000000053624,6,0.0018168179156908665,0.0,2,False,all_validation
coco-rem,000000053626,/home/felix/fiftyone/coco-2017/validation/data/000000053626.jpg,validation,locked_confirmation,000000053626,12,0.009401041666666667,0.16666666666666666,2,False,all_validation
coco-rem,000000053909,/home/felix/fiftyone/coco-2017/validation/data/000000053909.jpg,validation,locked_confirmation,000000053909,3,0.11044596354166666,1.0,3,False,all_validation
coco-rem,000000053994,/home/felix/fiftyone/coco-2017/validation/data/000000053994.jpg,validation,locked_confirmation,000000053994,4,0.006271114864864865,0.5,2,False,all_validation
coco-rem,000000054123,/home/felix/fiftyone/coco-2017/validation/data/000000054123.jpg,validation,locked_confirmation,000000054123,6,0.04714515186915888,0.6666666666666666,1,False,all_validation
coco-rem,000000054164,/home/felix/fiftyone/coco-2017/validation/data/000000054164.jpg,validation,locked_confirmation,000000054164,2,0.06759184718969555,0.0,2,False,all_validation
coco-rem,000000054592,/home/felix/fiftyone/coco-2017/validation/data/000000054592.jpg,validation,locked_confirmation,000000054592,6,0.06168884569377991,1.0,3,False,all_validation
coco-rem,000000054593,/home/felix/fiftyone/coco-2017/validation/data/000000054593.jpg,validation,locked_confirmation,000000054593,18,0.018466408079625293,0.6111111111111112,9,False,all_validation
coco-rem,000000054605,/home/felix/fiftyone/coco-2017/validation/data/000000054605.jpg,validation,locked_confirmation,000000054605,15,0.04144239395104447,0.8,6,False,all_validation
coco-rem,000000054628,/home/felix/fiftyone/coco-2017/validation/data/000000054628.jpg,validation,locked_confirmation,000000054628,25,0.00768,0.48,6,True,all_validation
coco-rem,000000054654,/home/felix/fiftyone/coco-2017/validation/data/000000054654.jpg,validation,locked_confirmation,000000054654,2,0.3912738022113022,1.0,2,False,all_validation
coco-rem,000000054931,/home/felix/fiftyone/coco-2017/validation/data/000000054931.jpg,validation,locked_confirmation,000000054931,2,0.19759953161592506,0.0,2,False,all_validation
coco-rem,000000054967,/home/felix/fiftyone/coco-2017/validation/data/000000054967.jpg,validation,locked_confirmation,000000054967,21,0.0013708726415094339,0.38095238095238093,4,False,all_validation
coco-rem,000000055002,/home/felix/fiftyone/coco-2017/validation/data/000000055002.jpg,validation,locked_confirmation,000000055002,2,0.20855466666666667,1.0,2,False,all_validation
coco-rem,000000055022,/home/felix/fiftyone/coco-2017/validation/data/000000055022.jpg,validation,locked_confirmation,000000055022,9,0.028212890625,0.6666666666666666,2,False,all_validation
coco-rem,000000055072,/home/felix/fiftyone/coco-2017/validation/data/000000055072.jpg,validation,locked_confirmation,000000055072,1,0.6351800351288056,0.0,1,False,all_validation
coco-rem,000000055150,/home/felix/fiftyone/coco-2017/validation/data/000000055150.jpg,validation,locked_confirmation,000000055150,15,0.0358531396713615,0.8,5,False,all_validation
coco-rem,000000055167,/home/felix/fiftyone/coco-2017/validation/data/000000055167.jpg,validation,locked_confirmation,000000055167,11,0.0009895833333333334,0.5454545454545454,5,False,all_validation
coco-rem,000000055299,/home/felix/fiftyone/coco-2017/validation/data/000000055299.jpg,validation,locked_confirmation,000000055299,3,0.007648601398601399,0.0,2,False,all_validation
coco-rem,000000055528,/home/felix/fiftyone/coco-2017/validation/data/000000055528.jpg,validation,locked_confirmation,000000055528,7,0.016142578125,1.0,6,False,all_validation
coco-rem,000000055950,/home/felix/fiftyone/coco-2017/validation/data/000000055950.jpg,validation,locked_confirmation,000000055950,3,0.03556338028169014,0.6666666666666666,3,False,all_validation
coco-rem,000000056127,/home/felix/fiftyone/coco-2017/validation/data/000000056127.jpg,validation,locked_confirmation,000000056127,8,0.011066810344827586,0.0,5,False,all_validation
coco-rem,000000056288,/home/felix/fiftyone/coco-2017/validation/data/000000056288.jpg,validation,locked_confirmation,000000056288,3,0.209111328125,0.0,3,False,all_validation
coco-rem,000000056344,/home/felix/fiftyone/coco-2017/validation/data/000000056344.jpg,validation,locked_confirmation,000000056344,7,0.005205078125,0.0,5,False,all_validation
coco-rem,000000056350,/home/felix/fiftyone/coco-2017/validation/data/000000056350.jpg,validation,locked_confirmation,000000056350,10,0.06236917424922039,0.2,2,False,all_validation
coco-rem,000000056545,/home/felix/fiftyone/coco-2017/validation/data/000000056545.jpg,validation,locked_confirmation,000000056545,1,0.43053836633663367,0.0,1,False,all_validation
coco-rem,000000057027,/home/felix/fiftyone/coco-2017/validation/data/000000057027.jpg,validation,locked_confirmation,000000057027,4,0.12281213321596245,0.75,1,False,all_validation
coco-rem,000000057149,/home/felix/fiftyone/coco-2017/validation/data/000000057149.jpg,validation,locked_confirmation,000000057149,6,0.007124560889929742,0.5,4,False,all_validation
coco-rem,000000057150,/home/felix/fiftyone/coco-2017/validation/data/000000057150.jpg,validation,locked_confirmation,000000057150,26,0.027552083333333335,0.7307692307692307,3,True,all_validation
coco-rem,000000057232,/home/felix/fiftyone/coco-2017/validation/data/000000057232.jpg,validation,locked_confirmation,000000057232,43,0.03564601221752318,1.0,3,False,all_validation
coco-rem,000000057238,/home/felix/fiftyone/coco-2017/validation/data/000000057238.jpg,validation,locked_confirmation,000000057238,4,0.04482133333333333,0.5,3,False,all_validation
coco-rem,000000057244,/home/felix/fiftyone/coco-2017/validation/data/000000057244.jpg,validation,locked_confirmation,000000057244,1,0.7741176470588236,0.0,1,False,all_validation
coco-rem,000000057597,/home/felix/fiftyone/coco-2017/validation/data/000000057597.jpg,validation,locked_confirmation,000000057597,30,0.0017825704225352113,0.36666666666666664,6,True,all_validation
coco-rem,000000057672,/home/felix/fiftyone/coco-2017/validation/data/000000057672.jpg,validation,locked_confirmation,000000057672,16,0.009443359375,0.625,4,False,all_validation
coco-rem,000000057725,/home/felix/fiftyone/coco-2017/validation/data/000000057725.jpg,validation,locked_confirmation,000000057725,2,0.0018229166666666667,0.0,1,False,all_validation
coco-rem,000000057760,/home/felix/fiftyone/coco-2017/validation/data/000000057760.jpg,validation,locked_confirmation,000000057760,31,0.0005814696485623004,0.12903225806451613,3,False,all_validation
coco-rem,000000058029,/home/felix/fiftyone/coco-2017/validation/data/000000058029.jpg,validation,locked_confirmation,000000058029,2,0.0493609440376569,0.0,2,False,all_validation
coco-rem,000000058111,/home/felix/fiftyone/coco-2017/validation/data/000000058111.jpg,validation,locked_confirmation,000000058111,6,0.010983673469387755,1.0,2,False,all_validation
coco-rem,000000058350,/home/felix/fiftyone/coco-2017/validation/data/000000058350.jpg,validation,locked_confirmation,000000058350,6,0.1532568359375,1.0,4,False,all_validation
coco-rem,000000058384,/home/felix/fiftyone/coco-2017/validation/data/000000058384.jpg,validation,locked_confirmation,000000058384,4,0.013375134120171673,0.0,2,False,all_validation
coco-rem,000000058393,/home/felix/fiftyone/coco-2017/validation/data/000000058393.jpg,validation,locked_confirmation,000000058393,3,0.04436728395061729,0.6666666666666666,2,False,all_validation
coco-rem,000000058539,/home/felix/fiftyone/coco-2017/validation/data/000000058539.jpg,validation,locked_confirmation,000000058539,13,0.03346199524940618,0.8461538461538461,3,False,all_validation
coco-rem,000000058636,/home/felix/fiftyone/coco-2017/validation/data/000000058636.jpg,validation,locked_confirmation,000000058636,0,,0.0,0,False,all_validation
coco-rem,000000058655,/home/felix/fiftyone/coco-2017/validation/data/000000058655.jpg,validation,locked_confirmation,000000058655,1,0.03025,0.0,1,False,all_validation
coco-rem,000000058705,/home/felix/fiftyone/coco-2017/validation/data/000000058705.jpg,validation,locked_confirmation,000000058705,4,0.1911874351659751,0.75,3,False,all_validation
coco-rem,000000059044,/home/felix/fiftyone/coco-2017/validation/data/000000059044.jpg,validation,locked_confirmation,000000059044,19,0.017066744730679158,0.8421052631578947,2,True,all_validation
coco-rem,000000059386,/home/felix/fiftyone/coco-2017/validation/data/000000059386.jpg,validation,locked_confirmation,000000059386,10,0.017944964871194378,0.7,3,False,all_validation
coco-rem,000000059598,/home/felix/fiftyone/coco-2017/validation/data/000000059598.jpg,validation,locked_confirmation,000000059598,14,0.013486328125,0.6428571428571429,8,False,all_validation
coco-rem,000000059635,/home/felix/fiftyone/coco-2017/validation/data/000000059635.jpg,validation,locked_confirmation,000000059635,26,0.004086291152263374,0.19230769230769232,3,True,all_validation
coco-rem,000000059920,/home/felix/fiftyone/coco-2017/validation/data/000000059920.jpg,validation,locked_confirmation,000000059920,3,0.06862192622950819,0.0,2,False,all_validation
coco-rem,000000060052,/home/felix/fiftyone/coco-2017/validation/data/000000060052.jpg,validation,locked_confirmation,000000060052,2,0.7815390807962529,1.0,2,False,all_validation
coco-rem,000000060090,/home/felix/fiftyone/coco-2017/validation/data/000000060090.jpg,validation,locked_confirmation,000000060090,6,0.0020574763593380614,0.0,2,False,all_validation
coco-rem,000000060102,/home/felix/fiftyone/coco-2017/validation/data/000000060102.jpg,validation,locked_confirmation,000000060102,3,0.33381944444444445,0.0,2,False,all_validation
coco-rem,000000060347,/home/felix/fiftyone/coco-2017/validation/data/000000060347.jpg,validation,locked_confirmation,000000060347,2,0.28412760416666666,1.0,2,False,all_validation
coco-rem,000000060363,/home/felix/fiftyone/coco-2017/validation/data/000000060363.jpg,validation,locked_confirmation,000000060363,18,6.510416666666667e-05,0.0,2,False,all_validation
coco-rem,000000060449,/home/felix/fiftyone/coco-2017/validation/data/000000060449.jpg,validation,locked_confirmation,000000060449,5,0.03864583333333333,0.6,5,False,all_validation
coco-rem,000000060507,/home/felix/fiftyone/coco-2017/validation/data/000000060507.jpg,validation,locked_confirmation,000000060507,19,0.004350848946135831,0.3157894736842105,6,True,all_validation
coco-rem,000000060770,/home/felix/fiftyone/coco-2017/validation/data/000000060770.jpg,validation,locked_confirmation,000000060770,3,0.10781866666666666,0.6666666666666666,1,False,all_validation
coco-rem,000000060823,/home/felix/fiftyone/coco-2017/validation/data/000000060823.jpg,validation,locked_confirmation,000000060823,28,0.0015950520833333333,0.25,4,True,all_validation
coco-rem,000000060835,/home/felix/fiftyone/coco-2017/validation/data/000000060835.jpg,validation,locked_confirmation,000000060835,3,0.2126953125,0.0,3,False,all_validation
coco-rem,000000060855,/home/felix/fiftyone/coco-2017/validation/data/000000060855.jpg,validation,locked_confirmation,000000060855,7,0.08080200501253133,0.0,2,False,all_validation
coco-rem,000000060886,/home/felix/fiftyone/coco-2017/validation/data/000000060886.jpg,validation,locked_confirmation,000000060886,14,0.012162162162162163,0.2857142857142857,2,True,all_validation
coco-rem,000000060899,/home/felix/fiftyone/coco-2017/validation/data/000000060899.jpg,validation,locked_confirmation,000000060899,9,0.024088541666666668,0.5555555555555556,5,False,all_validation
coco-rem,000000060932,/home/felix/fiftyone/coco-2017/validation/data/000000060932.jpg,validation,locked_confirmation,000000060932,18,0.014042421144859813,0.8333333333333334,3,False,all_validation
coco-rem,000000061108,/home/felix/fiftyone/coco-2017/validation/data/000000061108.jpg,validation,locked_confirmation,000000061108,9,0.04447916666666667,0.3333333333333333,4,False,all_validation
coco-rem,000000061171,/home/felix/fiftyone/coco-2017/validation/data/000000061171.jpg,validation,locked_confirmation,000000061171,8,0.11824869791666667,0.625,2,False,all_validation
coco-rem,000000061268,/home/felix/fiftyone/coco-2017/validation/data/000000061268.jpg,validation,locked_confirmation,000000061268,7,0.0016914799528301887,0.7142857142857143,4,False,all_validation
coco-rem,000000061333,/home/felix/fiftyone/coco-2017/validation/data/000000061333.jpg,validation,locked_confirmation,000000061333,14,0.009518005540166205,0.42857142857142855,3,True,all_validation
coco-rem,000000061418,/home/felix/fiftyone/coco-2017/validation/data/000000061418.jpg,validation,locked_confirmation,000000061418,17,0.023075873362445414,0.47058823529411764,3,False,all_validation
coco-rem,000000061471,/home/felix/fiftyone/coco-2017/validation/data/000000061471.jpg,validation,locked_confirmation,000000061471,3,0.13664713541666668,0.6666666666666666,3,False,all_validation
coco-rem,000000061584,/home/felix/fiftyone/coco-2017/validation/data/000000061584.jpg,validation,locked_confirmation,000000061584,6,0.014104,0.8333333333333334,4,False,all_validation
coco-rem,000000061658,/home/felix/fiftyone/coco-2017/validation/data/000000061658.jpg,validation,locked_confirmation,000000061658,13,0.051041666666666666,0.3076923076923077,1,False,all_validation
coco-rem,000000061747,/home/felix/fiftyone/coco-2017/validation/data/000000061747.jpg,validation,locked_confirmation,000000061747,3,0.11857578397212544,0.6666666666666666,2,False,all_validation
coco-rem,000000061960,/home/felix/fiftyone/coco-2017/validation/data/000000061960.jpg,validation,locked_confirmation,000000061960,2,0.47068733153638814,0.0,2,False,all_validation
coco-rem,000000062025,/home/felix/fiftyone/coco-2017/validation/data/000000062025.jpg,validation,locked_confirmation,000000062025,6,0.0033203125,0.0,4,False,all_validation
coco-rem,000000062353,/home/felix/fiftyone/coco-2017/validation/data/000000062353.jpg,validation,locked_confirmation,000000062353,9,0.004541015625,0.7777777777777778,2,False,all_validation
coco-rem,000000062355,/home/felix/fiftyone/coco-2017/validation/data/000000062355.jpg,validation,locked_confirmation,000000062355,7,0.01327394859813084,0.5714285714285714,3,False,all_validation
coco-rem,000000062554,/home/felix/fiftyone/coco-2017/validation/data/000000062554.jpg,validation,locked_confirmation,000000062554,18,0.03475284754672897,1.0,4,False,all_validation
coco-rem,000000062692,/home/felix/fiftyone/coco-2017/validation/data/000000062692.jpg,validation,locked_confirmation,000000062692,3,0.0013209894613583138,1.0,2,False,all_validation
coco-rem,000000062808,/home/felix/fiftyone/coco-2017/validation/data/000000062808.jpg,validation,locked_confirmation,000000062808,14,0.012071205821205822,0.6428571428571429,7,False,all_validation
coco-rem,000000063047,/home/felix/fiftyone/coco-2017/validation/data/000000063047.jpg,validation,locked_confirmation,000000063047,6,0.0076314616755793225,0.6666666666666666,2,False,all_validation
coco-rem,000000063154,/home/felix/fiftyone/coco-2017/validation/data/000000063154.jpg,validation,locked_confirmation,000000063154,2,0.023598884976525823,1.0,2,False,all_validation
coco-rem,000000063552,/home/felix/fiftyone/coco-2017/validation/data/000000063552.jpg,validation,locked_confirmation,000000063552,2,0.4497880226109215,0.0,1,False,all_validation
coco-rem,000000063602,/home/felix/fiftyone/coco-2017/validation/data/000000063602.jpg,validation,locked_confirmation,000000063602,9,0.0012536764705882353,0.2222222222222222,4,False,all_validation
coco-rem,000000063740,/home/felix/fiftyone/coco-2017/validation/data/000000063740.jpg,validation,locked_confirmation,000000063740,11,0.009026692708333334,0.18181818181818182,7,False,all_validation
coco-rem,000000063965,/home/felix/fiftyone/coco-2017/validation/data/000000063965.jpg,validation,locked_confirmation,000000063965,3,0.14612485362997657,1.0,3,False,all_validation
coco-rem,000000064084,/home/felix/fiftyone/coco-2017/validation/data/000000064084.jpg,validation,locked_confirmation,000000064084,17,0.07164564220183486,1.0,7,False,all_validation
coco-rem,000000064359,/home/felix/fiftyone/coco-2017/validation/data/000000064359.jpg,validation,locked_confirmation,000000064359,7,0.09334939759036144,0.0,2,False,all_validation
coco-rem,000000064462,/home/felix/fiftyone/coco-2017/validation/data/000000064462.jpg,validation,locked_confirmation,000000064462,3,0.012465608465608466,0.0,2,False,all_validation
coco-rem,000000064495,/home/felix/fiftyone/coco-2017/validation/data/000000064495.jpg,validation,locked_confirmation,000000064495,1,0.10255859375,0.0,1,False,all_validation
coco-rem,000000064499,/home/felix/fiftyone/coco-2017/validation/data/000000064499.jpg,validation,locked_confirmation,000000064499,2,0.29065266927083333,1.0,1,False,all_validation
coco-rem,000000064523,/home/felix/fiftyone/coco-2017/validation/data/000000064523.jpg,validation,locked_confirmation,000000064523,23,0.019161739864864864,0.9565217391304348,3,False,all_validation
coco-rem,000000064574,/home/felix/fiftyone/coco-2017/validation/data/000000064574.jpg,validation,locked_confirmation,000000064574,0,,0.0,0,False,all_validation
coco-rem,000000064718,/home/felix/fiftyone/coco-2017/validation/data/000000064718.jpg,validation,locked_confirmation,000000064718,3,0.03756061422413793,0.6666666666666666,3,False,all_validation
coco-rem,000000064868,/home/felix/fiftyone/coco-2017/validation/data/000000064868.jpg,validation,locked_confirmation,000000064868,6,0.041933333333333336,0.8333333333333334,5,False,all_validation
coco-rem,000000064898,/home/felix/fiftyone/coco-2017/validation/data/000000064898.jpg,validation,locked_confirmation,000000064898,4,0.009230459601873537,0.0,2,False,all_validation
coco-rem,000000065074,/home/felix/fiftyone/coco-2017/validation/data/000000065074.jpg,validation,locked_confirmation,000000065074,2,0.30303471403301885,1.0,2,False,all_validation
coco-rem,000000065288,/home/felix/fiftyone/coco-2017/validation/data/000000065288.jpg,validation,locked_confirmation,000000065288,37,0.005532786885245901,0.5675675675675675,6,True,all_validation
coco-rem,000000065350,/home/felix/fiftyone/coco-2017/validation/data/000000065350.jpg,validation,locked_confirmation,000000065350,15,0.017055766978922717,0.8,5,False,all_validation
coco-rem,000000065455,/home/felix/fiftyone/coco-2017/validation/data/000000065455.jpg,validation,locked_confirmation,000000065455,15,0.007018666666666667,0.13333333333333333,2,True,all_validation
coco-rem,000000065485,/home/felix/fiftyone/coco-2017/validation/data/000000065485.jpg,validation,locked_confirmation,000000065485,2,0.45904876373626374,1.0,2,False,all_validation
coco-rem,000000065736,/home/felix/fiftyone/coco-2017/validation/data/000000065736.jpg,validation,locked_confirmation,000000065736,3,0.033906615925058545,1.0,3,False,all_validation
coco-rem,000000065798,/home/felix/fiftyone/coco-2017/validation/data/000000065798.jpg,validation,locked_confirmation,000000065798,17,0.0009375,0.11764705882352941,4,True,all_validation
coco-rem,000000066038,/home/felix/fiftyone/coco-2017/validation/data/000000066038.jpg,validation,locked_confirmation,000000066038,16,0.0145556640625,0.875,4,False,all_validation
coco-rem,000000066135,/home/felix/fiftyone/coco-2017/validation/data/000000066135.jpg,validation,locked_confirmation,000000066135,1,0.8329105263157894,0.0,1,False,all_validation
coco-rem,000000066231,/home/felix/fiftyone/coco-2017/validation/data/000000066231.jpg,validation,locked_confirmation,000000066231,28,0.0037525614754098362,0.6428571428571429,9,False,all_validation
coco-rem,000000066523,/home/felix/fiftyone/coco-2017/validation/data/000000066523.jpg,validation,locked_confirmation,000000066523,1,0.524111328125,0.0,1,False,all_validation
coco-rem,000000066561,/home/felix/fiftyone/coco-2017/validation/data/000000066561.jpg,validation,locked_confirmation,000000066561,2,0.31787909836065575,0.0,1,False,all_validation
coco-rem,000000066635,/home/felix/fiftyone/coco-2017/validation/data/000000066635.jpg,validation,locked_confirmation,000000066635,4,0.053369140625,0.0,4,False,all_validation
coco-rem,000000066706,/home/felix/fiftyone/coco-2017/validation/data/000000066706.jpg,validation,locked_confirmation,000000066706,12,0.008617145115126661,0.16666666666666666,3,False,all_validation
coco-rem,000000066771,/home/felix/fiftyone/coco-2017/validation/data/000000066771.jpg,validation,locked_confirmation,000000066771,11,0.02740234375,1.0,7,False,all_validation
coco-rem,000000066817,/home/felix/fiftyone/coco-2017/validation/data/000000066817.jpg,validation,locked_confirmation,000000066817,10,0.018346309111880045,1.0,4,False,all_validation
coco-rem,000000066841,/home/felix/fiftyone/coco-2017/validation/data/000000066841.jpg,validation,locked_confirmation,000000066841,8,0.035833333333333335,0.875,3,False,all_validation
coco-rem,000000066886,/home/felix/fiftyone/coco-2017/validation/data/000000066886.jpg,validation,locked_confirmation,000000066886,1,0.6417447306791569,0.0,1,False,all_validation
coco-rem,000000066926,/home/felix/fiftyone/coco-2017/validation/data/000000066926.jpg,validation,locked_confirmation,000000066926,12,0.043798828125,0.5,1,False,all_validation
coco-rem,000000067180,/home/felix/fiftyone/coco-2017/validation/data/000000067180.jpg,validation,locked_confirmation,000000067180,2,0.34306640625,1.0,2,False,all_validation
coco-rem,000000067213,/home/felix/fiftyone/coco-2017/validation/data/000000067213.jpg,validation,locked_confirmation,000000067213,15,0.015525128865979381,0.6666666666666666,3,False,all_validation
coco-rem,000000067310,/home/felix/fiftyone/coco-2017/validation/data/000000067310.jpg,validation,locked_confirmation,000000067310,6,0.018936471193415638,0.6666666666666666,2,False,all_validation
coco-rem,000000067315,/home/felix/fiftyone/coco-2017/validation/data/000000067315.jpg,validation,locked_confirmation,000000067315,4,0.28038824648711946,1.0,2,False,all_validation
coco-rem,000000067406,/home/felix/fiftyone/coco-2017/validation/data/000000067406.jpg,validation,locked_confirmation,000000067406,4,0.006805333333333333,0.0,2,False,all_validation
coco-rem,000000067534,/home/felix/fiftyone/coco-2017/validation/data/000000067534.jpg,validation,locked_confirmation,000000067534,3,0.4429942810457516,1.0,3,False,all_validation
coco-rem,000000067616,/home/felix/fiftyone/coco-2017/validation/data/000000067616.jpg,validation,locked_confirmation,000000067616,37,0.0022916666666666667,0.7027027027027027,10,False,all_validation
coco-rem,000000067896,/home/felix/fiftyone/coco-2017/validation/data/000000067896.jpg,validation,locked_confirmation,000000067896,1,0.25875,0.0,1,False,all_validation
coco-rem,000000068078,/home/felix/fiftyone/coco-2017/validation/data/000000068078.jpg,validation,locked_confirmation,000000068078,4,0.09304253472222222,0.75,4,False,all_validation
coco-rem,000000068093,/home/felix/fiftyone/coco-2017/validation/data/000000068093.jpg,validation,locked_confirmation,000000068093,5,0.1079296875,1.0,3,False,all_validation
coco-rem,000000068286,/home/felix/fiftyone/coco-2017/validation/data/000000068286.jpg,validation,locked_confirmation,000000068286,1,0.39739583333333334,0.0,1,False,all_validation
coco-rem,000000068387,/home/felix/fiftyone/coco-2017/validation/data/000000068387.jpg,validation,locked_confirmation,000000068387,7,0.024967447916666666,0.5714285714285714,3,False,all_validation
coco-rem,000000068409,/home/felix/fiftyone/coco-2017/validation/data/000000068409.jpg,validation,locked_confirmation,000000068409,16,0.06280893536121673,1.0,2,False,all_validation
coco-rem,000000068628,/home/felix/fiftyone/coco-2017/validation/data/000000068628.jpg,validation,locked_confirmation,000000068628,2,0.12383269906323185,0.0,2,False,all_validation
coco-rem,000000068765,/home/felix/fiftyone/coco-2017/validation/data/000000068765.jpg,validation,locked_confirmation,000000068765,2,0.45219563802083335,1.0,2,False,all_validation
coco-rem,000000068833,/home/felix/fiftyone/coco-2017/validation/data/000000068833.jpg,validation,locked_confirmation,000000068833,9,0.007298177083333334,0.2222222222222222,7,False,all_validation
coco-rem,000000068933,/home/felix/fiftyone/coco-2017/validation/data/000000068933.jpg,validation,locked_confirmation,000000068933,3,0.17412140575079874,0.0,1,False,all_validation
coco-rem,000000069106,/home/felix/fiftyone/coco-2017/validation/data/000000069106.jpg,validation,locked_confirmation,000000069106,4,0.0975868263473054,0.5,1,False,all_validation
coco-rem,000000069138,/home/felix/fiftyone/coco-2017/validation/data/000000069138.jpg,validation,locked_confirmation,000000069138,2,0.19038072776280324,0.0,2,False,all_validation
coco-rem,000000069213,/home/felix/fiftyone/coco-2017/validation/data/000000069213.jpg,validation,locked_confirmation,000000069213,8,0.016451990632318503,0.625,2,False,all_validation
coco-rem,000000069224,/home/felix/fiftyone/coco-2017/validation/data/000000069224.jpg,validation,locked_confirmation,000000069224,16,0.009018666666666666,0.5625,5,False,all_validation
coco-rem,000000069356,/home/felix/fiftyone/coco-2017/validation/data/000000069356.jpg,validation,locked_confirmation,000000069356,38,0.0015965346534653464,0.8421052631578947,4,False,all_validation
coco-rem,000000069795,/home/felix/fiftyone/coco-2017/validation/data/000000069795.jpg,validation,locked_confirmation,000000069795,2,0.176171875,1.0,2,False,all_validation
coco-rem,000000070048,/home/felix/fiftyone/coco-2017/validation/data/000000070048.jpg,validation,locked_confirmation,000000070048,5,0.13837890625,1.0,4,False,all_validation
coco-rem,000000070158,/home/felix/fiftyone/coco-2017/validation/data/000000070158.jpg,validation,locked_confirmation,000000070158,3,0.25278103044496486,0.0,1,False,all_validation
coco-rem,000000070229,/home/felix/fiftyone/coco-2017/validation/data/000000070229.jpg,validation,locked_confirmation,000000070229,4,0.23552819646569648,1.0,3,False,all_validation
coco-rem,000000070254,/home/felix/fiftyone/coco-2017/validation/data/000000070254.jpg,validation,locked_confirmation,000000070254,17,0.008544921875,0.6470588235294118,6,False,all_validation
coco-rem,000000070739,/home/felix/fiftyone/coco-2017/validation/data/000000070739.jpg,validation,locked_confirmation,000000070739,5,0.05968424479166667,1.0,2,False,all_validation
coco-rem,000000070774,/home/felix/fiftyone/coco-2017/validation/data/000000070774.jpg,validation,locked_confirmation,000000070774,14,0.00017830882352941175,0.21428571428571427,3,False,all_validation
coco-rem,000000071226,/home/felix/fiftyone/coco-2017/validation/data/000000071226.jpg,validation,locked_confirmation,000000071226,6,0.06497946009389671,1.0,4,False,all_validation
coco-rem,000000071451,/home/felix/fiftyone/coco-2017/validation/data/000000071451.jpg,validation,locked_confirmation,000000071451,1,0.7340159921671018,0.0,1,False,all_validation
coco-rem,000000071711,/home/felix/fiftyone/coco-2017/validation/data/000000071711.jpg,validation,locked_confirmation,000000071711,16,0.0046948185011709605,0.9375,3,False,all_validation
coco-rem,000000071756,/home/felix/fiftyone/coco-2017/validation/data/000000071756.jpg,validation,locked_confirmation,000000071756,2,0.1271881103515625,0.0,1,False,all_validation
coco-rem,000000071877,/home/felix/fiftyone/coco-2017/validation/data/000000071877.jpg,validation,locked_confirmation,000000071877,3,0.06640625,0.6666666666666666,3,False,all_validation
coco-rem,000000071938,/home/felix/fiftyone/coco-2017/validation/data/000000071938.jpg,validation,locked_confirmation,000000071938,3,0.911455078125,1.0,3,False,all_validation
coco-rem,000000072281,/home/felix/fiftyone/coco-2017/validation/data/000000072281.jpg,validation,locked_confirmation,000000072281,2,0.26950563524590165,1.0,2,False,all_validation
coco-rem,000000072795,/home/felix/fiftyone/coco-2017/validation/data/000000072795.jpg,validation,locked_confirmation,000000072795,15,0.010869140625,0.5333333333333333,4,True,all_validation
coco-rem,000000072813,/home/felix/fiftyone/coco-2017/validation/data/000000072813.jpg,validation,locked_confirmation,000000072813,4,0.11215494791666666,0.75,4,False,all_validation
coco-rem,000000072852,/home/felix/fiftyone/coco-2017/validation/data/000000072852.jpg,validation,locked_confirmation,000000072852,4,0.009419221698113208,0.5,3,False,all_validation
coco-rem,000000073118,/home/felix/fiftyone/coco-2017/validation/data/000000073118.jpg,validation,locked_confirmation,000000073118,2,0.5801708210517322,1.0,1,False,all_validation
coco-rem,000000073153,/home/felix/fiftyone/coco-2017/validation/data/000000073153.jpg,validation,locked_confirmation,000000073153,2,0.2154786299765808,1.0,2,False,all_validation
coco-rem,000000073326,/home/felix/fiftyone/coco-2017/validation/data/000000073326.jpg,validation,locked_confirmation,000000073326,14,0.0043766276041666665,1.0,3,False,all_validation
coco-rem,000000073533,/home/felix/fiftyone/coco-2017/validation/data/000000073533.jpg,validation,locked_confirmation,000000073533,4,0.24493001302083334,1.0,2,False,all_validation
coco-rem,000000073702,/home/felix/fiftyone/coco-2017/validation/data/000000073702.jpg,validation,locked_confirmation,000000073702,5,0.2420123922413793,0.8,3,False,all_validation
coco-rem,000000073946,/home/felix/fiftyone/coco-2017/validation/data/000000073946.jpg,validation,locked_confirmation,000000073946,5,0.21536580023364485,0.0,3,False,all_validation
coco-rem,000000074058,/home/felix/fiftyone/coco-2017/validation/data/000000074058.jpg,validation,locked_confirmation,000000074058,28,0.006822672716627635,0.6785714285714286,8,False,all_validation
coco-rem,000000074092,/home/felix/fiftyone/coco-2017/validation/data/000000074092.jpg,validation,locked_confirmation,000000074092,15,0.0032891566265060243,0.4,3,True,all_validation
coco-rem,000000074200,/home/felix/fiftyone/coco-2017/validation/data/000000074200.jpg,validation,locked_confirmation,000000074200,9,0.001904296875,0.3333333333333333,2,False,all_validation
coco-rem,000000074209,/home/felix/fiftyone/coco-2017/validation/data/000000074209.jpg,validation,locked_confirmation,000000074209,22,0.00203125,0.6818181818181818,13,False,all_validation
coco-rem,000000074256,/home/felix/fiftyone/coco-2017/validation/data/000000074256.jpg,validation,locked_confirmation,000000074256,12,0.036809895833333335,0.9166666666666666,5,False,all_validation
coco-rem,000000074457,/home/felix/fiftyone/coco-2017/validation/data/000000074457.jpg,validation,locked_confirmation,000000074457,2,0.024499914148351648,1.0,2,False,all_validation
coco-rem,000000074646,/home/felix/fiftyone/coco-2017/validation/data/000000074646.jpg,validation,locked_confirmation,000000074646,14,0.0009098307291666666,0.14285714285714285,5,False,all_validation
coco-rem,000000074733,/home/felix/fiftyone/coco-2017/validation/data/000000074733.jpg,validation,locked_confirmation,000000074733,22,0.0251479131957794,0.5454545454545454,6,False,all_validation
coco-rem,000000074860,/home/felix/fiftyone/coco-2017/validation/data/000000074860.jpg,validation,locked_confirmation,000000074860,2,0.01882684426229508,0.0,2,False,all_validation
coco-rem,000000075393,/home/felix/fiftyone/coco-2017/validation/data/000000075393.jpg,validation,locked_confirmation,000000075393,4,0.04235093390804598,0.0,1,False,all_validation
coco-rem,000000075456,/home/felix/fiftyone/coco-2017/validation/data/000000075456.jpg,validation,locked_confirmation,000000075456,1,0.48009001756440284,0.0,1,False,all_validation
coco-rem,000000075612,/home/felix/fiftyone/coco-2017/validation/data/000000075612.jpg,validation,locked_confirmation,000000075612,20,0.008421223958333333,0.85,3,False,all_validation
coco-rem,000000076211,/home/felix/fiftyone/coco-2017/validation/data/000000076211.jpg,validation,locked_confirmation,000000076211,1,0.008128125,0.0,1,False,all_validation
coco-rem,000000076261,/home/felix/fiftyone/coco-2017/validation/data/000000076261.jpg,validation,locked_confirmation,000000076261,2,0.010609997072599532,0.0,1,False,all_validation
coco-rem,000000076416,/home/felix/fiftyone/coco-2017/validation/data/000000076416.jpg,validation,locked_confirmation,000000076416,9,0.002421875,0.4444444444444444,6,False,all_validation
coco-rem,000000076417,/home/felix/fiftyone/coco-2017/validation/data/000000076417.jpg,validation,locked_confirmation,000000076417,4,0.051166971757322176,0.5,3,False,all_validation
coco-rem,000000076468,/home/felix/fiftyone/coco-2017/validation/data/000000076468.jpg,validation,locked_confirmation,000000076468,25,0.0024609375,0.16,3,True,all_validation
coco-rem,000000076547,/home/felix/fiftyone/coco-2017/validation/data/000000076547.jpg,validation,locked_confirmation,000000076547,13,0.025179036458333335,0.8461538461538461,10,False,all_validation
coco-rem,000000076625,/home/felix/fiftyone/coco-2017/validation/data/000000076625.jpg,validation,locked_confirmation,000000076625,15,0.0022135416666666666,0.9333333333333333,4,False,all_validation
coco-rem,000000076731,/home/felix/fiftyone/coco-2017/validation/data/000000076731.jpg,validation,locked_confirmation,000000076731,1,0.6622229064039409,0.0,1,False,all_validation
coco-rem,000000077396,/home/felix/fiftyone/coco-2017/validation/data/000000077396.jpg,validation,locked_confirmation,000000077396,9,0.04986328125,0.4444444444444444,7,False,all_validation
coco-rem,000000077460,/home/felix/fiftyone/coco-2017/validation/data/000000077460.jpg,validation,locked_confirmation,000000077460,26,0.00033038843457943926,0.07692307692307693,2,True,all_validation
coco-rem,000000077595,/home/felix/fiftyone/coco-2017/validation/data/000000077595.jpg,validation,locked_confirmation,000000077595,4,0.3974595588235294,1.0,4,False,all_validation
coco-rem,000000078032,/home/felix/fiftyone/coco-2017/validation/data/000000078032.jpg,validation,locked_confirmation,000000078032,4,0.02239719321148825,0.0,2,False,all_validation
coco-rem,000000078170,/home/felix/fiftyone/coco-2017/validation/data/000000078170.jpg,validation,locked_confirmation,000000078170,10,0.039298095703125,1.0,6,False,all_validation
coco-rem,000000078266,/home/felix/fiftyone/coco-2017/validation/data/000000078266.jpg,validation,locked_confirmation,000000078266,14,0.0006662529205607476,0.5714285714285714,6,False,all_validation
coco-rem,000000078404,/home/felix/fiftyone/coco-2017/validation/data/000000078404.jpg,validation,locked_confirmation,000000078404,6,0.16177714285714287,0.6666666666666666,3,False,all_validation
coco-rem,000000078420,/home/felix/fiftyone/coco-2017/validation/data/000000078420.jpg,validation,locked_confirmation,000000078420,5,0.2519759114583333,0.6,5,False,all_validation
coco-rem,000000078426,/home/felix/fiftyone/coco-2017/validation/data/000000078426.jpg,validation,locked_confirmation,000000078426,3,0.41358682634730537,0.6666666666666666,3,False,all_validation
coco-rem,000000078565,/home/felix/fiftyone/coco-2017/validation/data/000000078565.jpg,validation,locked_confirmation,000000078565,24,0.001503006012024048,0.3333333333333333,3,True,all_validation
coco-rem,000000078748,/home/felix/fiftyone/coco-2017/validation/data/000000078748.jpg,validation,locked_confirmation,000000078748,19,0.014381510416666667,0.21052631578947367,3,True,all_validation
coco-rem,000000078823,/home/felix/fiftyone/coco-2017/validation/data/000000078823.jpg,validation,locked_confirmation,000000078823,5,0.1181640625,0.6,3,False,all_validation
coco-rem,000000078843,/home/felix/fiftyone/coco-2017/validation/data/000000078843.jpg,validation,locked_confirmation,000000078843,3,0.41625,1.0,2,False,all_validation
coco-rem,000000078915,/home/felix/fiftyone/coco-2017/validation/data/000000078915.jpg,validation,locked_confirmation,000000078915,25,0.007068607068607069,0.48,4,False,all_validation
coco-rem,000000078959,/home/felix/fiftyone/coco-2017/validation/data/000000078959.jpg,validation,locked_confirmation,000000078959,17,0.0126953125,0.5294117647058824,1,False,all_validation
coco-rem,000000079014,/home/felix/fiftyone/coco-2017/validation/data/000000079014.jpg,validation,locked_confirmation,000000079014,2,0.4478154148257241,1.0,2,False,all_validation
coco-rem,000000079031,/home/felix/fiftyone/coco-2017/validation/data/000000079031.jpg,validation,locked_confirmation,000000079031,2,0.34275102459016393,0.0,2,False,all_validation
coco-rem,000000079034,/home/felix/fiftyone/coco-2017/validation/data/000000079034.jpg,validation,locked_confirmation,000000079034,6,0.0008203125,0.5,2,False,all_validation
coco-rem,000000079144,/home/felix/fiftyone/coco-2017/validation/data/000000079144.jpg,validation,locked_confirmation,000000079144,2,0.05482396288209607,0.0,1,False,all_validation
coco-rem,000000079188,/home/felix/fiftyone/coco-2017/validation/data/000000079188.jpg,validation,locked_confirmation,000000079188,2,0.57873046875,1.0,1,False,all_validation
coco-rem,000000079229,/home/felix/fiftyone/coco-2017/validation/data/000000079229.jpg,validation,locked_confirmation,000000079229,3,0.035431338028169015,0.6666666666666666,3,False,all_validation
coco-rem,000000079408,/home/felix/fiftyone/coco-2017/validation/data/000000079408.jpg,validation,locked_confirmation,000000079408,1,0.5405005854800937,0.0,1,False,all_validation
coco-rem,000000079565,/home/felix/fiftyone/coco-2017/validation/data/000000079565.jpg,validation,locked_confirmation,000000079565,2,0.15045066666666668,0.0,1,False,all_validation
coco-rem,000000079588,/home/felix/fiftyone/coco-2017/validation/data/000000079588.jpg,validation,locked_confirmation,000000079588,6,0.0014794921875,0.0,2,False,all_validation
coco-rem,000000079651,/home/felix/fiftyone/coco-2017/validation/data/000000079651.jpg,validation,locked_confirmation,000000079651,5,0.12680439330543933,0.4,2,False,all_validation
coco-rem,000000079837,/home/felix/fiftyone/coco-2017/validation/data/000000079837.jpg,validation,locked_confirmation,000000079837,8,0.0018387734192037472,0.0,1,False,all_validation
coco-rem,000000079969,/home/felix/fiftyone/coco-2017/validation/data/000000079969.jpg,validation,locked_confirmation,000000079969,19,0.00363849765258216,0.3157894736842105,5,True,all_validation
coco-rem,000000080022,/home/felix/fiftyone/coco-2017/validation/data/000000080022.jpg,validation,locked_confirmation,000000080022,3,0.021148767605633802,1.0,3,False,all_validation
coco-rem,000000080057,/home/felix/fiftyone/coco-2017/validation/data/000000080057.jpg,validation,locked_confirmation,000000080057,1,0.5248707151300236,0.0,1,False,all_validation
coco-rem,000000080153,/home/felix/fiftyone/coco-2017/validation/data/000000080153.jpg,validation,locked_confirmation,000000080153,4,0.0716796875,0.5,3,False,all_validation
coco-rem,000000080273,/home/felix/fiftyone/coco-2017/validation/data/000000080273.jpg,validation,locked_confirmation,000000080273,2,0.17300489193925234,0.0,2,False,all_validation
coco-rem,000000080274,/home/felix/fiftyone/coco-2017/validation/data/000000080274.jpg,validation,locked_confirmation,000000080274,2,0.2839404296875,1.0,1,False,all_validation
coco-rem,000000080340,/home/felix/fiftyone/coco-2017/validation/data/000000080340.jpg,validation,locked_confirmation,000000080340,20,0.01328307962529274,0.6,7,False,all_validation
coco-rem,000000080413,/home/felix/fiftyone/coco-2017/validation/data/000000080413.jpg,validation,locked_confirmation,000000080413,1,0.08196940104166667,0.0,1,False,all_validation
coco-rem,000000080659,/home/felix/fiftyone/coco-2017/validation/data/000000080659.jpg,validation,locked_confirmation,000000080659,7,0.08460187353629976,1.0,2,False,all_validation
coco-rem,000000080666,/home/felix/fiftyone/coco-2017/validation/data/000000080666.jpg,validation,locked_confirmation,000000080666,2,0.48459228515625,1.0,2,False,all_validation
coco-rem,000000080671,/home/felix/fiftyone/coco-2017/validation/data/000000080671.jpg,validation,locked_confirmation,000000080671,3,0.010062939110070258,0.6666666666666666,2,False,all_validation
coco-rem,000000080932,/home/felix/fiftyone/coco-2017/validation/data/000000080932.jpg,validation,locked_confirmation,000000080932,12,0.035520833333333335,0.5833333333333334,6,False,all_validation
coco-rem,000000080949,/home/felix/fiftyone/coco-2017/validation/data/000000080949.jpg,validation,locked_confirmation,000000080949,6,0.044991438356164384,1.0,6,False,all_validation
coco-rem,000000081061,/home/felix/fiftyone/coco-2017/validation/data/000000081061.jpg,validation,locked_confirmation,000000081061,3,0.10842760180995475,0.0,3,False,all_validation
coco-rem,000000081394,/home/felix/fiftyone/coco-2017/validation/data/000000081394.jpg,validation,locked_confirmation,000000081394,6,0.0036263020833333334,0.3333333333333333,4,False,all_validation
coco-rem,000000081594,/home/felix/fiftyone/coco-2017/validation/data/000000081594.jpg,validation,locked_confirmation,000000081594,3,0.114899320083682,0.6666666666666666,3,False,all_validation
coco-rem,000000081738,/home/felix/fiftyone/coco-2017/validation/data/000000081738.jpg,validation,locked_confirmation,000000081738,5,0.20113932291666667,1.0,5,False,all_validation
coco-rem,000000081766,/home/felix/fiftyone/coco-2017/validation/data/000000081766.jpg,validation,locked_confirmation,000000081766,3,0.061328125,0.0,1,False,all_validation
coco-rem,000000081988,/home/felix/fiftyone/coco-2017/validation/data/000000081988.jpg,validation,locked_confirmation,000000081988,9,0.0258635831381733,0.7777777777777778,2,False,all_validation
coco-rem,000000082085,/home/felix/fiftyone/coco-2017/validation/data/000000082085.jpg,validation,locked_confirmation,000000082085,12,0.003981089369158878,0.75,2,False,all_validation
coco-rem,000000082180,/home/felix/fiftyone/coco-2017/validation/data/000000082180.jpg,validation,locked_confirmation,000000082180,3,0.04772058823529412,1.0,2,False,all_validation
coco-rem,000000082688,/home/felix/fiftyone/coco-2017/validation/data/000000082688.jpg,validation,locked_confirmation,000000082688,6,0.04568669684579439,1.0,3,False,all_validation
coco-rem,000000082696,/home/felix/fiftyone/coco-2017/validation/data/000000082696.jpg,validation,locked_confirmation,000000082696,12,0.04175570843091335,0.5833333333333334,5,False,all_validation
coco-rem,000000082715,/home/felix/fiftyone/coco-2017/validation/data/000000082715.jpg,validation,locked_confirmation,000000082715,2,0.03903322599531616,0.0,2,False,all_validation
coco-rem,000000082765,/home/felix/fiftyone/coco-2017/validation/data/000000082765.jpg,validation,locked_confirmation,000000082765,2,0.3236098884976526,1.0,2,False,all_validation
coco-rem,000000082807,/home/felix/fiftyone/coco-2017/validation/data/000000082807.jpg,validation,locked_confirmation,000000082807,4,0.30223975665557407,1.0,4,False,all_validation
coco-rem,000000082812,/home/felix/fiftyone/coco-2017/validation/data/000000082812.jpg,validation,locked_confirmation,000000082812,26,0.006315104166666667,0.8846153846153846,5,False,all_validation
coco-rem,000000082821,/home/felix/fiftyone/coco-2017/validation/data/000000082821.jpg,validation,locked_confirmation,000000082821,34,0.0014325966042154567,0.4411764705882353,6,False,all_validation
coco-rem,000000082846,/home/felix/fiftyone/coco-2017/validation/data/000000082846.jpg,validation,locked_confirmation,000000082846,3,0.0015039922907488987,0.0,2,False,all_validation
coco-rem,000000082986,/home/felix/fiftyone/coco-2017/validation/data/000000082986.jpg,validation,locked_confirmation,000000082986,5,0.02983178490990991,0.0,3,False,all_validation
coco-rem,000000083113,/home/felix/fiftyone/coco-2017/validation/data/000000083113.jpg,validation,locked_confirmation,000000083113,2,0.06986490885416667,0.0,1,False,all_validation
coco-rem,000000083172,/home/felix/fiftyone/coco-2017/validation/data/000000083172.jpg,validation,locked_confirmation,000000083172,6,0.009290837236533957,0.3333333333333333,4,False,all_validation
coco-rem,000000083531,/home/felix/fiftyone/coco-2017/validation/data/000000083531.jpg,validation,locked_confirmation,000000083531,19,0.020225454545454546,0.5789473684210527,4,True,all_validation
coco-rem,000000083540,/home/felix/fiftyone/coco-2017/validation/data/000000083540.jpg,validation,locked_confirmation,000000083540,3,0.008443848758465012,0.6666666666666666,2,False,all_validation
coco-rem,000000084031,/home/felix/fiftyone/coco-2017/validation/data/000000084031.jpg,validation,locked_confirmation,000000084031,16,0.0024077868852459016,0.25,4,True,all_validation
coco-rem,000000084170,/home/felix/fiftyone/coco-2017/validation/data/000000084170.jpg,validation,locked_confirmation,000000084170,7,0.006158854166666667,0.7142857142857143,3,False,all_validation
coco-rem,000000084241,/home/felix/fiftyone/coco-2017/validation/data/000000084241.jpg,validation,locked_confirmation,000000084241,18,0.008013731060606061,0.6111111111111112,10,False,all_validation
coco-rem,000000084270,/home/felix/fiftyone/coco-2017/validation/data/000000084270.jpg,validation,locked_confirmation,000000084270,30,0.003486328125,0.4666666666666667,6,True,all_validation
coco-rem,000000084362,/home/felix/fiftyone/coco-2017/validation/data/000000084362.jpg,validation,locked_confirmation,000000084362,8,0.048447265625,0.625,7,False,all_validation
coco-rem,000000084431,/home/felix/fiftyone/coco-2017/validation/data/000000084431.jpg,validation,locked_confirmation,000000084431,2,0.22446329639889195,0.0,2,False,all_validation
coco-rem,000000084477,/home/felix/fiftyone/coco-2017/validation/data/000000084477.jpg,validation,locked_confirmation,000000084477,3,0.09276200234192038,1.0,3,False,all_validation
coco-rem,000000084492,/home/felix/fiftyone/coco-2017/validation/data/000000084492.jpg,validation,locked_confirmation,000000084492,12,0.004087808098591549,0.8333333333333334,5,False,all_validation
coco-rem,000000084650,/home/felix/fiftyone/coco-2017/validation/data/000000084650.jpg,validation,locked_confirmation,000000084650,7,0.13411458333333334,1.0,4,False,all_validation
coco-rem,000000084664,/home/felix/fiftyone/coco-2017/validation/data/000000084664.jpg,validation,locked_confirmation,000000084664,4,0.062347814942970654,1.0,4,False,all_validation
coco-rem,000000084674,/home/felix/fiftyone/coco-2017/validation/data/000000084674.jpg,validation,locked_confirmation,000000084674,9,0.00765625,1.0,6,False,all_validation
coco-rem,000000084752,/home/felix/fiftyone/coco-2017/validation/data/000000084752.jpg,validation,locked_confirmation,000000084752,13,0.0012807377049180327,0.0,3,False,all_validation
coco-rem,000000085089,/home/felix/fiftyone/coco-2017/validation/data/000000085089.jpg,validation,locked_confirmation,000000085089,7,0.13129380841121496,0.8571428571428571,2,False,all_validation
coco-rem,000000085157,/home/felix/fiftyone/coco-2017/validation/data/000000085157.jpg,validation,locked_confirmation,000000085157,22,0.0080859375,0.9545454545454546,7,False,all_validation
coco-rem,000000085195,/home/felix/fiftyone/coco-2017/validation/data/000000085195.jpg,validation,locked_confirmation,000000085195,3,0.14,1.0,3,False,all_validation
coco-rem,000000085329,/home/felix/fiftyone/coco-2017/validation/data/000000085329.jpg,validation,locked_confirmation,000000085329,2,0.23957057349665925,1.0,2,False,all_validation
coco-rem,000000085376,/home/felix/fiftyone/coco-2017/validation/data/000000085376.jpg,validation,locked_confirmation,000000085376,11,0.017366536458333335,0.45454545454545453,4,False,all_validation
coco-rem,000000085478,/home/felix/fiftyone/coco-2017/validation/data/000000085478.jpg,validation,locked_confirmation,000000085478,1,0.45668812034739453,0.0,1,False,all_validation
coco-rem,000000085576,/home/felix/fiftyone/coco-2017/validation/data/000000085576.jpg,validation,locked_confirmation,000000085576,1,0.08364,0.0,1,False,all_validation
coco-rem,000000085665,/home/felix/fiftyone/coco-2017/validation/data/000000085665.jpg,validation,locked_confirmation,000000085665,1,0.21462450592885376,0.0,1,False,all_validation
coco-rem,000000085682,/home/felix/fiftyone/coco-2017/validation/data/000000085682.jpg,validation,locked_confirmation,000000085682,15,0.002415105386416862,0.26666666666666666,2,True,all_validation
coco-rem,000000085772,/home/felix/fiftyone/coco-2017/validation/data/000000085772.jpg,validation,locked_confirmation,000000085772,4,0.016195843091334896,0.0,3,False,all_validation
coco-rem,000000085823,/home/felix/fiftyone/coco-2017/validation/data/000000085823.jpg,validation,locked_confirmation,000000085823,3,0.3999268149882904,0.6666666666666666,1,False,all_validation
coco-rem,000000085911,/home/felix/fiftyone/coco-2017/validation/data/000000085911.jpg,validation,locked_confirmation,000000085911,1,0.0999806141439206,0.0,1,False,all_validation
coco-rem,000000086220,/home/felix/fiftyone/coco-2017/validation/data/000000086220.jpg,validation,locked_confirmation,000000086220,5,0.002716121495327103,0.8,3,False,all_validation
coco-rem,000000086483,/home/felix/fiftyone/coco-2017/validation/data/000000086483.jpg,validation,locked_confirmation,000000086483,3,0.0007626666666666667,0.0,2,False,all_validation
coco-rem,000000086582,/home/felix/fiftyone/coco-2017/validation/data/000000086582.jpg,validation,locked_confirmation,000000086582,9,0.02509514051522248,0.7777777777777778,6,False,all_validation
coco-rem,000000086755,/home/felix/fiftyone/coco-2017/validation/data/000000086755.jpg,validation,locked_confirmation,000000086755,7,0.00322265625,0.7142857142857143,3,False,all_validation
coco-rem,000000086956,/home/felix/fiftyone/coco-2017/validation/data/000000086956.jpg,validation,locked_confirmation,000000086956,6,0.12799153645833333,0.8333333333333334,4,False,all_validation
coco-rem,000000087038,/home/felix/fiftyone/coco-2017/validation/data/000000087038.jpg,validation,locked_confirmation,000000087038,16,0.0017936197916666667,0.25,3,True,all_validation
coco-rem,000000087144,/home/felix/fiftyone/coco-2017/validation/data/000000087144.jpg,validation,locked_confirmation,000000087144,10,0.061767578125,0.6,4,False,all_validation
coco-rem,000000087244,/home/felix/fiftyone/coco-2017/validation/data/000000087244.jpg,validation,locked_confirmation,000000087244,4,0.018122666666666665,0.0,3,False,all_validation
coco-rem,000000087470,/home/felix/fiftyone/coco-2017/validation/data/000000087470.jpg,validation,locked_confirmation,000000087470,19,0.003716755319148936,0.5263157894736842,3,True,all_validation
coco-rem,000000087476,/home/felix/fiftyone/coco-2017/validation/data/000000087476.jpg,validation,locked_confirmation,000000087476,13,0.018076697892271662,0.7692307692307693,3,False,all_validation
coco-rem,000000087742,/home/felix/fiftyone/coco-2017/validation/data/000000087742.jpg,validation,locked_confirmation,000000087742,1,0.0264,0.0,1,False,all_validation
coco-rem,000000087875,/home/felix/fiftyone/coco-2017/validation/data/000000087875.jpg,validation,locked_confirmation,000000087875,1,0.14755518480492813,0.0,1,False,all_validation
coco-rem,000000088040,/home/felix/fiftyone/coco-2017/validation/data/000000088040.jpg,validation,locked_confirmation,000000088040,13,0.030913348946135833,1.0,7,False,all_validation
coco-rem,000000088218,/home/felix/fiftyone/coco-2017/validation/data/000000088218.jpg,validation,locked_confirmation,000000088218,1,0.061953125,0.0,1,False,all_validation
coco-rem,000000088250,/home/felix/fiftyone/coco-2017/validation/data/000000088250.jpg,validation,locked_confirmation,000000088250,2,0.44289906103286386,0.0,1,False,all_validation
coco-rem,000000088265,/home/felix/fiftyone/coco-2017/validation/data/000000088265.jpg,validation,locked_confirmation,000000088265,1,0.07391686182669789,0.0,1,False,all_validation
coco-rem,000000088269,/home/felix/fiftyone/coco-2017/validation/data/000000088269.jpg,validation,locked_confirmation,000000088269,4,0.16827799479166666,0.75,3,False,all_validation
coco-rem,000000088345,/home/felix/fiftyone/coco-2017/validation/data/000000088345.jpg,validation,locked_confirmation,000000088345,3,0.06551470588235295,0.0,2,False,all_validation
coco-rem,000000088432,/home/felix/fiftyone/coco-2017/validation/data/000000088432.jpg,validation,locked_confirmation,000000088432,5,0.0052734375,0.4,3,False,all_validation
coco-rem,000000088462,/home/felix/fiftyone/coco-2017/validation/data/000000088462.jpg,validation,locked_confirmation,000000088462,16,0.0014258322454308095,0.25,3,False,all_validation
coco-rem,000000088485,/home/felix/fiftyone/coco-2017/validation/data/000000088485.jpg,validation,locked_confirmation,000000088485,2,0.19892052107728336,1.0,2,False,all_validation
coco-rem,000000088848,/home/felix/fiftyone/coco-2017/validation/data/000000088848.jpg,validation,locked_confirmation,000000088848,14,0.017337646484375,0.6428571428571429,6,False,all_validation
coco-rem,000000088951,/home/felix/fiftyone/coco-2017/validation/data/000000088951.jpg,validation,locked_confirmation,000000088951,3,0.04759358288770053,0.0,3,False,all_validation
coco-rem,000000088970,/home/felix/fiftyone/coco-2017/validation/data/000000088970.jpg,validation,locked_confirmation,000000088970,3,0.027765765765765765,0.6666666666666666,3,False,all_validation
coco-rem,000000089045,/home/felix/fiftyone/coco-2017/validation/data/000000089045.jpg,validation,locked_confirmation,000000089045,10,0.006946691176470589,0.3,7,False,all_validation
coco-rem,000000089078,/home/felix/fiftyone/coco-2017/validation/data/000000089078.jpg,validation,locked_confirmation,000000089078,2,0.19207496085594988,1.0,2,False,all_validation
coco-rem,000000089271,/home/felix/fiftyone/coco-2017/validation/data/000000089271.jpg,validation,locked_confirmation,000000089271,1,0.6311724713740458,0.0,1,False,all_validation
coco-rem,000000089296,/home/felix/fiftyone/coco-2017/validation/data/000000089296.jpg,validation,locked_confirmation,000000089296,6,0.009371332159624414,0.3333333333333333,3,False,all_validation
coco-rem,000000089556,/home/felix/fiftyone/coco-2017/validation/data/000000089556.jpg,validation,locked_confirmation,000000089556,14,0.0065234375,0.7857142857142857,3,False,all_validation
coco-rem,000000089648,/home/felix/fiftyone/coco-2017/validation/data/000000089648.jpg,validation,locked_confirmation,000000089648,38,0.017879098360655737,0.7894736842105263,7,True,all_validation
coco-rem,000000089670,/home/felix/fiftyone/coco-2017/validation/data/000000089670.jpg,validation,locked_confirmation,000000089670,3,0.013187939110070258,0.0,3,False,all_validation
coco-rem,000000089697,/home/felix/fiftyone/coco-2017/validation/data/000000089697.jpg,validation,locked_confirmation,000000089697,4,0.035219988344988344,0.0,2,False,all_validation
coco-rem,000000089761,/home/felix/fiftyone/coco-2017/validation/data/000000089761.jpg,validation,locked_confirmation,000000089761,1,0.252470703125,0.0,1,False,all_validation
coco-rem,000000089880,/home/felix/fiftyone/coco-2017/validation/data/000000089880.jpg,validation,locked_confirmation,000000089880,2,0.17215302491103202,0.0,1,False,all_validation
coco-rem,000000090003,/home/felix/fiftyone/coco-2017/validation/data/000000090003.jpg,validation,locked_confirmation,000000090003,3,0.07609049479166667,1.0,2,False,all_validation
coco-rem,000000090062,/home/felix/fiftyone/coco-2017/validation/data/000000090062.jpg,validation,locked_confirmation,000000090062,1,0.34844117647058825,0.0,1,False,all_validation
coco-rem,000000090108,/home/felix/fiftyone/coco-2017/validation/data/000000090108.jpg,validation,locked_confirmation,000000090108,3,0.021240234375,0.0,3,False,all_validation
coco-rem,000000090155,/home/felix/fiftyone/coco-2017/validation/data/000000090155.jpg,validation,locked_confirmation,000000090155,3,0.01209016393442623,0.0,2,False,all_validation
coco-rem,000000090208,/home/felix/fiftyone/coco-2017/validation/data/000000090208.jpg,validation,locked_confirmation,000000090208,3,0.14009688228438227,0.0,1,False,all_validation
coco-rem,000000090284,/home/felix/fiftyone/coco-2017/validation/data/000000090284.jpg,validation,locked_confirmation,000000090284,2,0.2750073356807512,1.0,2,False,all_validation
coco-rem,000000090631,/home/felix/fiftyone/coco-2017/validation/data/000000090631.jpg,validation,locked_confirmation,000000090631,1,0.11453245501285347,0.0,1,False,all_validation
coco-rem,000000090891,/home/felix/fiftyone/coco-2017/validation/data/000000090891.jpg,validation,locked_confirmation,000000090891,5,0.07536977958236658,0.0,1,True,all_validation
coco-rem,000000090956,/home/felix/fiftyone/coco-2017/validation/data/000000090956.jpg,validation,locked_confirmation,000000090956,3,0.0005269320843091335,0.0,2,False,all_validation
coco-rem,000000091406,/home/felix/fiftyone/coco-2017/validation/data/000000091406.jpg,validation,locked_confirmation,000000091406,37,0.0047169811320754715,0.21621621621621623,7,True,all_validation
coco-rem,000000091495,/home/felix/fiftyone/coco-2017/validation/data/000000091495.jpg,validation,locked_confirmation,000000091495,4,0.19065645973154363,0.5,2,False,all_validation
coco-rem,000000091500,/home/felix/fiftyone/coco-2017/validation/data/000000091500.jpg,validation,locked_confirmation,000000091500,17,0.0033854166666666668,0.7058823529411765,9,False,all_validation
coco-rem,000000091615,/home/felix/fiftyone/coco-2017/validation/data/000000091615.jpg,validation,locked_confirmation,000000091615,12,0.0009761029411764706,0.25,9,False,all_validation
coco-rem,000000091619,/home/felix/fiftyone/coco-2017/validation/data/000000091619.jpg,validation,locked_confirmation,000000091619,1,0.04136782786885246,0.0,1,False,all_validation
coco-rem,000000091654,/home/felix/fiftyone/coco-2017/validation/data/000000091654.jpg,validation,locked_confirmation,000000091654,3,0.9258138020833333,1.0,3,False,all_validation
coco-rem,000000091779,/home/felix/fiftyone/coco-2017/validation/data/000000091779.jpg,validation,locked_confirmation,000000091779,8,0.0756005859375,0.25,5,False,all_validation
coco-rem,000000091921,/home/felix/fiftyone/coco-2017/validation/data/000000091921.jpg,validation,locked_confirmation,000000091921,2,0.1096875,0.0,1,False,all_validation
coco-rem,000000092053,/home/felix/fiftyone/coco-2017/validation/data/000000092053.jpg,validation,locked_confirmation,000000092053,12,0.05343054742388759,0.5833333333333334,8,False,all_validation
coco-rem,000000092091,/home/felix/fiftyone/coco-2017/validation/data/000000092091.jpg,validation,locked_confirmation,000000092091,10,0.08563151041666667,0.6,7,False,all_validation
coco-rem,000000092124,/home/felix/fiftyone/coco-2017/validation/data/000000092124.jpg,validation,locked_confirmation,000000092124,3,0.04314236111111111,0.6666666666666666,3,False,all_validation
coco-rem,000000092177,/home/felix/fiftyone/coco-2017/validation/data/000000092177.jpg,validation,locked_confirmation,000000092177,3,0.02319039536741214,1.0,2,False,all_validation
coco-rem,000000092416,/home/felix/fiftyone/coco-2017/validation/data/000000092416.jpg,validation,locked_confirmation,000000092416,8,0.031092122395833335,0.875,4,False,all_validation
coco-rem,000000092660,/home/felix/fiftyone/coco-2017/validation/data/000000092660.jpg,validation,locked_confirmation,000000092660,17,0.013140368852459016,0.8235294117647058,4,True,all_validation
coco-rem,000000092839,/home/felix/fiftyone/coco-2017/validation/data/000000092839.jpg,validation,locked_confirmation,000000092839,1,0.7604418520309478,0.0,1,False,all_validation
coco-rem,000000092939,/home/felix/fiftyone/coco-2017/validation/data/000000092939.jpg,validation,locked_confirmation,000000092939,16,0.007506633254716981,0.9375,8,False,all_validation
coco-rem,000000093154,/home/felix/fiftyone/coco-2017/validation/data/000000093154.jpg,validation,locked_confirmation,000000093154,18,0.0005964578454332553,0.1111111111111111,2,False,all_validation
coco-rem,000000093261,/home/felix/fiftyone/coco-2017/validation/data/000000093261.jpg,validation,locked_confirmation,000000093261,3,0.21328533333333333,0.0,2,False,all_validation
coco-rem,000000093353,/home/felix/fiftyone/coco-2017/validation/data/000000093353.jpg,validation,locked_confirmation,000000093353,5,0.031181640625,1.0,4,False,all_validation
coco-rem,000000093437,/home/felix/fiftyone/coco-2017/validation/data/000000093437.jpg,validation,locked_confirmation,000000093437,13,0.002570983379501385,0.5384615384615384,8,False,all_validation
coco-rem,000000093717,/home/felix/fiftyone/coco-2017/validation/data/000000093717.jpg,validation,locked_confirmation,000000093717,28,0.0019723360655737707,0.6428571428571429,3,False,all_validation
coco-rem,000000093965,/home/felix/fiftyone/coco-2017/validation/data/000000093965.jpg,validation,locked_confirmation,000000093965,2,0.23847784463894967,0.0,1,False,all_validation
coco-rem,000000094157,/home/felix/fiftyone/coco-2017/validation/data/000000094157.jpg,validation,locked_confirmation,000000094157,14,0.0011907762096774193,0.0,2,True,all_validation
coco-rem,000000094185,/home/felix/fiftyone/coco-2017/validation/data/000000094185.jpg,validation,locked_confirmation,000000094185,15,0.00328125,0.13333333333333333,2,False,all_validation
coco-rem,000000094326,/home/felix/fiftyone/coco-2017/validation/data/000000094326.jpg,validation,locked_confirmation,000000094326,2,0.247488,1.0,2,False,all_validation
coco-rem,000000094336,/home/felix/fiftyone/coco-2017/validation/data/000000094336.jpg,validation,locked_confirmation,000000094336,2,0.47073809523809523,1.0,2,False,all_validation
coco-rem,000000094614,/home/felix/fiftyone/coco-2017/validation/data/000000094614.jpg,validation,locked_confirmation,000000094614,5,0.018662177985948478,1.0,3,False,all_validation
coco-rem,000000094751,/home/felix/fiftyone/coco-2017/validation/data/000000094751.jpg,validation,locked_confirmation,000000094751,17,0.000768,0.0,4,False,all_validation
coco-rem,000000094852,/home/felix/fiftyone/coco-2017/validation/data/000000094852.jpg,validation,locked_confirmation,000000094852,2,0.1494720458984375,1.0,1,False,all_validation
coco-rem,000000094871,/home/felix/fiftyone/coco-2017/validation/data/000000094871.jpg,validation,locked_confirmation,000000094871,10,0.05805989583333333,0.6,3,False,all_validation
coco-rem,000000094944,/home/felix/fiftyone/coco-2017/validation/data/000000094944.jpg,validation,locked_confirmation,000000094944,9,0.007230679156908665,0.7777777777777778,4,False,all_validation
coco-rem,000000095069,/home/felix/fiftyone/coco-2017/validation/data/000000095069.jpg,validation,locked_confirmation,000000095069,1,0.0014814814814814814,0.0,1,False,all_validation
coco-rem,000000095155,/home/felix/fiftyone/coco-2017/validation/data/000000095155.jpg,validation,locked_confirmation,000000095155,8,0.01527005269320843,0.75,2,False,all_validation
coco-rem,000000095707,/home/felix/fiftyone/coco-2017/validation/data/000000095707.jpg,validation,locked_confirmation,000000095707,10,0.05074001736111111,1.0,4,False,all_validation
coco-rem,000000095786,/home/felix/fiftyone/coco-2017/validation/data/000000095786.jpg,validation,locked_confirmation,000000095786,3,0.30359281437125746,0.0,2,False,all_validation
coco-rem,000000095843,/home/felix/fiftyone/coco-2017/validation/data/000000095843.jpg,validation,locked_confirmation,000000095843,1,0.5275237529691211,0.0,1,False,all_validation
coco-rem,000000095862,/home/felix/fiftyone/coco-2017/validation/data/000000095862.jpg,validation,locked_confirmation,000000095862,17,0.005546666666666667,0.5882352941176471,3,True,all_validation
coco-rem,000000095899,/home/felix/fiftyone/coco-2017/validation/data/000000095899.jpg,validation,locked_confirmation,000000095899,1,0.198046875,0.0,1,False,all_validation
coco-rem,000000096001,/home/felix/fiftyone/coco-2017/validation/data/000000096001.jpg,validation,locked_confirmation,000000096001,4,0.11617150821596244,0.0,3,False,all_validation
coco-rem,000000096427,/home/felix/fiftyone/coco-2017/validation/data/000000096427.jpg,validation,locked_confirmation,000000096427,5,0.051251463700234194,0.4,2,False,all_validation
coco-rem,000000096493,/home/felix/fiftyone/coco-2017/validation/data/000000096493.jpg,validation,locked_confirmation,000000096493,3,0.4284037558685446,1.0,3,False,all_validation
coco-rem,000000096549,/home/felix/fiftyone/coco-2017/validation/data/000000096549.jpg,validation,locked_confirmation,000000096549,1,0.6430855724299065,0.0,1,False,all_validation
coco-rem,000000096825,/home/felix/fiftyone/coco-2017/validation/data/000000096825.jpg,validation,locked_confirmation,000000096825,4,0.0018855616302186878,0.75,3,False,all_validation
coco-rem,000000096960,/home/felix/fiftyone/coco-2017/validation/data/000000096960.jpg,validation,locked_confirmation,000000096960,1,0.38466265690376567,0.0,1,False,all_validation
coco-rem,000000097022,/home/felix/fiftyone/coco-2017/validation/data/000000097022.jpg,validation,locked_confirmation,000000097022,6,0.012332067757009346,0.0,5,False,all_validation
coco-rem,000000097230,/home/felix/fiftyone/coco-2017/validation/data/000000097230.jpg,validation,locked_confirmation,000000097230,2,0.09369466145833333,0.0,1,False,all_validation
coco-rem,000000097278,/home/felix/fiftyone/coco-2017/validation/data/000000097278.jpg,validation,locked_confirmation,000000097278,2,0.24546977571115974,0.0,2,False,all_validation
coco-rem,000000097337,/home/felix/fiftyone/coco-2017/validation/data/000000097337.jpg,validation,locked_confirmation,000000097337,9,0.029157333333333334,0.8888888888888888,5,False,all_validation
coco-rem,000000097585,/home/felix/fiftyone/coco-2017/validation/data/000000097585.jpg,validation,locked_confirmation,000000097585,17,0.0265625,0.0,1,False,all_validation
coco-rem,000000097679,/home/felix/fiftyone/coco-2017/validation/data/000000097679.jpg,validation,locked_confirmation,000000097679,6,0.011578776041666667,1.0,3,False,all_validation
coco-rem,000000097924,/home/felix/fiftyone/coco-2017/validation/data/000000097924.jpg,validation,locked_confirmation,000000097924,6,0.09582708333333333,0.6666666666666666,3,False,all_validation
coco-rem,000000097988,/home/felix/fiftyone/coco-2017/validation/data/000000097988.jpg,validation,locked_confirmation,000000097988,17,0.004757785467128028,0.35294117647058826,3,True,all_validation
coco-rem,000000097994,/home/felix/fiftyone/coco-2017/validation/data/000000097994.jpg,validation,locked_confirmation,000000097994,22,0.0072727605386416865,0.5454545454545454,8,False,all_validation
coco-rem,000000098018,/home/felix/fiftyone/coco-2017/validation/data/000000098018.jpg,validation,locked_confirmation,000000098018,5,0.006396370023419203,0.0,3,False,all_validation
coco-rem,000000098261,/home/felix/fiftyone/coco-2017/validation/data/000000098261.jpg,validation,locked_confirmation,000000098261,2,0.25787037037037036,0.0,1,False,all_validation
coco-rem,000000098287,/home/felix/fiftyone/coco-2017/validation/data/000000098287.jpg,validation,locked_confirmation,000000098287,16,0.0021875,0.125,4,True,all_validation
coco-rem,000000098392,/home/felix/fiftyone/coco-2017/validation/data/000000098392.jpg,validation,locked_confirmation,000000098392,11,0.00451171875,0.7272727272727273,4,False,all_validation
coco-rem,000000098497,/home/felix/fiftyone/coco-2017/validation/data/000000098497.jpg,validation,locked_confirmation,000000098497,0,,0.0,0,False,all_validation
coco-rem,000000098520,/home/felix/fiftyone/coco-2017/validation/data/000000098520.jpg,validation,locked_confirmation,000000098520,3,0.008717447916666666,0.6666666666666666,2,False,all_validation
coco-rem,000000098633,/home/felix/fiftyone/coco-2017/validation/data/000000098633.jpg,validation,locked_confirmation,000000098633,1,0.5390551985981309,0.0,1,False,all_validation
coco-rem,000000098716,/home/felix/fiftyone/coco-2017/validation/data/000000098716.jpg,validation,locked_confirmation,000000098716,5,0.029526462395543174,0.4,2,False,all_validation
coco-rem,000000098839,/home/felix/fiftyone/coco-2017/validation/data/000000098839.jpg,validation,locked_confirmation,000000098839,3,0.3311263020833333,1.0,3,False,all_validation
coco-rem,000000098853,/home/felix/fiftyone/coco-2017/validation/data/000000098853.jpg,validation,locked_confirmation,000000098853,24,0.01447965456674473,0.5833333333333334,4,True,all_validation
coco-rem,000000099024,/home/felix/fiftyone/coco-2017/validation/data/000000099024.jpg,validation,locked_confirmation,000000099024,3,0.2148178163900415,0.0,3,False,all_validation
coco-rem,000000099039,/home/felix/fiftyone/coco-2017/validation/data/000000099039.jpg,validation,locked_confirmation,000000099039,14,0.021572265625,1.0,8,False,all_validation
coco-rem,000000099053,/home/felix/fiftyone/coco-2017/validation/data/000000099053.jpg,validation,locked_confirmation,000000099053,8,0.010898367620751342,1.0,4,False,all_validation
coco-rem,000000099054,/home/felix/fiftyone/coco-2017/validation/data/000000099054.jpg,validation,locked_confirmation,000000099054,6,0.00858094262295082,1.0,3,False,all_validation
coco-rem,000000099114,/home/felix/fiftyone/coco-2017/validation/data/000000099114.jpg,validation,locked_confirmation,000000099114,20,0.003982089552238806,0.55,4,True,all_validation
coco-rem,000000099182,/home/felix/fiftyone/coco-2017/validation/data/000000099182.jpg,validation,locked_confirmation,000000099182,3,0.4103353293413174,1.0,3,False,all_validation
coco-rem,000000099242,/home/felix/fiftyone/coco-2017/validation/data/000000099242.jpg,validation,locked_confirmation,000000099242,3,0.008527728873239437,0.6666666666666666,2,False,all_validation
coco-rem,000000099428,/home/felix/fiftyone/coco-2017/validation/data/000000099428.jpg,validation,locked_confirmation,000000099428,4,0.34933268229166664,1.0,3,False,all_validation
coco-rem,000000099810,/home/felix/fiftyone/coco-2017/validation/data/000000099810.jpg,validation,locked_confirmation,000000099810,8,0.01219277108433735,1.0,4,False,all_validation
coco-rem,000000100238,/home/felix/fiftyone/coco-2017/validation/data/000000100238.jpg,validation,locked_confirmation,000000100238,11,0.018307291666666666,0.8181818181818182,4,False,all_validation
coco-rem,000000100274,/home/felix/fiftyone/coco-2017/validation/data/000000100274.jpg,validation,locked_confirmation,000000100274,11,0.001288056206088993,0.18181818181818182,4,False,all_validation
coco-rem,000000100283,/home/felix/fiftyone/coco-2017/validation/data/000000100283.jpg,validation,locked_confirmation,000000100283,6,0.00603515625,0.0,2,False,all_validation
coco-rem,000000100428,/home/felix/fiftyone/coco-2017/validation/data/000000100428.jpg,validation,locked_confirmation,000000100428,4,0.10439950356415478,1.0,2,False,all_validation
coco-rem,000000100489,/home/felix/fiftyone/coco-2017/validation/data/000000100489.jpg,validation,locked_confirmation,000000100489,1,0.20309237995824633,0.0,1,False,all_validation
coco-rem,000000100510,/home/felix/fiftyone/coco-2017/validation/data/000000100510.jpg,validation,locked_confirmation,000000100510,6,0.01020625,0.5,3,False,all_validation
coco-rem,000000100582,/home/felix/fiftyone/coco-2017/validation/data/000000100582.jpg,validation,locked_confirmation,000000100582,3,0.9648711943793911,1.0,3,False,all_validation
coco-rem,000000100624,/home/felix/fiftyone/coco-2017/validation/data/000000100624.jpg,validation,locked_confirmation,000000100624,9,0.02745901639344262,0.7777777777777778,4,False,all_validation
coco-rem,000000100723,/home/felix/fiftyone/coco-2017/validation/data/000000100723.jpg,validation,locked_confirmation,000000100723,55,0.007303303303303303,0.6545454545454545,4,False,all_validation
coco-rem,000000101022,/home/felix/fiftyone/coco-2017/validation/data/000000101022.jpg,validation,locked_confirmation,000000101022,0,,0.0,0,False,all_validation
coco-rem,000000101068,/home/felix/fiftyone/coco-2017/validation/data/000000101068.jpg,validation,locked_confirmation,000000101068,2,0.16625805035128804,1.0,2,False,all_validation
coco-rem,000000101420,/home/felix/fiftyone/coco-2017/validation/data/000000101420.jpg,validation,locked_confirmation,000000101420,2,0.3712,0.0,2,False,all_validation
coco-rem,000000101762,/home/felix/fiftyone/coco-2017/validation/data/000000101762.jpg,validation,locked_confirmation,000000101762,2,0.35392415364583335,0.0,2,False,all_validation
coco-rem,000000101780,/home/felix/fiftyone/coco-2017/validation/data/000000101780.jpg,validation,locked_confirmation,000000101780,4,0.04247395833333333,0.5,1,False,all_validation
coco-rem,000000101787,/home/felix/fiftyone/coco-2017/validation/data/000000101787.jpg,validation,locked_confirmation,000000101787,1,0.004595185995623632,0.0,1,False,all_validation
coco-rem,000000101884,/home/felix/fiftyone/coco-2017/validation/data/000000101884.jpg,validation,locked_confirmation,000000101884,3,0.0043647300469483565,0.0,2,False,all_validation
coco-rem,000000102331,/home/felix/fiftyone/coco-2017/validation/data/000000102331.jpg,validation,locked_confirmation,000000102331,2,0.11639495798319328,0.0,2,False,all_validation
coco-rem,000000102356,/home/felix/fiftyone/coco-2017/validation/data/000000102356.jpg,validation,locked_confirmation,000000102356,2,0.4776273419203747,1.0,2,False,all_validation
coco-rem,000000102411,/home/felix/fiftyone/coco-2017/validation/data/000000102411.jpg,validation,locked_confirmation,000000102411,14,0.010269686768149882,0.5,4,False,all_validation
coco-rem,000000102644,/home/felix/fiftyone/coco-2017/validation/data/000000102644.jpg,validation,locked_confirmation,000000102644,3,0.05717866666666667,0.0,2,False,all_validation
coco-rem,000000102707,/home/felix/fiftyone/coco-2017/validation/data/000000102707.jpg,validation,locked_confirmation,000000102707,3,0.17301038062283736,1.0,3,False,all_validation
coco-rem,000000102805,/home/felix/fiftyone/coco-2017/validation/data/000000102805.jpg,validation,locked_confirmation,000000102805,10,0.007124779929577465,0.5,6,False,all_validation
coco-rem,000000102820,/home/felix/fiftyone/coco-2017/validation/data/000000102820.jpg,validation,locked_confirmation,000000102820,2,0.39532896662763467,0.0,2,False,all_validation
coco-rem,000000103548,/home/felix/fiftyone/coco-2017/validation/data/000000103548.jpg,validation,locked_confirmation,000000103548,19,0.00265625,0.2631578947368421,2,True,all_validation
coco-rem,000000103585,/home/felix/fiftyone/coco-2017/validation/data/000000103585.jpg,validation,locked_confirmation,000000103585,5,0.004665441176470588,0.0,4,False,all_validation
coco-rem,000000103723,/home/felix/fiftyone/coco-2017/validation/data/000000103723.jpg,validation,locked_confirmation,000000103723,8,0.0014208984375,1.0,2,False,all_validation
coco-rem,000000104119,/home/felix/fiftyone/coco-2017/validation/data/000000104119.jpg,validation,locked_confirmation,000000104119,3,0.039563802083333335,0.0,1,False,all_validation
coco-rem,000000104198,/home/felix/fiftyone/coco-2017/validation/data/000000104198.jpg,validation,locked_confirmation,000000104198,1,0.21204266666666666,0.0,1,False,all_validation
coco-rem,000000104424,/home/felix/fiftyone/coco-2017/validation/data/000000104424.jpg,validation,locked_confirmation,000000104424,4,0.018560215212264152,0.75,3,False,all_validation
coco-rem,000000104455,/home/felix/fiftyone/coco-2017/validation/data/000000104455.jpg,validation,locked_confirmation,000000104455,2,0.352412109375,1.0,1,False,all_validation
coco-rem,000000104572,/home/felix/fiftyone/coco-2017/validation/data/000000104572.jpg,validation,locked_confirmation,000000104572,6,0.0026812350835322195,0.0,2,False,all_validation
coco-rem,000000104603,/home/felix/fiftyone/coco-2017/validation/data/000000104603.jpg,validation,locked_confirmation,000000104603,3,0.0017888434579439252,0.0,1,False,all_validation
coco-rem,000000104612,/home/felix/fiftyone/coco-2017/validation/data/000000104612.jpg,validation,locked_confirmation,000000104612,12,0.0210205078125,0.0,1,False,all_validation
coco-rem,000000104619,/home/felix/fiftyone/coco-2017/validation/data/000000104619.jpg,validation,locked_confirmation,000000104619,1,0.23546549479166667,0.0,1,False,all_validation
coco-rem,000000104666,/home/felix/fiftyone/coco-2017/validation/data/000000104666.jpg,validation,locked_confirmation,000000104666,15,0.0032677107728337237,0.26666666666666666,3,True,all_validation
coco-rem,000000104669,/home/felix/fiftyone/coco-2017/validation/data/000000104669.jpg,validation,locked_confirmation,000000104669,20,0.010890666666666667,1.0,6,False,all_validation
coco-rem,000000104782,/home/felix/fiftyone/coco-2017/validation/data/000000104782.jpg,validation,locked_confirmation,000000104782,1,0.10577066666666667,0.0,1,False,all_validation
coco-rem,000000104803,/home/felix/fiftyone/coco-2017/validation/data/000000104803.jpg,validation,locked_confirmation,000000104803,1,0.39072,0.0,1,False,all_validation
coco-rem,000000105014,/home/felix/fiftyone/coco-2017/validation/data/000000105014.jpg,validation,locked_confirmation,000000105014,12,0.006564695550351288,1.0,5,False,all_validation
coco-rem,000000105249,/home/felix/fiftyone/coco-2017/validation/data/000000105249.jpg,validation,locked_confirmation,000000105249,3,0.02072072072072072,0.0,2,False,all_validation
coco-rem,000000105264,/home/felix/fiftyone/coco-2017/validation/data/000000105264.jpg,validation,locked_confirmation,000000105264,9,0.012273126463700235,0.4444444444444444,2,False,all_validation
coco-rem,000000105335,/home/felix/fiftyone/coco-2017/validation/data/000000105335.jpg,validation,locked_confirmation,000000105335,11,0.01496486394121919,0.8181818181818182,4,False,all_validation
coco-rem,000000105455,/home/felix/fiftyone/coco-2017/validation/data/000000105455.jpg,validation,locked_confirmation,000000105455,3,0.007135538641686183,0.0,2,False,all_validation
coco-rem,000000105912,/home/felix/fiftyone/coco-2017/validation/data/000000105912.jpg,validation,locked_confirmation,000000105912,16,0.002288,0.5625,4,True,all_validation
coco-rem,000000105923,/home/felix/fiftyone/coco-2017/validation/data/000000105923.jpg,validation,locked_confirmation,000000105923,9,0.0001669337606837607,0.0,3,False,all_validation
coco-rem,000000106048,/home/felix/fiftyone/coco-2017/validation/data/000000106048.jpg,validation,locked_confirmation,000000106048,1,0.35371276285046727,0.0,1,False,all_validation
coco-rem,000000106235,/home/felix/fiftyone/coco-2017/validation/data/000000106235.jpg,validation,locked_confirmation,000000106235,11,0.0272265625,0.45454545454545453,6,False,all_validation
coco-rem,000000106266,/home/felix/fiftyone/coco-2017/validation/data/000000106266.jpg,validation,locked_confirmation,000000106266,1,0.11240885416666667,0.0,1,False,all_validation
coco-rem,000000106281,/home/felix/fiftyone/coco-2017/validation/data/000000106281.jpg,validation,locked_confirmation,000000106281,2,0.15164338235294117,0.0,1,False,all_validation
coco-rem,000000106330,/home/felix/fiftyone/coco-2017/validation/data/000000106330.jpg,validation,locked_confirmation,000000106330,1,0.44240339578454335,0.0,1,False,all_validation
coco-rem,000000106389,/home/felix/fiftyone/coco-2017/validation/data/000000106389.jpg,validation,locked_confirmation,000000106389,13,0.004641927083333333,1.0,5,False,all_validation
coco-rem,000000106563,/home/felix/fiftyone/coco-2017/validation/data/000000106563.jpg,validation,locked_confirmation,000000106563,1,0.02044085608099449,0.0,1,False,all_validation
coco-rem,000000106757,/home/felix/fiftyone/coco-2017/validation/data/000000106757.jpg,validation,locked_confirmation,000000106757,3,0.31575704225352114,0.6666666666666666,2,False,all_validation
coco-rem,000000106881,/home/felix/fiftyone/coco-2017/validation/data/000000106881.jpg,validation,locked_confirmation,000000106881,1,0.03010670731707317,0.0,1,False,all_validation
coco-rem,000000106912,/home/felix/fiftyone/coco-2017/validation/data/000000106912.jpg,validation,locked_confirmation,000000106912,2,0.012343009099064462,0.0,2,False,all_validation
coco-rem,000000107087,/home/felix/fiftyone/coco-2017/validation/data/000000107087.jpg,validation,locked_confirmation,000000107087,3,0.4675278103044497,1.0,3,False,all_validation
coco-rem,000000107094,/home/felix/fiftyone/coco-2017/validation/data/000000107094.jpg,validation,locked_confirmation,000000107094,4,0.021172608568075117,0.5,3,False,all_validation
coco-rem,000000107226,/home/felix/fiftyone/coco-2017/validation/data/000000107226.jpg,validation,locked_confirmation,000000107226,18,0.023942057291666666,0.3888888888888889,4,False,all_validation
coco-rem,000000107339,/home/felix/fiftyone/coco-2017/validation/data/000000107339.jpg,validation,locked_confirmation,000000107339,8,0.022743055555555555,0.875,4,False,all_validation
coco-rem,000000107554,/home/felix/fiftyone/coco-2017/validation/data/000000107554.jpg,validation,locked_confirmation,000000107554,2,0.1101904296875,0.0,2,False,all_validation
coco-rem,000000107851,/home/felix/fiftyone/coco-2017/validation/data/000000107851.jpg,validation,locked_confirmation,000000107851,17,0.0018229166666666667,0.29411764705882354,2,True,all_validation
coco-rem,000000108026,/home/felix/fiftyone/coco-2017/validation/data/000000108026.jpg,validation,locked_confirmation,000000108026,3,0.23641209112149533,1.0,3,False,all_validation
coco-rem,000000108244,/home/felix/fiftyone/coco-2017/validation/data/000000108244.jpg,validation,locked_confirmation,000000108244,1,0.219765625,0.0,1,False,all_validation
coco-rem,000000108253,/home/felix/fiftyone/coco-2017/validation/data/000000108253.jpg,validation,locked_confirmation,000000108253,13,0.01958984375,1.0,8,False,all_validation
coco-rem,000000108440,/home/felix/fiftyone/coco-2017/validation/data/000000108440.jpg,validation,locked_confirmation,000000108440,1,0.0913594470046083,0.0,1,False,all_validation
coco-rem,000000108495,/home/felix/fiftyone/coco-2017/validation/data/000000108495.jpg,validation,locked_confirmation,000000108495,2,0.4569009009009009,1.0,2,False,all_validation
coco-rem,000000108503,/home/felix/fiftyone/coco-2017/validation/data/000000108503.jpg,validation,locked_confirmation,000000108503,15,0.00020491803278688525,0.5333333333333333,2,True,all_validation
coco-rem,000000108864,/home/felix/fiftyone/coco-2017/validation/data/000000108864.jpg,validation,locked_confirmation,000000108864,2,0.14273274739583333,0.0,1,False,all_validation
coco-rem,000000109055,/home/felix/fiftyone/coco-2017/validation/data/000000109055.jpg,validation,locked_confirmation,000000109055,2,0.6981770833333333,1.0,2,False,all_validation
coco-rem,000000109118,/home/felix/fiftyone/coco-2017/validation/data/000000109118.jpg,validation,locked_confirmation,000000109118,7,0.049672067901234566,1.0,4,False,all_validation
coco-rem,000000109313,/home/felix/fiftyone/coco-2017/validation/data/000000109313.jpg,validation,locked_confirmation,000000109313,10,0.0035758463541666666,0.7,5,False,all_validation
coco-rem,000000109441,/home/felix/fiftyone/coco-2017/validation/data/000000109441.jpg,validation,locked_confirmation,000000109441,13,0.0008203125,0.0,3,False,all_validation
coco-rem,000000109798,/home/felix/fiftyone/coco-2017/validation/data/000000109798.jpg,validation,locked_confirmation,000000109798,4,0.14655255255255256,0.0,2,False,all_validation
coco-rem,000000109827,/home/felix/fiftyone/coco-2017/validation/data/000000109827.jpg,validation,locked_confirmation,000000109827,1,0.209876179245283,0.0,1,False,all_validation
coco-rem,000000109900,/home/felix/fiftyone/coco-2017/validation/data/000000109900.jpg,validation,locked_confirmation,000000109900,13,0.012081589958158995,0.6923076923076923,3,False,all_validation
coco-rem,000000109916,/home/felix/fiftyone/coco-2017/validation/data/000000109916.jpg,validation,locked_confirmation,000000109916,4,0.2060546875,1.0,2,False,all_validation
coco-rem,000000109976,/home/felix/fiftyone/coco-2017/validation/data/000000109976.jpg,validation,locked_confirmation,000000109976,7,0.0015950520833333333,0.42857142857142855,3,False,all_validation
coco-rem,000000109992,/home/felix/fiftyone/coco-2017/validation/data/000000109992.jpg,validation,locked_confirmation,000000109992,2,0.016222857981220657,0.0,2,False,all_validation
coco-rem,000000110042,/home/felix/fiftyone/coco-2017/validation/data/000000110042.jpg,validation,locked_confirmation,000000110042,9,0.010022058823529412,0.0,4,False,all_validation
coco-rem,000000110211,/home/felix/fiftyone/coco-2017/validation/data/000000110211.jpg,validation,locked_confirmation,000000110211,5,0.03301235465116279,0.8,1,False,all_validation
coco-rem,000000110282,/home/felix/fiftyone/coco-2017/validation/data/000000110282.jpg,validation,locked_confirmation,000000110282,1,0.03736543062200957,0.0,1,False,all_validation
coco-rem,000000110359,/home/felix/fiftyone/coco-2017/validation/data/000000110359.jpg,validation,locked_confirmation,000000110359,1,0.17023948598130842,0.0,1,False,all_validation
coco-rem,000000110449,/home/felix/fiftyone/coco-2017/validation/data/000000110449.jpg,validation,locked_confirmation,000000110449,4,0.19861333333333334,1.0,3,False,all_validation
coco-rem,000000110638,/home/felix/fiftyone/coco-2017/validation/data/000000110638.jpg,validation,locked_confirmation,000000110638,3,0.15226873536299765,0.6666666666666666,1,False,all_validation
coco-rem,000000110721,/home/felix/fiftyone/coco-2017/validation/data/000000110721.jpg,validation,locked_confirmation,000000110721,2,0.410470245215311,1.0,2,False,all_validation
coco-rem,000000110784,/home/felix/fiftyone/coco-2017/validation/data/000000110784.jpg,validation,locked_confirmation,000000110784,4,0.02702078521939954,0.75,4,False,all_validation
coco-rem,000000110884,/home/felix/fiftyone/coco-2017/validation/data/000000110884.jpg,validation,locked_confirmation,000000110884,3,0.0861328125,0.6666666666666666,3,False,all_validation
coco-rem,000000110972,/home/felix/fiftyone/coco-2017/validation/data/000000110972.jpg,validation,locked_confirmation,000000110972,1,0.5877277977412732,0.0,1,False,all_validation
coco-rem,000000110999,/home/felix/fiftyone/coco-2017/validation/data/000000110999.jpg,validation,locked_confirmation,000000110999,11,0.01977715877437326,0.45454545454545453,8,False,all_validation
coco-rem,000000111036,/home/felix/fiftyone/coco-2017/validation/data/000000111036.jpg,validation,locked_confirmation,000000111036,2,0.44602757352941175,1.0,2,False,all_validation
coco-rem,000000111086,/home/felix/fiftyone/coco-2017/validation/data/000000111086.jpg,validation,locked_confirmation,000000111086,17,0.014196428571428572,0.47058823529411764,3,False,all_validation
coco-rem,000000111179,/home/felix/fiftyone/coco-2017/validation/data/000000111179.jpg,validation,locked_confirmation,000000111179,2,0.010709635416666667,0.0,1,False,all_validation
coco-rem,000000111207,/home/felix/fiftyone/coco-2017/validation/data/000000111207.jpg,validation,locked_confirmation,000000111207,6,0.019078517259414226,0.6666666666666666,3,False,all_validation
coco-rem,000000111609,/home/felix/fiftyone/coco-2017/validation/data/000000111609.jpg,validation,locked_confirmation,000000111609,4,0.07867679195804196,0.5,4,False,all_validation
coco-rem,000000111951,/home/felix/fiftyone/coco-2017/validation/data/000000111951.jpg,validation,locked_confirmation,000000111951,5,0.009386029411764706,0.0,3,False,all_validation
coco-rem,000000112110,/home/felix/fiftyone/coco-2017/validation/data/000000112110.jpg,validation,locked_confirmation,000000112110,2,0.12654296875,0.0,2,False,all_validation
coco-rem,000000112298,/home/felix/fiftyone/coco-2017/validation/data/000000112298.jpg,validation,locked_confirmation,000000112298,9,0.004716796875,0.2222222222222222,3,False,all_validation
coco-rem,000000112378,/home/felix/fiftyone/coco-2017/validation/data/000000112378.jpg,validation,locked_confirmation,000000112378,7,0.0065625,0.8571428571428571,4,True,all_validation
coco-rem,000000112626,/home/felix/fiftyone/coco-2017/validation/data/000000112626.jpg,validation,locked_confirmation,000000112626,4,0.08717863475177305,0.0,4,False,all_validation
coco-rem,000000112634,/home/felix/fiftyone/coco-2017/validation/data/000000112634.jpg,validation,locked_confirmation,000000112634,2,0.41909741817155755,0.0,1,False,all_validation
coco-rem,000000112798,/home/felix/fiftyone/coco-2017/validation/data/000000112798.jpg,validation,locked_confirmation,000000112798,8,0.006371866295264624,0.25,4,False,all_validation
coco-rem,000000112997,/home/felix/fiftyone/coco-2017/validation/data/000000112997.jpg,validation,locked_confirmation,000000112997,2,0.5412109375,1.0,2,False,all_validation
coco-rem,000000113051,/home/felix/fiftyone/coco-2017/validation/data/000000113051.jpg,validation,locked_confirmation,000000113051,1,0.22843424479166666,0.0,1,False,all_validation
coco-rem,000000113235,/home/felix/fiftyone/coco-2017/validation/data/000000113235.jpg,validation,locked_confirmation,000000113235,4,0.03799967447916667,0.0,4,False,all_validation
coco-rem,000000113354,/home/felix/fiftyone/coco-2017/validation/data/000000113354.jpg,validation,locked_confirmation,000000113354,3,0.081640625,0.0,1,False,all_validation
coco-rem,000000113403,/home/felix/fiftyone/coco-2017/validation/data/000000113403.jpg,validation,locked_confirmation,000000113403,4,0.17111107261640798,1.0,2,False,all_validation
coco-rem,000000113589,/home/felix/fiftyone/coco-2017/validation/data/000000113589.jpg,validation,locked_confirmation,000000113589,10,0.03477864583333334,0.8,5,False,all_validation
coco-rem,000000113720,/home/felix/fiftyone/coco-2017/validation/data/000000113720.jpg,validation,locked_confirmation,000000113720,22,0.019688967136150235,0.8636363636363636,8,False,all_validation
coco-rem,000000113867,/home/felix/fiftyone/coco-2017/validation/data/000000113867.jpg,validation,locked_confirmation,000000113867,1,0.0027251184834123222,0.0,1,False,all_validation
coco-rem,000000114049,/home/felix/fiftyone/coco-2017/validation/data/000000114049.jpg,validation,locked_confirmation,000000114049,17,0.037367647058823526,0.7058823529411765,5,False,all_validation
coco-rem,000000114770,/home/felix/fiftyone/coco-2017/validation/data/000000114770.jpg,validation,locked_confirmation,000000114770,3,0.22989686724565755,0.6666666666666666,3,False,all_validation
coco-rem,000000114871,/home/felix/fiftyone/coco-2017/validation/data/000000114871.jpg,validation,locked_confirmation,000000114871,2,0.708635831381733,1.0,2,False,all_validation
coco-rem,000000114884,/home/felix/fiftyone/coco-2017/validation/data/000000114884.jpg,validation,locked_confirmation,000000114884,33,0.004267477203647416,0.8181818181818182,5,False,all_validation
coco-rem,000000114907,/home/felix/fiftyone/coco-2017/validation/data/000000114907.jpg,validation,locked_confirmation,000000114907,16,0.03857904411764706,0.4375,3,True,all_validation
coco-rem,000000115118,/home/felix/fiftyone/coco-2017/validation/data/000000115118.jpg,validation,locked_confirmation,000000115118,1,0.39036885245901637,0.0,1,False,all_validation
coco-rem,000000115245,/home/felix/fiftyone/coco-2017/validation/data/000000115245.jpg,validation,locked_confirmation,000000115245,18,0.012065338117817933,0.3333333333333333,5,False,all_validation
coco-rem,000000115870,/home/felix/fiftyone/coco-2017/validation/data/000000115870.jpg,validation,locked_confirmation,000000115870,16,0.02350718896713615,0.75,6,False,all_validation
coco-rem,000000115885,/home/felix/fiftyone/coco-2017/validation/data/000000115885.jpg,validation,locked_confirmation,000000115885,4,0.25254933333333335,0.75,4,False,all_validation
coco-rem,000000115898,/home/felix/fiftyone/coco-2017/validation/data/000000115898.jpg,validation,locked_confirmation,000000115898,2,0.11766320257611242,0.0,2,False,all_validation
coco-rem,000000115946,/home/felix/fiftyone/coco-2017/validation/data/000000115946.jpg,validation,locked_confirmation,000000115946,17,0.000927734375,0.11764705882352941,4,False,all_validation
coco-rem,000000116068,/home/felix/fiftyone/coco-2017/validation/data/000000116068.jpg,validation,locked_confirmation,000000116068,4,0.141496,0.5,2,False,all_validation
coco-rem,000000116206,/home/felix/fiftyone/coco-2017/validation/data/000000116206.jpg,validation,locked_confirmation,000000116206,3,0.13513671875,0.0,3,False,all_validation
coco-rem,000000116208,/home/felix/fiftyone/coco-2017/validation/data/000000116208.jpg,validation,locked_confirmation,000000116208,22,0.025123697916666667,0.7727272727272727,7,False,all_validation
coco-rem,000000116362,/home/felix/fiftyone/coco-2017/validation/data/000000116362.jpg,validation,locked_confirmation,000000116362,19,0.005537400145243282,1.0,5,False,all_validation
coco-rem,000000116439,/home/felix/fiftyone/coco-2017/validation/data/000000116439.jpg,validation,locked_confirmation,000000116439,14,0.008719405594405594,0.14285714285714285,4,False,all_validation
coco-rem,000000116479,/home/felix/fiftyone/coco-2017/validation/data/000000116479.jpg,validation,locked_confirmation,000000116479,2,0.0806911496350365,0.0,2,False,all_validation
coco-rem,000000116589,/home/felix/fiftyone/coco-2017/validation/data/000000116589.jpg,validation,locked_confirmation,000000116589,3,0.239184,0.0,1,False,all_validation
coco-rem,000000116825,/home/felix/fiftyone/coco-2017/validation/data/000000116825.jpg,validation,locked_confirmation,000000116825,3,0.4694010416666667,0.6666666666666666,3,False,all_validation
coco-rem,000000117197,/home/felix/fiftyone/coco-2017/validation/data/000000117197.jpg,validation,locked_confirmation,000000117197,2,0.08835669259656652,1.0,2,False,all_validation
coco-rem,000000117374,/home/felix/fiftyone/coco-2017/validation/data/000000117374.jpg,validation,locked_confirmation,000000117374,3,0.019819655373831777,0.0,2,False,all_validation
coco-rem,000000117425,/home/felix/fiftyone/coco-2017/validation/data/000000117425.jpg,validation,locked_confirmation,000000117425,7,0.039480633802816904,0.7142857142857143,5,False,all_validation
coco-rem,000000117492,/home/felix/fiftyone/coco-2017/validation/data/000000117492.jpg,validation,locked_confirmation,000000117492,24,0.011609228971962617,0.625,5,True,all_validation
coco-rem,000000117525,/home/felix/fiftyone/coco-2017/validation/data/000000117525.jpg,validation,locked_confirmation,000000117525,2,0.35378,0.0,2,False,all_validation
coco-rem,000000117645,/home/felix/fiftyone/coco-2017/validation/data/000000117645.jpg,validation,locked_confirmation,000000117645,2,0.0036328125,1.0,2,False,all_validation
coco-rem,000000117719,/home/felix/fiftyone/coco-2017/validation/data/000000117719.jpg,validation,locked_confirmation,000000117719,19,0.0033051470588235294,0.21052631578947367,5,True,all_validation
coco-rem,000000117744,/home/felix/fiftyone/coco-2017/validation/data/000000117744.jpg,validation,locked_confirmation,000000117744,2,0.16473494080779943,0.0,2,False,all_validation
coco-rem,000000117908,/home/felix/fiftyone/coco-2017/validation/data/000000117908.jpg,validation,locked_confirmation,000000117908,10,0.01371875,1.0,4,False,all_validation
coco-rem,000000117914,/home/felix/fiftyone/coco-2017/validation/data/000000117914.jpg,validation,locked_confirmation,000000117914,3,0.08681081081081081,0.0,3,False,all_validation
coco-rem,000000118209,/home/felix/fiftyone/coco-2017/validation/data/000000118209.jpg,validation,locked_confirmation,000000118209,2,0.3501057942708333,0.0,1,False,all_validation
coco-rem,000000118367,/home/felix/fiftyone/coco-2017/validation/data/000000118367.jpg,validation,locked_confirmation,000000118367,9,0.0030737704918032786,1.0,3,False,all_validation
coco-rem,000000118405,/home/felix/fiftyone/coco-2017/validation/data/000000118405.jpg,validation,locked_confirmation,000000118405,2,0.003860677083333333,0.0,2,False,all_validation
coco-rem,000000118515,/home/felix/fiftyone/coco-2017/validation/data/000000118515.jpg,validation,locked_confirmation,000000118515,2,0.1757943143812709,0.0,2,False,all_validation
coco-rem,000000118594,/home/felix/fiftyone/coco-2017/validation/data/000000118594.jpg,validation,locked_confirmation,000000118594,2,0.3539225260416667,1.0,1,False,all_validation
coco-rem,000000118921,/home/felix/fiftyone/coco-2017/validation/data/000000118921.jpg,validation,locked_confirmation,000000118921,3,0.027462675644028104,1.0,2,False,all_validation
coco-rem,000000119038,/home/felix/fiftyone/coco-2017/validation/data/000000119038.jpg,validation,locked_confirmation,000000119038,3,0.03673828125,0.6666666666666666,1,False,all_validation
coco-rem,000000119088,/home/felix/fiftyone/coco-2017/validation/data/000000119088.jpg,validation,locked_confirmation,000000119088,4,0.018549333333333334,0.0,2,False,all_validation
coco-rem,000000119233,/home/felix/fiftyone/coco-2017/validation/data/000000119233.jpg,validation,locked_confirmation,000000119233,9,0.007712574850299401,0.3333333333333333,6,False,all_validation
coco-rem,000000119365,/home/felix/fiftyone/coco-2017/validation/data/000000119365.jpg,validation,locked_confirmation,000000119365,5,0.3154296875,1.0,4,False,all_validation
coco-rem,000000119445,/home/felix/fiftyone/coco-2017/validation/data/000000119445.jpg,validation,locked_confirmation,000000119445,6,0.03471610915492958,0.3333333333333333,4,False,all_validation
coco-rem,000000119452,/home/felix/fiftyone/coco-2017/validation/data/000000119452.jpg,validation,locked_confirmation,000000119452,6,0.108671875,1.0,3,False,all_validation
coco-rem,000000119516,/home/felix/fiftyone/coco-2017/validation/data/000000119516.jpg,validation,locked_confirmation,000000119516,9,0.001712529274004684,0.3333333333333333,6,False,all_validation
coco-rem,000000119641,/home/felix/fiftyone/coco-2017/validation/data/000000119641.jpg,validation,locked_confirmation,000000119641,21,0.0024609375,0.2857142857142857,3,False,all_validation
coco-rem,000000119677,/home/felix/fiftyone/coco-2017/validation/data/000000119677.jpg,validation,locked_confirmation,000000119677,2,0.111328125,0.0,2,False,all_validation
coco-rem,000000119828,/home/felix/fiftyone/coco-2017/validation/data/000000119828.jpg,validation,locked_confirmation,000000119828,7,0.014965333333333334,0.5714285714285714,7,False,all_validation
coco-rem,000000119911,/home/felix/fiftyone/coco-2017/validation/data/000000119911.jpg,validation,locked_confirmation,000000119911,7,0.0011470588235294118,0.5714285714285714,3,False,all_validation
coco-rem,000000119995,/home/felix/fiftyone/coco-2017/validation/data/000000119995.jpg,validation,locked_confirmation,000000119995,6,0.02221794871794872,0.0,2,False,all_validation
coco-rem,000000120420,/home/felix/fiftyone/coco-2017/validation/data/000000120420.jpg,validation,locked_confirmation,000000120420,28,0.00048177083333333335,0.75,6,False,all_validation
coco-rem,000000120572,/home/felix/fiftyone/coco-2017/validation/data/000000120572.jpg,validation,locked_confirmation,000000120572,2,0.0018094994145199063,0.0,2,False,all_validation
coco-rem,000000120584,/home/felix/fiftyone/coco-2017/validation/data/000000120584.jpg,validation,locked_confirmation,000000120584,1,0.01734375,0.0,1,False,all_validation
coco-rem,000000120777,/home/felix/fiftyone/coco-2017/validation/data/000000120777.jpg,validation,locked_confirmation,000000120777,3,0.04154666666666667,0.0,2,False,all_validation
coco-rem,000000120853,/home/felix/fiftyone/coco-2017/validation/data/000000120853.jpg,validation,locked_confirmation,000000120853,10,0.045655665887850465,0.9,6,False,all_validation
coco-rem,000000121031,/home/felix/fiftyone/coco-2017/validation/data/000000121031.jpg,validation,locked_confirmation,000000121031,8,0.016920731707317074,1.0,2,False,all_validation
coco-rem,000000121153,/home/felix/fiftyone/coco-2017/validation/data/000000121153.jpg,validation,locked_confirmation,000000121153,0,,0.0,0,False,all_validation
coco-rem,000000121242,/home/felix/fiftyone/coco-2017/validation/data/000000121242.jpg,validation,locked_confirmation,000000121242,22,0.0010453088578088578,0.45454545454545453,4,True,all_validation
coco-rem,000000121417,/home/felix/fiftyone/coco-2017/validation/data/000000121417.jpg,validation,locked_confirmation,000000121417,13,0.010696614583333333,0.6923076923076923,5,False,all_validation
coco-rem,000000121497,/home/felix/fiftyone/coco-2017/validation/data/000000121497.jpg,validation,locked_confirmation,000000121497,6,0.0734619140625,0.8333333333333334,1,False,all_validation
coco-rem,000000121506,/home/felix/fiftyone/coco-2017/validation/data/000000121506.jpg,validation,locked_confirmation,000000121506,7,0.02790059378871374,0.2857142857142857,5,False,all_validation
coco-rem,000000121586,/home/felix/fiftyone/coco-2017/validation/data/000000121586.jpg,validation,locked_confirmation,000000121586,15,0.0031380753138075313,0.4666666666666667,3,True,all_validation
coco-rem,000000121591,/home/felix/fiftyone/coco-2017/validation/data/000000121591.jpg,validation,locked_confirmation,000000121591,2,0.06393,1.0,2,False,all_validation
coco-rem,000000121673,/home/felix/fiftyone/coco-2017/validation/data/000000121673.jpg,validation,locked_confirmation,000000121673,2,0.110576,0.0,2,False,all_validation
coco-rem,000000121744,/home/felix/fiftyone/coco-2017/validation/data/000000121744.jpg,validation,locked_confirmation,000000121744,15,0.03260710093896713,0.8,2,False,all_validation
coco-rem,000000122046,/home/felix/fiftyone/coco-2017/validation/data/000000122046.jpg,validation,locked_confirmation,000000122046,3,0.17666129976580797,0.6666666666666666,3,False,all_validation
coco-rem,000000122166,/home/felix/fiftyone/coco-2017/validation/data/000000122166.jpg,validation,locked_confirmation,000000122166,27,0.0015234375,0.25925925925925924,6,False,all_validation
coco-rem,000000122217,/home/felix/fiftyone/coco-2017/validation/data/000000122217.jpg,validation,locked_confirmation,000000122217,4,0.009415441176470588,1.0,2,False,all_validation
coco-rem,000000122606,/home/felix/fiftyone/coco-2017/validation/data/000000122606.jpg,validation,locked_confirmation,000000122606,2,0.3215283203125,1.0,2,False,all_validation
coco-rem,000000122672,/home/felix/fiftyone/coco-2017/validation/data/000000122672.jpg,validation,locked_confirmation,000000122672,2,0.16684733072916666,1.0,2,False,all_validation
coco-rem,000000122745,/home/felix/fiftyone/coco-2017/validation/data/000000122745.jpg,validation,locked_confirmation,000000122745,1,0.06332682291666666,0.0,1,False,all_validation
coco-rem,000000122927,/home/felix/fiftyone/coco-2017/validation/data/000000122927.jpg,validation,locked_confirmation,000000122927,2,0.11251082063711912,0.0,1,False,all_validation
coco-rem,000000122962,/home/felix/fiftyone/coco-2017/validation/data/000000122962.jpg,validation,locked_confirmation,000000122962,29,0.012993808962264151,0.7586206896551724,4,True,all_validation
coco-rem,000000122969,/home/felix/fiftyone/coco-2017/validation/data/000000122969.jpg,validation,locked_confirmation,000000122969,2,0.746996996996997,1.0,1,False,all_validation
coco-rem,000000123131,/home/felix/fiftyone/coco-2017/validation/data/000000123131.jpg,validation,locked_confirmation,000000123131,4,0.022142125292740046,0.5,1,False,all_validation
coco-rem,000000123213,/home/felix/fiftyone/coco-2017/validation/data/000000123213.jpg,validation,locked_confirmation,000000123213,16,0.01286670918367347,0.5625,5,False,all_validation
coco-rem,000000123321,/home/felix/fiftyone/coco-2017/validation/data/000000123321.jpg,validation,locked_confirmation,000000123321,21,0.011923832713913451,1.0,3,False,all_validation
coco-rem,000000123480,/home/felix/fiftyone/coco-2017/validation/data/000000123480.jpg,validation,locked_confirmation,000000123480,4,0.0047412109375,1.0,3,False,all_validation
coco-rem,000000123585,/home/felix/fiftyone/coco-2017/validation/data/000000123585.jpg,validation,locked_confirmation,000000123585,6,0.03910807291666667,0.0,2,False,all_validation
coco-rem,000000123633,/home/felix/fiftyone/coco-2017/validation/data/000000123633.jpg,validation,locked_confirmation,000000123633,15,0.02490234375,0.6666666666666666,6,False,all_validation
coco-rem,000000124277,/home/felix/fiftyone/coco-2017/validation/data/000000124277.jpg,validation,locked_confirmation,000000124277,5,0.0011402027027027028,0.8,3,False,all_validation
coco-rem,000000124442,/home/felix/fiftyone/coco-2017/validation/data/000000124442.jpg,validation,locked_confirmation,000000124442,2,0.06696,0.0,2,False,all_validation
coco-rem,000000124636,/home/felix/fiftyone/coco-2017/validation/data/000000124636.jpg,validation,locked_confirmation,000000124636,3,0.13330078125,0.6666666666666666,1,False,all_validation
coco-rem,000000124659,/home/felix/fiftyone/coco-2017/validation/data/000000124659.jpg,validation,locked_confirmation,000000124659,19,0.0009765625,0.42105263157894735,5,False,all_validation
coco-rem,000000124798,/home/felix/fiftyone/coco-2017/validation/data/000000124798.jpg,validation,locked_confirmation,000000124798,16,0.003926375878220141,0.375,4,False,all_validation
coco-rem,000000124975,/home/felix/fiftyone/coco-2017/validation/data/000000124975.jpg,validation,locked_confirmation,000000124975,2,0.5660220588235294,1.0,1,False,all_validation
coco-rem,000000125062,/home/felix/fiftyone/coco-2017/validation/data/000000125062.jpg,validation,locked_confirmation,000000125062,10,0.0959290837236534,0.5,2,False,all_validation
coco-rem,000000125072,/home/felix/fiftyone/coco-2017/validation/data/000000125072.jpg,validation,locked_confirmation,000000125072,6,0.001298765923566879,0.0,1,False,all_validation
coco-rem,000000125129,/home/felix/fiftyone/coco-2017/validation/data/000000125129.jpg,validation,locked_confirmation,000000125129,10,0.11035435435435435,0.6,5,False,all_validation
coco-rem,000000125211,/home/felix/fiftyone/coco-2017/validation/data/000000125211.jpg,validation,locked_confirmation,000000125211,1,0.6945865885416667,0.0,1,False,all_validation
coco-rem,000000125245,/home/felix/fiftyone/coco-2017/validation/data/000000125245.jpg,validation,locked_confirmation,000000125245,2,0.054138972809667674,1.0,1,False,all_validation
coco-rem,000000125257,/home/felix/fiftyone/coco-2017/validation/data/000000125257.jpg,validation,locked_confirmation,000000125257,2,0.015426432291666667,1.0,2,False,all_validation
coco-rem,000000125405,/home/felix/fiftyone/coco-2017/validation/data/000000125405.jpg,validation,locked_confirmation,000000125405,3,0.07570093457943926,0.6666666666666666,2,False,all_validation
coco-rem,000000125472,/home/felix/fiftyone/coco-2017/validation/data/000000125472.jpg,validation,locked_confirmation,000000125472,2,0.3145821135831382,0.0,2,False,all_validation
coco-rem,000000125572,/home/felix/fiftyone/coco-2017/validation/data/000000125572.jpg,validation,locked_confirmation,000000125572,28,0.0008690720140515222,0.21428571428571427,9,True,all_validation
coco-rem,000000125778,/home/felix/fiftyone/coco-2017/validation/data/000000125778.jpg,validation,locked_confirmation,000000125778,14,0.0024462890625,0.2857142857142857,6,False,all_validation
coco-rem,000000125806,/home/felix/fiftyone/coco-2017/validation/data/000000125806.jpg,validation,locked_confirmation,000000125806,2,0.44364338235294115,0.0,1,False,all_validation
coco-rem,000000125850,/home/felix/fiftyone/coco-2017/validation/data/000000125850.jpg,validation,locked_confirmation,000000125850,2,0.6845954754601227,1.0,2,False,all_validation
coco-rem,000000125936,/home/felix/fiftyone/coco-2017/validation/data/000000125936.jpg,validation,locked_confirmation,000000125936,30,0.00418960244648318,0.43333333333333335,4,False,all_validation
coco-rem,000000125952,/home/felix/fiftyone/coco-2017/validation/data/000000125952.jpg,validation,locked_confirmation,000000125952,2,0.27015974162011175,1.0,1,False,all_validation
coco-rem,000000126107,/home/felix/fiftyone/coco-2017/validation/data/000000126107.jpg,validation,locked_confirmation,000000126107,8,0.0009147135416666666,0.25,3,False,all_validation
coco-rem,000000126110,/home/felix/fiftyone/coco-2017/validation/data/000000126110.jpg,validation,locked_confirmation,000000126110,3,0.09140625,1.0,3,False,all_validation
coco-rem,000000126137,/home/felix/fiftyone/coco-2017/validation/data/000000126137.jpg,validation,locked_confirmation,000000126137,15,0.009459162763466042,0.5333333333333333,3,True,all_validation
coco-rem,000000126216,/home/felix/fiftyone/coco-2017/validation/data/000000126216.jpg,validation,locked_confirmation,000000126216,4,0.024737149532710282,0.0,1,False,all_validation
coco-rem,000000126226,/home/felix/fiftyone/coco-2017/validation/data/000000126226.jpg,validation,locked_confirmation,000000126226,22,0.007799479166666666,0.5,3,False,all_validation
coco-rem,000000126592,/home/felix/fiftyone/coco-2017/validation/data/000000126592.jpg,validation,locked_confirmation,000000126592,13,0.008097575057736721,0.46153846153846156,2,False,all_validation
coco-rem,000000127092,/home/felix/fiftyone/coco-2017/validation/data/000000127092.jpg,validation,locked_confirmation,000000127092,8,0.0029296875,0.25,6,False,all_validation
coco-rem,000000127135,/home/felix/fiftyone/coco-2017/validation/data/000000127135.jpg,validation,locked_confirmation,000000127135,0,,0.0,0,False,all_validation
coco-rem,000000127182,/home/felix/fiftyone/coco-2017/validation/data/000000127182.jpg,validation,locked_confirmation,000000127182,10,0.0030756001170960186,0.5,7,False,all_validation
coco-rem,000000127263,/home/felix/fiftyone/coco-2017/validation/data/000000127263.jpg,validation,locked_confirmation,000000127263,6,0.02935450819672131,0.5,3,False,all_validation
coco-rem,000000127270,/home/felix/fiftyone/coco-2017/validation/data/000000127270.jpg,validation,locked_confirmation,000000127270,9,0.03595121951219512,0.8888888888888888,5,False,all_validation
coco-rem,000000127394,/home/felix/fiftyone/coco-2017/validation/data/000000127394.jpg,validation,locked_confirmation,000000127394,23,0.018532243276283618,0.9130434782608695,8,False,all_validation
coco-rem,000000127476,/home/felix/fiftyone/coco-2017/validation/data/000000127476.jpg,validation,locked_confirmation,000000127476,2,0.4594677734375,0.0,1,False,all_validation
coco-rem,000000127494,/home/felix/fiftyone/coco-2017/validation/data/000000127494.jpg,validation,locked_confirmation,000000127494,1,0.2136996996996997,0.0,1,False,all_validation
coco-rem,000000127517,/home/felix/fiftyone/coco-2017/validation/data/000000127517.jpg,validation,locked_confirmation,000000127517,11,0.120029296875,0.36363636363636365,2,False,all_validation
coco-rem,000000127530,/home/felix/fiftyone/coco-2017/validation/data/000000127530.jpg,validation,locked_confirmation,000000127530,3,0.036477272727272726,1.0,3,False,all_validation
coco-rem,000000127624,/home/felix/fiftyone/coco-2017/validation/data/000000127624.jpg,validation,locked_confirmation,000000127624,1,0.131359733435858,0.0,1,False,all_validation
coco-rem,000000127660,/home/felix/fiftyone/coco-2017/validation/data/000000127660.jpg,validation,locked_confirmation,000000127660,2,0.5197505482456141,1.0,2,False,all_validation
coco-rem,000000127955,/home/felix/fiftyone/coco-2017/validation/data/000000127955.jpg,validation,locked_confirmation,000000127955,2,0.3869430147058823,0.0,1,False,all_validation
coco-rem,000000127987,/home/felix/fiftyone/coco-2017/validation/data/000000127987.jpg,validation,locked_confirmation,000000127987,4,0.1535412998826291,0.0,3,False,all_validation
coco-rem,000000128051,/home/felix/fiftyone/coco-2017/validation/data/000000128051.jpg,validation,locked_confirmation,000000128051,5,0.05046875,0.0,3,False,all_validation
coco-rem,000000128112,/home/felix/fiftyone/coco-2017/validation/data/000000128112.jpg,validation,locked_confirmation,000000128112,3,0.0007279411764705882,1.0,2,False,all_validation
coco-rem,000000128148,/home/felix/fiftyone/coco-2017/validation/data/000000128148.jpg,validation,locked_confirmation,000000128148,22,0.0008177570093457944,0.45454545454545453,6,True,all_validation
coco-rem,000000128372,/home/felix/fiftyone/coco-2017/validation/data/000000128372.jpg,validation,locked_confirmation,000000128372,16,0.002967652224824356,0.75,4,False,all_validation
coco-rem,000000128476,/home/felix/fiftyone/coco-2017/validation/data/000000128476.jpg,validation,locked_confirmation,000000128476,13,0.08189036885245901,0.15384615384615385,3,False,all_validation
coco-rem,000000128598,/home/felix/fiftyone/coco-2017/validation/data/000000128598.jpg,validation,locked_confirmation,000000128598,11,0.08828776041666667,0.0,2,False,all_validation
coco-rem,000000128654,/home/felix/fiftyone/coco-2017/validation/data/000000128654.jpg,validation,locked_confirmation,000000128654,2,0.36965625,1.0,2,False,all_validation
coco-rem,000000128658,/home/felix/fiftyone/coco-2017/validation/data/000000128658.jpg,validation,locked_confirmation,000000128658,8,0.010258709016393443,0.25,1,False,all_validation
coco-rem,000000128675,/home/felix/fiftyone/coco-2017/validation/data/000000128675.jpg,validation,locked_confirmation,000000128675,7,0.0058203125,0.2857142857142857,3,False,all_validation
coco-rem,000000128699,/home/felix/fiftyone/coco-2017/validation/data/000000128699.jpg,validation,locked_confirmation,000000128699,13,0.008888888888888889,0.3076923076923077,2,False,all_validation
coco-rem,000000128748,/home/felix/fiftyone/coco-2017/validation/data/000000128748.jpg,validation,locked_confirmation,000000128748,5,0.2599987270875764,1.0,3,False,all_validation
coco-rem,000000129054,/home/felix/fiftyone/coco-2017/validation/data/000000129054.jpg,validation,locked_confirmation,000000129054,13,0.007978666666666667,0.38461538461538464,1,True,all_validation
coco-rem,000000129062,/home/felix/fiftyone/coco-2017/validation/data/000000129062.jpg,validation,locked_confirmation,000000129062,7,0.029296875,0.2857142857142857,4,False,all_validation
coco-rem,000000129113,/home/felix/fiftyone/coco-2017/validation/data/000000129113.jpg,validation,locked_confirmation,000000129113,2,0.6444270833333333,1.0,2,False,all_validation
coco-rem,000000129135,/home/felix/fiftyone/coco-2017/validation/data/000000129135.jpg,validation,locked_confirmation,000000129135,2,0.2243359375,0.0,2,False,all_validation
coco-rem,000000129322,/home/felix/fiftyone/coco-2017/validation/data/000000129322.jpg,validation,locked_confirmation,000000129322,1,0.0631640625,0.0,1,False,all_validation
coco-rem,000000129416,/home/felix/fiftyone/coco-2017/validation/data/000000129416.jpg,validation,locked_confirmation,000000129416,9,0.00384,0.0,1,False,all_validation
coco-rem,000000129492,/home/felix/fiftyone/coco-2017/validation/data/000000129492.jpg,validation,locked_confirmation,000000129492,9,0.022708333333333334,1.0,4,False,all_validation
coco-rem,000000129756,/home/felix/fiftyone/coco-2017/validation/data/000000129756.jpg,validation,locked_confirmation,000000129756,9,0.010514322916666667,0.0,3,False,all_validation
coco-rem,000000129812,/home/felix/fiftyone/coco-2017/validation/data/000000129812.jpg,validation,locked_confirmation,000000129812,3,0.22372359154929577,1.0,2,False,all_validation
coco-rem,000000129945,/home/felix/fiftyone/coco-2017/validation/data/000000129945.jpg,validation,locked_confirmation,000000129945,5,0.0739794921875,0.4,3,False,all_validation
coco-rem,000000130386,/home/felix/fiftyone/coco-2017/validation/data/000000130386.jpg,validation,locked_confirmation,000000130386,14,0.002498666666666667,0.2857142857142857,5,False,all_validation
coco-rem,000000130465,/home/felix/fiftyone/coco-2017/validation/data/000000130465.jpg,validation,locked_confirmation,000000130465,2,0.015603095794392523,0.0,1,False,all_validation
coco-rem,000000130566,/home/felix/fiftyone/coco-2017/validation/data/000000130566.jpg,validation,locked_confirmation,000000130566,1,0.39115193208430915,0.0,1,False,all_validation
coco-rem,000000130579,/home/felix/fiftyone/coco-2017/validation/data/000000130579.jpg,validation,locked_confirmation,000000130579,2,0.1596689755154639,1.0,2,False,all_validation
coco-rem,000000130586,/home/felix/fiftyone/coco-2017/validation/data/000000130586.jpg,validation,locked_confirmation,000000130586,2,0.23347848360655737,0.0,2,False,all_validation
coco-rem,000000130599,/home/felix/fiftyone/coco-2017/validation/data/000000130599.jpg,validation,locked_confirmation,000000130599,2,0.4279296875,1.0,2,False,all_validation
coco-rem,000000130613,/home/felix/fiftyone/coco-2017/validation/data/000000130613.jpg,validation,locked_confirmation,000000130613,6,0.0218125,0.0,4,False,all_validation
coco-rem,000000130699,/home/felix/fiftyone/coco-2017/validation/data/000000130699.jpg,validation,locked_confirmation,000000130699,17,0.006718384074941452,0.35294117647058826,4,False,all_validation
coco-rem,000000130826,/home/felix/fiftyone/coco-2017/validation/data/000000130826.jpg,validation,locked_confirmation,000000130826,10,0.068916015625,0.9,3,False,all_validation
coco-rem,000000131131,/home/felix/fiftyone/coco-2017/validation/data/000000131131.jpg,validation,locked_confirmation,000000131131,3,0.26623372395833333,1.0,2,False,all_validation
coco-rem,000000131138,/home/felix/fiftyone/coco-2017/validation/data/000000131138.jpg,validation,locked_confirmation,000000131138,11,0.007473958333333333,0.36363636363636365,8,False,all_validation
coco-rem,000000131273,/home/felix/fiftyone/coco-2017/validation/data/000000131273.jpg,validation,locked_confirmation,000000131273,1,0.7479166666666667,0.0,1,False,all_validation
coco-rem,000000131379,/home/felix/fiftyone/coco-2017/validation/data/000000131379.jpg,validation,locked_confirmation,000000131379,1,0.9895833333333334,0.0,1,False,all_validation
coco-rem,000000131386,/home/felix/fiftyone/coco-2017/validation/data/000000131386.jpg,validation,locked_confirmation,000000131386,4,0.14129098360655737,1.0,1,False,all_validation
coco-rem,000000131431,/home/felix/fiftyone/coco-2017/validation/data/000000131431.jpg,validation,locked_confirmation,000000131431,1,0.05162867647058823,0.0,1,False,all_validation
coco-rem,000000131444,/home/felix/fiftyone/coco-2017/validation/data/000000131444.jpg,validation,locked_confirmation,000000131444,2,0.46420084635416664,1.0,2,False,all_validation
coco-rem,000000131556,/home/felix/fiftyone/coco-2017/validation/data/000000131556.jpg,validation,locked_confirmation,000000131556,7,0.0038823529411764705,0.42857142857142855,2,False,all_validation
coco-rem,000000131938,/home/felix/fiftyone/coco-2017/validation/data/000000131938.jpg,validation,locked_confirmation,000000131938,2,0.3879252159827214,1.0,2,False,all_validation
coco-rem,000000132116,/home/felix/fiftyone/coco-2017/validation/data/000000132116.jpg,validation,locked_confirmation,000000132116,9,0.06017984535862275,1.0,3,False,all_validation
coco-rem,000000132329,/home/felix/fiftyone/coco-2017/validation/data/000000132329.jpg,validation,locked_confirmation,000000132329,5,0.03301056338028169,1.0,2,False,all_validation
coco-rem,000000132375,/home/felix/fiftyone/coco-2017/validation/data/000000132375.jpg,validation,locked_confirmation,000000132375,7,0.002802734375,0.2857142857142857,4,False,all_validation
coco-rem,000000132408,/home/felix/fiftyone/coco-2017/validation/data/000000132408.jpg,validation,locked_confirmation,000000132408,7,0.009928613053613054,0.5714285714285714,3,False,all_validation
coco-rem,000000132544,/home/felix/fiftyone/coco-2017/validation/data/000000132544.jpg,validation,locked_confirmation,000000132544,15,0.023100848946135833,0.8,6,False,all_validation
coco-rem,000000132587,/home/felix/fiftyone/coco-2017/validation/data/000000132587.jpg,validation,locked_confirmation,000000132587,10,0.008806985294117647,0.6,4,False,all_validation
coco-rem,000000132622,/home/felix/fiftyone/coco-2017/validation/data/000000132622.jpg,validation,locked_confirmation,000000132622,1,0.85517578125,0.0,1,False,all_validation
coco-rem,000000132703,/home/felix/fiftyone/coco-2017/validation/data/000000132703.jpg,validation,locked_confirmation,000000132703,2,0.07816534624413146,0.0,2,False,all_validation
coco-rem,000000132796,/home/felix/fiftyone/coco-2017/validation/data/000000132796.jpg,validation,locked_confirmation,000000132796,9,0.07934272300469483,0.8888888888888888,5,False,all_validation
coco-rem,000000132931,/home/felix/fiftyone/coco-2017/validation/data/000000132931.jpg,validation,locked_confirmation,000000132931,3,0.0645235655737705,0.6666666666666666,2,False,all_validation
coco-rem,000000133000,/home/felix/fiftyone/coco-2017/validation/data/000000133000.jpg,validation,locked_confirmation,000000133000,3,0.0018442622950819673,1.0,2,False,all_validation
coco-rem,000000133087,/home/felix/fiftyone/coco-2017/validation/data/000000133087.jpg,validation,locked_confirmation,000000133087,7,0.005026223776223776,0.0,1,False,all_validation
coco-rem,000000133233,/home/felix/fiftyone/coco-2017/validation/data/000000133233.jpg,validation,locked_confirmation,000000133233,13,0.0023632271468144042,0.0,1,True,all_validation
coco-rem,000000133244,/home/felix/fiftyone/coco-2017/validation/data/000000133244.jpg,validation,locked_confirmation,000000133244,20,0.00805840877437326,0.3,4,True,all_validation
coco-rem,000000133343,/home/felix/fiftyone/coco-2017/validation/data/000000133343.jpg,validation,locked_confirmation,000000133343,2,0.5281885593220339,1.0,2,False,all_validation
coco-rem,000000133418,/home/felix/fiftyone/coco-2017/validation/data/000000133418.jpg,validation,locked_confirmation,000000133418,2,0.2068171838407494,0.0,2,False,all_validation
coco-rem,000000133567,/home/felix/fiftyone/coco-2017/validation/data/000000133567.jpg,validation,locked_confirmation,000000133567,2,0.2539792640186916,0.0,2,False,all_validation
coco-rem,000000133631,/home/felix/fiftyone/coco-2017/validation/data/000000133631.jpg,validation,locked_confirmation,000000133631,1,0.6958823529411765,0.0,1,False,all_validation
coco-rem,000000133645,/home/felix/fiftyone/coco-2017/validation/data/000000133645.jpg,validation,locked_confirmation,000000133645,8,0.0023217944964871195,0.25,2,False,all_validation
coco-rem,000000133778,/home/felix/fiftyone/coco-2017/validation/data/000000133778.jpg,validation,locked_confirmation,000000133778,2,0.38065799689440993,1.0,1,False,all_validation
coco-rem,000000133819,/home/felix/fiftyone/coco-2017/validation/data/000000133819.jpg,validation,locked_confirmation,000000133819,21,0.00275,0.6666666666666666,5,False,all_validation
coco-rem,000000133969,/home/felix/fiftyone/coco-2017/validation/data/000000133969.jpg,validation,locked_confirmation,000000133969,17,0.03250512295081967,0.5294117647058824,5,True,all_validation
coco-rem,000000134034,/home/felix/fiftyone/coco-2017/validation/data/000000134034.jpg,validation,locked_confirmation,000000134034,2,0.01971157894736842,0.0,1,False,all_validation
coco-rem,000000134096,/home/felix/fiftyone/coco-2017/validation/data/000000134096.jpg,validation,locked_confirmation,000000134096,4,0.06040364583333333,0.5,3,False,all_validation
coco-rem,000000134112,/home/felix/fiftyone/coco-2017/validation/data/000000134112.jpg,validation,locked_confirmation,000000134112,4,0.4326050420168067,1.0,4,False,all_validation
coco-rem,000000134322,/home/felix/fiftyone/coco-2017/validation/data/000000134322.jpg,validation,locked_confirmation,000000134322,15,0.0008138020833333334,0.0,2,True,all_validation
coco-rem,000000134689,/home/felix/fiftyone/coco-2017/validation/data/000000134689.jpg,validation,locked_confirmation,000000134689,1,0.6104178864168618,0.0,1,False,all_validation
coco-rem,000000134722,/home/felix/fiftyone/coco-2017/validation/data/000000134722.jpg,validation,locked_confirmation,000000134722,2,0.13298990885416667,0.0,2,False,all_validation
coco-rem,000000134856,/home/felix/fiftyone/coco-2017/validation/data/000000134856.jpg,validation,locked_confirmation,000000134856,6,0.001220703125,1.0,2,False,all_validation
coco-rem,000000134882,/home/felix/fiftyone/coco-2017/validation/data/000000134882.jpg,validation,locked_confirmation,000000134882,41,0.0030907668231611894,0.6585365853658537,5,False,all_validation
coco-rem,000000134886,/home/felix/fiftyone/coco-2017/validation/data/000000134886.jpg,validation,locked_confirmation,000000134886,12,0.0011962890625,0.3333333333333333,3,False,all_validation
coco-rem,000000135410,/home/felix/fiftyone/coco-2017/validation/data/000000135410.jpg,validation,locked_confirmation,000000135410,10,0.029285481770833333,0.5,5,False,all_validation
coco-rem,000000135561,/home/felix/fiftyone/coco-2017/validation/data/000000135561.jpg,validation,locked_confirmation,000000135561,8,0.0016748046875,0.0,7,False,all_validation
coco-rem,000000135604,/home/felix/fiftyone/coco-2017/validation/data/000000135604.jpg,validation,locked_confirmation,000000135604,3,0.005269320843091335,0.0,3,False,all_validation
coco-rem,000000135670,/home/felix/fiftyone/coco-2017/validation/data/000000135670.jpg,validation,locked_confirmation,000000135670,1,0.08746666666666666,0.0,1,False,all_validation
coco-rem,000000135673,/home/felix/fiftyone/coco-2017/validation/data/000000135673.jpg,validation,locked_confirmation,000000135673,2,0.018651200234192037,0.0,1,False,all_validation
coco-rem,000000135872,/home/felix/fiftyone/coco-2017/validation/data/000000135872.jpg,validation,locked_confirmation,000000135872,14,0.0070038056206088994,0.5714285714285714,8,False,all_validation
coco-rem,000000135890,/home/felix/fiftyone/coco-2017/validation/data/000000135890.jpg,validation,locked_confirmation,000000135890,12,0.0008122809579439252,0.16666666666666666,2,False,all_validation
coco-rem,000000135902,/home/felix/fiftyone/coco-2017/validation/data/000000135902.jpg,validation,locked_confirmation,000000135902,3,0.017058823529411765,0.6666666666666666,2,False,all_validation
coco-rem,000000136033,/home/felix/fiftyone/coco-2017/validation/data/000000136033.jpg,validation,locked_confirmation,000000136033,2,0.01262777453271028,0.0,2,False,all_validation
coco-rem,000000136334,/home/felix/fiftyone/coco-2017/validation/data/000000136334.jpg,validation,locked_confirmation,000000136334,3,0.002620442708333333,0.0,2,False,all_validation
coco-rem,000000136355,/home/felix/fiftyone/coco-2017/validation/data/000000136355.jpg,validation,locked_confirmation,000000136355,19,0.008035714285714285,0.7894736842105263,8,False,all_validation
coco-rem,000000136466,/home/felix/fiftyone/coco-2017/validation/data/000000136466.jpg,validation,locked_confirmation,000000136466,2,0.3132289156626506,1.0,2,False,all_validation
coco-rem,000000136600,/home/felix/fiftyone/coco-2017/validation/data/000000136600.jpg,validation,locked_confirmation,000000136600,6,0.020025300875273523,0.3333333333333333,5,False,all_validation
coco-rem,000000136633,/home/felix/fiftyone/coco-2017/validation/data/000000136633.jpg,validation,locked_confirmation,000000136633,20,0.0028798302107728335,0.95,3,False,all_validation
coco-rem,000000136715,/home/felix/fiftyone/coco-2017/validation/data/000000136715.jpg,validation,locked_confirmation,000000136715,19,0.013941176470588235,0.6842105263157895,3,True,all_validation
coco-rem,000000136772,/home/felix/fiftyone/coco-2017/validation/data/000000136772.jpg,validation,locked_confirmation,000000136772,4,0.09422754491017964,0.75,2,False,all_validation
coco-rem,000000136915,/home/felix/fiftyone/coco-2017/validation/data/000000136915.jpg,validation,locked_confirmation,000000136915,9,0.01908665105386417,0.3333333333333333,5,False,all_validation
coco-rem,000000137106,/home/felix/fiftyone/coco-2017/validation/data/000000137106.jpg,validation,locked_confirmation,000000137106,2,0.4947123829039813,1.0,2,False,all_validation
coco-rem,000000137246,/home/felix/fiftyone/coco-2017/validation/data/000000137246.jpg,validation,locked_confirmation,000000137246,17,0.018498498498498498,0.5294117647058824,6,False,all_validation
coco-rem,000000137294,/home/felix/fiftyone/coco-2017/validation/data/000000137294.jpg,validation,locked_confirmation,000000137294,3,0.2746230971896956,1.0,2,False,all_validation
coco-rem,000000137576,/home/felix/fiftyone/coco-2017/validation/data/000000137576.jpg,validation,locked_confirmation,000000137576,9,0.019815719360568383,0.6666666666666666,1,False,all_validation
coco-rem,000000137727,/home/felix/fiftyone/coco-2017/validation/data/000000137727.jpg,validation,locked_confirmation,000000137727,25,0.0017757660167130919,0.8,5,False,all_validation
coco-rem,000000137950,/home/felix/fiftyone/coco-2017/validation/data/000000137950.jpg,validation,locked_confirmation,000000137950,1,0.2638629518072289,0.0,1,False,all_validation
coco-rem,000000138115,/home/felix/fiftyone/coco-2017/validation/data/000000138115.jpg,validation,locked_confirmation,000000138115,2,0.5635837215320911,1.0,2,False,all_validation
coco-rem,000000138241,/home/felix/fiftyone/coco-2017/validation/data/000000138241.jpg,validation,locked_confirmation,000000138241,2,0.6085579427083333,1.0,2,False,all_validation
coco-rem,000000138492,/home/felix/fiftyone/coco-2017/validation/data/000000138492.jpg,validation,locked_confirmation,000000138492,2,0.2590749414519906,1.0,2,False,all_validation
coco-rem,000000138550,/home/felix/fiftyone/coco-2017/validation/data/000000138550.jpg,validation,locked_confirmation,000000138550,4,0.07156834112149532,0.0,3,False,all_validation
coco-rem,000000138639,/home/felix/fiftyone/coco-2017/validation/data/000000138639.jpg,validation,locked_confirmation,000000138639,20,0.0012825520833333332,0.35,6,True,all_validation
coco-rem,000000138819,/home/felix/fiftyone/coco-2017/validation/data/000000138819.jpg,validation,locked_confirmation,000000138819,2,0.13479817708333333,0.0,2,False,all_validation
coco-rem,000000138856,/home/felix/fiftyone/coco-2017/validation/data/000000138856.jpg,validation,locked_confirmation,000000138856,3,0.008658854166666667,1.0,3,False,all_validation
coco-rem,000000138954,/home/felix/fiftyone/coco-2017/validation/data/000000138954.jpg,validation,locked_confirmation,000000138954,9,0.027465397923875434,1.0,2,False,all_validation
coco-rem,000000138979,/home/felix/fiftyone/coco-2017/validation/data/000000138979.jpg,validation,locked_confirmation,000000138979,7,0.019806338028169015,0.8571428571428571,3,False,all_validation
coco-rem,000000139077,/home/felix/fiftyone/coco-2017/validation/data/000000139077.jpg,validation,locked_confirmation,000000139077,7,0.005802666666666667,0.5714285714285714,5,False,all_validation
coco-rem,000000139099,/home/felix/fiftyone/coco-2017/validation/data/000000139099.jpg,validation,locked_confirmation,000000139099,28,0.01268798289183223,0.8928571428571429,9,True,all_validation
coco-rem,000000139260,/home/felix/fiftyone/coco-2017/validation/data/000000139260.jpg,validation,locked_confirmation,000000139260,7,0.04288015463917526,1.0,4,False,all_validation
coco-rem,000000139684,/home/felix/fiftyone/coco-2017/validation/data/000000139684.jpg,validation,locked_confirmation,000000139684,12,0.011792792792792793,0.5833333333333334,7,False,all_validation
coco-rem,000000139871,/home/felix/fiftyone/coco-2017/validation/data/000000139871.jpg,validation,locked_confirmation,000000139871,1,0.4959016393442623,0.0,1,False,all_validation
coco-rem,000000139872,/home/felix/fiftyone/coco-2017/validation/data/000000139872.jpg,validation,locked_confirmation,000000139872,4,0.07873046875,0.0,3,False,all_validation
coco-rem,000000139883,/home/felix/fiftyone/coco-2017/validation/data/000000139883.jpg,validation,locked_confirmation,000000139883,4,0.01568720725995316,0.0,1,False,all_validation
coco-rem,000000140076,/home/felix/fiftyone/coco-2017/validation/data/000000140076.jpg,validation,locked_confirmation,000000140076,24,0.002512,0.4583333333333333,5,False,all_validation
coco-rem,000000140203,/home/felix/fiftyone/coco-2017/validation/data/000000140203.jpg,validation,locked_confirmation,000000140203,8,0.012395833333333333,0.5,3,False,all_validation
coco-rem,000000140270,/home/felix/fiftyone/coco-2017/validation/data/000000140270.jpg,validation,locked_confirmation,000000140270,2,0.11126458333333333,1.0,2,False,all_validation
coco-rem,000000140286,/home/felix/fiftyone/coco-2017/validation/data/000000140286.jpg,validation,locked_confirmation,000000140286,3,0.03147192898272553,0.6666666666666666,2,False,all_validation
coco-rem,000000140420,/home/felix/fiftyone/coco-2017/validation/data/000000140420.jpg,validation,locked_confirmation,000000140420,1,0.012207943925233646,0.0,1,False,all_validation
coco-rem,000000140439,/home/felix/fiftyone/coco-2017/validation/data/000000140439.jpg,validation,locked_confirmation,000000140439,9,0.008400262850467289,0.6666666666666666,3,False,all_validation
coco-rem,000000140556,/home/felix/fiftyone/coco-2017/validation/data/000000140556.jpg,validation,locked_confirmation,000000140556,6,0.11361460612691467,0.3333333333333333,3,False,all_validation
coco-rem,000000140583,/home/felix/fiftyone/coco-2017/validation/data/000000140583.jpg,validation,locked_confirmation,000000140583,19,0.0028569560669456065,0.0,4,True,all_validation
coco-rem,000000140640,/home/felix/fiftyone/coco-2017/validation/data/000000140640.jpg,validation,locked_confirmation,000000140640,11,0.015533303990610328,0.6363636363636364,5,False,all_validation
coco-rem,000000140658,/home/felix/fiftyone/coco-2017/validation/data/000000140658.jpg,validation,locked_confirmation,000000140658,1,0.0045703125,0.0,1,False,all_validation
coco-rem,000000140840,/home/felix/fiftyone/coco-2017/validation/data/000000140840.jpg,validation,locked_confirmation,000000140840,30,0.0056548042704626334,0.36666666666666664,3,False,all_validation
coco-rem,000000140929,/home/felix/fiftyone/coco-2017/validation/data/000000140929.jpg,validation,locked_confirmation,000000140929,1,0.4235972568578554,0.0,1,False,all_validation
coco-rem,000000140987,/home/felix/fiftyone/coco-2017/validation/data/000000140987.jpg,validation,locked_confirmation,000000140987,18,0.02770404411764706,0.7777777777777778,6,False,all_validation
coco-rem,000000141328,/home/felix/fiftyone/coco-2017/validation/data/000000141328.jpg,validation,locked_confirmation,000000141328,15,0.02001953125,1.0,3,True,all_validation
coco-rem,000000141597,/home/felix/fiftyone/coco-2017/validation/data/000000141597.jpg,validation,locked_confirmation,000000141597,3,0.07153468969555035,0.0,2,False,all_validation
coco-rem,000000141671,/home/felix/fiftyone/coco-2017/validation/data/000000141671.jpg,validation,locked_confirmation,000000141671,25,0.0034421641791044775,0.52,4,True,all_validation
coco-rem,000000141821,/home/felix/fiftyone/coco-2017/validation/data/000000141821.jpg,validation,locked_confirmation,000000141821,5,0.13311848958333333,0.0,4,False,all_validation
coco-rem,000000142092,/home/felix/fiftyone/coco-2017/validation/data/000000142092.jpg,validation,locked_confirmation,000000142092,1,0.39662760416666665,0.0,1,False,all_validation
coco-rem,000000142238,/home/felix/fiftyone/coco-2017/validation/data/000000142238.jpg,validation,locked_confirmation,000000142238,14,0.025228703161592505,0.14285714285714285,2,True,all_validation
coco-rem,000000142324,/home/felix/fiftyone/coco-2017/validation/data/000000142324.jpg,validation,locked_confirmation,000000142324,20,0.013958333333333333,0.6,5,True,all_validation
coco-rem,000000142472,/home/felix/fiftyone/coco-2017/validation/data/000000142472.jpg,validation,locked_confirmation,000000142472,11,0.005247395833333333,0.0,3,False,all_validation
coco-rem,000000142585,/home/felix/fiftyone/coco-2017/validation/data/000000142585.jpg,validation,locked_confirmation,000000142585,10,0.017261333333333333,0.7,5,False,all_validation
coco-rem,000000142620,/home/felix/fiftyone/coco-2017/validation/data/000000142620.jpg,validation,locked_confirmation,000000142620,15,0.011810446009389672,0.9333333333333333,9,False,all_validation
coco-rem,000000142790,/home/felix/fiftyone/coco-2017/validation/data/000000142790.jpg,validation,locked_confirmation,000000142790,5,0.06788266666666666,0.0,2,False,all_validation
coco-rem,000000142971,/home/felix/fiftyone/coco-2017/validation/data/000000142971.jpg,validation,locked_confirmation,000000142971,6,0.06929156908665106,0.5,2,False,all_validation
coco-rem,000000143068,/home/felix/fiftyone/coco-2017/validation/data/000000143068.jpg,validation,locked_confirmation,000000143068,15,0.001914612676056338,0.2,2,True,all_validation
coco-rem,000000143556,/home/felix/fiftyone/coco-2017/validation/data/000000143556.jpg,validation,locked_confirmation,000000143556,10,0.01958984375,0.8,2,False,all_validation
coco-rem,000000143572,/home/felix/fiftyone/coco-2017/validation/data/000000143572.jpg,validation,locked_confirmation,000000143572,14,0.004501400353773585,0.21428571428571427,2,True,all_validation
coco-rem,000000143931,/home/felix/fiftyone/coco-2017/validation/data/000000143931.jpg,validation,locked_confirmation,000000143931,2,0.5151497395833333,1.0,2,False,all_validation
coco-rem,000000143961,/home/felix/fiftyone/coco-2017/validation/data/000000143961.jpg,validation,locked_confirmation,000000143961,21,0.037219101123595506,0.5714285714285714,5,True,all_validation
coco-rem,000000143998,/home/felix/fiftyone/coco-2017/validation/data/000000143998.jpg,validation,locked_confirmation,000000143998,8,0.38570101243111626,1.0,3,False,all_validation
coco-rem,000000144003,/home/felix/fiftyone/coco-2017/validation/data/000000144003.jpg,validation,locked_confirmation,000000144003,13,0.172368,0.9230769230769231,8,False,all_validation
coco-rem,000000144114,/home/felix/fiftyone/coco-2017/validation/data/000000144114.jpg,validation,locked_confirmation,000000144114,2,0.17903958333333334,1.0,2,False,all_validation
coco-rem,000000144300,/home/felix/fiftyone/coco-2017/validation/data/000000144300.jpg,validation,locked_confirmation,000000144300,7,0.02811768149882904,0.7142857142857143,4,False,all_validation
coco-rem,000000144333,/home/felix/fiftyone/coco-2017/validation/data/000000144333.jpg,validation,locked_confirmation,000000144333,9,0.03806851525821596,1.0,6,False,all_validation
coco-rem,000000144706,/home/felix/fiftyone/coco-2017/validation/data/000000144706.jpg,validation,locked_confirmation,000000144706,6,0.0040625,0.0,2,False,all_validation
coco-rem,000000144784,/home/felix/fiftyone/coco-2017/validation/data/000000144784.jpg,validation,locked_confirmation,000000144784,1,0.11349333333333333,0.0,1,False,all_validation
coco-rem,000000144798,/home/felix/fiftyone/coco-2017/validation/data/000000144798.jpg,validation,locked_confirmation,000000144798,4,0.022908088235294118,0.0,4,False,all_validation
coco-rem,000000144932,/home/felix/fiftyone/coco-2017/validation/data/000000144932.jpg,validation,locked_confirmation,000000144932,3,0.0002426470588235294,1.0,2,False,all_validation
coco-rem,000000144984,/home/felix/fiftyone/coco-2017/validation/data/000000144984.jpg,validation,locked_confirmation,000000144984,5,0.034895833333333334,1.0,3,False,all_validation
coco-rem,000000145020,/home/felix/fiftyone/coco-2017/validation/data/000000145020.jpg,validation,locked_confirmation,000000145020,19,0.005219875346260388,0.10526315789473684,2,True,all_validation
coco-rem,000000145591,/home/felix/fiftyone/coco-2017/validation/data/000000145591.jpg,validation,locked_confirmation,000000145591,1,0.44408203125,0.0,1,False,all_validation
coco-rem,000000145597,/home/felix/fiftyone/coco-2017/validation/data/000000145597.jpg,validation,locked_confirmation,000000145597,19,0.0083203125,0.7368421052631579,6,False,all_validation
coco-rem,000000145620,/home/felix/fiftyone/coco-2017/validation/data/000000145620.jpg,validation,locked_confirmation,000000145620,5,0.0029243119266055047,0.4,2,False,all_validation
coco-rem,000000145665,/home/felix/fiftyone/coco-2017/validation/data/000000145665.jpg,validation,locked_confirmation,000000145665,2,0.0919380099067599,0.0,2,False,all_validation
coco-rem,000000145781,/home/felix/fiftyone/coco-2017/validation/data/000000145781.jpg,validation,locked_confirmation,000000145781,3,0.284765625,0.6666666666666666,2,False,all_validation
coco-rem,000000146155,/home/felix/fiftyone/coco-2017/validation/data/000000146155.jpg,validation,locked_confirmation,000000146155,21,0.0024200439453125,0.38095238095238093,3,True,all_validation
coco-rem,000000146358,/home/felix/fiftyone/coco-2017/validation/data/000000146358.jpg,validation,locked_confirmation,000000146358,11,0.017719072164948453,0.5454545454545454,7,False,all_validation
coco-rem,000000146363,/home/felix/fiftyone/coco-2017/validation/data/000000146363.jpg,validation,locked_confirmation,000000146363,3,0.095744,0.0,2,False,all_validation
coco-rem,000000146457,/home/felix/fiftyone/coco-2017/validation/data/000000146457.jpg,validation,locked_confirmation,000000146457,13,0.017682291666666666,0.6923076923076923,6,False,all_validation
coco-rem,000000146489,/home/felix/fiftyone/coco-2017/validation/data/000000146489.jpg,validation,locked_confirmation,000000146489,6,0.1186181640625,1.0,5,False,all_validation
coco-rem,000000146498,/home/felix/fiftyone/coco-2017/validation/data/000000146498.jpg,validation,locked_confirmation,000000146498,6,0.00032877604166666667,0.3333333333333333,1,False,all_validation
coco-rem,000000146667,/home/felix/fiftyone/coco-2017/validation/data/000000146667.jpg,validation,locked_confirmation,000000146667,24,0.005531076066790352,0.7916666666666666,6,False,all_validation
coco-rem,000000146825,/home/felix/fiftyone/coco-2017/validation/data/000000146825.jpg,validation,locked_confirmation,000000146825,10,0.0035421723300970874,0.7,4,False,all_validation
coco-rem,000000146831,/home/felix/fiftyone/coco-2017/validation/data/000000146831.jpg,validation,locked_confirmation,000000146831,5,0.015723568925233643,0.4,3,False,all_validation
coco-rem,000000147205,/home/felix/fiftyone/coco-2017/validation/data/000000147205.jpg,validation,locked_confirmation,000000147205,2,0.5150171624713958,1.0,2,False,all_validation
coco-rem,000000147223,/home/felix/fiftyone/coco-2017/validation/data/000000147223.jpg,validation,locked_confirmation,000000147223,5,0.03198784722222222,0.4,2,False,all_validation
coco-rem,000000147338,/home/felix/fiftyone/coco-2017/validation/data/000000147338.jpg,validation,locked_confirmation,000000147338,5,0.07708333333333334,0.8,2,False,all_validation
coco-rem,000000147415,/home/felix/fiftyone/coco-2017/validation/data/000000147415.jpg,validation,locked_confirmation,000000147415,10,0.0146923828125,0.8,8,False,all_validation
coco-rem,000000147498,/home/felix/fiftyone/coco-2017/validation/data/000000147498.jpg,validation,locked_confirmation,000000147498,22,0.00016400286259541985,0.0,1,True,all_validation
coco-rem,000000147518,/home/felix/fiftyone/coco-2017/validation/data/000000147518.jpg,validation,locked_confirmation,000000147518,3,0.010208333333333333,0.0,3,False,all_validation
coco-rem,000000147725,/home/felix/fiftyone/coco-2017/validation/data/000000147725.jpg,validation,locked_confirmation,000000147725,10,0.005254055343511451,0.8,4,False,all_validation
coco-rem,000000147729,/home/felix/fiftyone/coco-2017/validation/data/000000147729.jpg,validation,locked_confirmation,000000147729,10,0.054688,0.6,2,False,all_validation
coco-rem,000000147740,/home/felix/fiftyone/coco-2017/validation/data/000000147740.jpg,validation,locked_confirmation,000000147740,39,0.00341796875,0.3333333333333333,5,False,all_validation
coco-rem,000000147745,/home/felix/fiftyone/coco-2017/validation/data/000000147745.jpg,validation,locked_confirmation,000000147745,2,0.2780712890625,0.0,1,False,all_validation
coco-rem,000000148508,/home/felix/fiftyone/coco-2017/validation/data/000000148508.jpg,validation,locked_confirmation,000000148508,16,0.004025735294117647,0.125,3,True,all_validation
coco-rem,000000148620,/home/felix/fiftyone/coco-2017/validation/data/000000148620.jpg,validation,locked_confirmation,000000148620,5,0.049557333333333335,0.4,4,False,all_validation
coco-rem,000000148662,/home/felix/fiftyone/coco-2017/validation/data/000000148662.jpg,validation,locked_confirmation,000000148662,4,0.18779947916666667,0.75,2,False,all_validation
coco-rem,000000148707,/home/felix/fiftyone/coco-2017/validation/data/000000148707.jpg,validation,locked_confirmation,000000148707,2,0.015305989583333334,0.0,1,False,all_validation
coco-rem,000000148719,/home/felix/fiftyone/coco-2017/validation/data/000000148719.jpg,validation,locked_confirmation,000000148719,6,0.011990559895833334,0.8333333333333334,2,False,all_validation
coco-rem,000000148730,/home/felix/fiftyone/coco-2017/validation/data/000000148730.jpg,validation,locked_confirmation,000000148730,2,0.08565207845433255,0.0,1,False,all_validation
coco-rem,000000148739,/home/felix/fiftyone/coco-2017/validation/data/000000148739.jpg,validation,locked_confirmation,000000148739,2,0.020855340375586853,0.0,2,False,all_validation
coco-rem,000000148783,/home/felix/fiftyone/coco-2017/validation/data/000000148783.jpg,validation,locked_confirmation,000000148783,2,0.2939418247767857,1.0,1,False,all_validation
coco-rem,000000148957,/home/felix/fiftyone/coco-2017/validation/data/000000148957.jpg,validation,locked_confirmation,000000148957,6,0.11693359375,0.0,1,False,all_validation
coco-rem,000000148999,/home/felix/fiftyone/coco-2017/validation/data/000000148999.jpg,validation,locked_confirmation,000000148999,16,0.000662324355971897,0.75,4,True,all_validation
coco-rem,000000149222,/home/felix/fiftyone/coco-2017/validation/data/000000149222.jpg,validation,locked_confirmation,000000149222,9,0.006762402088772846,0.6666666666666666,6,False,all_validation
coco-rem,000000149375,/home/felix/fiftyone/coco-2017/validation/data/000000149375.jpg,validation,locked_confirmation,000000149375,6,0.004544136597938144,0.6666666666666666,2,False,all_validation
coco-rem,000000149406,/home/felix/fiftyone/coco-2017/validation/data/000000149406.jpg,validation,locked_confirmation,000000149406,1,0.2255681818181818,0.0,1,False,all_validation
coco-rem,000000149568,/home/felix/fiftyone/coco-2017/validation/data/000000149568.jpg,validation,locked_confirmation,000000149568,4,0.15989298724954462,1.0,3,False,all_validation
coco-rem,000000149622,/home/felix/fiftyone/coco-2017/validation/data/000000149622.jpg,validation,locked_confirmation,000000149622,2,0.06029076986754967,0.0,1,False,all_validation
coco-rem,000000149770,/home/felix/fiftyone/coco-2017/validation/data/000000149770.jpg,validation,locked_confirmation,000000149770,2,0.1220344827586207,1.0,2,False,all_validation
coco-rem,000000150224,/home/felix/fiftyone/coco-2017/validation/data/000000150224.jpg,validation,locked_confirmation,000000150224,13,0.014622365339578454,0.3076923076923077,5,False,all_validation
coco-rem,000000150265,/home/felix/fiftyone/coco-2017/validation/data/000000150265.jpg,validation,locked_confirmation,000000150265,8,0.014567057291666666,0.25,3,False,all_validation
coco-rem,000000150417,/home/felix/fiftyone/coco-2017/validation/data/000000150417.jpg,validation,locked_confirmation,000000150417,13,0.03171875,0.7692307692307693,9,False,all_validation
coco-rem,000000150638,/home/felix/fiftyone/coco-2017/validation/data/000000150638.jpg,validation,locked_confirmation,000000150638,18,0.009378331556503198,0.5555555555555556,4,False,all_validation
coco-rem,000000150649,/home/felix/fiftyone/coco-2017/validation/data/000000150649.jpg,validation,locked_confirmation,000000150649,11,0.009054662379421222,0.9090909090909091,2,False,all_validation
coco-rem,000000150726,/home/felix/fiftyone/coco-2017/validation/data/000000150726.jpg,validation,locked_confirmation,000000150726,2,0.20012044270833335,1.0,1,False,all_validation
coco-rem,000000150930,/home/felix/fiftyone/coco-2017/validation/data/000000150930.jpg,validation,locked_confirmation,000000150930,1,0.045384732360097324,0.0,1,False,all_validation
coco-rem,000000151000,/home/felix/fiftyone/coco-2017/validation/data/000000151000.jpg,validation,locked_confirmation,000000151000,13,0.015404929577464789,0.7692307692307693,4,False,all_validation
coco-rem,000000151051,/home/felix/fiftyone/coco-2017/validation/data/000000151051.jpg,validation,locked_confirmation,000000151051,3,0.004965350418410042,0.0,2,False,all_validation
coco-rem,000000151480,/home/felix/fiftyone/coco-2017/validation/data/000000151480.jpg,validation,locked_confirmation,000000151480,18,0.0052978515625,0.6111111111111112,3,False,all_validation
coco-rem,000000151516,/home/felix/fiftyone/coco-2017/validation/data/000000151516.jpg,validation,locked_confirmation,000000151516,1,0.08145491803278689,0.0,1,False,all_validation
coco-rem,000000151629,/home/felix/fiftyone/coco-2017/validation/data/000000151629.jpg,validation,locked_confirmation,000000151629,6,0.018508489461358312,1.0,3,False,all_validation
coco-rem,000000151657,/home/felix/fiftyone/coco-2017/validation/data/000000151657.jpg,validation,locked_confirmation,000000151657,3,0.31774350649350647,0.6666666666666666,2,False,all_validation
coco-rem,000000151662,/home/felix/fiftyone/coco-2017/validation/data/000000151662.jpg,validation,locked_confirmation,000000151662,2,0.20728678385416666,1.0,1,False,all_validation
coco-rem,000000151820,/home/felix/fiftyone/coco-2017/validation/data/000000151820.jpg,validation,locked_confirmation,000000151820,26,0.014534543325526932,0.8846153846153846,8,False,all_validation
coco-rem,000000151857,/home/felix/fiftyone/coco-2017/validation/data/000000151857.jpg,validation,locked_confirmation,000000151857,2,0.3589593681015453,0.0,1,False,all_validation
coco-rem,000000151938,/home/felix/fiftyone/coco-2017/validation/data/000000151938.jpg,validation,locked_confirmation,000000151938,9,0.025196143617021275,0.8888888888888888,6,False,all_validation
coco-rem,000000151962,/home/felix/fiftyone/coco-2017/validation/data/000000151962.jpg,validation,locked_confirmation,000000151962,3,0.04037056367432151,1.0,3,False,all_validation
coco-rem,000000152120,/home/felix/fiftyone/coco-2017/validation/data/000000152120.jpg,validation,locked_confirmation,000000152120,2,0.38277773711943797,1.0,2,False,all_validation
coco-rem,000000152214,/home/felix/fiftyone/coco-2017/validation/data/000000152214.jpg,validation,locked_confirmation,000000152214,2,0.45739908854166667,1.0,2,False,all_validation
coco-rem,000000152465,/home/felix/fiftyone/coco-2017/validation/data/000000152465.jpg,validation,locked_confirmation,000000152465,1,0.14944282945736434,0.0,1,False,all_validation
coco-rem,000000152686,/home/felix/fiftyone/coco-2017/validation/data/000000152686.jpg,validation,locked_confirmation,000000152686,4,0.026185546875,0.5,3,False,all_validation
coco-rem,000000152740,/home/felix/fiftyone/coco-2017/validation/data/000000152740.jpg,validation,locked_confirmation,000000152740,19,0.0063727341389728095,0.21052631578947367,1,False,all_validation
coco-rem,000000152771,/home/felix/fiftyone/coco-2017/validation/data/000000152771.jpg,validation,locked_confirmation,000000152771,6,0.0028346816283924842,0.0,3,False,all_validation
coco-rem,000000152870,/home/felix/fiftyone/coco-2017/validation/data/000000152870.jpg,validation,locked_confirmation,000000152870,2,0.19243011474609376,0.0,1,False,all_validation
coco-rem,000000153011,/home/felix/fiftyone/coco-2017/validation/data/000000153011.jpg,validation,locked_confirmation,000000153011,23,0.01171875,0.6956521739130435,6,False,all_validation
coco-rem,000000153217,/home/felix/fiftyone/coco-2017/validation/data/000000153217.jpg,validation,locked_confirmation,000000153217,2,0.468496,1.0,2,False,all_validation
coco-rem,000000153229,/home/felix/fiftyone/coco-2017/validation/data/000000153229.jpg,validation,locked_confirmation,000000153229,9,0.05151121444201313,0.7777777777777778,2,False,all_validation
coco-rem,000000153299,/home/felix/fiftyone/coco-2017/validation/data/000000153299.jpg,validation,locked_confirmation,000000153299,2,0.46193275488069413,1.0,1,False,all_validation
coco-rem,000000153343,/home/felix/fiftyone/coco-2017/validation/data/000000153343.jpg,validation,locked_confirmation,000000153343,2,0.15543782552083332,0.0,1,False,all_validation
coco-rem,000000153510,/home/felix/fiftyone/coco-2017/validation/data/000000153510.jpg,validation,locked_confirmation,000000153510,6,0.019545921361502346,0.0,2,False,all_validation
coco-rem,000000153527,/home/felix/fiftyone/coco-2017/validation/data/000000153527.jpg,validation,locked_confirmation,000000153527,14,0.005170666666666666,0.42857142857142855,5,False,all_validation
coco-rem,000000153529,/home/felix/fiftyone/coco-2017/validation/data/000000153529.jpg,validation,locked_confirmation,000000153529,19,0.017216796875,0.5789473684210527,4,False,all_validation
coco-rem,000000153568,/home/felix/fiftyone/coco-2017/validation/data/000000153568.jpg,validation,locked_confirmation,000000153568,1,0.92,0.0,1,False,all_validation
coco-rem,000000153632,/home/felix/fiftyone/coco-2017/validation/data/000000153632.jpg,validation,locked_confirmation,000000153632,4,0.105546875,1.0,4,False,all_validation
coco-rem,000000153669,/home/felix/fiftyone/coco-2017/validation/data/000000153669.jpg,validation,locked_confirmation,000000153669,16,0.021157786885245902,0.375,4,True,all_validation
coco-rem,000000153782,/home/felix/fiftyone/coco-2017/validation/data/000000153782.jpg,validation,locked_confirmation,000000153782,2,0.005697866586538461,0.0,1,False,all_validation
coco-rem,000000153797,/home/felix/fiftyone/coco-2017/validation/data/000000153797.jpg,validation,locked_confirmation,000000153797,3,0.006975,0.6666666666666666,3,False,all_validation
coco-rem,000000154000,/home/felix/fiftyone/coco-2017/validation/data/000000154000.jpg,validation,locked_confirmation,000000154000,3,0.029348958333333335,0.6666666666666666,1,False,all_validation
coco-rem,000000154004,/home/felix/fiftyone/coco-2017/validation/data/000000154004.jpg,validation,locked_confirmation,000000154004,15,0.00856264637002342,0.3333333333333333,2,True,all_validation
coco-rem,000000154087,/home/felix/fiftyone/coco-2017/validation/data/000000154087.jpg,validation,locked_confirmation,000000154087,6,0.009000651041666667,0.5,2,False,all_validation
coco-rem,000000154213,/home/felix/fiftyone/coco-2017/validation/data/000000154213.jpg,validation,locked_confirmation,000000154213,1,0.13153066666666666,0.0,1,False,all_validation
coco-rem,000000154339,/home/felix/fiftyone/coco-2017/validation/data/000000154339.jpg,validation,locked_confirmation,000000154339,2,0.18090603044496487,0.0,1,False,all_validation
coco-rem,000000154358,/home/felix/fiftyone/coco-2017/validation/data/000000154358.jpg,validation,locked_confirmation,000000154358,18,0.004416715456674473,0.5,7,False,all_validation
coco-rem,000000154425,/home/felix/fiftyone/coco-2017/validation/data/000000154425.jpg,validation,locked_confirmation,000000154425,2,0.28515992647058824,0.0,2,False,all_validation
coco-rem,000000154431,/home/felix/fiftyone/coco-2017/validation/data/000000154431.jpg,validation,locked_confirmation,000000154431,13,0.0025724943693693695,0.38461538461538464,5,False,all_validation
coco-rem,000000154644,/home/felix/fiftyone/coco-2017/validation/data/000000154644.jpg,validation,locked_confirmation,000000154644,4,0.11328,1.0,3,False,all_validation
coco-rem,000000154705,/home/felix/fiftyone/coco-2017/validation/data/000000154705.jpg,validation,locked_confirmation,000000154705,8,0.007628973599137931,0.0,5,False,all_validation
coco-rem,000000154718,/home/felix/fiftyone/coco-2017/validation/data/000000154718.jpg,validation,locked_confirmation,000000154718,2,0.38072,0.0,2,False,all_validation
coco-rem,000000154947,/home/felix/fiftyone/coco-2017/validation/data/000000154947.jpg,validation,locked_confirmation,000000154947,1,0.0697265625,0.0,1,False,all_validation
coco-rem,000000155051,/home/felix/fiftyone/coco-2017/validation/data/000000155051.jpg,validation,locked_confirmation,000000155051,1,0.162421875,0.0,1,False,all_validation
coco-rem,000000155145,/home/felix/fiftyone/coco-2017/validation/data/000000155145.jpg,validation,locked_confirmation,000000155145,7,0.004576,0.7142857142857143,3,False,all_validation
coco-rem,000000155154,/home/felix/fiftyone/coco-2017/validation/data/000000155154.jpg,validation,locked_confirmation,000000155154,1,0.04065066666666667,0.0,1,False,all_validation
coco-rem,000000155179,/home/felix/fiftyone/coco-2017/validation/data/000000155179.jpg,validation,locked_confirmation,000000155179,2,0.5207331730769231,0.0,2,False,all_validation
coco-rem,000000155291,/home/felix/fiftyone/coco-2017/validation/data/000000155291.jpg,validation,locked_confirmation,000000155291,1,0.5282567330210772,0.0,1,False,all_validation
coco-rem,000000155341,/home/felix/fiftyone/coco-2017/validation/data/000000155341.jpg,validation,locked_confirmation,000000155341,9,0.0025455729166666665,0.8888888888888888,3,False,all_validation
coco-rem,000000155443,/home/felix/fiftyone/coco-2017/validation/data/000000155443.jpg,validation,locked_confirmation,000000155443,3,0.012810283687943262,0.0,2,False,all_validation
coco-rem,000000155451,/home/felix/fiftyone/coco-2017/validation/data/000000155451.jpg,validation,locked_confirmation,000000155451,11,0.000234375,0.18181818181818182,2,False,all_validation
coco-rem,000000155571,/home/felix/fiftyone/coco-2017/validation/data/000000155571.jpg,validation,locked_confirmation,000000155571,1,0.6046035338785046,0.0,1,False,all_validation
coco-rem,000000156071,/home/felix/fiftyone/coco-2017/validation/data/000000156071.jpg,validation,locked_confirmation,000000156071,16,0.0176708984375,0.25,3,True,all_validation
coco-rem,000000156076,/home/felix/fiftyone/coco-2017/validation/data/000000156076.jpg,validation,locked_confirmation,000000156076,19,0.006903765690376569,0.8421052631578947,10,False,all_validation
coco-rem,000000156278,/home/felix/fiftyone/coco-2017/validation/data/000000156278.jpg,validation,locked_confirmation,000000156278,37,0.0009264705882352941,0.16216216216216217,9,False,all_validation
coco-rem,000000156292,/home/felix/fiftyone/coco-2017/validation/data/000000156292.jpg,validation,locked_confirmation,000000156292,8,0.01900554906542056,0.25,3,False,all_validation
coco-rem,000000156372,/home/felix/fiftyone/coco-2017/validation/data/000000156372.jpg,validation,locked_confirmation,000000156372,5,0.1311044776119403,1.0,3,False,all_validation
coco-rem,000000156643,/home/felix/fiftyone/coco-2017/validation/data/000000156643.jpg,validation,locked_confirmation,000000156643,22,0.02279296875,0.8181818181818182,9,False,all_validation
coco-rem,000000156924,/home/felix/fiftyone/coco-2017/validation/data/000000156924.jpg,validation,locked_confirmation,000000156924,7,0.005399399399399399,1.0,3,False,all_validation
coco-rem,000000157046,/home/felix/fiftyone/coco-2017/validation/data/000000157046.jpg,validation,locked_confirmation,000000157046,3,0.155904,0.6666666666666666,2,False,all_validation
coco-rem,000000157098,/home/felix/fiftyone/coco-2017/validation/data/000000157098.jpg,validation,locked_confirmation,000000157098,3,0.23182582582582584,0.0,1,False,all_validation
coco-rem,000000157124,/home/felix/fiftyone/coco-2017/validation/data/000000157124.jpg,validation,locked_confirmation,000000157124,1,0.24868440448113208,0.0,1,False,all_validation
coco-rem,000000157138,/home/felix/fiftyone/coco-2017/validation/data/000000157138.jpg,validation,locked_confirmation,000000157138,2,0.1960169971671388,0.0,2,False,all_validation
coco-rem,000000157213,/home/felix/fiftyone/coco-2017/validation/data/000000157213.jpg,validation,locked_confirmation,000000157213,1,0.07111545138888889,0.0,1,False,all_validation
coco-rem,000000157365,/home/felix/fiftyone/coco-2017/validation/data/000000157365.jpg,validation,locked_confirmation,000000157365,9,0.021132172131147542,0.2222222222222222,4,False,all_validation
coco-rem,000000157390,/home/felix/fiftyone/coco-2017/validation/data/000000157390.jpg,validation,locked_confirmation,000000157390,22,0.02859375,1.0,4,True,all_validation
coco-rem,000000157418,/home/felix/fiftyone/coco-2017/validation/data/000000157418.jpg,validation,locked_confirmation,000000157418,8,0.0962646484375,0.875,5,False,all_validation
coco-rem,000000157601,/home/felix/fiftyone/coco-2017/validation/data/000000157601.jpg,validation,locked_confirmation,000000157601,6,0.14082190610448972,0.8333333333333334,5,False,all_validation
coco-rem,000000157756,/home/felix/fiftyone/coco-2017/validation/data/000000157756.jpg,validation,locked_confirmation,000000157756,20,0.0023421223958333334,0.5,7,False,all_validation
coco-rem,000000157767,/home/felix/fiftyone/coco-2017/validation/data/000000157767.jpg,validation,locked_confirmation,000000157767,25,0.004248389929742389,0.68,8,False,all_validation
coco-rem,000000157807,/home/felix/fiftyone/coco-2017/validation/data/000000157807.jpg,validation,locked_confirmation,000000157807,3,0.13572892271662765,0.6666666666666666,3,False,all_validation
coco-rem,000000157847,/home/felix/fiftyone/coco-2017/validation/data/000000157847.jpg,validation,locked_confirmation,000000157847,1,0.002516233766233766,0.0,1,False,all_validation
coco-rem,000000157928,/home/felix/fiftyone/coco-2017/validation/data/000000157928.jpg,validation,locked_confirmation,000000157928,9,0.050244140625,0.5555555555555556,4,False,all_validation
coco-rem,000000158227,/home/felix/fiftyone/coco-2017/validation/data/000000158227.jpg,validation,locked_confirmation,000000158227,2,0.2892100840336134,1.0,2,False,all_validation
coco-rem,000000158548,/home/felix/fiftyone/coco-2017/validation/data/000000158548.jpg,validation,locked_confirmation,000000158548,19,0.00037927904564315353,0.2631578947368421,5,True,all_validation
coco-rem,000000158660,/home/felix/fiftyone/coco-2017/validation/data/000000158660.jpg,validation,locked_confirmation,000000158660,14,0.03104308172070571,0.7142857142857143,5,False,all_validation
coco-rem,000000158744,/home/felix/fiftyone/coco-2017/validation/data/000000158744.jpg,validation,locked_confirmation,000000158744,11,0.005196049528301887,0.2727272727272727,6,False,all_validation
coco-rem,000000158945,/home/felix/fiftyone/coco-2017/validation/data/000000158945.jpg,validation,locked_confirmation,000000158945,4,0.04912558838912134,0.5,3,False,all_validation
coco-rem,000000158956,/home/felix/fiftyone/coco-2017/validation/data/000000158956.jpg,validation,locked_confirmation,000000158956,5,0.01375,0.8,5,False,all_validation
coco-rem,000000159112,/home/felix/fiftyone/coco-2017/validation/data/000000159112.jpg,validation,locked_confirmation,000000159112,1,0.9955555555555555,0.0,1,False,all_validation
coco-rem,000000159282,/home/felix/fiftyone/coco-2017/validation/data/000000159282.jpg,validation,locked_confirmation,000000159282,2,0.3800542840375587,1.0,2,False,all_validation
coco-rem,000000159311,/home/felix/fiftyone/coco-2017/validation/data/000000159311.jpg,validation,locked_confirmation,000000159311,2,0.41862462462462463,1.0,1,False,all_validation
coco-rem,000000159399,/home/felix/fiftyone/coco-2017/validation/data/000000159399.jpg,validation,locked_confirmation,000000159399,9,0.00193359375,0.2222222222222222,3,False,all_validation
coco-rem,000000159458,/home/felix/fiftyone/coco-2017/validation/data/000000159458.jpg,validation,locked_confirmation,000000159458,3,0.063232421875,0.6666666666666666,3,False,all_validation
coco-rem,000000159684,/home/felix/fiftyone/coco-2017/validation/data/000000159684.jpg,validation,locked_confirmation,000000159684,2,0.24018202319587628,0.0,2,False,all_validation
coco-rem,000000159791,/home/felix/fiftyone/coco-2017/validation/data/000000159791.jpg,validation,locked_confirmation,000000159791,15,0.003584,0.8,7,False,all_validation
coco-rem,000000159977,/home/felix/fiftyone/coco-2017/validation/data/000000159977.jpg,validation,locked_confirmation,000000159977,4,0.007607974646226415,0.0,3,False,all_validation
coco-rem,000000160012,/home/felix/fiftyone/coco-2017/validation/data/000000160012.jpg,validation,locked_confirmation,000000160012,9,0.058720851409978306,0.8888888888888888,8,False,all_validation
coco-rem,000000160556,/home/felix/fiftyone/coco-2017/validation/data/000000160556.jpg,validation,locked_confirmation,000000160556,9,0.017578125,0.6666666666666666,7,False,all_validation
coco-rem,000000160666,/home/felix/fiftyone/coco-2017/validation/data/000000160666.jpg,validation,locked_confirmation,000000160666,1,0.3208203125,0.0,1,False,all_validation
coco-rem,000000160728,/home/felix/fiftyone/coco-2017/validation/data/000000160728.jpg,validation,locked_confirmation,000000160728,37,0.0009976525821596245,0.43243243243243246,4,True,all_validation
coco-rem,000000160772,/home/felix/fiftyone/coco-2017/validation/data/000000160772.jpg,validation,locked_confirmation,000000160772,11,0.00047607421875,1.0,2,False,all_validation
coco-rem,000000160864,/home/felix/fiftyone/coco-2017/validation/data/000000160864.jpg,validation,locked_confirmation,000000160864,18,0.014321577763496143,0.6666666666666666,5,False,all_validation
coco-rem,000000161008,/home/felix/fiftyone/coco-2017/validation/data/000000161008.jpg,validation,locked_confirmation,000000161008,1,0.7406510416666666,0.0,1,False,all_validation
coco-rem,000000161032,/home/felix/fiftyone/coco-2017/validation/data/000000161032.jpg,validation,locked_confirmation,000000161032,2,0.06947428385416667,0.0,2,False,all_validation
coco-rem,000000161044,/home/felix/fiftyone/coco-2017/validation/data/000000161044.jpg,validation,locked_confirmation,000000161044,2,0.003609443231441048,0.0,1,False,all_validation
coco-rem,000000161128,/home/felix/fiftyone/coco-2017/validation/data/000000161128.jpg,validation,locked_confirmation,000000161128,13,0.001392,0.3076923076923077,4,False,all_validation
coco-rem,000000161397,/home/felix/fiftyone/coco-2017/validation/data/000000161397.jpg,validation,locked_confirmation,000000161397,7,0.01328125,0.0,2,False,all_validation
coco-rem,000000161609,/home/felix/fiftyone/coco-2017/validation/data/000000161609.jpg,validation,locked_confirmation,000000161609,9,0.02021484375,1.0,5,False,all_validation
coco-rem,000000161642,/home/felix/fiftyone/coco-2017/validation/data/000000161642.jpg,validation,locked_confirmation,000000161642,1,0.0684375,0.0,1,False,all_validation
coco-rem,000000161781,/home/felix/fiftyone/coco-2017/validation/data/000000161781.jpg,validation,locked_confirmation,000000161781,3,0.051839953271028034,1.0,2,False,all_validation
coco-rem,000000161799,/home/felix/fiftyone/coco-2017/validation/data/000000161799.jpg,validation,locked_confirmation,000000161799,9,0.0016503220140515222,0.6666666666666666,2,False,all_validation
coco-rem,000000161820,/home/felix/fiftyone/coco-2017/validation/data/000000161820.jpg,validation,locked_confirmation,000000161820,97,0.008104556074766355,0.3917525773195876,1,False,all_validation
coco-rem,000000161861,/home/felix/fiftyone/coco-2017/validation/data/000000161861.jpg,validation,locked_confirmation,000000161861,2,0.07319466666666667,1.0,2,False,all_validation
coco-rem,000000161875,/home/felix/fiftyone/coco-2017/validation/data/000000161875.jpg,validation,locked_confirmation,000000161875,2,0.06272956161137441,1.0,2,False,all_validation
coco-rem,000000161879,/home/felix/fiftyone/coco-2017/validation/data/000000161879.jpg,validation,locked_confirmation,000000161879,2,0.10071946397188049,1.0,2,False,all_validation
coco-rem,000000161925,/home/felix/fiftyone/coco-2017/validation/data/000000161925.jpg,validation,locked_confirmation,000000161925,3,0.31052083333333336,0.0,2,False,all_validation
coco-rem,000000161978,/home/felix/fiftyone/coco-2017/validation/data/000000161978.jpg,validation,locked_confirmation,000000161978,19,0.013965069284064666,0.10526315789473684,2,True,all_validation
coco-rem,000000162035,/home/felix/fiftyone/coco-2017/validation/data/000000162035.jpg,validation,locked_confirmation,000000162035,6,0.058032,0.3333333333333333,3,False,all_validation
coco-rem,000000162092,/home/felix/fiftyone/coco-2017/validation/data/000000162092.jpg,validation,locked_confirmation,000000162092,17,0.01586181640625,0.7647058823529411,4,False,all_validation
coco-rem,000000162130,/home/felix/fiftyone/coco-2017/validation/data/000000162130.jpg,validation,locked_confirmation,000000162130,1,0.08436197916666667,0.0,1,False,all_validation
coco-rem,000000162366,/home/felix/fiftyone/coco-2017/validation/data/000000162366.jpg,validation,locked_confirmation,000000162366,1,0.14369110310421285,0.0,1,False,all_validation
coco-rem,000000162415,/home/felix/fiftyone/coco-2017/validation/data/000000162415.jpg,validation,locked_confirmation,000000162415,2,0.4117668493470149,1.0,2,False,all_validation
coco-rem,000000162543,/home/felix/fiftyone/coco-2017/validation/data/000000162543.jpg,validation,locked_confirmation,000000162543,6,0.021927083333333333,0.0,2,False,all_validation
coco-rem,000000162581,/home/felix/fiftyone/coco-2017/validation/data/000000162581.jpg,validation,locked_confirmation,000000162581,2,0.11389973958333334,0.0,2,False,all_validation
coco-rem,000000162732,/home/felix/fiftyone/coco-2017/validation/data/000000162732.jpg,validation,locked_confirmation,000000162732,6,0.1790745755269321,0.8333333333333334,2,False,all_validation
coco-rem,000000162858,/home/felix/fiftyone/coco-2017/validation/data/000000162858.jpg,validation,locked_confirmation,000000162858,17,0.0034170560747663553,0.6470588235294118,4,False,all_validation
coco-rem,000000163057,/home/felix/fiftyone/coco-2017/validation/data/000000163057.jpg,validation,locked_confirmation,000000163057,22,0.0012288411458333333,0.22727272727272727,3,True,all_validation
coco-rem,000000163117,/home/felix/fiftyone/coco-2017/validation/data/000000163117.jpg,validation,locked_confirmation,000000163117,27,0.0024893617021276597,0.37037037037037035,4,False,all_validation
coco-rem,000000163118,/home/felix/fiftyone/coco-2017/validation/data/000000163118.jpg,validation,locked_confirmation,000000163118,3,0.1402288732394366,0.0,2,False,all_validation
coco-rem,000000163155,/home/felix/fiftyone/coco-2017/validation/data/000000163155.jpg,validation,locked_confirmation,000000163155,1,0.48897467798594846,0.0,1,False,all_validation
coco-rem,000000163257,/home/felix/fiftyone/coco-2017/validation/data/000000163257.jpg,validation,locked_confirmation,000000163257,3,0.03416176470588235,0.6666666666666666,2,False,all_validation
coco-rem,000000163258,/home/felix/fiftyone/coco-2017/validation/data/000000163258.jpg,validation,locked_confirmation,000000163258,2,0.07983072916666667,0.0,2,False,all_validation
coco-rem,000000163290,/home/felix/fiftyone/coco-2017/validation/data/000000163290.jpg,validation,locked_confirmation,000000163290,3,0.035807291666666664,0.0,2,False,all_validation
coco-rem,000000163314,/home/felix/fiftyone/coco-2017/validation/data/000000163314.jpg,validation,locked_confirmation,000000163314,21,0.0036253776435045317,0.6666666666666666,4,True,all_validation
coco-rem,000000163562,/home/felix/fiftyone/coco-2017/validation/data/000000163562.jpg,validation,locked_confirmation,000000163562,2,0.3351711711711712,1.0,2,False,all_validation
coco-rem,000000163611,/home/felix/fiftyone/coco-2017/validation/data/000000163611.jpg,validation,locked_confirmation,000000163611,6,0.08310546875,1.0,5,False,all_validation
coco-rem,000000163640,/home/felix/fiftyone/coco-2017/validation/data/000000163640.jpg,validation,locked_confirmation,000000163640,8,0.01599425601750547,0.5,4,False,all_validation
coco-rem,000000163682,/home/felix/fiftyone/coco-2017/validation/data/000000163682.jpg,validation,locked_confirmation,000000163682,3,0.15811621779859486,1.0,3,False,all_validation
coco-rem,000000163746,/home/felix/fiftyone/coco-2017/validation/data/000000163746.jpg,validation,locked_confirmation,000000163746,13,0.004466572745901639,0.3076923076923077,2,False,all_validation
coco-rem,000000163951,/home/felix/fiftyone/coco-2017/validation/data/000000163951.jpg,validation,locked_confirmation,000000163951,2,0.10803571428571429,0.0,2,False,all_validation
coco-rem,000000164115,/home/felix/fiftyone/coco-2017/validation/data/000000164115.jpg,validation,locked_confirmation,000000164115,2,0.105092,0.0,2,False,all_validation
coco-rem,000000164363,/home/felix/fiftyone/coco-2017/validation/data/000000164363.jpg,validation,locked_confirmation,000000164363,1,0.6545115894039735,0.0,1,False,all_validation
coco-rem,000000164602,/home/felix/fiftyone/coco-2017/validation/data/000000164602.jpg,validation,locked_confirmation,000000164602,6,0.01703125,1.0,3,False,all_validation
coco-rem,000000164637,/home/felix/fiftyone/coco-2017/validation/data/000000164637.jpg,validation,locked_confirmation,000000164637,1,0.043225911458333335,0.0,1,False,all_validation
coco-rem,000000164883,/home/felix/fiftyone/coco-2017/validation/data/000000164883.jpg,validation,locked_confirmation,000000164883,4,0.28701333333333334,1.0,3,False,all_validation
coco-rem,000000164885,/home/felix/fiftyone/coco-2017/validation/data/000000164885.jpg,validation,locked_confirmation,000000164885,9,0.0007172131147540983,0.2222222222222222,2,False,all_validation
coco-rem,000000164969,/home/felix/fiftyone/coco-2017/validation/data/000000164969.jpg,validation,locked_confirmation,000000164969,1,0.6046436915887851,0.0,1,False,all_validation
coco-rem,000000165039,/home/felix/fiftyone/coco-2017/validation/data/000000165039.jpg,validation,locked_confirmation,000000165039,24,0.0021699355971896957,0.4166666666666667,4,False,all_validation
coco-rem,000000165257,/home/felix/fiftyone/coco-2017/validation/data/000000165257.jpg,validation,locked_confirmation,000000165257,1,0.010336873259052925,0.0,1,False,all_validation
coco-rem,000000165336,/home/felix/fiftyone/coco-2017/validation/data/000000165336.jpg,validation,locked_confirmation,000000165336,2,0.12859375,0.0,1,False,all_validation
coco-rem,000000165351,/home/felix/fiftyone/coco-2017/validation/data/000000165351.jpg,validation,locked_confirmation,000000165351,6,0.09154598658635568,0.6666666666666666,2,False,all_validation
coco-rem,000000165500,/home/felix/fiftyone/coco-2017/validation/data/000000165500.jpg,validation,locked_confirmation,000000165500,3,0.00333984375,0.0,1,False,all_validation
coco-rem,000000165518,/home/felix/fiftyone/coco-2017/validation/data/000000165518.jpg,validation,locked_confirmation,000000165518,2,0.12272923875432526,1.0,2,False,all_validation
coco-rem,000000165681,/home/felix/fiftyone/coco-2017/validation/data/000000165681.jpg,validation,locked_confirmation,000000165681,40,0.0045361768018018014,0.6,5,True,all_validation
coco-rem,000000165713,/home/felix/fiftyone/coco-2017/validation/data/000000165713.jpg,validation,locked_confirmation,000000165713,1,0.24704411764705883,0.0,1,False,all_validation
coco-rem,000000165831,/home/felix/fiftyone/coco-2017/validation/data/000000165831.jpg,validation,locked_confirmation,000000165831,22,0.019908854166666667,1.0,5,True,all_validation
coco-rem,000000166165,/home/felix/fiftyone/coco-2017/validation/data/000000166165.jpg,validation,locked_confirmation,000000166165,4,0.08766014928698752,1.0,2,False,all_validation
coco-rem,000000166166,/home/felix/fiftyone/coco-2017/validation/data/000000166166.jpg,validation,locked_confirmation,000000166166,24,0.001264,0.375,6,False,all_validation
coco-rem,000000166259,/home/felix/fiftyone/coco-2017/validation/data/000000166259.jpg,validation,locked_confirmation,000000166259,4,0.036039959016393446,0.5,1,False,all_validation
coco-rem,000000166277,/home/felix/fiftyone/coco-2017/validation/data/000000166277.jpg,validation,locked_confirmation,000000166277,4,0.0920458984375,0.5,2,False,all_validation
coco-rem,000000166287,/home/felix/fiftyone/coco-2017/validation/data/000000166287.jpg,validation,locked_confirmation,000000166287,30,0.0009537760416666667,0.13333333333333333,2,False,all_validation
coco-rem,000000166391,/home/felix/fiftyone/coco-2017/validation/data/000000166391.jpg,validation,locked_confirmation,000000166391,31,0.0010611826697892273,0.06451612903225806,3,True,all_validation
coco-rem,000000166426,/home/felix/fiftyone/coco-2017/validation/data/000000166426.jpg,validation,locked_confirmation,000000166426,11,0.023424190800681432,0.9090909090909091,6,False,all_validation
coco-rem,000000166478,/home/felix/fiftyone/coco-2017/validation/data/000000166478.jpg,validation,locked_confirmation,000000166478,8,0.011487676056338028,0.625,6,False,all_validation
coco-rem,000000166509,/home/felix/fiftyone/coco-2017/validation/data/000000166509.jpg,validation,locked_confirmation,000000166509,2,0.004560810810810811,0.0,1,False,all_validation
coco-rem,000000166521,/home/felix/fiftyone/coco-2017/validation/data/000000166521.jpg,validation,locked_confirmation,000000166521,16,0.001162705399061033,0.0,3,False,all_validation
coco-rem,000000166563,/home/felix/fiftyone/coco-2017/validation/data/000000166563.jpg,validation,locked_confirmation,000000166563,1,0.5558823529411765,0.0,1,False,all_validation
coco-rem,000000166642,/home/felix/fiftyone/coco-2017/validation/data/000000166642.jpg,validation,locked_confirmation,000000166642,1,0.41389322916666665,0.0,1,False,all_validation
coco-rem,000000166664,/home/felix/fiftyone/coco-2017/validation/data/000000166664.jpg,validation,locked_confirmation,000000166664,2,0.14634623829039814,0.0,2,False,all_validation
coco-rem,000000166747,/home/felix/fiftyone/coco-2017/validation/data/000000166747.jpg,validation,locked_confirmation,000000166747,16,0.006885333333333334,0.75,5,True,all_validation
coco-rem,000000166768,/home/felix/fiftyone/coco-2017/validation/data/000000166768.jpg,validation,locked_confirmation,000000166768,3,0.3521676936619718,1.0,2,False,all_validation
coco-rem,000000166918,/home/felix/fiftyone/coco-2017/validation/data/000000166918.jpg,validation,locked_confirmation,000000166918,44,0.0033544921875,0.6136363636363636,8,True,all_validation
coco-rem,000000167067,/home/felix/fiftyone/coco-2017/validation/data/000000167067.jpg,validation,locked_confirmation,000000167067,2,0.517568,1.0,2,False,all_validation
coco-rem,000000167122,/home/felix/fiftyone/coco-2017/validation/data/000000167122.jpg,validation,locked_confirmation,000000167122,6,0.003330078125,0.3333333333333333,3,False,all_validation
coco-rem,000000167128,/home/felix/fiftyone/coco-2017/validation/data/000000167128.jpg,validation,locked_confirmation,000000167128,3,0.39241803278688525,0.6666666666666666,1,False,all_validation
coco-rem,000000167159,/home/felix/fiftyone/coco-2017/validation/data/000000167159.jpg,validation,locked_confirmation,000000167159,2,0.559312,1.0,2,False,all_validation
coco-rem,000000167240,/home/felix/fiftyone/coco-2017/validation/data/000000167240.jpg,validation,locked_confirmation,000000167240,1,0.2468237704918033,0.0,1,False,all_validation
coco-rem,000000167353,/home/felix/fiftyone/coco-2017/validation/data/000000167353.jpg,validation,locked_confirmation,000000167353,1,0.6094466145833334,0.0,1,False,all_validation
coco-rem,000000167486,/home/felix/fiftyone/coco-2017/validation/data/000000167486.jpg,validation,locked_confirmation,000000167486,10,0.009913736979166667,0.8,3,False,all_validation
coco-rem,000000167540,/home/felix/fiftyone/coco-2017/validation/data/000000167540.jpg,validation,locked_confirmation,000000167540,1,0.288323331381733,0.0,1,False,all_validation
coco-rem,000000167572,/home/felix/fiftyone/coco-2017/validation/data/000000167572.jpg,validation,locked_confirmation,000000167572,14,0.05453492647058823,1.0,9,False,all_validation
coco-rem,000000167898,/home/felix/fiftyone/coco-2017/validation/data/000000167898.jpg,validation,locked_confirmation,000000167898,3,0.06578776041666666,0.0,3,False,all_validation
coco-rem,000000167902,/home/felix/fiftyone/coco-2017/validation/data/000000167902.jpg,validation,locked_confirmation,000000167902,1,0.3119093333333333,0.0,1,False,all_validation
coco-rem,000000168330,/home/felix/fiftyone/coco-2017/validation/data/000000168330.jpg,validation,locked_confirmation,000000168330,7,0.0030288461538461537,0.0,3,False,all_validation
coco-rem,000000168337,/home/felix/fiftyone/coco-2017/validation/data/000000168337.jpg,validation,locked_confirmation,000000168337,6,0.0146875,0.6666666666666666,4,False,all_validation
coco-rem,000000168458,/home/felix/fiftyone/coco-2017/validation/data/000000168458.jpg,validation,locked_confirmation,000000168458,2,0.057904411764705885,0.0,1,False,all_validation
coco-rem,000000168593,/home/felix/fiftyone/coco-2017/validation/data/000000168593.jpg,validation,locked_confirmation,000000168593,3,0.141572265625,0.0,2,False,all_validation
coco-rem,000000168619,/home/felix/fiftyone/coco-2017/validation/data/000000168619.jpg,validation,locked_confirmation,000000168619,1,0.005205078125,0.0,1,False,all_validation
coco-rem,000000168883,/home/felix/fiftyone/coco-2017/validation/data/000000168883.jpg,validation,locked_confirmation,000000168883,6,0.07933846555323591,1.0,3,False,all_validation
coco-rem,000000168974,/home/felix/fiftyone/coco-2017/validation/data/000000168974.jpg,validation,locked_confirmation,000000168974,3,0.04714666666666667,0.6666666666666666,3,False,all_validation
coco-rem,000000169076,/home/felix/fiftyone/coco-2017/validation/data/000000169076.jpg,validation,locked_confirmation,000000169076,6,0.03128604382929642,1.0,5,False,all_validation
coco-rem,000000169169,/home/felix/fiftyone/coco-2017/validation/data/000000169169.jpg,validation,locked_confirmation,000000169169,19,0.0036458333333333334,0.3157894736842105,4,True,all_validation
coco-rem,000000169356,/home/felix/fiftyone/coco-2017/validation/data/000000169356.jpg,validation,locked_confirmation,000000169356,2,0.14819661458333333,0.0,2,False,all_validation
coco-rem,000000169996,/home/felix/fiftyone/coco-2017/validation/data/000000169996.jpg,validation,locked_confirmation,000000169996,17,0.0052734375,0.5882352941176471,5,False,all_validation
coco-rem,000000170099,/home/felix/fiftyone/coco-2017/validation/data/000000170099.jpg,validation,locked_confirmation,000000170099,3,0.22751046025104602,0.6666666666666666,3,False,all_validation
coco-rem,000000170116,/home/felix/fiftyone/coco-2017/validation/data/000000170116.jpg,validation,locked_confirmation,000000170116,9,0.004557291666666667,1.0,2,False,all_validation
coco-rem,000000170191,/home/felix/fiftyone/coco-2017/validation/data/000000170191.jpg,validation,locked_confirmation,000000170191,3,0.2651983286252354,0.6666666666666666,3,False,all_validation
coco-rem,000000170278,/home/felix/fiftyone/coco-2017/validation/data/000000170278.jpg,validation,locked_confirmation,000000170278,2,0.6202566964285714,1.0,2,False,all_validation
coco-rem,000000170474,/home/felix/fiftyone/coco-2017/validation/data/000000170474.jpg,validation,locked_confirmation,000000170474,4,0.036410189075630255,0.5,4,False,all_validation
coco-rem,000000170545,/home/felix/fiftyone/coco-2017/validation/data/000000170545.jpg,validation,locked_confirmation,000000170545,11,0.0008463541666666667,0.0,2,False,all_validation
coco-rem,000000170595,/home/felix/fiftyone/coco-2017/validation/data/000000170595.jpg,validation,locked_confirmation,000000170595,2,0.4107955273612713,1.0,2,False,all_validation
coco-rem,000000170613,/home/felix/fiftyone/coco-2017/validation/data/000000170613.jpg,validation,locked_confirmation,000000170613,4,0.10854214123006833,1.0,2,False,all_validation
coco-rem,000000170670,/home/felix/fiftyone/coco-2017/validation/data/000000170670.jpg,validation,locked_confirmation,000000170670,22,0.027747212441314555,0.9090909090909091,7,False,all_validation
coco-rem,000000170739,/home/felix/fiftyone/coco-2017/validation/data/000000170739.jpg,validation,locked_confirmation,000000170739,4,0.2769455252918288,0.5,1,False,all_validation
coco-rem,000000170893,/home/felix/fiftyone/coco-2017/validation/data/000000170893.jpg,validation,locked_confirmation,000000170893,3,0.175,0.0,3,False,all_validation
coco-rem,000000170955,/home/felix/fiftyone/coco-2017/validation/data/000000170955.jpg,validation,locked_confirmation,000000170955,2,0.17864461358313818,1.0,2,False,all_validation
coco-rem,000000171050,/home/felix/fiftyone/coco-2017/validation/data/000000171050.jpg,validation,locked_confirmation,000000171050,1,0.3625,0.0,1,False,all_validation
coco-rem,000000171190,/home/felix/fiftyone/coco-2017/validation/data/000000171190.jpg,validation,locked_confirmation,000000171190,39,0.0054752604166666665,0.9230769230769231,7,False,all_validation
coco-rem,000000171298,/home/felix/fiftyone/coco-2017/validation/data/000000171298.jpg,validation,locked_confirmation,000000171298,3,0.20162760416666667,0.0,1,False,all_validation
coco-rem,000000171382,/home/felix/fiftyone/coco-2017/validation/data/000000171382.jpg,validation,locked_confirmation,000000171382,37,0.0019806338028169014,0.6216216216216216,8,True,all_validation
coco-rem,000000171611,/home/felix/fiftyone/coco-2017/validation/data/000000171611.jpg,validation,locked_confirmation,000000171611,5,0.031405191873589165,0.6,3,False,all_validation
coco-rem,000000171740,/home/felix/fiftyone/coco-2017/validation/data/000000171740.jpg,validation,locked_confirmation,000000171740,4,0.0032779947916666665,0.0,4,False,all_validation
coco-rem,000000171757,/home/felix/fiftyone/coco-2017/validation/data/000000171757.jpg,validation,locked_confirmation,000000171757,8,0.043416341145833336,0.625,4,False,all_validation
coco-rem,000000171788,/home/felix/fiftyone/coco-2017/validation/data/000000171788.jpg,validation,locked_confirmation,000000171788,3,0.0312865925058548,1.0,3,False,all_validation
coco-rem,000000172083,/home/felix/fiftyone/coco-2017/validation/data/000000172083.jpg,validation,locked_confirmation,000000172083,4,0.022317708333333332,0.5,1,False,all_validation
coco-rem,000000172330,/home/felix/fiftyone/coco-2017/validation/data/000000172330.jpg,validation,locked_confirmation,000000172330,4,0.16726399739583334,1.0,2,False,all_validation
coco-rem,000000172396,/home/felix/fiftyone/coco-2017/validation/data/000000172396.jpg,validation,locked_confirmation,000000172396,2,0.5997596153846154,1.0,2,False,all_validation
coco-rem,000000172547,/home/felix/fiftyone/coco-2017/validation/data/000000172547.jpg,validation,locked_confirmation,000000172547,7,0.000498046875,0.0,1,False,all_validation
coco-rem,000000172571,/home/felix/fiftyone/coco-2017/validation/data/000000172571.jpg,validation,locked_confirmation,000000172571,9,0.08585526315789474,0.7777777777777778,7,False,all_validation
coco-rem,000000172595,/home/felix/fiftyone/coco-2017/validation/data/000000172595.jpg,validation,locked_confirmation,000000172595,15,0.009583333333333333,0.4,9,False,all_validation
coco-rem,000000172617,/home/felix/fiftyone/coco-2017/validation/data/000000172617.jpg,validation,locked_confirmation,000000172617,12,0.024738666666666666,1.0,3,False,all_validation
coco-rem,000000172648,/home/felix/fiftyone/coco-2017/validation/data/000000172648.jpg,validation,locked_confirmation,000000172648,4,0.024353841145833333,0.5,3,False,all_validation
coco-rem,000000172649,/home/felix/fiftyone/coco-2017/validation/data/000000172649.jpg,validation,locked_confirmation,000000172649,2,0.034285348360655735,1.0,2,False,all_validation
coco-rem,000000172856,/home/felix/fiftyone/coco-2017/validation/data/000000172856.jpg,validation,locked_confirmation,000000172856,1,0.08720703125,0.0,1,False,all_validation
coco-rem,000000172877,/home/felix/fiftyone/coco-2017/validation/data/000000172877.jpg,validation,locked_confirmation,000000172877,8,0.007166341145833333,0.5,5,False,all_validation
coco-rem,000000172935,/home/felix/fiftyone/coco-2017/validation/data/000000172935.jpg,validation,locked_confirmation,000000172935,6,0.02703623221041254,0.3333333333333333,3,False,all_validation
coco-rem,000000172946,/home/felix/fiftyone/coco-2017/validation/data/000000172946.jpg,validation,locked_confirmation,000000172946,21,0.007227019906323185,0.9523809523809523,3,False,all_validation
coco-rem,000000172977,/home/felix/fiftyone/coco-2017/validation/data/000000172977.jpg,validation,locked_confirmation,000000172977,1,0.7465470679012346,0.0,1,False,all_validation
coco-rem,000000173004,/home/felix/fiftyone/coco-2017/validation/data/000000173004.jpg,validation,locked_confirmation,000000173004,15,0.03478515625,0.8666666666666667,7,False,all_validation
coco-rem,000000173008,/home/felix/fiftyone/coco-2017/validation/data/000000173008.jpg,validation,locked_confirmation,000000173008,20,0.003203125,0.5,9,False,all_validation
coco-rem,000000173033,/home/felix/fiftyone/coco-2017/validation/data/000000173033.jpg,validation,locked_confirmation,000000173033,2,0.11170084635416666,1.0,1,False,all_validation
coco-rem,000000173044,/home/felix/fiftyone/coco-2017/validation/data/000000173044.jpg,validation,locked_confirmation,000000173044,1,0.01088091922005571,0.0,1,False,all_validation
coco-rem,000000173057,/home/felix/fiftyone/coco-2017/validation/data/000000173057.jpg,validation,locked_confirmation,000000173057,19,0.00408203125,0.5263157894736842,4,True,all_validation
coco-rem,000000173091,/home/felix/fiftyone/coco-2017/validation/data/000000173091.jpg,validation,locked_confirmation,000000173091,4,0.24677474475629033,1.0,4,False,all_validation
coco-rem,000000173183,/home/felix/fiftyone/coco-2017/validation/data/000000173183.jpg,validation,locked_confirmation,000000173183,0,,0.0,0,False,all_validation
coco-rem,000000173302,/home/felix/fiftyone/coco-2017/validation/data/000000173302.jpg,validation,locked_confirmation,000000173302,25,0.0025330882352941177,0.28,7,False,all_validation
coco-rem,000000173371,/home/felix/fiftyone/coco-2017/validation/data/000000173371.jpg,validation,locked_confirmation,000000173371,10,0.04669144346191636,1.0,5,False,all_validation
coco-rem,000000173383,/home/felix/fiftyone/coco-2017/validation/data/000000173383.jpg,validation,locked_confirmation,000000173383,4,0.12423161764705883,0.5,4,False,all_validation
coco-rem,000000173799,/home/felix/fiftyone/coco-2017/validation/data/000000173799.jpg,validation,locked_confirmation,000000173799,15,0.012628220419847328,0.5333333333333333,2,True,all_validation
coco-rem,000000173830,/home/felix/fiftyone/coco-2017/validation/data/000000173830.jpg,validation,locked_confirmation,000000173830,3,0.020631323777403034,0.0,2,False,all_validation
coco-rem,000000174004,/home/felix/fiftyone/coco-2017/validation/data/000000174004.jpg,validation,locked_confirmation,000000174004,1,0.48794921875,0.0,1,False,all_validation
coco-rem,000000174018,/home/felix/fiftyone/coco-2017/validation/data/000000174018.jpg,validation,locked_confirmation,000000174018,2,0.5525242165242166,1.0,1,False,all_validation
coco-rem,000000174123,/home/felix/fiftyone/coco-2017/validation/data/000000174123.jpg,validation,locked_confirmation,000000174123,6,0.10173934837092732,1.0,5,False,all_validation
coco-rem,000000174231,/home/felix/fiftyone/coco-2017/validation/data/000000174231.jpg,validation,locked_confirmation,000000174231,3,0.22813333333333333,0.6666666666666666,3,False,all_validation
coco-rem,000000174371,/home/felix/fiftyone/coco-2017/validation/data/000000174371.jpg,validation,locked_confirmation,000000174371,8,0.11567392367906067,0.625,3,False,all_validation
coco-rem,000000174482,/home/felix/fiftyone/coco-2017/validation/data/000000174482.jpg,validation,locked_confirmation,000000174482,11,0.0027786726804123712,0.2727272727272727,4,False,all_validation
coco-rem,000000175251,/home/felix/fiftyone/coco-2017/validation/data/000000175251.jpg,validation,locked_confirmation,000000175251,2,0.42442142979196035,1.0,2,False,all_validation
coco-rem,000000175364,/home/felix/fiftyone/coco-2017/validation/data/000000175364.jpg,validation,locked_confirmation,000000175364,20,0.0017505493651388075,0.1,10,False,all_validation
coco-rem,000000175387,/home/felix/fiftyone/coco-2017/validation/data/000000175387.jpg,validation,locked_confirmation,000000175387,1,0.074752,0.0,1,False,all_validation
coco-rem,000000175438,/home/felix/fiftyone/coco-2017/validation/data/000000175438.jpg,validation,locked_confirmation,000000175438,22,0.003503939636752137,0.36363636363636365,4,False,all_validation
coco-rem,000000175443,/home/felix/fiftyone/coco-2017/validation/data/000000175443.jpg,validation,locked_confirmation,000000175443,3,0.01892578125,0.6666666666666666,3,False,all_validation
coco-rem,000000175535,/home/felix/fiftyone/coco-2017/validation/data/000000175535.jpg,validation,locked_confirmation,000000175535,7,0.10507322175732217,1.0,5,False,all_validation
coco-rem,000000176037,/home/felix/fiftyone/coco-2017/validation/data/000000176037.jpg,validation,locked_confirmation,000000176037,15,0.0012180974477958237,0.6666666666666666,5,False,all_validation
coco-rem,000000176232,/home/felix/fiftyone/coco-2017/validation/data/000000176232.jpg,validation,locked_confirmation,000000176232,2,0.0464453125,0.0,2,False,all_validation
coco-rem,000000176446,/home/felix/fiftyone/coco-2017/validation/data/000000176446.jpg,validation,locked_confirmation,000000176446,2,0.27102213541666664,0.0,2,False,all_validation
coco-rem,000000176606,/home/felix/fiftyone/coco-2017/validation/data/000000176606.jpg,validation,locked_confirmation,000000176606,4,0.016614583333333332,0.5,4,False,all_validation
coco-rem,000000176634,/home/felix/fiftyone/coco-2017/validation/data/000000176634.jpg,validation,locked_confirmation,000000176634,1,0.9180338541666667,0.0,1,False,all_validation
coco-rem,000000176701,/home/felix/fiftyone/coco-2017/validation/data/000000176701.jpg,validation,locked_confirmation,000000176701,0,,0.0,0,False,all_validation
coco-rem,000000176778,/home/felix/fiftyone/coco-2017/validation/data/000000176778.jpg,validation,locked_confirmation,000000176778,2,0.20511563231850116,0.0,2,False,all_validation
coco-rem,000000176799,/home/felix/fiftyone/coco-2017/validation/data/000000176799.jpg,validation,locked_confirmation,000000176799,6,0.006182144953051643,1.0,3,False,all_validation
coco-rem,000000176847,/home/felix/fiftyone/coco-2017/validation/data/000000176847.jpg,validation,locked_confirmation,000000176847,1,0.12451171875,0.0,1,False,all_validation
coco-rem,000000176857,/home/felix/fiftyone/coco-2017/validation/data/000000176857.jpg,validation,locked_confirmation,000000176857,16,0.009938666666666667,0.625,4,False,all_validation
coco-rem,000000176901,/home/felix/fiftyone/coco-2017/validation/data/000000176901.jpg,validation,locked_confirmation,000000176901,8,0.031332694986072426,0.625,2,False,all_validation
coco-rem,000000177015,/home/felix/fiftyone/coco-2017/validation/data/000000177015.jpg,validation,locked_confirmation,000000177015,6,0.19473795572916666,1.0,5,False,all_validation
coco-rem,000000177065,/home/felix/fiftyone/coco-2017/validation/data/000000177065.jpg,validation,locked_confirmation,000000177065,11,0.01552803634751773,0.8181818181818182,4,False,all_validation
coco-rem,000000177213,/home/felix/fiftyone/coco-2017/validation/data/000000177213.jpg,validation,locked_confirmation,000000177213,7,0.04734505571030641,0.8571428571428571,6,False,all_validation
coco-rem,000000177357,/home/felix/fiftyone/coco-2017/validation/data/000000177357.jpg,validation,locked_confirmation,000000177357,2,0.15630326704545455,0.0,2,False,all_validation
coco-rem,000000177383,/home/felix/fiftyone/coco-2017/validation/data/000000177383.jpg,validation,locked_confirmation,000000177383,1,0.5903529411764706,0.0,1,False,all_validation
coco-rem,000000177489,/home/felix/fiftyone/coco-2017/validation/data/000000177489.jpg,validation,locked_confirmation,000000177489,22,0.0028471495815899583,1.0,10,False,all_validation
coco-rem,000000177539,/home/felix/fiftyone/coco-2017/validation/data/000000177539.jpg,validation,locked_confirmation,000000177539,2,0.3587016978922717,0.0,2,False,all_validation
coco-rem,000000177714,/home/felix/fiftyone/coco-2017/validation/data/000000177714.jpg,validation,locked_confirmation,000000177714,12,0.007109566014669927,0.0,3,False,all_validation
coco-rem,000000177861,/home/felix/fiftyone/coco-2017/validation/data/000000177861.jpg,validation,locked_confirmation,000000177861,19,0.005390625,0.5789473684210527,8,False,all_validation
coco-rem,000000177893,/home/felix/fiftyone/coco-2017/validation/data/000000177893.jpg,validation,locked_confirmation,000000177893,3,0.003548481308411215,0.0,2,False,all_validation
coco-rem,000000177934,/home/felix/fiftyone/coco-2017/validation/data/000000177934.jpg,validation,locked_confirmation,000000177934,18,0.013388671875,0.8333333333333334,5,False,all_validation
coco-rem,000000177935,/home/felix/fiftyone/coco-2017/validation/data/000000177935.jpg,validation,locked_confirmation,000000177935,19,0.001845703125,0.6842105263157895,4,False,all_validation
coco-rem,000000178028,/home/felix/fiftyone/coco-2017/validation/data/000000178028.jpg,validation,locked_confirmation,000000178028,12,0.004872,0.4166666666666667,5,False,all_validation
coco-rem,000000178469,/home/felix/fiftyone/coco-2017/validation/data/000000178469.jpg,validation,locked_confirmation,000000178469,7,0.021337090163934425,0.5714285714285714,4,False,all_validation
coco-rem,000000178618,/home/felix/fiftyone/coco-2017/validation/data/000000178618.jpg,validation,locked_confirmation,000000178618,3,0.007560257847533633,0.0,1,False,all_validation
coco-rem,000000178744,/home/felix/fiftyone/coco-2017/validation/data/000000178744.jpg,validation,locked_confirmation,000000178744,10,0.0005877628504672897,1.0,2,False,all_validation
coco-rem,000000178982,/home/felix/fiftyone/coco-2017/validation/data/000000178982.jpg,validation,locked_confirmation,000000178982,9,0.0037324355971896954,0.4444444444444444,3,False,all_validation
coco-rem,000000179112,/home/felix/fiftyone/coco-2017/validation/data/000000179112.jpg,validation,locked_confirmation,000000179112,2,0.341704,1.0,2,False,all_validation
coco-rem,000000179141,/home/felix/fiftyone/coco-2017/validation/data/000000179141.jpg,validation,locked_confirmation,000000179141,7,0.12609049479166667,0.42857142857142855,4,False,all_validation
coco-rem,000000179174,/home/felix/fiftyone/coco-2017/validation/data/000000179174.jpg,validation,locked_confirmation,000000179174,57,0.005457797897196262,0.15789473684210525,3,False,all_validation
coco-rem,000000179214,/home/felix/fiftyone/coco-2017/validation/data/000000179214.jpg,validation,locked_confirmation,000000179214,1,0.3302058995327103,0.0,1,False,all_validation
coco-rem,000000179265,/home/felix/fiftyone/coco-2017/validation/data/000000179265.jpg,validation,locked_confirmation,000000179265,8,0.0017623973004694835,0.25,6,False,all_validation
coco-rem,000000179285,/home/felix/fiftyone/coco-2017/validation/data/000000179285.jpg,validation,locked_confirmation,000000179285,2,0.4838273948598131,1.0,2,False,all_validation
coco-rem,000000179392,/home/felix/fiftyone/coco-2017/validation/data/000000179392.jpg,validation,locked_confirmation,000000179392,5,0.0903125,0.6,4,False,all_validation
coco-rem,000000179487,/home/felix/fiftyone/coco-2017/validation/data/000000179487.jpg,validation,locked_confirmation,000000179487,15,0.0127655029296875,0.6,3,True,all_validation
coco-rem,000000179642,/home/felix/fiftyone/coco-2017/validation/data/000000179642.jpg,validation,locked_confirmation,000000179642,22,0.01759367681498829,0.6363636363636364,5,False,all_validation
coco-rem,000000179653,/home/felix/fiftyone/coco-2017/validation/data/000000179653.jpg,validation,locked_confirmation,000000179653,1,0.026363932291666666,0.0,1,False,all_validation
coco-rem,000000179765,/home/felix/fiftyone/coco-2017/validation/data/000000179765.jpg,validation,locked_confirmation,000000179765,1,0.5342610677083334,0.0,1,False,all_validation
coco-rem,000000179898,/home/felix/fiftyone/coco-2017/validation/data/000000179898.jpg,validation,locked_confirmation,000000179898,26,0.016795247395833334,0.8846153846153846,6,False,all_validation
coco-rem,000000180011,/home/felix/fiftyone/coco-2017/validation/data/000000180011.jpg,validation,locked_confirmation,000000180011,7,0.0927734375,0.7142857142857143,3,False,all_validation
coco-rem,000000180101,/home/felix/fiftyone/coco-2017/validation/data/000000180101.jpg,validation,locked_confirmation,000000180101,12,0.04710123697916667,0.9166666666666666,6,False,all_validation
coco-rem,000000180135,/home/felix/fiftyone/coco-2017/validation/data/000000180135.jpg,validation,locked_confirmation,000000180135,2,0.4223753753753754,1.0,2,False,all_validation
coco-rem,000000180188,/home/felix/fiftyone/coco-2017/validation/data/000000180188.jpg,validation,locked_confirmation,000000180188,1,0.46875,0.0,1,False,all_validation
coco-rem,000000180296,/home/felix/fiftyone/coco-2017/validation/data/000000180296.jpg,validation,locked_confirmation,000000180296,5,0.07161458333333333,0.4,3,False,all_validation
coco-rem,000000180383,/home/felix/fiftyone/coco-2017/validation/data/000000180383.jpg,validation,locked_confirmation,000000180383,4,0.06524088541666667,0.75,4,False,all_validation
coco-rem,000000180487,/home/felix/fiftyone/coco-2017/validation/data/000000180487.jpg,validation,locked_confirmation,000000180487,6,0.0919862412177986,0.5,5,False,all_validation
coco-rem,000000180560,/home/felix/fiftyone/coco-2017/validation/data/000000180560.jpg,validation,locked_confirmation,000000180560,3,0.4845950704225352,1.0,2,False,all_validation
coco-rem,000000180751,/home/felix/fiftyone/coco-2017/validation/data/000000180751.jpg,validation,locked_confirmation,000000180751,25,0.010091145833333334,0.76,7,False,all_validation
coco-rem,000000180792,/home/felix/fiftyone/coco-2017/validation/data/000000180792.jpg,validation,locked_confirmation,000000180792,1,0.09224533333333333,0.0,1,False,all_validation
coco-rem,000000180798,/home/felix/fiftyone/coco-2017/validation/data/000000180798.jpg,validation,locked_confirmation,000000180798,1,0.19266666666666668,0.0,1,False,all_validation
coco-rem,000000180878,/home/felix/fiftyone/coco-2017/validation/data/000000180878.jpg,validation,locked_confirmation,000000180878,4,0.043120608899297426,0.5,3,False,all_validation
coco-rem,000000181303,/home/felix/fiftyone/coco-2017/validation/data/000000181303.jpg,validation,locked_confirmation,000000181303,2,0.05313372905027933,0.0,2,False,all_validation
coco-rem,000000181421,/home/felix/fiftyone/coco-2017/validation/data/000000181421.jpg,validation,locked_confirmation,000000181421,5,0.03738088565022422,0.4,3,False,all_validation
coco-rem,000000181499,/home/felix/fiftyone/coco-2017/validation/data/000000181499.jpg,validation,locked_confirmation,000000181499,3,0.15854958576998052,0.6666666666666666,3,False,all_validation
coco-rem,000000181542,/home/felix/fiftyone/coco-2017/validation/data/000000181542.jpg,validation,locked_confirmation,000000181542,21,0.017447916666666667,0.6190476190476191,5,True,all_validation
coco-rem,000000181666,/home/felix/fiftyone/coco-2017/validation/data/000000181666.jpg,validation,locked_confirmation,000000181666,16,0.019772058823529413,0.0,2,False,all_validation
coco-rem,000000181753,/home/felix/fiftyone/coco-2017/validation/data/000000181753.jpg,validation,locked_confirmation,000000181753,12,0.0025930851063829786,0.75,7,False,all_validation
coco-rem,000000181796,/home/felix/fiftyone/coco-2017/validation/data/000000181796.jpg,validation,locked_confirmation,000000181796,15,0.012152777777777778,1.0,6,False,all_validation
coco-rem,000000181816,/home/felix/fiftyone/coco-2017/validation/data/000000181816.jpg,validation,locked_confirmation,000000181816,11,0.013557942708333333,0.5454545454545454,4,False,all_validation
coco-rem,000000181859,/home/felix/fiftyone/coco-2017/validation/data/000000181859.jpg,validation,locked_confirmation,000000181859,2,0.26324457159624415,1.0,2,False,all_validation
coco-rem,000000181969,/home/felix/fiftyone/coco-2017/validation/data/000000181969.jpg,validation,locked_confirmation,000000181969,2,0.9617173865619546,1.0,2,False,all_validation
coco-rem,000000182021,/home/felix/fiftyone/coco-2017/validation/data/000000182021.jpg,validation,locked_confirmation,000000182021,5,0.03046875,0.8,3,False,all_validation
coco-rem,000000182155,/home/felix/fiftyone/coco-2017/validation/data/000000182155.jpg,validation,locked_confirmation,000000182155,7,0.009507042253521126,1.0,3,False,all_validation
coco-rem,000000182162,/home/felix/fiftyone/coco-2017/validation/data/000000182162.jpg,validation,locked_confirmation,000000182162,9,0.001698529411764706,0.4444444444444444,5,False,all_validation
coco-rem,000000182202,/home/felix/fiftyone/coco-2017/validation/data/000000182202.jpg,validation,locked_confirmation,000000182202,4,0.43452516233766236,1.0,4,False,all_validation
coco-rem,000000182417,/home/felix/fiftyone/coco-2017/validation/data/000000182417.jpg,validation,locked_confirmation,000000182417,9,0.05255859375,0.8888888888888888,5,False,all_validation
coco-rem,000000182441,/home/felix/fiftyone/coco-2017/validation/data/000000182441.jpg,validation,locked_confirmation,000000182441,26,0.0016486528822055137,0.0,2,True,all_validation
coco-rem,000000182611,/home/felix/fiftyone/coco-2017/validation/data/000000182611.jpg,validation,locked_confirmation,000000182611,24,0.0080126953125,0.9166666666666666,9,False,all_validation
coco-rem,000000182805,/home/felix/fiftyone/coco-2017/validation/data/000000182805.jpg,validation,locked_confirmation,000000182805,5,0.1665625,0.6,4,False,all_validation
coco-rem,000000182923,/home/felix/fiftyone/coco-2017/validation/data/000000182923.jpg,validation,locked_confirmation,000000182923,15,0.018549333333333334,0.4666666666666667,3,True,all_validation
coco-rem,000000183049,/home/felix/fiftyone/coco-2017/validation/data/000000183049.jpg,validation,locked_confirmation,000000183049,14,0.018113290398126463,0.14285714285714285,2,True,all_validation
coco-rem,000000183104,/home/felix/fiftyone/coco-2017/validation/data/000000183104.jpg,validation,locked_confirmation,000000183104,2,0.34315749737394957,0.0,1,False,all_validation
coco-rem,000000183127,/home/felix/fiftyone/coco-2017/validation/data/000000183127.jpg,validation,locked_confirmation,000000183127,2,0.014551693925233644,0.0,2,False,all_validation
coco-rem,000000183246,/home/felix/fiftyone/coco-2017/validation/data/000000183246.jpg,validation,locked_confirmation,000000183246,24,0.0013725,0.7916666666666666,4,False,all_validation
coco-rem,000000183391,/home/felix/fiftyone/coco-2017/validation/data/000000183391.jpg,validation,locked_confirmation,000000183391,27,0.003337618670886076,0.5185185185185185,3,True,all_validation
coco-rem,000000183437,/home/felix/fiftyone/coco-2017/validation/data/000000183437.jpg,validation,locked_confirmation,000000183437,6,0.02185853337236534,0.0,2,False,all_validation
coco-rem,000000183500,/home/felix/fiftyone/coco-2017/validation/data/000000183500.jpg,validation,locked_confirmation,000000183500,2,0.21434411337209303,1.0,2,False,all_validation
coco-rem,000000183648,/home/felix/fiftyone/coco-2017/validation/data/000000183648.jpg,validation,locked_confirmation,000000183648,4,0.12722145151869158,1.0,2,False,all_validation
coco-rem,000000183675,/home/felix/fiftyone/coco-2017/validation/data/000000183675.jpg,validation,locked_confirmation,000000183675,2,0.42434010922330095,1.0,2,False,all_validation
coco-rem,000000183709,/home/felix/fiftyone/coco-2017/validation/data/000000183709.jpg,validation,locked_confirmation,000000183709,25,0.0026041666666666665,0.84,4,False,all_validation
coco-rem,000000183716,/home/felix/fiftyone/coco-2017/validation/data/000000183716.jpg,validation,locked_confirmation,000000183716,5,0.29988668555240794,1.0,3,False,all_validation
coco-rem,000000183965,/home/felix/fiftyone/coco-2017/validation/data/000000183965.jpg,validation,locked_confirmation,000000183965,4,0.12230794270833334,1.0,4,False,all_validation
coco-rem,000000184321,/home/felix/fiftyone/coco-2017/validation/data/000000184321.jpg,validation,locked_confirmation,000000184321,1,0.0325390625,0.0,1,False,all_validation
coco-rem,000000184324,/home/felix/fiftyone/coco-2017/validation/data/000000184324.jpg,validation,locked_confirmation,000000184324,30,0.0026691176470588236,0.43333333333333335,8,True,all_validation
coco-rem,000000184338,/home/felix/fiftyone/coco-2017/validation/data/000000184338.jpg,validation,locked_confirmation,000000184338,1,0.8009733606557377,0.0,1,False,all_validation
coco-rem,000000184384,/home/felix/fiftyone/coco-2017/validation/data/000000184384.jpg,validation,locked_confirmation,000000184384,6,0.10453287760416667,0.6666666666666666,5,False,all_validation
coco-rem,000000184400,/home/felix/fiftyone/coco-2017/validation/data/000000184400.jpg,validation,locked_confirmation,000000184400,2,0.08250325520833333,0.0,2,False,all_validation
coco-rem,000000184611,/home/felix/fiftyone/coco-2017/validation/data/000000184611.jpg,validation,locked_confirmation,000000184611,24,0.002994791666666667,0.5416666666666666,5,True,all_validation
coco-rem,000000184762,/home/felix/fiftyone/coco-2017/validation/data/000000184762.jpg,validation,locked_confirmation,000000184762,1,0.849728,0.0,1,False,all_validation
coco-rem,000000184791,/home/felix/fiftyone/coco-2017/validation/data/000000184791.jpg,validation,locked_confirmation,000000184791,9,0.0144,0.0,2,False,all_validation
coco-rem,000000184978,/home/felix/fiftyone/coco-2017/validation/data/000000184978.jpg,validation,locked_confirmation,000000184978,2,0.0344384765625,0.0,2,False,all_validation
coco-rem,000000185157,/home/felix/fiftyone/coco-2017/validation/data/000000185157.jpg,validation,locked_confirmation,000000185157,6,0.02593713321596244,0.8333333333333334,1,False,all_validation
coco-rem,000000185250,/home/felix/fiftyone/coco-2017/validation/data/000000185250.jpg,validation,locked_confirmation,000000185250,5,0.006578947368421052,0.4,3,False,all_validation
coco-rem,000000185292,/home/felix/fiftyone/coco-2017/validation/data/000000185292.jpg,validation,locked_confirmation,000000185292,2,0.002878191805225653,0.0,2,False,all_validation
coco-rem,000000185409,/home/felix/fiftyone/coco-2017/validation/data/000000185409.jpg,validation,locked_confirmation,000000185409,12,0.039924823113207546,0.5833333333333334,1,False,all_validation
coco-rem,000000185472,/home/felix/fiftyone/coco-2017/validation/data/000000185472.jpg,validation,locked_confirmation,000000185472,10,0.0119091796875,0.7,5,False,all_validation
coco-rem,000000185473,/home/felix/fiftyone/coco-2017/validation/data/000000185473.jpg,validation,locked_confirmation,000000185473,18,0.027230992268041238,0.2222222222222222,2,False,all_validation
coco-rem,000000185599,/home/felix/fiftyone/coco-2017/validation/data/000000185599.jpg,validation,locked_confirmation,000000185599,6,0.24766438802083332,0.3333333333333333,2,False,all_validation
coco-rem,000000185802,/home/felix/fiftyone/coco-2017/validation/data/000000185802.jpg,validation,locked_confirmation,000000185802,4,0.1326953125,0.0,3,False,all_validation
coco-rem,000000185890,/home/felix/fiftyone/coco-2017/validation/data/000000185890.jpg,validation,locked_confirmation,000000185890,17,0.002455795677799607,0.9411764705882353,4,False,all_validation
coco-rem,000000185950,/home/felix/fiftyone/coco-2017/validation/data/000000185950.jpg,validation,locked_confirmation,000000185950,2,0.15347774480712167,0.0,2,False,all_validation
coco-rem,000000186042,/home/felix/fiftyone/coco-2017/validation/data/000000186042.jpg,validation,locked_confirmation,000000186042,2,0.038103298611111114,0.0,2,False,all_validation
coco-rem,000000186282,/home/felix/fiftyone/coco-2017/validation/data/000000186282.jpg,validation,locked_confirmation,000000186282,3,0.03353337236533958,0.0,3,False,all_validation
coco-rem,000000186296,/home/felix/fiftyone/coco-2017/validation/data/000000186296.jpg,validation,locked_confirmation,000000186296,1,0.4948372395833333,0.0,1,False,all_validation
coco-rem,000000186345,/home/felix/fiftyone/coco-2017/validation/data/000000186345.jpg,validation,locked_confirmation,000000186345,8,0.0037612383990719258,0.25,2,False,all_validation
coco-rem,000000186422,/home/felix/fiftyone/coco-2017/validation/data/000000186422.jpg,validation,locked_confirmation,000000186422,2,0.09531432962529274,0.0,2,False,all_validation
coco-rem,000000186449,/home/felix/fiftyone/coco-2017/validation/data/000000186449.jpg,validation,locked_confirmation,000000186449,19,0.019352064220183485,0.8421052631578947,5,False,all_validation
coco-rem,000000186624,/home/felix/fiftyone/coco-2017/validation/data/000000186624.jpg,validation,locked_confirmation,000000186624,5,0.03069620253164557,0.8,4,False,all_validation
coco-rem,000000186632,/home/felix/fiftyone/coco-2017/validation/data/000000186632.jpg,validation,locked_confirmation,000000186632,11,0.004150390625,0.0,4,False,all_validation
coco-rem,000000186637,/home/felix/fiftyone/coco-2017/validation/data/000000186637.jpg,validation,locked_confirmation,000000186637,1,0.22685661764705883,0.0,1,False,all_validation
coco-rem,000000186873,/home/felix/fiftyone/coco-2017/validation/data/000000186873.jpg,validation,locked_confirmation,000000186873,10,0.0019757358281003033,0.9,2,False,all_validation
coco-rem,000000186929,/home/felix/fiftyone/coco-2017/validation/data/000000186929.jpg,validation,locked_confirmation,000000186929,16,0.07802402402402403,0.5625,1,False,all_validation
coco-rem,000000186938,/home/felix/fiftyone/coco-2017/validation/data/000000186938.jpg,validation,locked_confirmation,000000186938,1,0.42628073770491803,0.0,1,False,all_validation
coco-rem,000000186980,/home/felix/fiftyone/coco-2017/validation/data/000000186980.jpg,validation,locked_confirmation,000000186980,16,0.003364332603938731,0.8125,11,False,all_validation
coco-rem,000000187055,/home/felix/fiftyone/coco-2017/validation/data/000000187055.jpg,validation,locked_confirmation,000000187055,6,0.14647058823529413,1.0,3,False,all_validation
coco-rem,000000187144,/home/felix/fiftyone/coco-2017/validation/data/000000187144.jpg,validation,locked_confirmation,000000187144,18,0.0032682291666666667,0.9444444444444444,5,False,all_validation
coco-rem,000000187236,/home/felix/fiftyone/coco-2017/validation/data/000000187236.jpg,validation,locked_confirmation,000000187236,4,0.23939453125,0.5,3,False,all_validation
coco-rem,000000187243,/home/felix/fiftyone/coco-2017/validation/data/000000187243.jpg,validation,locked_confirmation,000000187243,3,0.13404947916666668,0.0,3,False,all_validation
coco-rem,000000187249,/home/felix/fiftyone/coco-2017/validation/data/000000187249.jpg,validation,locked_confirmation,000000187249,4,0.20056966145833333,0.75,3,False,all_validation
coco-rem,000000187271,/home/felix/fiftyone/coco-2017/validation/data/000000187271.jpg,validation,locked_confirmation,000000187271,1,0.3677473958333333,0.0,1,False,all_validation
coco-rem,000000187362,/home/felix/fiftyone/coco-2017/validation/data/000000187362.jpg,validation,locked_confirmation,000000187362,2,0.040722426470588234,1.0,2,False,all_validation
coco-rem,000000187513,/home/felix/fiftyone/coco-2017/validation/data/000000187513.jpg,validation,locked_confirmation,000000187513,2,0.0577667593676815,0.0,2,False,all_validation
coco-rem,000000187585,/home/felix/fiftyone/coco-2017/validation/data/000000187585.jpg,validation,locked_confirmation,000000187585,2,0.3193359375,1.0,2,False,all_validation
coco-rem,000000187734,/home/felix/fiftyone/coco-2017/validation/data/000000187734.jpg,validation,locked_confirmation,000000187734,26,0.0010123697916666666,0.4230769230769231,4,True,all_validation
coco-rem,000000187745,/home/felix/fiftyone/coco-2017/validation/data/000000187745.jpg,validation,locked_confirmation,000000187745,1,0.024208984375,0.0,1,False,all_validation
coco-rem,000000187990,/home/felix/fiftyone/coco-2017/validation/data/000000187990.jpg,validation,locked_confirmation,000000187990,2,0.08221333333333333,1.0,2,False,all_validation
coco-rem,000000188296,/home/felix/fiftyone/coco-2017/validation/data/000000188296.jpg,validation,locked_confirmation,000000188296,13,0.03975779967159278,0.8461538461538461,4,False,all_validation
coco-rem,000000188439,/home/felix/fiftyone/coco-2017/validation/data/000000188439.jpg,validation,locked_confirmation,000000188439,2,0.10146867340686275,0.0,2,False,all_validation
coco-rem,000000188465,/home/felix/fiftyone/coco-2017/validation/data/000000188465.jpg,validation,locked_confirmation,000000188465,23,0.0028806442731277534,0.2608695652173913,4,True,all_validation
coco-rem,000000188592,/home/felix/fiftyone/coco-2017/validation/data/000000188592.jpg,validation,locked_confirmation,000000188592,2,0.2358984375,1.0,2,False,all_validation
coco-rem,000000188689,/home/felix/fiftyone/coco-2017/validation/data/000000188689.jpg,validation,locked_confirmation,000000188689,3,0.07166366366366367,0.6666666666666666,1,False,all_validation
coco-rem,000000188906,/home/felix/fiftyone/coco-2017/validation/data/000000188906.jpg,validation,locked_confirmation,000000188906,2,0.488510989010989,0.0,1,False,all_validation
coco-rem,000000189078,/home/felix/fiftyone/coco-2017/validation/data/000000189078.jpg,validation,locked_confirmation,000000189078,8,0.05836526946107785,0.25,3,False,all_validation
coco-rem,000000189213,/home/felix/fiftyone/coco-2017/validation/data/000000189213.jpg,validation,locked_confirmation,000000189213,3,0.05,0.0,2,False,all_validation
coco-rem,000000189226,/home/felix/fiftyone/coco-2017/validation/data/000000189226.jpg,validation,locked_confirmation,000000189226,1,0.06440281030444965,0.0,1,False,all_validation
coco-rem,000000189310,/home/felix/fiftyone/coco-2017/validation/data/000000189310.jpg,validation,locked_confirmation,000000189310,2,0.02107421875,0.0,2,False,all_validation
coco-rem,000000189436,/home/felix/fiftyone/coco-2017/validation/data/000000189436.jpg,validation,locked_confirmation,000000189436,5,0.10078125,0.8,4,False,all_validation
coco-rem,000000189451,/home/felix/fiftyone/coco-2017/validation/data/000000189451.jpg,validation,locked_confirmation,000000189451,2,0.15163019613583137,0.0,2,False,all_validation
coco-rem,000000189475,/home/felix/fiftyone/coco-2017/validation/data/000000189475.jpg,validation,locked_confirmation,000000189475,36,0.014090666666666666,0.7777777777777778,11,False,all_validation
coco-rem,000000189698,/home/felix/fiftyone/coco-2017/validation/data/000000189698.jpg,validation,locked_confirmation,000000189698,1,0.07255768107476636,0.0,1,False,all_validation
coco-rem,000000189752,/home/felix/fiftyone/coco-2017/validation/data/000000189752.jpg,validation,locked_confirmation,000000189752,15,0.05210286458333333,1.0,7,False,all_validation
coco-rem,000000189775,/home/felix/fiftyone/coco-2017/validation/data/000000189775.jpg,validation,locked_confirmation,000000189775,24,0.005146484375,0.3333333333333333,3,True,all_validation
coco-rem,000000189806,/home/felix/fiftyone/coco-2017/validation/data/000000189806.jpg,validation,locked_confirmation,000000189806,6,0.029585,0.5,4,False,all_validation
coco-rem,000000189820,/home/felix/fiftyone/coco-2017/validation/data/000000189820.jpg,validation,locked_confirmation,000000189820,17,0.006586651053864169,0.35294117647058826,6,False,all_validation
coco-rem,000000189828,/home/felix/fiftyone/coco-2017/validation/data/000000189828.jpg,validation,locked_confirmation,000000189828,1,0.05180699730872741,0.0,1,False,all_validation
coco-rem,000000190007,/home/felix/fiftyone/coco-2017/validation/data/000000190007.jpg,validation,locked_confirmation,000000190007,2,0.01793799212598425,0.0,2,False,all_validation
coco-rem,000000190140,/home/felix/fiftyone/coco-2017/validation/data/000000190140.jpg,validation,locked_confirmation,000000190140,4,0.21328307535046728,0.75,3,False,all_validation
coco-rem,000000190236,/home/felix/fiftyone/coco-2017/validation/data/000000190236.jpg,validation,locked_confirmation,000000190236,28,0.002520674300254453,0.2857142857142857,12,False,all_validation
coco-rem,000000190307,/home/felix/fiftyone/coco-2017/validation/data/000000190307.jpg,validation,locked_confirmation,000000190307,2,0.09498263888888889,1.0,2,False,all_validation
coco-rem,000000190637,/home/felix/fiftyone/coco-2017/validation/data/000000190637.jpg,validation,locked_confirmation,000000190637,4,0.15917421144859814,1.0,3,False,all_validation
coco-rem,000000190648,/home/felix/fiftyone/coco-2017/validation/data/000000190648.jpg,validation,locked_confirmation,000000190648,2,0.15809733072916668,0.0,2,False,all_validation
coco-rem,000000190676,/home/felix/fiftyone/coco-2017/validation/data/000000190676.jpg,validation,locked_confirmation,000000190676,14,0.004193300189393939,0.35714285714285715,2,True,all_validation
coco-rem,000000190753,/home/felix/fiftyone/coco-2017/validation/data/000000190753.jpg,validation,locked_confirmation,000000190753,21,0.004667887029288703,0.7142857142857143,7,False,all_validation
coco-rem,000000190756,/home/felix/fiftyone/coco-2017/validation/data/000000190756.jpg,validation,locked_confirmation,000000190756,2,0.24676106770833334,0.0,2,False,all_validation
coco-rem,000000190841,/home/felix/fiftyone/coco-2017/validation/data/000000190841.jpg,validation,locked_confirmation,000000190841,2,0.03442622950819672,0.0,2,False,all_validation
coco-rem,000000190853,/home/felix/fiftyone/coco-2017/validation/data/000000190853.jpg,validation,locked_confirmation,000000190853,2,0.41408289817232374,0.0,2,False,all_validation
coco-rem,000000190923,/home/felix/fiftyone/coco-2017/validation/data/000000190923.jpg,validation,locked_confirmation,000000190923,16,0.001536,0.3125,4,True,all_validation
coco-rem,000000191013,/home/felix/fiftyone/coco-2017/validation/data/000000191013.jpg,validation,locked_confirmation,000000191013,8,0.018720332278481012,0.75,4,False,all_validation
coco-rem,000000191288,/home/felix/fiftyone/coco-2017/validation/data/000000191288.jpg,validation,locked_confirmation,000000191288,4,0.06459791666666667,1.0,2,False,all_validation
coco-rem,000000191471,/home/felix/fiftyone/coco-2017/validation/data/000000191471.jpg,validation,locked_confirmation,000000191471,1,0.49632161458333335,0.0,1,False,all_validation
coco-rem,000000191580,/home/felix/fiftyone/coco-2017/validation/data/000000191580.jpg,validation,locked_confirmation,000000191580,19,0.01359178870292887,0.9473684210526315,7,False,all_validation
coco-rem,000000191614,/home/felix/fiftyone/coco-2017/validation/data/000000191614.jpg,validation,locked_confirmation,000000191614,3,0.03322974069802213,0.6666666666666666,2,False,all_validation
coco-rem,000000191672,/home/felix/fiftyone/coco-2017/validation/data/000000191672.jpg,validation,locked_confirmation,000000191672,2,0.025102219626168223,1.0,2,False,all_validation
coco-rem,000000191761,/home/felix/fiftyone/coco-2017/validation/data/000000191761.jpg,validation,locked_confirmation,000000191761,5,0.09960533333333334,1.0,3,False,all_validation
coco-rem,000000191845,/home/felix/fiftyone/coco-2017/validation/data/000000191845.jpg,validation,locked_confirmation,000000191845,49,0.00860889889196676,0.2857142857142857,4,True,all_validation
coco-rem,000000192047,/home/felix/fiftyone/coco-2017/validation/data/000000192047.jpg,validation,locked_confirmation,000000192047,1,0.13248046875,0.0,1,False,all_validation
coco-rem,000000192191,/home/felix/fiftyone/coco-2017/validation/data/000000192191.jpg,validation,locked_confirmation,000000192191,2,0.4429166666666667,1.0,2,False,all_validation
coco-rem,000000192607,/home/felix/fiftyone/coco-2017/validation/data/000000192607.jpg,validation,locked_confirmation,000000192607,2,0.19921323529411764,0.0,2,False,all_validation
coco-rem,000000192670,/home/felix/fiftyone/coco-2017/validation/data/000000192670.jpg,validation,locked_confirmation,000000192670,21,0.013694428406466513,0.6666666666666666,8,False,all_validation
coco-rem,000000192699,/home/felix/fiftyone/coco-2017/validation/data/000000192699.jpg,validation,locked_confirmation,000000192699,6,0.0916558397155361,0.8333333333333334,3,False,all_validation
coco-rem,000000192716,/home/felix/fiftyone/coco-2017/validation/data/000000192716.jpg,validation,locked_confirmation,000000192716,4,0.010273889961389962,0.5,3,False,all_validation
coco-rem,000000192871,/home/felix/fiftyone/coco-2017/validation/data/000000192871.jpg,validation,locked_confirmation,000000192871,12,0.05535531323185012,1.0,5,False,all_validation
coco-rem,000000192904,/home/felix/fiftyone/coco-2017/validation/data/000000192904.jpg,validation,locked_confirmation,000000192904,7,0.027110808486238532,1.0,4,False,all_validation
coco-rem,000000192964,/home/felix/fiftyone/coco-2017/validation/data/000000192964.jpg,validation,locked_confirmation,000000192964,4,0.017946845794392523,0.0,3,False,all_validation
coco-rem,000000193162,/home/felix/fiftyone/coco-2017/validation/data/000000193162.jpg,validation,locked_confirmation,000000193162,4,0.023362660630841123,0.0,3,False,all_validation
coco-rem,000000193181,/home/felix/fiftyone/coco-2017/validation/data/000000193181.jpg,validation,locked_confirmation,000000193181,15,0.00892018779342723,0.2,3,True,all_validation
coco-rem,000000193245,/home/felix/fiftyone/coco-2017/validation/data/000000193245.jpg,validation,locked_confirmation,000000193245,32,0.0013573333333333334,0.1875,2,False,all_validation
coco-rem,000000193348,/home/felix/fiftyone/coco-2017/validation/data/000000193348.jpg,validation,locked_confirmation,000000193348,2,0.48600352112676054,1.0,2,False,all_validation
coco-rem,000000193429,/home/felix/fiftyone/coco-2017/validation/data/000000193429.jpg,validation,locked_confirmation,000000193429,2,0.14515734521028037,0.0,2,False,all_validation
coco-rem,000000193494,/home/felix/fiftyone/coco-2017/validation/data/000000193494.jpg,validation,locked_confirmation,000000193494,1,0.1965962441314554,0.0,1,False,all_validation
coco-rem,000000193674,/home/felix/fiftyone/coco-2017/validation/data/000000193674.jpg,validation,locked_confirmation,000000193674,3,0.0724609375,0.0,3,False,all_validation
coco-rem,000000193717,/home/felix/fiftyone/coco-2017/validation/data/000000193717.jpg,validation,locked_confirmation,000000193717,13,0.0021922984644913626,0.9230769230769231,5,False,all_validation
coco-rem,000000193743,/home/felix/fiftyone/coco-2017/validation/data/000000193743.jpg,validation,locked_confirmation,000000193743,5,0.008452868852459017,0.8,2,False,all_validation
coco-rem,000000193884,/home/felix/fiftyone/coco-2017/validation/data/000000193884.jpg,validation,locked_confirmation,000000193884,1,0.012919921875,0.0,1,False,all_validation
coco-rem,000000193926,/home/felix/fiftyone/coco-2017/validation/data/000000193926.jpg,validation,locked_confirmation,000000193926,12,0.05963050314465409,0.6666666666666666,7,False,all_validation
coco-rem,000000194216,/home/felix/fiftyone/coco-2017/validation/data/000000194216.jpg,validation,locked_confirmation,000000194216,3,0.003156887755102041,0.0,1,False,all_validation
coco-rem,000000194471,/home/felix/fiftyone/coco-2017/validation/data/000000194471.jpg,validation,locked_confirmation,000000194471,2,0.10898802395209581,0.0,2,False,all_validation
coco-rem,000000194506,/home/felix/fiftyone/coco-2017/validation/data/000000194506.jpg,validation,locked_confirmation,000000194506,2,0.06952026857429719,0.0,1,False,all_validation
coco-rem,000000194716,/home/felix/fiftyone/coco-2017/validation/data/000000194716.jpg,validation,locked_confirmation,000000194716,4,0.0821501756440281,0.75,3,False,all_validation
coco-rem,000000194724,/home/felix/fiftyone/coco-2017/validation/data/000000194724.jpg,validation,locked_confirmation,000000194724,22,0.014138997395833333,1.0,9,False,all_validation
coco-rem,000000194746,/home/felix/fiftyone/coco-2017/validation/data/000000194746.jpg,validation,locked_confirmation,000000194746,2,0.5185946666666666,1.0,2,False,all_validation
coco-rem,000000194832,/home/felix/fiftyone/coco-2017/validation/data/000000194832.jpg,validation,locked_confirmation,000000194832,13,0.045022058823529415,1.0,4,False,all_validation
coco-rem,000000194875,/home/felix/fiftyone/coco-2017/validation/data/000000194875.jpg,validation,locked_confirmation,000000194875,57,0.0012576219512195122,0.3684210526315789,9,False,all_validation
coco-rem,000000194940,/home/felix/fiftyone/coco-2017/validation/data/000000194940.jpg,validation,locked_confirmation,000000194940,17,0.010053333333333333,1.0,5,False,all_validation
coco-rem,000000195045,/home/felix/fiftyone/coco-2017/validation/data/000000195045.jpg,validation,locked_confirmation,000000195045,2,0.006728515625,0.0,1,False,all_validation
coco-rem,000000195165,/home/felix/fiftyone/coco-2017/validation/data/000000195165.jpg,validation,locked_confirmation,000000195165,23,0.0013598326359832635,0.08695652173913043,4,True,all_validation
coco-rem,000000195754,/home/felix/fiftyone/coco-2017/validation/data/000000195754.jpg,validation,locked_confirmation,000000195754,7,0.03135294117647059,0.2857142857142857,4,False,all_validation
coco-rem,000000195842,/home/felix/fiftyone/coco-2017/validation/data/000000195842.jpg,validation,locked_confirmation,000000195842,9,0.01775390625,0.3333333333333333,7,False,all_validation
coco-rem,000000195918,/home/felix/fiftyone/coco-2017/validation/data/000000195918.jpg,validation,locked_confirmation,000000195918,7,0.031399678738317754,0.2857142857142857,5,False,all_validation
coco-rem,000000196009,/home/felix/fiftyone/coco-2017/validation/data/000000196009.jpg,validation,locked_confirmation,000000196009,4,0.14232421875,0.5,2,False,all_validation
coco-rem,000000196141,/home/felix/fiftyone/coco-2017/validation/data/000000196141.jpg,validation,locked_confirmation,000000196141,13,0.00908362470862471,0.38461538461538464,5,False,all_validation
coco-rem,000000196185,/home/felix/fiftyone/coco-2017/validation/data/000000196185.jpg,validation,locked_confirmation,000000196185,1,0.1875,0.0,1,False,all_validation
coco-rem,000000196442,/home/felix/fiftyone/coco-2017/validation/data/000000196442.jpg,validation,locked_confirmation,000000196442,10,0.00012624414519906324,0.0,2,False,all_validation
coco-rem,000000196754,/home/felix/fiftyone/coco-2017/validation/data/000000196754.jpg,validation,locked_confirmation,000000196754,2,0.09954666666666667,0.0,2,False,all_validation
coco-rem,000000196759,/home/felix/fiftyone/coco-2017/validation/data/000000196759.jpg,validation,locked_confirmation,000000196759,4,0.003942057291666667,0.75,2,False,all_validation
coco-rem,000000196843,/home/felix/fiftyone/coco-2017/validation/data/000000196843.jpg,validation,locked_confirmation,000000196843,4,0.0503857421875,1.0,2,False,all_validation
coco-rem,000000197004,/home/felix/fiftyone/coco-2017/validation/data/000000197004.jpg,validation,locked_confirmation,000000197004,2,0.4940884806791569,1.0,2,False,all_validation
coco-rem,000000197022,/home/felix/fiftyone/coco-2017/validation/data/000000197022.jpg,validation,locked_confirmation,000000197022,2,0.3127484309623431,0.0,1,False,all_validation
coco-rem,000000197388,/home/felix/fiftyone/coco-2017/validation/data/000000197388.jpg,validation,locked_confirmation,000000197388,12,0.013101881377551021,0.5,2,False,all_validation
coco-rem,000000197528,/home/felix/fiftyone/coco-2017/validation/data/000000197528.jpg,validation,locked_confirmation,000000197528,1,0.4434895833333333,0.0,1,False,all_validation
coco-rem,000000197658,/home/felix/fiftyone/coco-2017/validation/data/000000197658.jpg,validation,locked_confirmation,000000197658,2,0.2308070231958763,1.0,2,False,all_validation
coco-rem,000000197796,/home/felix/fiftyone/coco-2017/validation/data/000000197796.jpg,validation,locked_confirmation,000000197796,9,0.00866239539748954,0.2222222222222222,2,False,all_validation
coco-rem,000000197870,/home/felix/fiftyone/coco-2017/validation/data/000000197870.jpg,validation,locked_confirmation,000000197870,3,0.10920588235294118,0.6666666666666666,3,False,all_validation
coco-rem,000000198489,/home/felix/fiftyone/coco-2017/validation/data/000000198489.jpg,validation,locked_confirmation,000000198489,4,0.1412456191588785,0.5,4,False,all_validation
coco-rem,000000198510,/home/felix/fiftyone/coco-2017/validation/data/000000198510.jpg,validation,locked_confirmation,000000198510,2,0.2473828125,0.0,2,False,all_validation
coco-rem,000000198641,/home/felix/fiftyone/coco-2017/validation/data/000000198641.jpg,validation,locked_confirmation,000000198641,9,0.06172038100208768,0.4444444444444444,5,False,all_validation
coco-rem,000000198805,/home/felix/fiftyone/coco-2017/validation/data/000000198805.jpg,validation,locked_confirmation,000000198805,8,0.006034076633165829,0.75,2,False,all_validation
coco-rem,000000198915,/home/felix/fiftyone/coco-2017/validation/data/000000198915.jpg,validation,locked_confirmation,000000198915,0,,0.0,0,False,all_validation
coco-rem,000000198928,/home/felix/fiftyone/coco-2017/validation/data/000000198928.jpg,validation,locked_confirmation,000000198928,6,0.004072265625,0.0,4,False,all_validation
coco-rem,000000198960,/home/felix/fiftyone/coco-2017/validation/data/000000198960.jpg,validation,locked_confirmation,000000198960,3,0.1279705882352941,0.0,1,False,all_validation
coco-rem,000000199055,/home/felix/fiftyone/coco-2017/validation/data/000000199055.jpg,validation,locked_confirmation,000000199055,2,0.25916178385416666,1.0,2,False,all_validation
coco-rem,000000199236,/home/felix/fiftyone/coco-2017/validation/data/000000199236.jpg,validation,locked_confirmation,000000199236,14,0.004969413325471698,0.5714285714285714,2,True,all_validation
coco-rem,000000199310,/home/felix/fiftyone/coco-2017/validation/data/000000199310.jpg,validation,locked_confirmation,000000199310,2,0.24543508489461358,0.0,2,False,all_validation
coco-rem,000000199395,/home/felix/fiftyone/coco-2017/validation/data/000000199395.jpg,validation,locked_confirmation,000000199395,12,0.0002524882903981265,0.25,3,False,all_validation
coco-rem,000000199442,/home/felix/fiftyone/coco-2017/validation/data/000000199442.jpg,validation,locked_confirmation,000000199442,2,0.07318851039260969,0.0,2,False,all_validation
coco-rem,000000199551,/home/felix/fiftyone/coco-2017/validation/data/000000199551.jpg,validation,locked_confirmation,000000199551,2,0.36028767523364486,1.0,2,False,all_validation
coco-rem,000000199681,/home/felix/fiftyone/coco-2017/validation/data/000000199681.jpg,validation,locked_confirmation,000000199681,2,0.5755208333333334,1.0,2,False,all_validation
coco-rem,000000199771,/home/felix/fiftyone/coco-2017/validation/data/000000199771.jpg,validation,locked_confirmation,000000199771,21,0.03601838235294118,0.6666666666666666,8,False,all_validation
coco-rem,000000199977,/home/felix/fiftyone/coco-2017/validation/data/000000199977.jpg,validation,locked_confirmation,000000199977,1,0.074814453125,0.0,1,False,all_validation
coco-rem,000000200152,/home/felix/fiftyone/coco-2017/validation/data/000000200152.jpg,validation,locked_confirmation,000000200152,0,,0.0,0,False,all_validation
coco-rem,000000200162,/home/felix/fiftyone/coco-2017/validation/data/000000200162.jpg,validation,locked_confirmation,000000200162,9,0.00611764705882353,0.2222222222222222,2,False,all_validation
coco-rem,000000200252,/home/felix/fiftyone/coco-2017/validation/data/000000200252.jpg,validation,locked_confirmation,000000200252,3,0.003808,1.0,2,False,all_validation
coco-rem,000000200421,/home/felix/fiftyone/coco-2017/validation/data/000000200421.jpg,validation,locked_confirmation,000000200421,3,0.42236328125,0.6666666666666666,3,False,all_validation
coco-rem,000000200667,/home/felix/fiftyone/coco-2017/validation/data/000000200667.jpg,validation,locked_confirmation,000000200667,2,0.05917830882352941,0.0,1,False,all_validation
coco-rem,000000200839,/home/felix/fiftyone/coco-2017/validation/data/000000200839.jpg,validation,locked_confirmation,000000200839,7,0.004475911458333333,0.8571428571428571,3,False,all_validation
coco-rem,000000200961,/home/felix/fiftyone/coco-2017/validation/data/000000200961.jpg,validation,locked_confirmation,000000200961,8,0.005693793911007026,0.0,4,False,all_validation
coco-rem,000000201025,/home/felix/fiftyone/coco-2017/validation/data/000000201025.jpg,validation,locked_confirmation,000000201025,2,0.3733319536423841,0.0,1,False,all_validation
coco-rem,000000201072,/home/felix/fiftyone/coco-2017/validation/data/000000201072.jpg,validation,locked_confirmation,000000201072,5,0.01782998783454988,0.6,2,False,all_validation
coco-rem,000000201148,/home/felix/fiftyone/coco-2017/validation/data/000000201148.jpg,validation,locked_confirmation,000000201148,4,0.00434583913649025,0.0,3,False,all_validation
coco-rem,000000201418,/home/felix/fiftyone/coco-2017/validation/data/000000201418.jpg,validation,locked_confirmation,000000201418,28,0.002282666666666667,0.39285714285714285,4,True,all_validation
coco-rem,000000201426,/home/felix/fiftyone/coco-2017/validation/data/000000201426.jpg,validation,locked_confirmation,000000201426,8,0.04471301020408163,1.0,6,False,all_validation
coco-rem,000000201646,/home/felix/fiftyone/coco-2017/validation/data/000000201646.jpg,validation,locked_confirmation,000000201646,4,0.07123463114754099,1.0,4,False,all_validation
coco-rem,000000201676,/home/felix/fiftyone/coco-2017/validation/data/000000201676.jpg,validation,locked_confirmation,000000201676,7,0.0225,0.8571428571428571,1,False,all_validation
coco-rem,000000201775,/home/felix/fiftyone/coco-2017/validation/data/000000201775.jpg,validation,locked_confirmation,000000201775,3,0.061654450261780104,0.0,2,False,all_validation
coco-rem,000000201934,/home/felix/fiftyone/coco-2017/validation/data/000000201934.jpg,validation,locked_confirmation,000000201934,6,0.003024,0.8333333333333334,2,False,all_validation
coco-rem,000000202001,/home/felix/fiftyone/coco-2017/validation/data/000000202001.jpg,validation,locked_confirmation,000000202001,3,0.3796095444685466,1.0,3,False,all_validation
coco-rem,000000202228,/home/felix/fiftyone/coco-2017/validation/data/000000202228.jpg,validation,locked_confirmation,000000202228,1,0.17614583333333333,0.0,1,False,all_validation
coco-rem,000000202339,/home/felix/fiftyone/coco-2017/validation/data/000000202339.jpg,validation,locked_confirmation,000000202339,8,0.041300455729166664,0.375,5,False,all_validation
coco-rem,000000202445,/home/felix/fiftyone/coco-2017/validation/data/000000202445.jpg,validation,locked_confirmation,000000202445,2,0.47477999914562774,1.0,2,False,all_validation
coco-rem,000000203095,/home/felix/fiftyone/coco-2017/validation/data/000000203095.jpg,validation,locked_confirmation,000000203095,6,0.0184130859375,0.0,4,False,all_validation
coco-rem,000000203294,/home/felix/fiftyone/coco-2017/validation/data/000000203294.jpg,validation,locked_confirmation,000000203294,15,0.0016145833333333333,0.8,5,False,all_validation
coco-rem,000000203317,/home/felix/fiftyone/coco-2017/validation/data/000000203317.jpg,validation,locked_confirmation,000000203317,1,0.24739479905437353,0.0,1,False,all_validation
coco-rem,000000203389,/home/felix/fiftyone/coco-2017/validation/data/000000203389.jpg,validation,locked_confirmation,000000203389,16,0.027047526041666665,0.9375,3,False,all_validation
coco-rem,000000203488,/home/felix/fiftyone/coco-2017/validation/data/000000203488.jpg,validation,locked_confirmation,000000203488,3,0.06466796875,0.0,2,False,all_validation
coco-rem,000000203546,/home/felix/fiftyone/coco-2017/validation/data/000000203546.jpg,validation,locked_confirmation,000000203546,1,0.23319201312910284,0.0,1,False,all_validation
coco-rem,000000203580,/home/felix/fiftyone/coco-2017/validation/data/000000203580.jpg,validation,locked_confirmation,000000203580,3,0.07595872365339579,0.6666666666666666,3,False,all_validation
coco-rem,000000203629,/home/felix/fiftyone/coco-2017/validation/data/000000203629.jpg,validation,locked_confirmation,000000203629,14,0.01290617681498829,1.0,3,False,all_validation
coco-rem,000000203639,/home/felix/fiftyone/coco-2017/validation/data/000000203639.jpg,validation,locked_confirmation,000000203639,2,0.23233024691358026,1.0,2,False,all_validation
coco-rem,000000203864,/home/felix/fiftyone/coco-2017/validation/data/000000203864.jpg,validation,locked_confirmation,000000203864,5,0.014504837067209776,0.8,3,False,all_validation
coco-rem,000000203931,/home/felix/fiftyone/coco-2017/validation/data/000000203931.jpg,validation,locked_confirmation,000000203931,16,0.004955826518691589,0.3125,4,True,all_validation
coco-rem,000000204186,/home/felix/fiftyone/coco-2017/validation/data/000000204186.jpg,validation,locked_confirmation,000000204186,19,0.007331262183235867,0.5263157894736842,4,True,all_validation
coco-rem,000000204329,/home/felix/fiftyone/coco-2017/validation/data/000000204329.jpg,validation,locked_confirmation,000000204329,9,0.0007647058823529412,0.2222222222222222,2,False,all_validation
coco-rem,000000204871,/home/felix/fiftyone/coco-2017/validation/data/000000204871.jpg,validation,locked_confirmation,000000204871,11,0.005783032167115212,0.6363636363636364,5,False,all_validation
coco-rem,000000205105,/home/felix/fiftyone/coco-2017/validation/data/000000205105.jpg,validation,locked_confirmation,000000205105,14,0.00014237733644859813,0.42857142857142855,3,True,all_validation
coco-rem,000000205282,/home/felix/fiftyone/coco-2017/validation/data/000000205282.jpg,validation,locked_confirmation,000000205282,5,0.0763671875,1.0,1,False,all_validation
coco-rem,000000205289,/home/felix/fiftyone/coco-2017/validation/data/000000205289.jpg,validation,locked_confirmation,000000205289,2,0.09772727272727273,1.0,2,False,all_validation
coco-rem,000000205324,/home/felix/fiftyone/coco-2017/validation/data/000000205324.jpg,validation,locked_confirmation,000000205324,3,0.14053308823529412,0.6666666666666666,2,False,all_validation
coco-rem,000000205333,/home/felix/fiftyone/coco-2017/validation/data/000000205333.jpg,validation,locked_confirmation,000000205333,4,0.00390625,0.5,2,False,all_validation
coco-rem,000000205401,/home/felix/fiftyone/coco-2017/validation/data/000000205401.jpg,validation,locked_confirmation,000000205401,4,0.007745481004901961,1.0,3,False,all_validation
coco-rem,000000205514,/home/felix/fiftyone/coco-2017/validation/data/000000205514.jpg,validation,locked_confirmation,000000205514,26,0.0012984154929577465,0.4230769230769231,7,False,all_validation
coco-rem,000000205542,/home/felix/fiftyone/coco-2017/validation/data/000000205542.jpg,validation,locked_confirmation,000000205542,2,0.530361328125,1.0,2,False,all_validation
coco-rem,000000205647,/home/felix/fiftyone/coco-2017/validation/data/000000205647.jpg,validation,locked_confirmation,000000205647,1,0.1915983606557377,0.0,1,False,all_validation
coco-rem,000000205776,/home/felix/fiftyone/coco-2017/validation/data/000000205776.jpg,validation,locked_confirmation,000000205776,1,0.36476470588235294,0.0,1,False,all_validation
coco-rem,000000205834,/home/felix/fiftyone/coco-2017/validation/data/000000205834.jpg,validation,locked_confirmation,000000205834,2,0.3397707359813084,1.0,2,False,all_validation
coco-rem,000000206025,/home/felix/fiftyone/coco-2017/validation/data/000000206025.jpg,validation,locked_confirmation,000000206025,2,0.47624557783018867,1.0,2,False,all_validation
coco-rem,000000206027,/home/felix/fiftyone/coco-2017/validation/data/000000206027.jpg,validation,locked_confirmation,000000206027,6,0.08442057291666667,1.0,3,False,all_validation
coco-rem,000000206135,/home/felix/fiftyone/coco-2017/validation/data/000000206135.jpg,validation,locked_confirmation,000000206135,5,0.04646987951807229,0.0,2,False,all_validation
coco-rem,000000206218,/home/felix/fiftyone/coco-2017/validation/data/000000206218.jpg,validation,locked_confirmation,000000206218,2,0.1036962890625,1.0,2,False,all_validation
coco-rem,000000206271,/home/felix/fiftyone/coco-2017/validation/data/000000206271.jpg,validation,locked_confirmation,000000206271,2,0.0586687306501548,0.0,1,False,all_validation
coco-rem,000000206411,/home/felix/fiftyone/coco-2017/validation/data/000000206411.jpg,validation,locked_confirmation,000000206411,2,0.2262158203125,0.0,2,False,all_validation
coco-rem,000000206487,/home/felix/fiftyone/coco-2017/validation/data/000000206487.jpg,validation,locked_confirmation,000000206487,8,0.03899088541666667,0.75,5,False,all_validation
coco-rem,000000206579,/home/felix/fiftyone/coco-2017/validation/data/000000206579.jpg,validation,locked_confirmation,000000206579,8,0.07821940104166666,0.75,6,False,all_validation
coco-rem,000000206831,/home/felix/fiftyone/coco-2017/validation/data/000000206831.jpg,validation,locked_confirmation,000000206831,1,0.8575819672131147,0.0,1,False,all_validation
coco-rem,000000206838,/home/felix/fiftyone/coco-2017/validation/data/000000206838.jpg,validation,locked_confirmation,000000206838,4,0.128564453125,1.0,2,False,all_validation
coco-rem,000000206994,/home/felix/fiftyone/coco-2017/validation/data/000000206994.jpg,validation,locked_confirmation,000000206994,2,0.09441415398126464,0.0,2,False,all_validation
coco-rem,000000207306,/home/felix/fiftyone/coco-2017/validation/data/000000207306.jpg,validation,locked_confirmation,000000207306,2,0.11970933333333333,1.0,2,False,all_validation
coco-rem,000000207538,/home/felix/fiftyone/coco-2017/validation/data/000000207538.jpg,validation,locked_confirmation,000000207538,1,0.309824,0.0,1,False,all_validation
coco-rem,000000207585,/home/felix/fiftyone/coco-2017/validation/data/000000207585.jpg,validation,locked_confirmation,000000207585,6,0.1430712890625,1.0,2,False,all_validation
coco-rem,000000207728,/home/felix/fiftyone/coco-2017/validation/data/000000207728.jpg,validation,locked_confirmation,000000207728,2,0.34447050938337803,1.0,1,False,all_validation
coco-rem,000000207844,/home/felix/fiftyone/coco-2017/validation/data/000000207844.jpg,validation,locked_confirmation,000000207844,33,0.0053125,0.6666666666666666,5,True,all_validation
coco-rem,000000208208,/home/felix/fiftyone/coco-2017/validation/data/000000208208.jpg,validation,locked_confirmation,000000208208,1,0.2910514322916667,0.0,1,False,all_validation
coco-rem,000000208363,/home/felix/fiftyone/coco-2017/validation/data/000000208363.jpg,validation,locked_confirmation,000000208363,35,0.008450520833333334,0.8285714285714286,3,True,all_validation
coco-rem,000000208423,/home/felix/fiftyone/coco-2017/validation/data/000000208423.jpg,validation,locked_confirmation,000000208423,46,5.208333333333334e-05,0.0,3,False,all_validation
coco-rem,000000208901,/home/felix/fiftyone/coco-2017/validation/data/000000208901.jpg,validation,locked_confirmation,000000208901,1,0.0933657786885246,0.0,1,False,all_validation
coco-rem,000000209142,/home/felix/fiftyone/coco-2017/validation/data/000000209142.jpg,validation,locked_confirmation,000000209142,33,0.0019301470588235295,1.0,5,False,all_validation
coco-rem,000000209222,/home/felix/fiftyone/coco-2017/validation/data/000000209222.jpg,validation,locked_confirmation,000000209222,19,0.002045521077283372,0.6842105263157895,5,True,all_validation
coco-rem,000000209530,/home/felix/fiftyone/coco-2017/validation/data/000000209530.jpg,validation,locked_confirmation,000000209530,22,0.015546509929906542,0.45454545454545453,7,False,all_validation
coco-rem,000000209613,/home/felix/fiftyone/coco-2017/validation/data/000000209613.jpg,validation,locked_confirmation,000000209613,10,0.012759806791569087,0.2,2,False,all_validation
coco-rem,000000209747,/home/felix/fiftyone/coco-2017/validation/data/000000209747.jpg,validation,locked_confirmation,000000209747,2,0.38325714285714285,1.0,2,False,all_validation
coco-rem,000000209753,/home/felix/fiftyone/coco-2017/validation/data/000000209753.jpg,validation,locked_confirmation,000000209753,3,0.03713865096359743,0.6666666666666666,3,False,all_validation
coco-rem,000000209757,/home/felix/fiftyone/coco-2017/validation/data/000000209757.jpg,validation,locked_confirmation,000000209757,9,0.00292693661971831,0.5555555555555556,2,False,all_validation
coco-rem,000000209829,/home/felix/fiftyone/coco-2017/validation/data/000000209829.jpg,validation,locked_confirmation,000000209829,4,0.004222005208333333,0.0,2,False,all_validation
coco-rem,000000209972,/home/felix/fiftyone/coco-2017/validation/data/000000209972.jpg,validation,locked_confirmation,000000209972,1,0.12040133779264214,0.0,1,False,all_validation
coco-rem,000000210030,/home/felix/fiftyone/coco-2017/validation/data/000000210030.jpg,validation,locked_confirmation,000000210030,3,0.217,1.0,3,False,all_validation
coco-rem,000000210032,/home/felix/fiftyone/coco-2017/validation/data/000000210032.jpg,validation,locked_confirmation,000000210032,15,0.0298589463840399,0.8,8,False,all_validation
coco-rem,000000210099,/home/felix/fiftyone/coco-2017/validation/data/000000210099.jpg,validation,locked_confirmation,000000210099,2,0.5337229902416357,1.0,2,False,all_validation
coco-rem,000000210230,/home/felix/fiftyone/coco-2017/validation/data/000000210230.jpg,validation,locked_confirmation,000000210230,15,0.011898249452954049,0.8,3,False,all_validation
coco-rem,000000210273,/home/felix/fiftyone/coco-2017/validation/data/000000210273.jpg,validation,locked_confirmation,000000210273,41,0.003833235981308411,0.1951219512195122,4,True,all_validation
coco-rem,000000210299,/home/felix/fiftyone/coco-2017/validation/data/000000210299.jpg,validation,locked_confirmation,000000210299,2,0.09340494791666666,1.0,2,False,all_validation
coco-rem,000000210388,/home/felix/fiftyone/coco-2017/validation/data/000000210388.jpg,validation,locked_confirmation,000000210388,4,0.05792987089201878,0.0,2,False,all_validation
coco-rem,000000210394,/home/felix/fiftyone/coco-2017/validation/data/000000210394.jpg,validation,locked_confirmation,000000210394,17,0.0029296875,0.35294117647058826,4,True,all_validation
coco-rem,000000210502,/home/felix/fiftyone/coco-2017/validation/data/000000210502.jpg,validation,locked_confirmation,000000210502,2,0.35081380208333335,0.0,1,False,all_validation
coco-rem,000000210520,/home/felix/fiftyone/coco-2017/validation/data/000000210520.jpg,validation,locked_confirmation,000000210520,16,0.011447253193216284,1.0,8,False,all_validation
coco-rem,000000210708,/home/felix/fiftyone/coco-2017/validation/data/000000210708.jpg,validation,locked_confirmation,000000210708,2,0.31207207207207205,1.0,1,False,all_validation
coco-rem,000000210789,/home/felix/fiftyone/coco-2017/validation/data/000000210789.jpg,validation,locked_confirmation,000000210789,5,0.07588075880758807,0.4,3,False,all_validation
coco-rem,000000210855,/home/felix/fiftyone/coco-2017/validation/data/000000210855.jpg,validation,locked_confirmation,000000210855,5,0.0018552400468384075,0.0,4,False,all_validation
coco-rem,000000210915,/home/felix/fiftyone/coco-2017/validation/data/000000210915.jpg,validation,locked_confirmation,000000210915,2,0.11640299479166667,0.0,2,False,all_validation
coco-rem,000000211042,/home/felix/fiftyone/coco-2017/validation/data/000000211042.jpg,validation,locked_confirmation,000000211042,4,0.07268695414847162,1.0,4,False,all_validation
coco-rem,000000211069,/home/felix/fiftyone/coco-2017/validation/data/000000211069.jpg,validation,locked_confirmation,000000211069,2,0.08632161458333333,0.0,1,False,all_validation
coco-rem,000000211120,/home/felix/fiftyone/coco-2017/validation/data/000000211120.jpg,validation,locked_confirmation,000000211120,6,0.12733550461741425,0.6666666666666666,3,False,all_validation
coco-rem,000000211674,/home/felix/fiftyone/coco-2017/validation/data/000000211674.jpg,validation,locked_confirmation,000000211674,16,0.0023957050492610836,0.625,4,True,all_validation
coco-rem,000000211825,/home/felix/fiftyone/coco-2017/validation/data/000000211825.jpg,validation,locked_confirmation,000000211825,6,0.038238932291666666,0.8333333333333334,4,False,all_validation
coco-rem,000000212072,/home/felix/fiftyone/coco-2017/validation/data/000000212072.jpg,validation,locked_confirmation,000000212072,1,0.11290666666666667,0.0,1,False,all_validation
coco-rem,000000212166,/home/felix/fiftyone/coco-2017/validation/data/000000212166.jpg,validation,locked_confirmation,000000212166,1,0.46414840445982314,0.0,1,False,all_validation
coco-rem,000000212226,/home/felix/fiftyone/coco-2017/validation/data/000000212226.jpg,validation,locked_confirmation,000000212226,2,0.4539671641791045,1.0,2,False,all_validation
coco-rem,000000212453,/home/felix/fiftyone/coco-2017/validation/data/000000212453.jpg,validation,locked_confirmation,000000212453,9,0.015950520833333332,0.0,2,False,all_validation
coco-rem,000000212559,/home/felix/fiftyone/coco-2017/validation/data/000000212559.jpg,validation,locked_confirmation,000000212559,10,0.014710582386363637,0.4,1,False,all_validation
coco-rem,000000212573,/home/felix/fiftyone/coco-2017/validation/data/000000212573.jpg,validation,locked_confirmation,000000212573,15,0.004134056350626118,0.26666666666666666,4,False,all_validation
coco-rem,000000212800,/home/felix/fiftyone/coco-2017/validation/data/000000212800.jpg,validation,locked_confirmation,000000212800,27,0.010787470725995316,0.8518518518518519,3,True,all_validation
coco-rem,000000212895,/home/felix/fiftyone/coco-2017/validation/data/000000212895.jpg,validation,locked_confirmation,000000212895,1,0.22203125,0.0,1,False,all_validation
coco-rem,000000213033,/home/felix/fiftyone/coco-2017/validation/data/000000213033.jpg,validation,locked_confirmation,000000213033,6,0.0039501953125,0.3333333333333333,3,False,all_validation
coco-rem,000000213035,/home/felix/fiftyone/coco-2017/validation/data/000000213035.jpg,validation,locked_confirmation,000000213035,6,0.06372950819672131,0.6666666666666666,3,False,all_validation
coco-rem,000000213086,/home/felix/fiftyone/coco-2017/validation/data/000000213086.jpg,validation,locked_confirmation,000000213086,7,0.0096,0.5714285714285714,4,False,all_validation
coco-rem,000000213171,/home/felix/fiftyone/coco-2017/validation/data/000000213171.jpg,validation,locked_confirmation,000000213171,2,0.089744,1.0,2,False,all_validation
coco-rem,000000213224,/home/felix/fiftyone/coco-2017/validation/data/000000213224.jpg,validation,locked_confirmation,000000213224,6,0.024780444964871196,0.5,3,False,all_validation
coco-rem,000000213255,/home/felix/fiftyone/coco-2017/validation/data/000000213255.jpg,validation,locked_confirmation,000000213255,28,0.0018343098958333334,0.2857142857142857,6,True,all_validation
coco-rem,000000213422,/home/felix/fiftyone/coco-2017/validation/data/000000213422.jpg,validation,locked_confirmation,000000213422,2,0.2207943925233645,0.0,2,False,all_validation
coco-rem,000000213445,/home/felix/fiftyone/coco-2017/validation/data/000000213445.jpg,validation,locked_confirmation,000000213445,14,0.006696078431372549,0.7142857142857143,5,False,all_validation
coco-rem,000000213547,/home/felix/fiftyone/coco-2017/validation/data/000000213547.jpg,validation,locked_confirmation,000000213547,38,0.0010416666666666667,0.9736842105263158,6,False,all_validation
coco-rem,000000213593,/home/felix/fiftyone/coco-2017/validation/data/000000213593.jpg,validation,locked_confirmation,000000213593,10,0.007645613262910798,0.0,4,False,all_validation
coco-rem,000000213605,/home/felix/fiftyone/coco-2017/validation/data/000000213605.jpg,validation,locked_confirmation,000000213605,4,0.03402506510416667,0.5,4,False,all_validation
coco-rem,000000213816,/home/felix/fiftyone/coco-2017/validation/data/000000213816.jpg,validation,locked_confirmation,000000213816,1,0.9208333333333333,0.0,1,False,all_validation
coco-rem,000000213830,/home/felix/fiftyone/coco-2017/validation/data/000000213830.jpg,validation,locked_confirmation,000000213830,10,0.004965603044496487,0.8,4,False,all_validation
coco-rem,000000213935,/home/felix/fiftyone/coco-2017/validation/data/000000213935.jpg,validation,locked_confirmation,000000213935,7,0.10275,0.2857142857142857,2,False,all_validation
coco-rem,000000214192,/home/felix/fiftyone/coco-2017/validation/data/000000214192.jpg,validation,locked_confirmation,000000214192,4,0.06298917717889908,0.5,2,False,all_validation
coco-rem,000000214200,/home/felix/fiftyone/coco-2017/validation/data/000000214200.jpg,validation,locked_confirmation,000000214200,4,0.11568537763466043,0.5,2,False,all_validation
coco-rem,000000214205,/home/felix/fiftyone/coco-2017/validation/data/000000214205.jpg,validation,locked_confirmation,000000214205,1,0.02423120728929385,0.0,1,False,all_validation
coco-rem,000000214224,/home/felix/fiftyone/coco-2017/validation/data/000000214224.jpg,validation,locked_confirmation,000000214224,8,0.016753878805620608,0.25,3,False,all_validation
coco-rem,000000214539,/home/felix/fiftyone/coco-2017/validation/data/000000214539.jpg,validation,locked_confirmation,000000214539,16,0.007752122365339578,0.625,3,True,all_validation
coco-rem,000000214703,/home/felix/fiftyone/coco-2017/validation/data/000000214703.jpg,validation,locked_confirmation,000000214703,4,0.015260904566744731,1.0,2,False,all_validation
coco-rem,000000214720,/home/felix/fiftyone/coco-2017/validation/data/000000214720.jpg,validation,locked_confirmation,000000214720,11,0.040362666666666665,0.5454545454545454,7,False,all_validation
coco-rem,000000214753,/home/felix/fiftyone/coco-2017/validation/data/000000214753.jpg,validation,locked_confirmation,000000214753,4,0.029134728773584907,0.5,2,False,all_validation
coco-rem,000000214869,/home/felix/fiftyone/coco-2017/validation/data/000000214869.jpg,validation,locked_confirmation,000000214869,2,0.569345703125,1.0,2,False,all_validation
coco-rem,000000215072,/home/felix/fiftyone/coco-2017/validation/data/000000215072.jpg,validation,locked_confirmation,000000215072,9,0.06021687915742794,0.4444444444444444,6,False,all_validation
coco-rem,000000215114,/home/felix/fiftyone/coco-2017/validation/data/000000215114.jpg,validation,locked_confirmation,000000215114,7,0.013911382299270072,1.0,3,False,all_validation
coco-rem,000000215245,/home/felix/fiftyone/coco-2017/validation/data/000000215245.jpg,validation,locked_confirmation,000000215245,8,0.019440104166666666,0.375,1,False,all_validation
coco-rem,000000215259,/home/felix/fiftyone/coco-2017/validation/data/000000215259.jpg,validation,locked_confirmation,000000215259,8,0.002625,0.875,3,False,all_validation
coco-rem,000000215644,/home/felix/fiftyone/coco-2017/validation/data/000000215644.jpg,validation,locked_confirmation,000000215644,10,0.0050618489583333336,0.5,4,False,all_validation
coco-rem,000000215723,/home/felix/fiftyone/coco-2017/validation/data/000000215723.jpg,validation,locked_confirmation,000000215723,6,0.08425455729166667,0.8333333333333334,5,False,all_validation
coco-rem,000000215778,/home/felix/fiftyone/coco-2017/validation/data/000000215778.jpg,validation,locked_confirmation,000000215778,19,0.007223360655737705,0.9473684210526315,5,False,all_validation
coco-rem,000000216277,/home/felix/fiftyone/coco-2017/validation/data/000000216277.jpg,validation,locked_confirmation,000000216277,3,0.09703125,0.0,3,False,all_validation
coco-rem,000000216296,/home/felix/fiftyone/coco-2017/validation/data/000000216296.jpg,validation,locked_confirmation,000000216296,5,0.03700234192037471,0.8,3,False,all_validation
coco-rem,000000216419,/home/felix/fiftyone/coco-2017/validation/data/000000216419.jpg,validation,locked_confirmation,000000216419,2,0.03869613222698073,0.0,2,False,all_validation
coco-rem,000000216497,/home/felix/fiftyone/coco-2017/validation/data/000000216497.jpg,validation,locked_confirmation,000000216497,8,0.0379150390625,0.625,6,False,all_validation
coco-rem,000000216516,/home/felix/fiftyone/coco-2017/validation/data/000000216516.jpg,validation,locked_confirmation,000000216516,3,0.07197265625,0.0,2,False,all_validation
coco-rem,000000216636,/home/felix/fiftyone/coco-2017/validation/data/000000216636.jpg,validation,locked_confirmation,000000216636,1,0.5845103922716628,0.0,1,False,all_validation
coco-rem,000000216739,/home/felix/fiftyone/coco-2017/validation/data/000000216739.jpg,validation,locked_confirmation,000000216739,4,0.004195330796252927,1.0,2,False,all_validation
coco-rem,000000217060,/home/felix/fiftyone/coco-2017/validation/data/000000217060.jpg,validation,locked_confirmation,000000217060,1,0.019272017045454545,0.0,1,False,all_validation
coco-rem,000000217219,/home/felix/fiftyone/coco-2017/validation/data/000000217219.jpg,validation,locked_confirmation,000000217219,1,0.8495821727019499,0.0,1,False,all_validation
coco-rem,000000217285,/home/felix/fiftyone/coco-2017/validation/data/000000217285.jpg,validation,locked_confirmation,000000217285,24,0.006271955503512881,0.25,4,True,all_validation
coco-rem,000000217400,/home/felix/fiftyone/coco-2017/validation/data/000000217400.jpg,validation,locked_confirmation,000000217400,3,0.0020768229166666665,1.0,2,False,all_validation
coco-rem,000000217425,/home/felix/fiftyone/coco-2017/validation/data/000000217425.jpg,validation,locked_confirmation,000000217425,1,0.061328125,0.0,1,False,all_validation
coco-rem,000000217614,/home/felix/fiftyone/coco-2017/validation/data/000000217614.jpg,validation,locked_confirmation,000000217614,1,0.041630859375,0.0,1,False,all_validation
coco-rem,000000217753,/home/felix/fiftyone/coco-2017/validation/data/000000217753.jpg,validation,locked_confirmation,000000217753,49,0.0065625,0.0,2,False,all_validation
coco-rem,000000217872,/home/felix/fiftyone/coco-2017/validation/data/000000217872.jpg,validation,locked_confirmation,000000217872,2,0.04486526946107784,1.0,2,False,all_validation
coco-rem,000000217948,/home/felix/fiftyone/coco-2017/validation/data/000000217948.jpg,validation,locked_confirmation,000000217948,3,0.2998125,0.0,1,False,all_validation
coco-rem,000000217957,/home/felix/fiftyone/coco-2017/validation/data/000000217957.jpg,validation,locked_confirmation,000000217957,1,0.034208984375,0.0,1,False,all_validation
coco-rem,000000218091,/home/felix/fiftyone/coco-2017/validation/data/000000218091.jpg,validation,locked_confirmation,000000218091,6,0.031322843822843824,0.0,5,False,all_validation
coco-rem,000000218249,/home/felix/fiftyone/coco-2017/validation/data/000000218249.jpg,validation,locked_confirmation,000000218249,2,0.5429998536299766,1.0,2,False,all_validation
coco-rem,000000218362,/home/felix/fiftyone/coco-2017/validation/data/000000218362.jpg,validation,locked_confirmation,000000218362,8,0.03727992957746479,0.0,1,False,all_validation
coco-rem,000000218424,/home/felix/fiftyone/coco-2017/validation/data/000000218424.jpg,validation,locked_confirmation,000000218424,4,0.15924641927083333,0.5,1,False,all_validation
coco-rem,000000218439,/home/felix/fiftyone/coco-2017/validation/data/000000218439.jpg,validation,locked_confirmation,000000218439,13,0.002802734375,0.8461538461538461,6,False,all_validation
coco-rem,000000218997,/home/felix/fiftyone/coco-2017/validation/data/000000218997.jpg,validation,locked_confirmation,000000218997,28,0.0007875301446945337,0.42857142857142855,3,False,all_validation
coco-rem,000000219271,/home/felix/fiftyone/coco-2017/validation/data/000000219271.jpg,validation,locked_confirmation,000000219271,18,0.0054742857142857145,0.3888888888888889,2,True,all_validation
coco-rem,000000219283,/home/felix/fiftyone/coco-2017/validation/data/000000219283.jpg,validation,locked_confirmation,000000219283,5,0.010032,0.0,3,False,all_validation
coco-rem,000000219440,/home/felix/fiftyone/coco-2017/validation/data/000000219440.jpg,validation,locked_confirmation,000000219440,5,0.14705105633802817,0.8,1,False,all_validation
coco-rem,000000219485,/home/felix/fiftyone/coco-2017/validation/data/000000219485.jpg,validation,locked_confirmation,000000219485,1,0.014695645734597156,0.0,1,False,all_validation
coco-rem,000000219578,/home/felix/fiftyone/coco-2017/validation/data/000000219578.jpg,validation,locked_confirmation,000000219578,4,0.31807486826697895,1.0,3,False,all_validation
coco-rem,000000220310,/home/felix/fiftyone/coco-2017/validation/data/000000220310.jpg,validation,locked_confirmation,000000220310,2,0.20184384384384385,0.0,2,False,all_validation
coco-rem,000000220584,/home/felix/fiftyone/coco-2017/validation/data/000000220584.jpg,validation,locked_confirmation,000000220584,2,0.042762002341920374,0.0,2,False,all_validation
coco-rem,000000220732,/home/felix/fiftyone/coco-2017/validation/data/000000220732.jpg,validation,locked_confirmation,000000220732,8,0.0252294921875,0.625,4,False,all_validation
coco-rem,000000220764,/home/felix/fiftyone/coco-2017/validation/data/000000220764.jpg,validation,locked_confirmation,000000220764,4,0.0008105240046838407,1.0,3,False,all_validation
coco-rem,000000220858,/home/felix/fiftyone/coco-2017/validation/data/000000220858.jpg,validation,locked_confirmation,000000220858,9,0.0007847411444141689,0.0,3,False,all_validation
coco-rem,000000221017,/home/felix/fiftyone/coco-2017/validation/data/000000221017.jpg,validation,locked_confirmation,000000221017,1,0.12502278645833334,0.0,1,False,all_validation
coco-rem,000000221155,/home/felix/fiftyone/coco-2017/validation/data/000000221155.jpg,validation,locked_confirmation,000000221155,2,0.03518524169921875,0.0,1,False,all_validation
coco-rem,000000221213,/home/felix/fiftyone/coco-2017/validation/data/000000221213.jpg,validation,locked_confirmation,000000221213,2,0.5363509114583334,1.0,1,False,all_validation
coco-rem,000000221281,/home/felix/fiftyone/coco-2017/validation/data/000000221281.jpg,validation,locked_confirmation,000000221281,3,0.08095403899721448,1.0,1,False,all_validation
coco-rem,000000221291,/home/felix/fiftyone/coco-2017/validation/data/000000221291.jpg,validation,locked_confirmation,000000221291,2,0.05317910447761194,0.0,2,False,all_validation
coco-rem,000000221502,/home/felix/fiftyone/coco-2017/validation/data/000000221502.jpg,validation,locked_confirmation,000000221502,2,0.25784912109375,0.0,2,False,all_validation
coco-rem,000000221693,/home/felix/fiftyone/coco-2017/validation/data/000000221693.jpg,validation,locked_confirmation,000000221693,2,0.373259609741784,0.0,2,False,all_validation
coco-rem,000000221708,/home/felix/fiftyone/coco-2017/validation/data/000000221708.jpg,validation,locked_confirmation,000000221708,9,0.02748046875,0.4444444444444444,6,False,all_validation
coco-rem,000000221754,/home/felix/fiftyone/coco-2017/validation/data/000000221754.jpg,validation,locked_confirmation,000000221754,14,0.0009221311475409836,0.0,4,False,all_validation
coco-rem,000000221872,/home/felix/fiftyone/coco-2017/validation/data/000000221872.jpg,validation,locked_confirmation,000000221872,8,0.16226946721311475,0.5,3,False,all_validation
coco-rem,000000222094,/home/felix/fiftyone/coco-2017/validation/data/000000222094.jpg,validation,locked_confirmation,000000222094,9,0.00448,0.0,3,False,all_validation
coco-rem,000000222118,/home/felix/fiftyone/coco-2017/validation/data/000000222118.jpg,validation,locked_confirmation,000000222118,3,0.06962090163934426,1.0,3,False,all_validation
coco-rem,000000222235,/home/felix/fiftyone/coco-2017/validation/data/000000222235.jpg,validation,locked_confirmation,000000222235,2,0.13719994145199063,0.0,2,False,all_validation
coco-rem,000000222299,/home/felix/fiftyone/coco-2017/validation/data/000000222299.jpg,validation,locked_confirmation,000000222299,8,0.015445333333333333,1.0,5,False,all_validation
coco-rem,000000222317,/home/felix/fiftyone/coco-2017/validation/data/000000222317.jpg,validation,locked_confirmation,000000222317,3,0.065625,0.6666666666666666,3,False,all_validation
coco-rem,000000222455,/home/felix/fiftyone/coco-2017/validation/data/000000222455.jpg,validation,locked_confirmation,000000222455,3,0.30910120039301126,1.0,2,False,all_validation
coco-rem,000000222458,/home/felix/fiftyone/coco-2017/validation/data/000000222458.jpg,validation,locked_confirmation,000000222458,11,0.0015330188679245284,0.18181818181818182,3,False,all_validation
coco-rem,000000222559,/home/felix/fiftyone/coco-2017/validation/data/000000222559.jpg,validation,locked_confirmation,000000222559,25,0.0012030516431924883,0.32,3,True,all_validation
coco-rem,000000222735,/home/felix/fiftyone/coco-2017/validation/data/000000222735.jpg,validation,locked_confirmation,000000222735,5,0.16884229957805907,0.8,5,False,all_validation
coco-rem,000000222825,/home/felix/fiftyone/coco-2017/validation/data/000000222825.jpg,validation,locked_confirmation,000000222825,3,0.10164666276346604,0.0,3,False,all_validation
coco-rem,000000222863,/home/felix/fiftyone/coco-2017/validation/data/000000222863.jpg,validation,locked_confirmation,000000222863,1,0.36839139344262295,0.0,1,False,all_validation
coco-rem,000000222991,/home/felix/fiftyone/coco-2017/validation/data/000000222991.jpg,validation,locked_confirmation,000000222991,1,0.108486328125,0.0,1,False,all_validation
coco-rem,000000223090,/home/felix/fiftyone/coco-2017/validation/data/000000223090.jpg,validation,locked_confirmation,000000223090,4,0.030309244791666665,0.5,2,False,all_validation
coco-rem,000000223130,/home/felix/fiftyone/coco-2017/validation/data/000000223130.jpg,validation,locked_confirmation,000000223130,1,0.2902169117647059,0.0,1,False,all_validation
coco-rem,000000223182,/home/felix/fiftyone/coco-2017/validation/data/000000223182.jpg,validation,locked_confirmation,000000223182,12,0.05838464219330855,0.6666666666666666,5,False,all_validation
coco-rem,000000223188,/home/felix/fiftyone/coco-2017/validation/data/000000223188.jpg,validation,locked_confirmation,000000223188,3,0.632988144028103,1.0,3,False,all_validation
coco-rem,000000223738,/home/felix/fiftyone/coco-2017/validation/data/000000223738.jpg,validation,locked_confirmation,000000223738,7,0.02729692429022082,0.2857142857142857,3,False,all_validation
coco-rem,000000223747,/home/felix/fiftyone/coco-2017/validation/data/000000223747.jpg,validation,locked_confirmation,000000223747,3,0.3156054054054054,1.0,3,False,all_validation
coco-rem,000000223789,/home/felix/fiftyone/coco-2017/validation/data/000000223789.jpg,validation,locked_confirmation,000000223789,3,0.009890173410404624,0.0,2,False,all_validation
coco-rem,000000223955,/home/felix/fiftyone/coco-2017/validation/data/000000223955.jpg,validation,locked_confirmation,000000223955,2,0.14809609609609609,1.0,2,False,all_validation
coco-rem,000000223959,/home/felix/fiftyone/coco-2017/validation/data/000000223959.jpg,validation,locked_confirmation,000000223959,2,0.172724609375,1.0,2,False,all_validation
coco-rem,000000224051,/home/felix/fiftyone/coco-2017/validation/data/000000224051.jpg,validation,locked_confirmation,000000224051,3,0.013033002336448598,0.0,2,False,all_validation
coco-rem,000000224093,/home/felix/fiftyone/coco-2017/validation/data/000000224093.jpg,validation,locked_confirmation,000000224093,9,0.002056962025316456,0.0,1,False,all_validation
coco-rem,000000224119,/home/felix/fiftyone/coco-2017/validation/data/000000224119.jpg,validation,locked_confirmation,000000224119,12,0.0024448529411764705,0.16666666666666666,2,False,all_validation
coco-rem,000000224200,/home/felix/fiftyone/coco-2017/validation/data/000000224200.jpg,validation,locked_confirmation,000000224200,2,0.218819580078125,0.0,2,False,all_validation
coco-rem,000000224222,/home/felix/fiftyone/coco-2017/validation/data/000000224222.jpg,validation,locked_confirmation,000000224222,4,0.016142165492957748,0.0,2,False,all_validation
coco-rem,000000224337,/home/felix/fiftyone/coco-2017/validation/data/000000224337.jpg,validation,locked_confirmation,000000224337,5,0.0740998243559719,0.4,2,False,all_validation
coco-rem,000000224664,/home/felix/fiftyone/coco-2017/validation/data/000000224664.jpg,validation,locked_confirmation,000000224664,15,0.00026041666666666666,0.13333333333333333,2,False,all_validation
coco-rem,000000224675,/home/felix/fiftyone/coco-2017/validation/data/000000224675.jpg,validation,locked_confirmation,000000224675,5,0.211825,1.0,3,False,all_validation
coco-rem,000000224724,/home/felix/fiftyone/coco-2017/validation/data/000000224724.jpg,validation,locked_confirmation,000000224724,11,0.0030924479166666665,0.8181818181818182,4,False,all_validation
coco-rem,000000224807,/home/felix/fiftyone/coco-2017/validation/data/000000224807.jpg,validation,locked_confirmation,000000224807,45,0.0040741822429906545,0.9111111111111111,8,True,all_validation
coco-rem,000000225184,/home/felix/fiftyone/coco-2017/validation/data/000000225184.jpg,validation,locked_confirmation,000000225184,4,0.010376777899343544,0.0,2,False,all_validation
coco-rem,000000225405,/home/felix/fiftyone/coco-2017/validation/data/000000225405.jpg,validation,locked_confirmation,000000225405,4,0.0955994559447983,0.0,2,False,all_validation
coco-rem,000000225532,/home/felix/fiftyone/coco-2017/validation/data/000000225532.jpg,validation,locked_confirmation,000000225532,8,0.0016106666666666667,0.0,1,False,all_validation
coco-rem,000000225670,/home/felix/fiftyone/coco-2017/validation/data/000000225670.jpg,validation,locked_confirmation,000000225670,15,0.000859923887587822,0.0,3,True,all_validation
coco-rem,000000225757,/home/felix/fiftyone/coco-2017/validation/data/000000225757.jpg,validation,locked_confirmation,000000225757,9,0.05385286103542234,0.0,6,False,all_validation
coco-rem,000000225946,/home/felix/fiftyone/coco-2017/validation/data/000000225946.jpg,validation,locked_confirmation,000000225946,2,0.062010664146868254,0.0,2,False,all_validation
coco-rem,000000226058,/home/felix/fiftyone/coco-2017/validation/data/000000226058.jpg,validation,locked_confirmation,000000226058,3,0.19264973958333334,1.0,2,False,all_validation
coco-rem,000000226111,/home/felix/fiftyone/coco-2017/validation/data/000000226111.jpg,validation,locked_confirmation,000000226111,0,,0.0,0,False,all_validation
coco-rem,000000226130,/home/felix/fiftyone/coco-2017/validation/data/000000226130.jpg,validation,locked_confirmation,000000226130,4,0.3571687940140845,1.0,3,False,all_validation
coco-rem,000000226147,/home/felix/fiftyone/coco-2017/validation/data/000000226147.jpg,validation,locked_confirmation,000000226147,23,0.014765625,0.9565217391304348,14,False,all_validation
coco-rem,000000226154,/home/felix/fiftyone/coco-2017/validation/data/000000226154.jpg,validation,locked_confirmation,000000226154,6,0.008499753451676528,0.8333333333333334,3,False,all_validation
coco-rem,000000226171,/home/felix/fiftyone/coco-2017/validation/data/000000226171.jpg,validation,locked_confirmation,000000226171,9,0.02822265625,0.2222222222222222,6,False,all_validation
coco-rem,000000226408,/home/felix/fiftyone/coco-2017/validation/data/000000226408.jpg,validation,locked_confirmation,000000226408,3,0.33728011727078894,0.6666666666666666,3,False,all_validation
coco-rem,000000226417,/home/felix/fiftyone/coco-2017/validation/data/000000226417.jpg,validation,locked_confirmation,000000226417,25,0.006492492492492493,0.72,8,False,all_validation
coco-rem,000000226592,/home/felix/fiftyone/coco-2017/validation/data/000000226592.jpg,validation,locked_confirmation,000000226592,1,0.6607747395833333,0.0,1,False,all_validation
coco-rem,000000226662,/home/felix/fiftyone/coco-2017/validation/data/000000226662.jpg,validation,locked_confirmation,000000226662,4,0.28519246688741723,1.0,2,False,all_validation
coco-rem,000000226802,/home/felix/fiftyone/coco-2017/validation/data/000000226802.jpg,validation,locked_confirmation,000000226802,22,0.001755642361111111,0.45454545454545453,4,True,all_validation
coco-rem,000000226883,/home/felix/fiftyone/coco-2017/validation/data/000000226883.jpg,validation,locked_confirmation,000000226883,1,0.03544921875,0.0,1,False,all_validation
coco-rem,000000226903,/home/felix/fiftyone/coco-2017/validation/data/000000226903.jpg,validation,locked_confirmation,000000226903,23,0.0037109375,0.6956521739130435,8,True,all_validation
coco-rem,000000226984,/home/felix/fiftyone/coco-2017/validation/data/000000226984.jpg,validation,locked_confirmation,000000226984,25,0.0007684426229508197,0.32,10,False,all_validation
coco-rem,000000227044,/home/felix/fiftyone/coco-2017/validation/data/000000227044.jpg,validation,locked_confirmation,000000227044,7,0.00837890625,0.7142857142857143,5,False,all_validation
coco-rem,000000227187,/home/felix/fiftyone/coco-2017/validation/data/000000227187.jpg,validation,locked_confirmation,000000227187,13,0.0076171875,0.15384615384615385,2,False,all_validation
coco-rem,000000227399,/home/felix/fiftyone/coco-2017/validation/data/000000227399.jpg,validation,locked_confirmation,000000227399,24,0.005170513485477178,0.8333333333333334,7,True,all_validation
coco-rem,000000227478,/home/felix/fiftyone/coco-2017/validation/data/000000227478.jpg,validation,locked_confirmation,000000227478,7,0.05705078125,0.7142857142857143,3,False,all_validation
coco-rem,000000227482,/home/felix/fiftyone/coco-2017/validation/data/000000227482.jpg,validation,locked_confirmation,000000227482,2,0.2104736328125,1.0,2,False,all_validation
coco-rem,000000227491,/home/felix/fiftyone/coco-2017/validation/data/000000227491.jpg,validation,locked_confirmation,000000227491,5,0.0052734375,0.8,5,False,all_validation
coco-rem,000000227511,/home/felix/fiftyone/coco-2017/validation/data/000000227511.jpg,validation,locked_confirmation,000000227511,7,0.001248,0.2857142857142857,2,False,all_validation
coco-rem,000000227686,/home/felix/fiftyone/coco-2017/validation/data/000000227686.jpg,validation,locked_confirmation,000000227686,1,0.5226507611241218,0.0,1,False,all_validation
coco-rem,000000227765,/home/felix/fiftyone/coco-2017/validation/data/000000227765.jpg,validation,locked_confirmation,000000227765,7,0.002197265625,0.2857142857142857,2,True,all_validation
coco-rem,000000227898,/home/felix/fiftyone/coco-2017/validation/data/000000227898.jpg,validation,locked_confirmation,000000227898,8,0.014132517688679245,0.25,4,False,all_validation
coco-rem,000000227985,/home/felix/fiftyone/coco-2017/validation/data/000000227985.jpg,validation,locked_confirmation,000000227985,4,0.36220703125,1.0,3,False,all_validation
coco-rem,000000228144,/home/felix/fiftyone/coco-2017/validation/data/000000228144.jpg,validation,locked_confirmation,000000228144,4,0.18464642018779343,0.5,2,False,all_validation
coco-rem,000000228214,/home/felix/fiftyone/coco-2017/validation/data/000000228214.jpg,validation,locked_confirmation,000000228214,8,0.027551354895104897,0.875,4,False,all_validation
coco-rem,000000228436,/home/felix/fiftyone/coco-2017/validation/data/000000228436.jpg,validation,locked_confirmation,000000228436,28,0.0016333762886597937,0.5357142857142857,3,True,all_validation
coco-rem,000000228771,/home/felix/fiftyone/coco-2017/validation/data/000000228771.jpg,validation,locked_confirmation,000000228771,0,,0.0,0,False,all_validation
coco-rem,000000228942,/home/felix/fiftyone/coco-2017/validation/data/000000228942.jpg,validation,locked_confirmation,000000228942,17,0.0028996865203761756,0.7647058823529411,4,False,all_validation
coco-rem,000000228981,/home/felix/fiftyone/coco-2017/validation/data/000000228981.jpg,validation,locked_confirmation,000000228981,2,0.07679850260416667,0.0,1,False,all_validation
coco-rem,000000229111,/home/felix/fiftyone/coco-2017/validation/data/000000229111.jpg,validation,locked_confirmation,000000229111,3,0.11879466666666667,1.0,2,False,all_validation
coco-rem,000000229216,/home/felix/fiftyone/coco-2017/validation/data/000000229216.jpg,validation,locked_confirmation,000000229216,3,0.4816791373239437,1.0,2,False,all_validation
coco-rem,000000229221,/home/felix/fiftyone/coco-2017/validation/data/000000229221.jpg,validation,locked_confirmation,000000229221,2,0.2118193793911007,1.0,1,False,all_validation
coco-rem,000000229311,/home/felix/fiftyone/coco-2017/validation/data/000000229311.jpg,validation,locked_confirmation,000000229311,5,0.0030826666666666667,0.4,4,False,all_validation
coco-rem,000000229358,/home/felix/fiftyone/coco-2017/validation/data/000000229358.jpg,validation,locked_confirmation,000000229358,12,0.004259013002364066,0.5,8,False,all_validation
coco-rem,000000229553,/home/felix/fiftyone/coco-2017/validation/data/000000229553.jpg,validation,locked_confirmation,000000229553,2,0.2723232581967213,0.0,2,False,all_validation
coco-rem,000000229601,/home/felix/fiftyone/coco-2017/validation/data/000000229601.jpg,validation,locked_confirmation,000000229601,11,0.003556791569086651,0.7272727272727273,2,False,all_validation
coco-rem,000000229659,/home/felix/fiftyone/coco-2017/validation/data/000000229659.jpg,validation,locked_confirmation,000000229659,28,0.0018017578125,0.32142857142857145,6,True,all_validation
coco-rem,000000229747,/home/felix/fiftyone/coco-2017/validation/data/000000229747.jpg,validation,locked_confirmation,000000229747,1,0.10527379852125693,0.0,1,False,all_validation
coco-rem,000000229753,/home/felix/fiftyone/coco-2017/validation/data/000000229753.jpg,validation,locked_confirmation,000000229753,2,0.13878256733021077,0.0,1,False,all_validation
coco-rem,000000229849,/home/felix/fiftyone/coco-2017/validation/data/000000229849.jpg,validation,locked_confirmation,000000229849,27,0.006879391100702576,0.48148148148148145,3,True,all_validation
coco-rem,000000229858,/home/felix/fiftyone/coco-2017/validation/data/000000229858.jpg,validation,locked_confirmation,000000229858,2,0.07305461711711712,0.0,1,False,all_validation
coco-rem,000000229948,/home/felix/fiftyone/coco-2017/validation/data/000000229948.jpg,validation,locked_confirmation,000000229948,18,0.003763872663551402,0.6111111111111112,4,False,all_validation
coco-rem,000000229997,/home/felix/fiftyone/coco-2017/validation/data/000000229997.jpg,validation,locked_confirmation,000000229997,6,0.03545081967213115,0.0,2,False,all_validation
coco-rem,000000230008,/home/felix/fiftyone/coco-2017/validation/data/000000230008.jpg,validation,locked_confirmation,000000230008,4,0.15459635416666667,1.0,3,False,all_validation
coco-rem,000000230166,/home/felix/fiftyone/coco-2017/validation/data/000000230166.jpg,validation,locked_confirmation,000000230166,21,0.007359813084112149,0.7619047619047619,1,False,all_validation
coco-rem,000000230362,/home/felix/fiftyone/coco-2017/validation/data/000000230362.jpg,validation,locked_confirmation,000000230362,13,0.005413179916317992,0.46153846153846156,1,False,all_validation
coco-rem,000000230450,/home/felix/fiftyone/coco-2017/validation/data/000000230450.jpg,validation,locked_confirmation,000000230450,12,0.0034212239583333334,0.3333333333333333,4,False,all_validation
coco-rem,000000230819,/home/felix/fiftyone/coco-2017/validation/data/000000230819.jpg,validation,locked_confirmation,000000230819,2,0.01943901909722222,0.0,2,False,all_validation
coco-rem,000000230983,/home/felix/fiftyone/coco-2017/validation/data/000000230983.jpg,validation,locked_confirmation,000000230983,7,0.0038444767441860464,0.5714285714285714,3,False,all_validation
coco-rem,000000230993,/home/felix/fiftyone/coco-2017/validation/data/000000230993.jpg,validation,locked_confirmation,000000230993,6,0.12065142463235294,0.3333333333333333,3,False,all_validation
coco-rem,000000231088,/home/felix/fiftyone/coco-2017/validation/data/000000231088.jpg,validation,locked_confirmation,000000231088,6,0.10850551470588235,0.0,1,False,all_validation
coco-rem,000000231097,/home/felix/fiftyone/coco-2017/validation/data/000000231097.jpg,validation,locked_confirmation,000000231097,10,0.035804036458333334,1.0,5,False,all_validation
coco-rem,000000231125,/home/felix/fiftyone/coco-2017/validation/data/000000231125.jpg,validation,locked_confirmation,000000231125,15,0.005077333333333333,0.0,2,False,all_validation
coco-rem,000000231169,/home/felix/fiftyone/coco-2017/validation/data/000000231169.jpg,validation,locked_confirmation,000000231169,1,0.27588794052863436,0.0,1,False,all_validation
coco-rem,000000231237,/home/felix/fiftyone/coco-2017/validation/data/000000231237.jpg,validation,locked_confirmation,000000231237,2,0.33900898203592816,1.0,2,False,all_validation
coco-rem,000000231339,/home/felix/fiftyone/coco-2017/validation/data/000000231339.jpg,validation,locked_confirmation,000000231339,3,0.2315625,1.0,3,False,all_validation
coco-rem,000000231508,/home/felix/fiftyone/coco-2017/validation/data/000000231508.jpg,validation,locked_confirmation,000000231508,29,0.004501492537313433,0.5172413793103449,6,True,all_validation
coco-rem,000000231527,/home/felix/fiftyone/coco-2017/validation/data/000000231527.jpg,validation,locked_confirmation,000000231527,9,0.07804449648711943,0.8888888888888888,4,False,all_validation
coco-rem,000000231549,/home/felix/fiftyone/coco-2017/validation/data/000000231549.jpg,validation,locked_confirmation,000000231549,3,0.00369140625,0.0,3,False,all_validation
coco-rem,000000231580,/home/felix/fiftyone/coco-2017/validation/data/000000231580.jpg,validation,locked_confirmation,000000231580,10,0.0531591796875,0.2,4,False,all_validation
coco-rem,000000231747,/home/felix/fiftyone/coco-2017/validation/data/000000231747.jpg,validation,locked_confirmation,000000231747,16,0.009048828125,0.375,4,False,all_validation
coco-rem,000000231822,/home/felix/fiftyone/coco-2017/validation/data/000000231822.jpg,validation,locked_confirmation,000000231822,14,0.03879778393351801,1.0,10,False,all_validation
coco-rem,000000231831,/home/felix/fiftyone/coco-2017/validation/data/000000231831.jpg,validation,locked_confirmation,000000231831,8,0.021259420478170477,0.75,5,False,all_validation
coco-rem,000000231879,/home/felix/fiftyone/coco-2017/validation/data/000000231879.jpg,validation,locked_confirmation,000000231879,9,0.08934859154929578,0.7777777777777778,4,False,all_validation
coco-rem,000000232088,/home/felix/fiftyone/coco-2017/validation/data/000000232088.jpg,validation,locked_confirmation,000000232088,7,0.017252604166666668,0.2857142857142857,7,False,all_validation
coco-rem,000000232244,/home/felix/fiftyone/coco-2017/validation/data/000000232244.jpg,validation,locked_confirmation,000000232244,1,0.86272,0.0,1,False,all_validation
coco-rem,000000232348,/home/felix/fiftyone/coco-2017/validation/data/000000232348.jpg,validation,locked_confirmation,000000232348,1,0.28177290836653385,0.0,1,False,all_validation
coco-rem,000000232489,/home/felix/fiftyone/coco-2017/validation/data/000000232489.jpg,validation,locked_confirmation,000000232489,3,0.6434375,1.0,2,False,all_validation
coco-rem,000000232538,/home/felix/fiftyone/coco-2017/validation/data/000000232538.jpg,validation,locked_confirmation,000000232538,4,0.0059244791666666664,0.0,3,False,all_validation
coco-rem,000000232563,/home/felix/fiftyone/coco-2017/validation/data/000000232563.jpg,validation,locked_confirmation,000000232563,5,0.15522135416666666,0.0,3,False,all_validation
coco-rem,000000232646,/home/felix/fiftyone/coco-2017/validation/data/000000232646.jpg,validation,locked_confirmation,000000232646,1,0.027825927734375,0.0,1,False,all_validation
coco-rem,000000232649,/home/felix/fiftyone/coco-2017/validation/data/000000232649.jpg,validation,locked_confirmation,000000232649,3,0.162288,0.0,3,False,all_validation
coco-rem,000000232684,/home/felix/fiftyone/coco-2017/validation/data/000000232684.jpg,validation,locked_confirmation,000000232684,3,0.20313231850117097,0.6666666666666666,3,False,all_validation
coco-rem,000000232692,/home/felix/fiftyone/coco-2017/validation/data/000000232692.jpg,validation,locked_confirmation,000000232692,9,0.0068198529411764705,0.4444444444444444,2,False,all_validation
coco-rem,000000233033,/home/felix/fiftyone/coco-2017/validation/data/000000233033.jpg,validation,locked_confirmation,000000233033,8,0.03382161458333333,0.25,4,False,all_validation
coco-rem,000000233139,/home/felix/fiftyone/coco-2017/validation/data/000000233139.jpg,validation,locked_confirmation,000000233139,2,0.08123536299765809,0.0,1,False,all_validation
coco-rem,000000233238,/home/felix/fiftyone/coco-2017/validation/data/000000233238.jpg,validation,locked_confirmation,000000233238,25,0.0319921875,0.92,6,False,all_validation
coco-rem,000000233370,/home/felix/fiftyone/coco-2017/validation/data/000000233370.jpg,validation,locked_confirmation,000000233370,2,0.19852715163934426,0.0,2,False,all_validation
coco-rem,000000233567,/home/felix/fiftyone/coco-2017/validation/data/000000233567.jpg,validation,locked_confirmation,000000233567,6,0.0409228515625,0.8333333333333334,1,False,all_validation
coco-rem,000000233727,/home/felix/fiftyone/coco-2017/validation/data/000000233727.jpg,validation,locked_confirmation,000000233727,19,0.003926375878220141,0.2631578947368421,4,False,all_validation
coco-rem,000000233771,/home/felix/fiftyone/coco-2017/validation/data/000000233771.jpg,validation,locked_confirmation,000000233771,17,0.0285546875,0.7647058823529411,5,False,all_validation
coco-rem,000000233825,/home/felix/fiftyone/coco-2017/validation/data/000000233825.jpg,validation,locked_confirmation,000000233825,20,0.0007356770833333333,0.1,6,True,all_validation
coco-rem,000000234366,/home/felix/fiftyone/coco-2017/validation/data/000000234366.jpg,validation,locked_confirmation,000000234366,2,0.002607421875,0.0,1,False,all_validation
coco-rem,000000234413,/home/felix/fiftyone/coco-2017/validation/data/000000234413.jpg,validation,locked_confirmation,000000234413,1,0.3861002604166667,0.0,1,False,all_validation
coco-rem,000000234526,/home/felix/fiftyone/coco-2017/validation/data/000000234526.jpg,validation,locked_confirmation,000000234526,11,0.00020825323593489682,0.0,2,False,all_validation
coco-rem,000000234607,/home/felix/fiftyone/coco-2017/validation/data/000000234607.jpg,validation,locked_confirmation,000000234607,5,0.004010666666666667,1.0,2,False,all_validation
coco-rem,000000234660,/home/felix/fiftyone/coco-2017/validation/data/000000234660.jpg,validation,locked_confirmation,000000234660,2,0.4390787760416667,1.0,1,False,all_validation
coco-rem,000000234757,/home/felix/fiftyone/coco-2017/validation/data/000000234757.jpg,validation,locked_confirmation,000000234757,3,0.0123046875,0.0,2,False,all_validation
coco-rem,000000234779,/home/felix/fiftyone/coco-2017/validation/data/000000234779.jpg,validation,locked_confirmation,000000234779,3,0.30410567915690867,0.6666666666666666,2,False,all_validation
coco-rem,000000234807,/home/felix/fiftyone/coco-2017/validation/data/000000234807.jpg,validation,locked_confirmation,000000234807,3,0.053469967532467536,0.0,1,False,all_validation
coco-rem,000000235057,/home/felix/fiftyone/coco-2017/validation/data/000000235057.jpg,validation,locked_confirmation,000000235057,1,0.4578450520833333,0.0,1,False,all_validation
coco-rem,000000235064,/home/felix/fiftyone/coco-2017/validation/data/000000235064.jpg,validation,locked_confirmation,000000235064,1,0.39197265625,0.0,1,False,all_validation
coco-rem,000000235241,/home/felix/fiftyone/coco-2017/validation/data/000000235241.jpg,validation,locked_confirmation,000000235241,7,0.050256147540983606,0.42857142857142855,3,False,all_validation
coco-rem,000000235252,/home/felix/fiftyone/coco-2017/validation/data/000000235252.jpg,validation,locked_confirmation,000000235252,3,0.037661007025761126,0.6666666666666666,1,False,all_validation
coco-rem,000000235399,/home/felix/fiftyone/coco-2017/validation/data/000000235399.jpg,validation,locked_confirmation,000000235399,3,0.04285866666666667,1.0,3,False,all_validation
coco-rem,000000235778,/home/felix/fiftyone/coco-2017/validation/data/000000235778.jpg,validation,locked_confirmation,000000235778,12,0.029708364243323442,0.3333333333333333,2,False,all_validation
coco-rem,000000235784,/home/felix/fiftyone/coco-2017/validation/data/000000235784.jpg,validation,locked_confirmation,000000235784,2,0.058084831154684095,0.0,2,False,all_validation
coco-rem,000000235836,/home/felix/fiftyone/coco-2017/validation/data/000000235836.jpg,validation,locked_confirmation,000000235836,6,0.05950124414519906,0.0,4,False,all_validation
coco-rem,000000235857,/home/felix/fiftyone/coco-2017/validation/data/000000235857.jpg,validation,locked_confirmation,000000235857,3,0.15299295774647886,0.0,1,False,all_validation
coco-rem,000000236166,/home/felix/fiftyone/coco-2017/validation/data/000000236166.jpg,validation,locked_confirmation,000000236166,2,0.6812224911971831,1.0,2,False,all_validation
coco-rem,000000236308,/home/felix/fiftyone/coco-2017/validation/data/000000236308.jpg,validation,locked_confirmation,000000236308,9,0.003082540760869565,0.8888888888888888,3,False,all_validation
coco-rem,000000236412,/home/felix/fiftyone/coco-2017/validation/data/000000236412.jpg,validation,locked_confirmation,000000236412,4,0.3902294921875,1.0,3,False,all_validation
coco-rem,000000236426,/home/felix/fiftyone/coco-2017/validation/data/000000236426.jpg,validation,locked_confirmation,000000236426,19,0.0053758741258741255,0.6842105263157895,4,True,all_validation
coco-rem,000000236592,/home/felix/fiftyone/coco-2017/validation/data/000000236592.jpg,validation,locked_confirmation,000000236592,2,0.44313151041666665,0.0,2,False,all_validation
coco-rem,000000236599,/home/felix/fiftyone/coco-2017/validation/data/000000236599.jpg,validation,locked_confirmation,000000236599,19,0.00661271676300578,0.10526315789473684,2,False,all_validation
coco-rem,000000236690,/home/felix/fiftyone/coco-2017/validation/data/000000236690.jpg,validation,locked_confirmation,000000236690,1,0.20290178571428572,0.0,1,False,all_validation
coco-rem,000000236721,/home/felix/fiftyone/coco-2017/validation/data/000000236721.jpg,validation,locked_confirmation,000000236721,11,0.03111328125,0.0,4,False,all_validation
coco-rem,000000236730,/home/felix/fiftyone/coco-2017/validation/data/000000236730.jpg,validation,locked_confirmation,000000236730,1,0.7402083333333334,0.0,1,False,all_validation
coco-rem,000000236784,/home/felix/fiftyone/coco-2017/validation/data/000000236784.jpg,validation,locked_confirmation,000000236784,3,0.185895,1.0,2,False,all_validation
coco-rem,000000236845,/home/felix/fiftyone/coco-2017/validation/data/000000236845.jpg,validation,locked_confirmation,000000236845,3,0.016666666666666666,0.6666666666666666,2,False,all_validation
coco-rem,000000236914,/home/felix/fiftyone/coco-2017/validation/data/000000236914.jpg,validation,locked_confirmation,000000236914,5,0.15996659242761693,0.4,4,False,all_validation
coco-rem,000000237071,/home/felix/fiftyone/coco-2017/validation/data/000000237071.jpg,validation,locked_confirmation,000000237071,3,0.02775175644028103,0.6666666666666666,3,False,all_validation
coco-rem,000000237118,/home/felix/fiftyone/coco-2017/validation/data/000000237118.jpg,validation,locked_confirmation,000000237118,3,0.10478717672413793,1.0,3,False,all_validation
coco-rem,000000237316,/home/felix/fiftyone/coco-2017/validation/data/000000237316.jpg,validation,locked_confirmation,000000237316,2,0.06794133333333334,0.0,2,False,all_validation
coco-rem,000000237517,/home/felix/fiftyone/coco-2017/validation/data/000000237517.jpg,validation,locked_confirmation,000000237517,9,0.05755753138075314,0.8888888888888888,6,False,all_validation
coco-rem,000000237864,/home/felix/fiftyone/coco-2017/validation/data/000000237864.jpg,validation,locked_confirmation,000000237864,2,0.09623713235294118,0.0,2,False,all_validation
coco-rem,000000237928,/home/felix/fiftyone/coco-2017/validation/data/000000237928.jpg,validation,locked_confirmation,000000237928,4,0.06047763949671772,0.0,3,False,all_validation
coco-rem,000000237984,/home/felix/fiftyone/coco-2017/validation/data/000000237984.jpg,validation,locked_confirmation,000000237984,2,0.33089505269320846,1.0,2,False,all_validation
coco-rem,000000238013,/home/felix/fiftyone/coco-2017/validation/data/000000238013.jpg,validation,locked_confirmation,000000238013,4,0.00907185628742515,0.5,3,False,all_validation
coco-rem,000000238039,/home/felix/fiftyone/coco-2017/validation/data/000000238039.jpg,validation,locked_confirmation,000000238039,1,0.174560546875,0.0,1,False,all_validation
coco-rem,000000238410,/home/felix/fiftyone/coco-2017/validation/data/000000238410.jpg,validation,locked_confirmation,000000238410,38,0.0075439453125,0.9210526315789473,8,True,all_validation
coco-rem,000000238866,/home/felix/fiftyone/coco-2017/validation/data/000000238866.jpg,validation,locked_confirmation,000000238866,32,0.02341970387243736,0.0,1,False,all_validation
coco-rem,000000239041,/home/felix/fiftyone/coco-2017/validation/data/000000239041.jpg,validation,locked_confirmation,000000239041,4,0.0242827868852459,0.5,4,False,all_validation
coco-rem,000000239274,/home/felix/fiftyone/coco-2017/validation/data/000000239274.jpg,validation,locked_confirmation,000000239274,14,0.001285499139414802,0.9285714285714286,2,False,all_validation
coco-rem,000000239318,/home/felix/fiftyone/coco-2017/validation/data/000000239318.jpg,validation,locked_confirmation,000000239318,4,0.1488,0.75,3,False,all_validation
coco-rem,000000239347,/home/felix/fiftyone/coco-2017/validation/data/000000239347.jpg,validation,locked_confirmation,000000239347,4,0.089130859375,1.0,3,False,all_validation
coco-rem,000000239537,/home/felix/fiftyone/coco-2017/validation/data/000000239537.jpg,validation,locked_confirmation,000000239537,3,0.013245412844036698,0.6666666666666666,3,False,all_validation
coco-rem,000000239627,/home/felix/fiftyone/coco-2017/validation/data/000000239627.jpg,validation,locked_confirmation,000000239627,11,0.02030884074941452,1.0,5,False,all_validation
coco-rem,000000239717,/home/felix/fiftyone/coco-2017/validation/data/000000239717.jpg,validation,locked_confirmation,000000239717,9,0.019584837545126355,1.0,2,False,all_validation
coco-rem,000000239773,/home/felix/fiftyone/coco-2017/validation/data/000000239773.jpg,validation,locked_confirmation,000000239773,6,0.04448546511627907,0.6666666666666666,4,False,all_validation
coco-rem,000000239843,/home/felix/fiftyone/coco-2017/validation/data/000000239843.jpg,validation,locked_confirmation,000000239843,1,0.09258666666666666,0.0,1,False,all_validation
coco-rem,000000239857,/home/felix/fiftyone/coco-2017/validation/data/000000239857.jpg,validation,locked_confirmation,000000239857,19,0.0053813813813813815,0.3684210526315789,4,True,all_validation
coco-rem,000000240023,/home/felix/fiftyone/coco-2017/validation/data/000000240023.jpg,validation,locked_confirmation,000000240023,9,0.009182942708333334,0.2222222222222222,4,False,all_validation
coco-rem,000000240049,/home/felix/fiftyone/coco-2017/validation/data/000000240049.jpg,validation,locked_confirmation,000000240049,4,0.19866490610328638,0.75,2,False,all_validation
coco-rem,000000240250,/home/felix/fiftyone/coco-2017/validation/data/000000240250.jpg,validation,locked_confirmation,000000240250,22,0.021078965355205263,0.8181818181818182,7,False,all_validation
coco-rem,000000240754,/home/felix/fiftyone/coco-2017/validation/data/000000240754.jpg,validation,locked_confirmation,000000240754,3,0.1509404274004684,0.0,1,False,all_validation
coco-rem,000000240767,/home/felix/fiftyone/coco-2017/validation/data/000000240767.jpg,validation,locked_confirmation,000000240767,0,,0.0,0,False,all_validation
coco-rem,000000240940,/home/felix/fiftyone/coco-2017/validation/data/000000240940.jpg,validation,locked_confirmation,000000240940,16,0.0031736694677871147,0.5,5,False,all_validation
coco-rem,000000241297,/home/felix/fiftyone/coco-2017/validation/data/000000241297.jpg,validation,locked_confirmation,000000241297,1,0.26680782710280376,0.0,1,False,all_validation
coco-rem,000000241319,/home/felix/fiftyone/coco-2017/validation/data/000000241319.jpg,validation,locked_confirmation,000000241319,10,0.02366235556722689,0.5,5,False,all_validation
coco-rem,000000241326,/home/felix/fiftyone/coco-2017/validation/data/000000241326.jpg,validation,locked_confirmation,000000241326,3,0.15995733333333334,0.6666666666666666,3,False,all_validation
coco-rem,000000241602,/home/felix/fiftyone/coco-2017/validation/data/000000241602.jpg,validation,locked_confirmation,000000241602,7,0.002576112412177986,0.5714285714285714,5,False,all_validation
coco-rem,000000241668,/home/felix/fiftyone/coco-2017/validation/data/000000241668.jpg,validation,locked_confirmation,000000241668,6,0.03618376358695652,0.8333333333333334,5,False,all_validation
coco-rem,000000241677,/home/felix/fiftyone/coco-2017/validation/data/000000241677.jpg,validation,locked_confirmation,000000241677,16,0.00685546875,0.0,2,False,all_validation
coco-rem,000000242060,/home/felix/fiftyone/coco-2017/validation/data/000000242060.jpg,validation,locked_confirmation,000000242060,16,0.025995710784313727,1.0,4,False,all_validation
coco-rem,000000242287,/home/felix/fiftyone/coco-2017/validation/data/000000242287.jpg,validation,locked_confirmation,000000242287,1,0.26349031690140845,0.0,1,False,all_validation
coco-rem,000000242411,/home/felix/fiftyone/coco-2017/validation/data/000000242411.jpg,validation,locked_confirmation,000000242411,10,0.010670327240566038,0.2,5,False,all_validation
coco-rem,000000242678,/home/felix/fiftyone/coco-2017/validation/data/000000242678.jpg,validation,locked_confirmation,000000242678,2,0.029721608627858626,1.0,2,False,all_validation
coco-rem,000000242724,/home/felix/fiftyone/coco-2017/validation/data/000000242724.jpg,validation,locked_confirmation,000000242724,4,0.10668294270833334,1.0,2,False,all_validation
coco-rem,000000242934,/home/felix/fiftyone/coco-2017/validation/data/000000242934.jpg,validation,locked_confirmation,000000242934,16,0.0005022026431718062,0.25,5,False,all_validation
coco-rem,000000242946,/home/felix/fiftyone/coco-2017/validation/data/000000242946.jpg,validation,locked_confirmation,000000242946,48,0.0048177083333333336,0.8541666666666666,7,False,all_validation
coco-rem,000000243034,/home/felix/fiftyone/coco-2017/validation/data/000000243034.jpg,validation,locked_confirmation,000000243034,11,0.0005927985948477752,0.0,2,False,all_validation
coco-rem,000000243075,/home/felix/fiftyone/coco-2017/validation/data/000000243075.jpg,validation,locked_confirmation,000000243075,1,0.7197698516579407,0.0,1,False,all_validation
coco-rem,000000243148,/home/felix/fiftyone/coco-2017/validation/data/000000243148.jpg,validation,locked_confirmation,000000243148,4,0.33134114583333335,1.0,2,False,all_validation
coco-rem,000000243199,/home/felix/fiftyone/coco-2017/validation/data/000000243199.jpg,validation,locked_confirmation,000000243199,2,0.5691981981981982,0.0,2,False,all_validation
coco-rem,000000243204,/home/felix/fiftyone/coco-2017/validation/data/000000243204.jpg,validation,locked_confirmation,000000243204,4,0.16229166666666667,0.75,4,False,all_validation
coco-rem,000000243344,/home/felix/fiftyone/coco-2017/validation/data/000000243344.jpg,validation,locked_confirmation,000000243344,2,0.22008951822916667,0.0,2,False,all_validation
coco-rem,000000243495,/home/felix/fiftyone/coco-2017/validation/data/000000243495.jpg,validation,locked_confirmation,000000243495,1,0.25214933333333334,0.0,1,False,all_validation
coco-rem,000000243626,/home/felix/fiftyone/coco-2017/validation/data/000000243626.jpg,validation,locked_confirmation,000000243626,2,0.08075315687772436,0.0,2,False,all_validation
coco-rem,000000243867,/home/felix/fiftyone/coco-2017/validation/data/000000243867.jpg,validation,locked_confirmation,000000243867,4,0.09745363609813085,0.75,3,False,all_validation
coco-rem,000000243989,/home/felix/fiftyone/coco-2017/validation/data/000000243989.jpg,validation,locked_confirmation,000000243989,8,0.08060958904109589,0.625,2,False,all_validation
coco-rem,000000244019,/home/felix/fiftyone/coco-2017/validation/data/000000244019.jpg,validation,locked_confirmation,000000244019,1,0.06760440835266822,0.0,1,False,all_validation
coco-rem,000000244099,/home/felix/fiftyone/coco-2017/validation/data/000000244099.jpg,validation,locked_confirmation,000000244099,2,0.024118355724299066,1.0,2,False,all_validation
coco-rem,000000244181,/home/felix/fiftyone/coco-2017/validation/data/000000244181.jpg,validation,locked_confirmation,000000244181,5,0.2847135416666667,1.0,3,False,all_validation
coco-rem,000000244379,/home/felix/fiftyone/coco-2017/validation/data/000000244379.jpg,validation,locked_confirmation,000000244379,7,4.040948275862069e-05,0.0,2,False,all_validation
coco-rem,000000244411,/home/felix/fiftyone/coco-2017/validation/data/000000244411.jpg,validation,locked_confirmation,000000244411,10,0.0007486979166666667,0.2,1,False,all_validation
coco-rem,000000244496,/home/felix/fiftyone/coco-2017/validation/data/000000244496.jpg,validation,locked_confirmation,000000244496,2,0.4602173913043478,1.0,2,False,all_validation
coco-rem,000000244592,/home/felix/fiftyone/coco-2017/validation/data/000000244592.jpg,validation,locked_confirmation,000000244592,3,0.09959893048128342,0.0,1,False,all_validation
coco-rem,000000244750,/home/felix/fiftyone/coco-2017/validation/data/000000244750.jpg,validation,locked_confirmation,000000244750,9,0.029333333333333333,0.2222222222222222,4,False,all_validation
coco-rem,000000244833,/home/felix/fiftyone/coco-2017/validation/data/000000244833.jpg,validation,locked_confirmation,000000244833,20,0.027975321261682243,1.0,4,True,all_validation
coco-rem,000000245026,/home/felix/fiftyone/coco-2017/validation/data/000000245026.jpg,validation,locked_confirmation,000000245026,6,0.07009876179245284,0.3333333333333333,6,False,all_validation
coco-rem,000000245102,/home/felix/fiftyone/coco-2017/validation/data/000000245102.jpg,validation,locked_confirmation,000000245102,1,0.003201844262295082,0.0,1,False,all_validation
coco-rem,000000245173,/home/felix/fiftyone/coco-2017/validation/data/000000245173.jpg,validation,locked_confirmation,000000245173,3,0.004137369791666666,0.0,2,False,all_validation
coco-rem,000000245311,/home/felix/fiftyone/coco-2017/validation/data/000000245311.jpg,validation,locked_confirmation,000000245311,21,0.002565786663249178,0.8571428571428571,4,True,all_validation
coco-rem,000000245320,/home/felix/fiftyone/coco-2017/validation/data/000000245320.jpg,validation,locked_confirmation,000000245320,4,0.017484153891509435,0.5,3,False,all_validation
coco-rem,000000245448,/home/felix/fiftyone/coco-2017/validation/data/000000245448.jpg,validation,locked_confirmation,000000245448,11,0.011197916666666667,0.9090909090909091,3,False,all_validation
coco-rem,000000245513,/home/felix/fiftyone/coco-2017/validation/data/000000245513.jpg,validation,locked_confirmation,000000245513,4,0.001968503937007874,0.0,3,False,all_validation
coco-rem,000000245576,/home/felix/fiftyone/coco-2017/validation/data/000000245576.jpg,validation,locked_confirmation,000000245576,6,0.0922603283898305,0.5,6,False,all_validation
coco-rem,000000245651,/home/felix/fiftyone/coco-2017/validation/data/000000245651.jpg,validation,locked_confirmation,000000245651,2,0.7981733333333333,1.0,2,False,all_validation
coco-rem,000000245764,/home/felix/fiftyone/coco-2017/validation/data/000000245764.jpg,validation,locked_confirmation,000000245764,2,0.3768701171875,1.0,2,False,all_validation
coco-rem,000000245915,/home/felix/fiftyone/coco-2017/validation/data/000000245915.jpg,validation,locked_confirmation,000000245915,16,0.021345345345345344,0.1875,1,False,all_validation
coco-rem,000000246308,/home/felix/fiftyone/coco-2017/validation/data/000000246308.jpg,validation,locked_confirmation,000000246308,6,0.025657552083333333,0.3333333333333333,5,False,all_validation
coco-rem,000000246436,/home/felix/fiftyone/coco-2017/validation/data/000000246436.jpg,validation,locked_confirmation,000000246436,7,0.017369791666666665,1.0,6,False,all_validation
coco-rem,000000246454,/home/felix/fiftyone/coco-2017/validation/data/000000246454.jpg,validation,locked_confirmation,000000246454,5,0.27685546875,1.0,3,False,all_validation
coco-rem,000000246522,/home/felix/fiftyone/coco-2017/validation/data/000000246522.jpg,validation,locked_confirmation,000000246522,1,0.004852166276346604,0.0,1,False,all_validation
coco-rem,000000246883,/home/felix/fiftyone/coco-2017/validation/data/000000246883.jpg,validation,locked_confirmation,000000246883,4,0.016087239583333333,0.0,2,False,all_validation
coco-rem,000000246963,/home/felix/fiftyone/coco-2017/validation/data/000000246963.jpg,validation,locked_confirmation,000000246963,11,0.021328125,0.7272727272727273,3,False,all_validation
coco-rem,000000246968,/home/felix/fiftyone/coco-2017/validation/data/000000246968.jpg,validation,locked_confirmation,000000246968,23,0.00254088785046729,0.391304347826087,13,False,all_validation
coco-rem,000000247806,/home/felix/fiftyone/coco-2017/validation/data/000000247806.jpg,validation,locked_confirmation,000000247806,1,0.0062890625,0.0,1,False,all_validation
coco-rem,000000247838,/home/felix/fiftyone/coco-2017/validation/data/000000247838.jpg,validation,locked_confirmation,000000247838,12,0.002360294117647059,0.0,1,False,all_validation
coco-rem,000000247917,/home/felix/fiftyone/coco-2017/validation/data/000000247917.jpg,validation,locked_confirmation,000000247917,16,0.05101002819428425,0.875,2,False,all_validation
coco-rem,000000248111,/home/felix/fiftyone/coco-2017/validation/data/000000248111.jpg,validation,locked_confirmation,000000248111,6,0.0059206674473067916,0.0,6,False,all_validation
coco-rem,000000248112,/home/felix/fiftyone/coco-2017/validation/data/000000248112.jpg,validation,locked_confirmation,000000248112,4,0.003668619791666667,0.0,2,False,all_validation
coco-rem,000000248284,/home/felix/fiftyone/coco-2017/validation/data/000000248284.jpg,validation,locked_confirmation,000000248284,6,0.020402151639344262,0.3333333333333333,4,False,all_validation
coco-rem,000000248314,/home/felix/fiftyone/coco-2017/validation/data/000000248314.jpg,validation,locked_confirmation,000000248314,8,0.031640625,0.25,7,False,all_validation
coco-rem,000000248334,/home/felix/fiftyone/coco-2017/validation/data/000000248334.jpg,validation,locked_confirmation,000000248334,10,0.0025253333333333334,1.0,2,False,all_validation
coco-rem,000000248400,/home/felix/fiftyone/coco-2017/validation/data/000000248400.jpg,validation,locked_confirmation,000000248400,4,0.033793179156908666,0.5,4,False,all_validation
coco-rem,000000248616,/home/felix/fiftyone/coco-2017/validation/data/000000248616.jpg,validation,locked_confirmation,000000248616,7,0.020930913348946135,1.0,3,False,all_validation
coco-rem,000000248631,/home/felix/fiftyone/coco-2017/validation/data/000000248631.jpg,validation,locked_confirmation,000000248631,3,0.10328776041666667,0.6666666666666666,3,False,all_validation
coco-rem,000000248752,/home/felix/fiftyone/coco-2017/validation/data/000000248752.jpg,validation,locked_confirmation,000000248752,2,0.24050666666666667,1.0,2,False,all_validation
coco-rem,000000248810,/home/felix/fiftyone/coco-2017/validation/data/000000248810.jpg,validation,locked_confirmation,000000248810,2,0.202624,1.0,2,False,all_validation
coco-rem,000000248980,/home/felix/fiftyone/coco-2017/validation/data/000000248980.jpg,validation,locked_confirmation,000000248980,14,0.01512,0.0,2,False,all_validation
coco-rem,000000249025,/home/felix/fiftyone/coco-2017/validation/data/000000249025.jpg,validation,locked_confirmation,000000249025,1,0.2398477157360406,0.0,1,False,all_validation
coco-rem,000000249129,/home/felix/fiftyone/coco-2017/validation/data/000000249129.jpg,validation,locked_confirmation,000000249129,17,0.03381147540983607,0.5882352941176471,6,False,all_validation
coco-rem,000000249180,/home/felix/fiftyone/coco-2017/validation/data/000000249180.jpg,validation,locked_confirmation,000000249180,4,0.0057248975409836065,0.5,2,False,all_validation
coco-rem,000000249219,/home/felix/fiftyone/coco-2017/validation/data/000000249219.jpg,validation,locked_confirmation,000000249219,1,0.3739333246346555,0.0,1,False,all_validation
coco-rem,000000249550,/home/felix/fiftyone/coco-2017/validation/data/000000249550.jpg,validation,locked_confirmation,000000249550,3,0.0494110843373494,0.0,2,False,all_validation
coco-rem,000000249643,/home/felix/fiftyone/coco-2017/validation/data/000000249643.jpg,validation,locked_confirmation,000000249643,3,0.04209598698481562,0.6666666666666666,2,False,all_validation
coco-rem,000000249786,/home/felix/fiftyone/coco-2017/validation/data/000000249786.jpg,validation,locked_confirmation,000000249786,18,0.0003559433411214953,0.5,2,False,all_validation
coco-rem,000000250127,/home/felix/fiftyone/coco-2017/validation/data/000000250127.jpg,validation,locked_confirmation,000000250127,6,0.118046875,1.0,5,False,all_validation
coco-rem,000000250137,/home/felix/fiftyone/coco-2017/validation/data/000000250137.jpg,validation,locked_confirmation,000000250137,14,0.02288248697916667,0.8571428571428571,4,False,all_validation
coco-rem,000000250205,/home/felix/fiftyone/coco-2017/validation/data/000000250205.jpg,validation,locked_confirmation,000000250205,2,0.10453022428884026,0.0,1,False,all_validation
coco-rem,000000250282,/home/felix/fiftyone/coco-2017/validation/data/000000250282.jpg,validation,locked_confirmation,000000250282,34,0.0007665786384976526,0.38235294117647056,2,True,all_validation
coco-rem,000000250619,/home/felix/fiftyone/coco-2017/validation/data/000000250619.jpg,validation,locked_confirmation,000000250619,7,0.007510395010395011,1.0,4,False,all_validation
coco-rem,000000250758,/home/felix/fiftyone/coco-2017/validation/data/000000250758.jpg,validation,locked_confirmation,000000250758,2,0.18251302083333334,0.0,1,False,all_validation
coco-rem,000000250766,/home/felix/fiftyone/coco-2017/validation/data/000000250766.jpg,validation,locked_confirmation,000000250766,5,0.40741463414634144,1.0,5,False,all_validation
coco-rem,000000250901,/home/felix/fiftyone/coco-2017/validation/data/000000250901.jpg,validation,locked_confirmation,000000250901,6,0.09662925469483569,0.3333333333333333,3,False,all_validation
coco-rem,000000251065,/home/felix/fiftyone/coco-2017/validation/data/000000251065.jpg,validation,locked_confirmation,000000251065,1,0.29412109375,0.0,1,False,all_validation
coco-rem,000000251119,/home/felix/fiftyone/coco-2017/validation/data/000000251119.jpg,validation,locked_confirmation,000000251119,1,0.31808,0.0,1,False,all_validation
coco-rem,000000251140,/home/felix/fiftyone/coco-2017/validation/data/000000251140.jpg,validation,locked_confirmation,000000251140,5,0.07861333333333333,1.0,3,False,all_validation
coco-rem,000000251537,/home/felix/fiftyone/coco-2017/validation/data/000000251537.jpg,validation,locked_confirmation,000000251537,2,0.234781494140625,0.0,2,False,all_validation
coco-rem,000000251572,/home/felix/fiftyone/coco-2017/validation/data/000000251572.jpg,validation,locked_confirmation,000000251572,3,0.48639231220657275,1.0,3,False,all_validation
coco-rem,000000251824,/home/felix/fiftyone/coco-2017/validation/data/000000251824.jpg,validation,locked_confirmation,000000251824,4,0.052096,1.0,3,False,all_validation
coco-rem,000000252216,/home/felix/fiftyone/coco-2017/validation/data/000000252216.jpg,validation,locked_confirmation,000000252216,1,0.3556086244541485,0.0,1,False,all_validation
coco-rem,000000252219,/home/felix/fiftyone/coco-2017/validation/data/000000252219.jpg,validation,locked_confirmation,000000252219,9,0.013142523364485981,0.6666666666666666,6,False,all_validation
coco-rem,000000252294,/home/felix/fiftyone/coco-2017/validation/data/000000252294.jpg,validation,locked_confirmation,000000252294,5,0.374816,0.8,3,False,all_validation
coco-rem,000000252332,/home/felix/fiftyone/coco-2017/validation/data/000000252332.jpg,validation,locked_confirmation,000000252332,1,0.6620833333333334,0.0,1,False,all_validation
coco-rem,000000252507,/home/felix/fiftyone/coco-2017/validation/data/000000252507.jpg,validation,locked_confirmation,000000252507,3,0.013738666666666666,0.6666666666666666,2,False,all_validation
coco-rem,000000252559,/home/felix/fiftyone/coco-2017/validation/data/000000252559.jpg,validation,locked_confirmation,000000252559,13,0.005091145833333333,0.6153846153846154,1,False,all_validation
coco-rem,000000252701,/home/felix/fiftyone/coco-2017/validation/data/000000252701.jpg,validation,locked_confirmation,000000252701,4,0.05001860119047619,0.5,2,False,all_validation
coco-rem,000000252716,/home/felix/fiftyone/coco-2017/validation/data/000000252716.jpg,validation,locked_confirmation,000000252716,4,0.006066607981220658,0.0,2,False,all_validation
coco-rem,000000252776,/home/felix/fiftyone/coco-2017/validation/data/000000252776.jpg,validation,locked_confirmation,000000252776,5,0.08277885765550239,0.6,3,False,all_validation
coco-rem,000000253002,/home/felix/fiftyone/coco-2017/validation/data/000000253002.jpg,validation,locked_confirmation,000000253002,1,0.9953161592505855,0.0,1,False,all_validation
coco-rem,000000253386,/home/felix/fiftyone/coco-2017/validation/data/000000253386.jpg,validation,locked_confirmation,000000253386,3,0.16005405405405404,0.0,2,False,all_validation
coco-rem,000000253433,/home/felix/fiftyone/coco-2017/validation/data/000000253433.jpg,validation,locked_confirmation,000000253433,2,0.796396484375,1.0,2,False,all_validation
coco-rem,000000253452,/home/felix/fiftyone/coco-2017/validation/data/000000253452.jpg,validation,locked_confirmation,000000253452,14,0.024081205985915493,1.0,8,True,all_validation
coco-rem,000000253695,/home/felix/fiftyone/coco-2017/validation/data/000000253695.jpg,validation,locked_confirmation,000000253695,2,0.36243779274004684,1.0,2,False,all_validation
coco-rem,000000253742,/home/felix/fiftyone/coco-2017/validation/data/000000253742.jpg,validation,locked_confirmation,000000253742,29,0.012890625,0.6551724137931034,4,True,all_validation
coco-rem,000000253819,/home/felix/fiftyone/coco-2017/validation/data/000000253819.jpg,validation,locked_confirmation,000000253819,2,0.1744840456674473,1.0,2,False,all_validation
coco-rem,000000253835,/home/felix/fiftyone/coco-2017/validation/data/000000253835.jpg,validation,locked_confirmation,000000253835,10,0.009611002604166667,0.6,6,False,all_validation
coco-rem,000000254016,/home/felix/fiftyone/coco-2017/validation/data/000000254016.jpg,validation,locked_confirmation,000000254016,15,0.0033203125,0.13333333333333333,3,True,all_validation
coco-rem,000000254368,/home/felix/fiftyone/coco-2017/validation/data/000000254368.jpg,validation,locked_confirmation,000000254368,2,0.6614457110969387,1.0,2,False,all_validation
coco-rem,000000254516,/home/felix/fiftyone/coco-2017/validation/data/000000254516.jpg,validation,locked_confirmation,000000254516,11,0.04870828454332553,0.36363636363636365,3,False,all_validation
coco-rem,000000254814,/home/felix/fiftyone/coco-2017/validation/data/000000254814.jpg,validation,locked_confirmation,000000254814,45,0.002392578125,0.2222222222222222,8,True,all_validation
coco-rem,000000255165,/home/felix/fiftyone/coco-2017/validation/data/000000255165.jpg,validation,locked_confirmation,000000255165,22,0.004599609375,0.36363636363636365,6,True,all_validation
coco-rem,000000255401,/home/felix/fiftyone/coco-2017/validation/data/000000255401.jpg,validation,locked_confirmation,000000255401,5,0.07651923076923077,0.0,3,False,all_validation
coco-rem,000000255483,/home/felix/fiftyone/coco-2017/validation/data/000000255483.jpg,validation,locked_confirmation,000000255483,3,0.24849557522123894,1.0,3,False,all_validation
coco-rem,000000255536,/home/felix/fiftyone/coco-2017/validation/data/000000255536.jpg,validation,locked_confirmation,000000255536,8,0.022034375,0.625,4,False,all_validation
coco-rem,000000255664,/home/felix/fiftyone/coco-2017/validation/data/000000255664.jpg,validation,locked_confirmation,000000255664,2,0.184208,0.0,2,False,all_validation
coco-rem,000000255718,/home/felix/fiftyone/coco-2017/validation/data/000000255718.jpg,validation,locked_confirmation,000000255718,1,0.4993033854166667,0.0,1,False,all_validation
coco-rem,000000255747,/home/felix/fiftyone/coco-2017/validation/data/000000255747.jpg,validation,locked_confirmation,000000255747,3,0.47099609375,1.0,2,False,all_validation
coco-rem,000000255749,/home/felix/fiftyone/coco-2017/validation/data/000000255749.jpg,validation,locked_confirmation,000000255749,5,0.009286556603773585,0.8,2,False,all_validation
coco-rem,000000255824,/home/felix/fiftyone/coco-2017/validation/data/000000255824.jpg,validation,locked_confirmation,000000255824,4,0.23279288702928871,0.75,3,False,all_validation
coco-rem,000000255912,/home/felix/fiftyone/coco-2017/validation/data/000000255912.jpg,validation,locked_confirmation,000000255912,5,0.12856458913649024,1.0,4,False,all_validation
coco-rem,000000255917,/home/felix/fiftyone/coco-2017/validation/data/000000255917.jpg,validation,locked_confirmation,000000255917,21,0.0030737704918032786,0.5238095238095238,3,False,all_validation
coco-rem,000000255965,/home/felix/fiftyone/coco-2017/validation/data/000000255965.jpg,validation,locked_confirmation,000000255965,1,0.4615266393442623,0.0,1,False,all_validation
coco-rem,000000256192,/home/felix/fiftyone/coco-2017/validation/data/000000256192.jpg,validation,locked_confirmation,000000256192,21,0.0034993489583333335,0.7142857142857143,3,True,all_validation
coco-rem,000000256195,/home/felix/fiftyone/coco-2017/validation/data/000000256195.jpg,validation,locked_confirmation,000000256195,1,0.5105971896955503,0.0,1,False,all_validation
coco-rem,000000256407,/home/felix/fiftyone/coco-2017/validation/data/000000256407.jpg,validation,locked_confirmation,000000256407,13,0.004899088541666667,1.0,2,False,all_validation
coco-rem,000000256518,/home/felix/fiftyone/coco-2017/validation/data/000000256518.jpg,validation,locked_confirmation,000000256518,9,0.06932218309859155,0.8888888888888888,6,False,all_validation
coco-rem,000000256775,/home/felix/fiftyone/coco-2017/validation/data/000000256775.jpg,validation,locked_confirmation,000000256775,8,0.005056966145833334,0.25,2,False,all_validation
coco-rem,000000256868,/home/felix/fiftyone/coco-2017/validation/data/000000256868.jpg,validation,locked_confirmation,000000256868,12,0.009657929322429907,0.5,3,False,all_validation
coco-rem,000000256916,/home/felix/fiftyone/coco-2017/validation/data/000000256916.jpg,validation,locked_confirmation,000000256916,9,0.053385416666666664,1.0,4,False,all_validation
coco-rem,000000256941,/home/felix/fiftyone/coco-2017/validation/data/000000256941.jpg,validation,locked_confirmation,000000256941,3,0.29152409638554216,0.0,2,False,all_validation
coco-rem,000000257084,/home/felix/fiftyone/coco-2017/validation/data/000000257084.jpg,validation,locked_confirmation,000000257084,11,0.012684684684684684,0.36363636363636365,3,False,all_validation
coco-rem,000000257169,/home/felix/fiftyone/coco-2017/validation/data/000000257169.jpg,validation,locked_confirmation,000000257169,4,0.10555338541666667,1.0,4,False,all_validation
coco-rem,000000257370,/home/felix/fiftyone/coco-2017/validation/data/000000257370.jpg,validation,locked_confirmation,000000257370,6,0.11359375,1.0,4,False,all_validation
coco-rem,000000257478,/home/felix/fiftyone/coco-2017/validation/data/000000257478.jpg,validation,locked_confirmation,000000257478,2,0.1582713567839196,1.0,2,False,all_validation
coco-rem,000000257566,/home/felix/fiftyone/coco-2017/validation/data/000000257566.jpg,validation,locked_confirmation,000000257566,14,0.0020247395833333333,0.7142857142857143,4,False,all_validation
coco-rem,000000257624,/home/felix/fiftyone/coco-2017/validation/data/000000257624.jpg,validation,locked_confirmation,000000257624,3,0.027329009433962263,0.6666666666666666,2,False,all_validation
coco-rem,000000257865,/home/felix/fiftyone/coco-2017/validation/data/000000257865.jpg,validation,locked_confirmation,000000257865,2,0.13335167253521127,1.0,2,False,all_validation
coco-rem,000000257896,/home/felix/fiftyone/coco-2017/validation/data/000000257896.jpg,validation,locked_confirmation,000000257896,2,0.3561083984375,1.0,2,False,all_validation
coco-rem,000000258388,/home/felix/fiftyone/coco-2017/validation/data/000000258388.jpg,validation,locked_confirmation,000000258388,4,0.054625,0.0,2,False,all_validation
coco-rem,000000258541,/home/felix/fiftyone/coco-2017/validation/data/000000258541.jpg,validation,locked_confirmation,000000258541,2,0.36223825467687076,1.0,2,False,all_validation
coco-rem,000000258793,/home/felix/fiftyone/coco-2017/validation/data/000000258793.jpg,validation,locked_confirmation,000000258793,5,0.0014508928571428572,0.0,3,False,all_validation
coco-rem,000000258883,/home/felix/fiftyone/coco-2017/validation/data/000000258883.jpg,validation,locked_confirmation,000000258883,6,0.0845693955399061,0.3333333333333333,4,False,all_validation
coco-rem,000000258911,/home/felix/fiftyone/coco-2017/validation/data/000000258911.jpg,validation,locked_confirmation,000000258911,9,0.10899354460093896,0.7777777777777778,2,False,all_validation
coco-rem,000000259097,/home/felix/fiftyone/coco-2017/validation/data/000000259097.jpg,validation,locked_confirmation,000000259097,2,0.01318018018018018,0.0,2,False,all_validation
coco-rem,000000259382,/home/felix/fiftyone/coco-2017/validation/data/000000259382.jpg,validation,locked_confirmation,000000259382,1,0.205810546875,0.0,1,False,all_validation
coco-rem,000000259571,/home/felix/fiftyone/coco-2017/validation/data/000000259571.jpg,validation,locked_confirmation,000000259571,15,0.006761565836298933,0.9333333333333333,3,True,all_validation
coco-rem,000000259597,/home/felix/fiftyone/coco-2017/validation/data/000000259597.jpg,validation,locked_confirmation,000000259597,18,0.018209134615384617,0.5,4,True,all_validation
coco-rem,000000259625,/home/felix/fiftyone/coco-2017/validation/data/000000259625.jpg,validation,locked_confirmation,000000259625,1,0.11242315573770492,0.0,1,False,all_validation
coco-rem,000000259640,/home/felix/fiftyone/coco-2017/validation/data/000000259640.jpg,validation,locked_confirmation,000000259640,21,0.010319086651053863,0.7619047619047619,6,False,all_validation
coco-rem,000000259690,/home/felix/fiftyone/coco-2017/validation/data/000000259690.jpg,validation,locked_confirmation,000000259690,25,0.007080078125,0.72,7,True,all_validation
coco-rem,000000259830,/home/felix/fiftyone/coco-2017/validation/data/000000259830.jpg,validation,locked_confirmation,000000259830,5,0.047338235294117646,0.4,3,False,all_validation
coco-rem,000000259854,/home/felix/fiftyone/coco-2017/validation/data/000000259854.jpg,validation,locked_confirmation,000000259854,1,0.009013671875,0.0,1,False,all_validation
coco-rem,000000260105,/home/felix/fiftyone/coco-2017/validation/data/000000260105.jpg,validation,locked_confirmation,000000260105,5,0.016614583333333332,0.4,5,False,all_validation
coco-rem,000000260106,/home/felix/fiftyone/coco-2017/validation/data/000000260106.jpg,validation,locked_confirmation,000000260106,6,0.018554166666666667,0.5,2,False,all_validation
coco-rem,000000260261,/home/felix/fiftyone/coco-2017/validation/data/000000260261.jpg,validation,locked_confirmation,000000260261,4,0.15060152582159625,0.75,3,False,all_validation
coco-rem,000000260266,/home/felix/fiftyone/coco-2017/validation/data/000000260266.jpg,validation,locked_confirmation,000000260266,8,0.004364561586638831,0.0,2,False,all_validation
coco-rem,000000260470,/home/felix/fiftyone/coco-2017/validation/data/000000260470.jpg,validation,locked_confirmation,000000260470,49,0.003359192037470726,0.04081632653061224,3,False,all_validation
coco-rem,000000260657,/home/felix/fiftyone/coco-2017/validation/data/000000260657.jpg,validation,locked_confirmation,000000260657,0,,0.0,0,False,all_validation
coco-rem,000000260925,/home/felix/fiftyone/coco-2017/validation/data/000000260925.jpg,validation,locked_confirmation,000000260925,3,0.26681315104166664,1.0,3,False,all_validation
coco-rem,000000261036,/home/felix/fiftyone/coco-2017/validation/data/000000261036.jpg,validation,locked_confirmation,000000261036,6,0.01632132132132132,0.0,2,False,all_validation
coco-rem,000000261061,/home/felix/fiftyone/coco-2017/validation/data/000000261061.jpg,validation,locked_confirmation,000000261061,5,0.02344311377245509,0.0,3,False,all_validation
coco-rem,000000261097,/home/felix/fiftyone/coco-2017/validation/data/000000261097.jpg,validation,locked_confirmation,000000261097,32,0.0033783783783783786,0.40625,5,True,all_validation
coco-rem,000000261116,/home/felix/fiftyone/coco-2017/validation/data/000000261116.jpg,validation,locked_confirmation,000000261116,11,0.036288,0.9090909090909091,5,False,all_validation
coco-rem,000000261161,/home/felix/fiftyone/coco-2017/validation/data/000000261161.jpg,validation,locked_confirmation,000000261161,2,0.32705032276995305,0.0,2,False,all_validation
coco-rem,000000261318,/home/felix/fiftyone/coco-2017/validation/data/000000261318.jpg,validation,locked_confirmation,000000261318,6,0.07295996779859484,0.6666666666666666,5,False,all_validation
coco-rem,000000261535,/home/felix/fiftyone/coco-2017/validation/data/000000261535.jpg,validation,locked_confirmation,000000261535,7,0.001443418013856813,0.2857142857142857,3,False,all_validation
coco-rem,000000261706,/home/felix/fiftyone/coco-2017/validation/data/000000261706.jpg,validation,locked_confirmation,000000261706,3,0.48592447916666665,1.0,3,False,all_validation
coco-rem,000000261712,/home/felix/fiftyone/coco-2017/validation/data/000000261712.jpg,validation,locked_confirmation,000000261712,2,0.05393579306722689,0.0,1,False,all_validation
coco-rem,000000261732,/home/felix/fiftyone/coco-2017/validation/data/000000261732.jpg,validation,locked_confirmation,000000261732,4,0.007391552511415525,0.0,3,False,all_validation
coco-rem,000000261796,/home/felix/fiftyone/coco-2017/validation/data/000000261796.jpg,validation,locked_confirmation,000000261796,0,,0.0,0,False,all_validation
coco-rem,000000261888,/home/felix/fiftyone/coco-2017/validation/data/000000261888.jpg,validation,locked_confirmation,000000261888,6,0.008678110328638498,0.5,5,False,all_validation
coco-rem,000000261982,/home/felix/fiftyone/coco-2017/validation/data/000000261982.jpg,validation,locked_confirmation,000000261982,5,0.1443585886214442,1.0,3,False,all_validation
coco-rem,000000262048,/home/felix/fiftyone/coco-2017/validation/data/000000262048.jpg,validation,locked_confirmation,000000262048,13,0.006079392541330258,0.6923076923076923,3,False,all_validation
coco-rem,000000262227,/home/felix/fiftyone/coco-2017/validation/data/000000262227.jpg,validation,locked_confirmation,000000262227,11,0.003738132911392405,0.18181818181818182,3,False,all_validation
coco-rem,000000262440,/home/felix/fiftyone/coco-2017/validation/data/000000262440.jpg,validation,locked_confirmation,000000262440,4,0.0025546875,0.0,3,False,all_validation
coco-rem,000000262487,/home/felix/fiftyone/coco-2017/validation/data/000000262487.jpg,validation,locked_confirmation,000000262487,4,0.0738134765625,0.5,2,False,all_validation
coco-rem,000000262587,/home/felix/fiftyone/coco-2017/validation/data/000000262587.jpg,validation,locked_confirmation,000000262587,2,0.014931640625,1.0,2,False,all_validation
coco-rem,000000262631,/home/felix/fiftyone/coco-2017/validation/data/000000262631.jpg,validation,locked_confirmation,000000262631,18,0.0010335286458333333,0.3888888888888889,3,False,all_validation
coco-rem,000000262682,/home/felix/fiftyone/coco-2017/validation/data/000000262682.jpg,validation,locked_confirmation,000000262682,8,0.0035403249414519907,0.25,4,False,all_validation
coco-rem,000000262895,/home/felix/fiftyone/coco-2017/validation/data/000000262895.jpg,validation,locked_confirmation,000000262895,2,0.553437125748503,1.0,2,False,all_validation
coco-rem,000000262938,/home/felix/fiftyone/coco-2017/validation/data/000000262938.jpg,validation,locked_confirmation,000000262938,7,0.0630859375,0.5714285714285714,2,False,all_validation
coco-rem,000000263068,/home/felix/fiftyone/coco-2017/validation/data/000000263068.jpg,validation,locked_confirmation,000000263068,2,0.0470030303030303,1.0,2,False,all_validation
coco-rem,000000263299,/home/felix/fiftyone/coco-2017/validation/data/000000263299.jpg,validation,locked_confirmation,000000263299,1,0.5742805970149254,0.0,1,False,all_validation
coco-rem,000000263403,/home/felix/fiftyone/coco-2017/validation/data/000000263403.jpg,validation,locked_confirmation,000000263403,2,0.02403608993841796,1.0,2,False,all_validation
coco-rem,000000263425,/home/felix/fiftyone/coco-2017/validation/data/000000263425.jpg,validation,locked_confirmation,000000263425,2,0.04126752336448598,0.0,1,False,all_validation
coco-rem,000000263463,/home/felix/fiftyone/coco-2017/validation/data/000000263463.jpg,validation,locked_confirmation,000000263463,5,0.04347189695550351,1.0,4,False,all_validation
coco-rem,000000263474,/home/felix/fiftyone/coco-2017/validation/data/000000263474.jpg,validation,locked_confirmation,000000263474,1,0.4875195720250522,0.0,1,False,all_validation
coco-rem,000000263594,/home/felix/fiftyone/coco-2017/validation/data/000000263594.jpg,validation,locked_confirmation,000000263594,11,0.009417322834645669,0.8181818181818182,3,False,all_validation
coco-rem,000000263644,/home/felix/fiftyone/coco-2017/validation/data/000000263644.jpg,validation,locked_confirmation,000000263644,1,0.9978858350951374,0.0,1,False,all_validation
coco-rem,000000263679,/home/felix/fiftyone/coco-2017/validation/data/000000263679.jpg,validation,locked_confirmation,000000263679,7,0.003066588785046729,0.5714285714285714,2,False,all_validation
coco-rem,000000263796,/home/felix/fiftyone/coco-2017/validation/data/000000263796.jpg,validation,locked_confirmation,000000263796,2,0.12101888020833333,0.0,2,False,all_validation
coco-rem,000000263860,/home/felix/fiftyone/coco-2017/validation/data/000000263860.jpg,validation,locked_confirmation,000000263860,2,0.43561473004694834,0.0,1,False,all_validation
coco-rem,000000263966,/home/felix/fiftyone/coco-2017/validation/data/000000263966.jpg,validation,locked_confirmation,000000263966,3,0.07264150943396226,0.0,2,False,all_validation
coco-rem,000000263969,/home/felix/fiftyone/coco-2017/validation/data/000000263969.jpg,validation,locked_confirmation,000000263969,5,0.06231301229508197,1.0,4,False,all_validation
coco-rem,000000264335,/home/felix/fiftyone/coco-2017/validation/data/000000264335.jpg,validation,locked_confirmation,000000264335,1,0.4939453125,0.0,1,False,all_validation
coco-rem,000000264441,/home/felix/fiftyone/coco-2017/validation/data/000000264441.jpg,validation,locked_confirmation,000000264441,2,0.69896,1.0,2,False,all_validation
coco-rem,000000264535,/home/felix/fiftyone/coco-2017/validation/data/000000264535.jpg,validation,locked_confirmation,000000264535,5,0.0025470972702806615,0.8,3,False,all_validation
coco-rem,000000264968,/home/felix/fiftyone/coco-2017/validation/data/000000264968.jpg,validation,locked_confirmation,000000264968,8,0.03197604790419162,0.5,2,False,all_validation
coco-rem,000000265108,/home/felix/fiftyone/coco-2017/validation/data/000000265108.jpg,validation,locked_confirmation,000000265108,2,0.04686036299765808,0.0,2,False,all_validation
coco-rem,000000265518,/home/felix/fiftyone/coco-2017/validation/data/000000265518.jpg,validation,locked_confirmation,000000265518,6,0.0764716562006066,0.8333333333333334,4,False,all_validation
coco-rem,000000265777,/home/felix/fiftyone/coco-2017/validation/data/000000265777.jpg,validation,locked_confirmation,000000265777,6,0.18773762228202828,0.8333333333333334,4,False,all_validation
coco-rem,000000265816,/home/felix/fiftyone/coco-2017/validation/data/000000265816.jpg,validation,locked_confirmation,000000265816,5,0.015875153940886698,0.4,3,False,all_validation
coco-rem,000000266082,/home/felix/fiftyone/coco-2017/validation/data/000000266082.jpg,validation,locked_confirmation,000000266082,1,0.198352,0.0,1,False,all_validation
coco-rem,000000266206,/home/felix/fiftyone/coco-2017/validation/data/000000266206.jpg,validation,locked_confirmation,000000266206,2,0.0022394613583138173,0.0,1,False,all_validation
coco-rem,000000266400,/home/felix/fiftyone/coco-2017/validation/data/000000266400.jpg,validation,locked_confirmation,000000266400,12,0.03931107954545455,0.75,3,False,all_validation
coco-rem,000000266409,/home/felix/fiftyone/coco-2017/validation/data/000000266409.jpg,validation,locked_confirmation,000000266409,3,0.00419921875,0.0,2,False,all_validation
coco-rem,000000266768,/home/felix/fiftyone/coco-2017/validation/data/000000266768.jpg,validation,locked_confirmation,000000266768,21,0.004939339570250758,0.8095238095238095,6,False,all_validation
coco-rem,000000266892,/home/felix/fiftyone/coco-2017/validation/data/000000266892.jpg,validation,locked_confirmation,000000266892,16,0.003163422131147541,0.375,3,True,all_validation
coco-rem,000000266981,/home/felix/fiftyone/coco-2017/validation/data/000000266981.jpg,validation,locked_confirmation,000000266981,30,0.0012030516431924883,0.5,5,True,all_validation
coco-rem,000000267169,/home/felix/fiftyone/coco-2017/validation/data/000000267169.jpg,validation,locked_confirmation,000000267169,5,0.07140771028037383,0.0,3,False,all_validation
coco-rem,000000267191,/home/felix/fiftyone/coco-2017/validation/data/000000267191.jpg,validation,locked_confirmation,000000267191,5,0.06027018229166667,1.0,2,False,all_validation
coco-rem,000000267300,/home/felix/fiftyone/coco-2017/validation/data/000000267300.jpg,validation,locked_confirmation,000000267300,3,0.28958333333333336,1.0,3,False,all_validation
coco-rem,000000267351,/home/felix/fiftyone/coco-2017/validation/data/000000267351.jpg,validation,locked_confirmation,000000267351,2,0.016846390845070423,0.0,1,False,all_validation
coco-rem,000000267434,/home/felix/fiftyone/coco-2017/validation/data/000000267434.jpg,validation,locked_confirmation,000000267434,7,0.043359375,0.0,1,False,all_validation
coco-rem,000000267537,/home/felix/fiftyone/coco-2017/validation/data/000000267537.jpg,validation,locked_confirmation,000000267537,25,0.023331117021276597,0.56,4,False,all_validation
coco-rem,000000267670,/home/felix/fiftyone/coco-2017/validation/data/000000267670.jpg,validation,locked_confirmation,000000267670,2,0.02748888888888889,0.0,2,False,all_validation
coco-rem,000000267903,/home/felix/fiftyone/coco-2017/validation/data/000000267903.jpg,validation,locked_confirmation,000000267903,2,0.1312555017605634,0.0,2,False,all_validation
coco-rem,000000267933,/home/felix/fiftyone/coco-2017/validation/data/000000267933.jpg,validation,locked_confirmation,000000267933,12,0.006292682926829269,0.0,1,False,all_validation
coco-rem,000000267940,/home/felix/fiftyone/coco-2017/validation/data/000000267940.jpg,validation,locked_confirmation,000000267940,3,0.099453125,0.6666666666666666,2,False,all_validation
coco-rem,000000267946,/home/felix/fiftyone/coco-2017/validation/data/000000267946.jpg,validation,locked_confirmation,000000267946,0,,0.0,0,False,all_validation
coco-rem,000000268000,/home/felix/fiftyone/coco-2017/validation/data/000000268000.jpg,validation,locked_confirmation,000000268000,3,0.014557291666666666,0.6666666666666666,2,False,all_validation
coco-rem,000000268375,/home/felix/fiftyone/coco-2017/validation/data/000000268375.jpg,validation,locked_confirmation,000000268375,5,0.1177181603773585,0.6,1,False,all_validation
coco-rem,000000268378,/home/felix/fiftyone/coco-2017/validation/data/000000268378.jpg,validation,locked_confirmation,000000268378,23,0.017235376044568245,0.8695652173913043,7,False,all_validation
coco-rem,000000268729,/home/felix/fiftyone/coco-2017/validation/data/000000268729.jpg,validation,locked_confirmation,000000268729,10,0.011728515625,0.2,3,False,all_validation
coco-rem,000000268831,/home/felix/fiftyone/coco-2017/validation/data/000000268831.jpg,validation,locked_confirmation,000000268831,3,0.02775390625,0.0,2,False,all_validation
coco-rem,000000268996,/home/felix/fiftyone/coco-2017/validation/data/000000268996.jpg,validation,locked_confirmation,000000268996,0,,0.0,0,False,all_validation
coco-rem,000000269113,/home/felix/fiftyone/coco-2017/validation/data/000000269113.jpg,validation,locked_confirmation,000000269113,4,0.06650711159737419,0.5,1,False,all_validation
coco-rem,000000269121,/home/felix/fiftyone/coco-2017/validation/data/000000269121.jpg,validation,locked_confirmation,000000269121,2,0.19640299479166667,0.0,2,False,all_validation
coco-rem,000000269196,/home/felix/fiftyone/coco-2017/validation/data/000000269196.jpg,validation,locked_confirmation,000000269196,5,0.1671692037470726,0.4,1,False,all_validation
coco-rem,000000269314,/home/felix/fiftyone/coco-2017/validation/data/000000269314.jpg,validation,locked_confirmation,000000269314,7,0.015791015625,0.5714285714285714,2,False,all_validation
coco-rem,000000269316,/home/felix/fiftyone/coco-2017/validation/data/000000269316.jpg,validation,locked_confirmation,000000269316,5,0.17447794976635514,0.4,2,False,all_validation
coco-rem,000000269632,/home/felix/fiftyone/coco-2017/validation/data/000000269632.jpg,validation,locked_confirmation,000000269632,5,0.006586651053864169,0.0,3,False,all_validation
coco-rem,000000269682,/home/felix/fiftyone/coco-2017/validation/data/000000269682.jpg,validation,locked_confirmation,000000269682,10,0.0010205078125,0.0,1,False,all_validation
coco-rem,000000269866,/home/felix/fiftyone/coco-2017/validation/data/000000269866.jpg,validation,locked_confirmation,000000269866,1,0.5194672131147541,0.0,1,False,all_validation
coco-rem,000000269932,/home/felix/fiftyone/coco-2017/validation/data/000000269932.jpg,validation,locked_confirmation,000000269932,2,0.4785973333333333,1.0,2,False,all_validation
coco-rem,000000269942,/home/felix/fiftyone/coco-2017/validation/data/000000269942.jpg,validation,locked_confirmation,000000269942,10,0.0013736979166666667,0.2,2,False,all_validation
coco-rem,000000270066,/home/felix/fiftyone/coco-2017/validation/data/000000270066.jpg,validation,locked_confirmation,000000270066,2,0.349130859375,0.0,2,False,all_validation
coco-rem,000000270122,/home/felix/fiftyone/coco-2017/validation/data/000000270122.jpg,validation,locked_confirmation,000000270122,2,0.0034909250585480095,1.0,2,False,all_validation
coco-rem,000000270244,/home/felix/fiftyone/coco-2017/validation/data/000000270244.jpg,validation,locked_confirmation,000000270244,1,0.144001898364486,0.0,1,False,all_validation
coco-rem,000000270297,/home/felix/fiftyone/coco-2017/validation/data/000000270297.jpg,validation,locked_confirmation,000000270297,3,0.004376463700234192,0.0,2,False,all_validation
coco-rem,000000270386,/home/felix/fiftyone/coco-2017/validation/data/000000270386.jpg,validation,locked_confirmation,000000270386,0,,0.0,0,False,all_validation
coco-rem,000000270402,/home/felix/fiftyone/coco-2017/validation/data/000000270402.jpg,validation,locked_confirmation,000000270402,2,0.1970950704225352,1.0,1,False,all_validation
coco-rem,000000270474,/home/felix/fiftyone/coco-2017/validation/data/000000270474.jpg,validation,locked_confirmation,000000270474,2,0.18149333333333334,0.0,2,False,all_validation
coco-rem,000000270677,/home/felix/fiftyone/coco-2017/validation/data/000000270677.jpg,validation,locked_confirmation,000000270677,2,0.19634759463722398,0.0,2,False,all_validation
coco-rem,000000270705,/home/felix/fiftyone/coco-2017/validation/data/000000270705.jpg,validation,locked_confirmation,000000270705,1,0.4108157894736842,0.0,1,False,all_validation
coco-rem,000000270883,/home/felix/fiftyone/coco-2017/validation/data/000000270883.jpg,validation,locked_confirmation,000000270883,3,0.4172232824427481,1.0,3,False,all_validation
coco-rem,000000270908,/home/felix/fiftyone/coco-2017/validation/data/000000270908.jpg,validation,locked_confirmation,000000270908,2,0.2581939799331104,0.0,2,False,all_validation
coco-rem,000000271116,/home/felix/fiftyone/coco-2017/validation/data/000000271116.jpg,validation,locked_confirmation,000000271116,35,0.0019899764150943396,1.0,9,False,all_validation
coco-rem,000000271402,/home/felix/fiftyone/coco-2017/validation/data/000000271402.jpg,validation,locked_confirmation,000000271402,3,0.31071270636792453,0.6666666666666666,2,False,all_validation
coco-rem,000000271457,/home/felix/fiftyone/coco-2017/validation/data/000000271457.jpg,validation,locked_confirmation,000000271457,1,0.24033633633633633,0.0,1,False,all_validation
coco-rem,000000271471,/home/felix/fiftyone/coco-2017/validation/data/000000271471.jpg,validation,locked_confirmation,000000271471,8,0.07572283878504672,0.5,2,False,all_validation
coco-rem,000000271728,/home/felix/fiftyone/coco-2017/validation/data/000000271728.jpg,validation,locked_confirmation,000000271728,8,0.023250878220140516,0.75,6,False,all_validation
coco-rem,000000271997,/home/felix/fiftyone/coco-2017/validation/data/000000271997.jpg,validation,locked_confirmation,000000271997,2,0.508148693647541,1.0,2,False,all_validation
coco-rem,000000272049,/home/felix/fiftyone/coco-2017/validation/data/000000272049.jpg,validation,locked_confirmation,000000272049,3,0.0676083138173302,1.0,2,False,all_validation
coco-rem,000000272136,/home/felix/fiftyone/coco-2017/validation/data/000000272136.jpg,validation,locked_confirmation,000000272136,2,0.3670998831775701,1.0,2,False,all_validation
coco-rem,000000272148,/home/felix/fiftyone/coco-2017/validation/data/000000272148.jpg,validation,locked_confirmation,000000272148,21,0.0002728174603174603,0.6190476190476191,2,True,all_validation
coco-rem,000000272212,/home/felix/fiftyone/coco-2017/validation/data/000000272212.jpg,validation,locked_confirmation,000000272212,3,0.00927734375,0.0,1,False,all_validation
coco-rem,000000272364,/home/felix/fiftyone/coco-2017/validation/data/000000272364.jpg,validation,locked_confirmation,000000272364,4,0.2811459550233645,0.75,1,False,all_validation
coco-rem,000000272416,/home/felix/fiftyone/coco-2017/validation/data/000000272416.jpg,validation,locked_confirmation,000000272416,1,0.1894921875,0.0,1,False,all_validation
coco-rem,000000272566,/home/felix/fiftyone/coco-2017/validation/data/000000272566.jpg,validation,locked_confirmation,000000272566,16,0.002972560975609756,0.375,4,True,all_validation
coco-rem,000000273132,/home/felix/fiftyone/coco-2017/validation/data/000000273132.jpg,validation,locked_confirmation,000000273132,3,0.4403534755134281,1.0,3,False,all_validation
coco-rem,000000273198,/home/felix/fiftyone/coco-2017/validation/data/000000273198.jpg,validation,locked_confirmation,000000273198,5,0.022176,0.4,3,False,all_validation
coco-rem,000000273232,/home/felix/fiftyone/coco-2017/validation/data/000000273232.jpg,validation,locked_confirmation,000000273232,16,0.00022977941176470588,0.125,4,False,all_validation
coco-rem,000000273420,/home/felix/fiftyone/coco-2017/validation/data/000000273420.jpg,validation,locked_confirmation,000000273420,6,0.0148575,0.8333333333333334,6,False,all_validation
coco-rem,000000273493,/home/felix/fiftyone/coco-2017/validation/data/000000273493.jpg,validation,locked_confirmation,000000273493,5,0.001021021021021021,0.4,3,False,all_validation
coco-rem,000000273551,/home/felix/fiftyone/coco-2017/validation/data/000000273551.jpg,validation,locked_confirmation,000000273551,4,0.11379410557986872,0.75,1,False,all_validation
coco-rem,000000273617,/home/felix/fiftyone/coco-2017/validation/data/000000273617.jpg,validation,locked_confirmation,000000273617,1,0.005269320843091335,0.0,1,False,all_validation
coco-rem,000000273642,/home/felix/fiftyone/coco-2017/validation/data/000000273642.jpg,validation,locked_confirmation,000000273642,2,0.649248,1.0,2,False,all_validation
coco-rem,000000273711,/home/felix/fiftyone/coco-2017/validation/data/000000273711.jpg,validation,locked_confirmation,000000273711,34,0.013585611979166667,0.8529411764705882,9,False,all_validation
coco-rem,000000273712,/home/felix/fiftyone/coco-2017/validation/data/000000273712.jpg,validation,locked_confirmation,000000273712,2,0.2593863932291667,0.0,2,False,all_validation
coco-rem,000000273715,/home/felix/fiftyone/coco-2017/validation/data/000000273715.jpg,validation,locked_confirmation,000000273715,6,0.011753351206434316,0.3333333333333333,2,False,all_validation
coco-rem,000000273760,/home/felix/fiftyone/coco-2017/validation/data/000000273760.jpg,validation,locked_confirmation,000000273760,2,0.14789213062098502,1.0,2,False,all_validation
coco-rem,000000274066,/home/felix/fiftyone/coco-2017/validation/data/000000274066.jpg,validation,locked_confirmation,000000274066,9,0.018878073770491804,0.4444444444444444,2,False,all_validation
coco-rem,000000274219,/home/felix/fiftyone/coco-2017/validation/data/000000274219.jpg,validation,locked_confirmation,000000274219,2,0.4960668103448276,1.0,2,False,all_validation
coco-rem,000000274272,/home/felix/fiftyone/coco-2017/validation/data/000000274272.jpg,validation,locked_confirmation,000000274272,9,0.0123046875,1.0,4,False,all_validation
coco-rem,000000274411,/home/felix/fiftyone/coco-2017/validation/data/000000274411.jpg,validation,locked_confirmation,000000274411,5,0.030424735915492957,1.0,4,False,all_validation
coco-rem,000000274460,/home/felix/fiftyone/coco-2017/validation/data/000000274460.jpg,validation,locked_confirmation,000000274460,20,0.01744734306167401,0.4,4,False,all_validation
coco-rem,000000274687,/home/felix/fiftyone/coco-2017/validation/data/000000274687.jpg,validation,locked_confirmation,000000274687,3,0.4017024739583333,1.0,3,False,all_validation
coco-rem,000000274708,/home/felix/fiftyone/coco-2017/validation/data/000000274708.jpg,validation,locked_confirmation,000000274708,10,0.001262868982015464,0.2,2,False,all_validation
coco-rem,000000275058,/home/felix/fiftyone/coco-2017/validation/data/000000275058.jpg,validation,locked_confirmation,000000275058,2,0.024478556791569087,0.0,2,False,all_validation
coco-rem,000000275198,/home/felix/fiftyone/coco-2017/validation/data/000000275198.jpg,validation,locked_confirmation,000000275198,39,0.003203125,0.8461538461538461,10,False,all_validation
coco-rem,000000275392,/home/felix/fiftyone/coco-2017/validation/data/000000275392.jpg,validation,locked_confirmation,000000275392,2,0.3164778645833333,1.0,2,False,all_validation
coco-rem,000000275727,/home/felix/fiftyone/coco-2017/validation/data/000000275727.jpg,validation,locked_confirmation,000000275727,2,0.17139967105263157,0.0,2,False,all_validation
coco-rem,000000275749,/home/felix/fiftyone/coco-2017/validation/data/000000275749.jpg,validation,locked_confirmation,000000275749,20,0.011013333333333333,0.3,9,False,all_validation
coco-rem,000000275791,/home/felix/fiftyone/coco-2017/validation/data/000000275791.jpg,validation,locked_confirmation,000000275791,8,0.04655664519906323,0.25,2,False,all_validation
coco-rem,000000276018,/home/felix/fiftyone/coco-2017/validation/data/000000276018.jpg,validation,locked_confirmation,000000276018,16,0.05185359074519231,0.9375,2,False,all_validation
coco-rem,000000276024,/home/felix/fiftyone/coco-2017/validation/data/000000276024.jpg,validation,locked_confirmation,000000276024,9,0.013463541666666667,0.2222222222222222,3,False,all_validation
coco-rem,000000276055,/home/felix/fiftyone/coco-2017/validation/data/000000276055.jpg,validation,locked_confirmation,000000276055,8,0.014053333333333333,0.75,7,False,all_validation
coco-rem,000000276284,/home/felix/fiftyone/coco-2017/validation/data/000000276284.jpg,validation,locked_confirmation,000000276284,5,0.0045,0.0,2,False,all_validation
coco-rem,000000276285,/home/felix/fiftyone/coco-2017/validation/data/000000276285.jpg,validation,locked_confirmation,000000276285,11,0.02426083138173302,0.7272727272727273,8,False,all_validation
coco-rem,000000276434,/home/felix/fiftyone/coco-2017/validation/data/000000276434.jpg,validation,locked_confirmation,000000276434,19,0.004105679156908665,1.0,5,False,all_validation
coco-rem,000000276707,/home/felix/fiftyone/coco-2017/validation/data/000000276707.jpg,validation,locked_confirmation,000000276707,4,0.004381510416666666,0.0,2,False,all_validation
coco-rem,000000276720,/home/felix/fiftyone/coco-2017/validation/data/000000276720.jpg,validation,locked_confirmation,000000276720,3,0.00171875,0.0,1,False,all_validation
coco-rem,000000276804,/home/felix/fiftyone/coco-2017/validation/data/000000276804.jpg,validation,locked_confirmation,000000276804,8,0.004571533203125,0.75,3,False,all_validation
coco-rem,000000276921,/home/felix/fiftyone/coco-2017/validation/data/000000276921.jpg,validation,locked_confirmation,000000276921,2,0.20200559701492538,0.0,1,False,all_validation
coco-rem,000000277005,/home/felix/fiftyone/coco-2017/validation/data/000000277005.jpg,validation,locked_confirmation,000000277005,20,0.004643485915492958,0.7,5,True,all_validation
coco-rem,000000277020,/home/felix/fiftyone/coco-2017/validation/data/000000277020.jpg,validation,locked_confirmation,000000277020,12,0.010698784722222222,0.9166666666666666,6,False,all_validation
coco-rem,000000277051,/home/felix/fiftyone/coco-2017/validation/data/000000277051.jpg,validation,locked_confirmation,000000277051,9,0.10245535714285714,0.5555555555555556,5,False,all_validation
coco-rem,000000277197,/home/felix/fiftyone/coco-2017/validation/data/000000277197.jpg,validation,locked_confirmation,000000277197,9,0.03196714743589744,0.5555555555555556,5,False,all_validation
coco-rem,000000277584,/home/felix/fiftyone/coco-2017/validation/data/000000277584.jpg,validation,locked_confirmation,000000277584,2,0.30725423177083333,1.0,2,False,all_validation
coco-rem,000000277689,/home/felix/fiftyone/coco-2017/validation/data/000000277689.jpg,validation,locked_confirmation,000000277689,19,0.014150943396226415,0.8421052631578947,4,False,all_validation
coco-rem,000000278006,/home/felix/fiftyone/coco-2017/validation/data/000000278006.jpg,validation,locked_confirmation,000000278006,0,,0.0,0,False,all_validation
coco-rem,000000278353,/home/felix/fiftyone/coco-2017/validation/data/000000278353.jpg,validation,locked_confirmation,000000278353,1,0.6573458473154362,0.0,1,False,all_validation
coco-rem,000000278463,/home/felix/fiftyone/coco-2017/validation/data/000000278463.jpg,validation,locked_confirmation,000000278463,16,0.005696614583333333,0.3125,8,False,all_validation
coco-rem,000000278705,/home/felix/fiftyone/coco-2017/validation/data/000000278705.jpg,validation,locked_confirmation,000000278705,6,0.04904296875,0.8333333333333334,3,False,all_validation
coco-rem,000000278749,/home/felix/fiftyone/coco-2017/validation/data/000000278749.jpg,validation,locked_confirmation,000000278749,17,0.0019219219219219219,0.29411764705882354,3,False,all_validation
coco-rem,000000278848,/home/felix/fiftyone/coco-2017/validation/data/000000278848.jpg,validation,locked_confirmation,000000278848,10,0.050107421875,0.2,4,False,all_validation
coco-rem,000000278973,/home/felix/fiftyone/coco-2017/validation/data/000000278973.jpg,validation,locked_confirmation,000000278973,2,0.08071816314553991,0.0,2,False,all_validation
coco-rem,000000279145,/home/felix/fiftyone/coco-2017/validation/data/000000279145.jpg,validation,locked_confirmation,000000279145,9,0.08708333333333333,0.0,3,False,all_validation
coco-rem,000000279278,/home/felix/fiftyone/coco-2017/validation/data/000000279278.jpg,validation,locked_confirmation,000000279278,25,0.020454545454545454,0.76,6,False,all_validation
coco-rem,000000279541,/home/felix/fiftyone/coco-2017/validation/data/000000279541.jpg,validation,locked_confirmation,000000279541,11,0.014850287656903766,0.0,2,False,all_validation
coco-rem,000000279714,/home/felix/fiftyone/coco-2017/validation/data/000000279714.jpg,validation,locked_confirmation,000000279714,5,0.13079779411764705,0.0,4,False,all_validation
coco-rem,000000279730,/home/felix/fiftyone/coco-2017/validation/data/000000279730.jpg,validation,locked_confirmation,000000279730,8,0.0749039039039039,0.25,4,False,all_validation
coco-rem,000000279769,/home/felix/fiftyone/coco-2017/validation/data/000000279769.jpg,validation,locked_confirmation,000000279769,3,0.1804296875,0.0,2,False,all_validation
coco-rem,000000279774,/home/felix/fiftyone/coco-2017/validation/data/000000279774.jpg,validation,locked_confirmation,000000279774,9,0.007460240963855422,0.7777777777777778,3,False,all_validation
coco-rem,000000279887,/home/felix/fiftyone/coco-2017/validation/data/000000279887.jpg,validation,locked_confirmation,000000279887,10,0.021563963700234192,0.8,1,False,all_validation
coco-rem,000000279927,/home/felix/fiftyone/coco-2017/validation/data/000000279927.jpg,validation,locked_confirmation,000000279927,16,0.002534643665158371,0.0,2,True,all_validation
coco-rem,000000280325,/home/felix/fiftyone/coco-2017/validation/data/000000280325.jpg,validation,locked_confirmation,000000280325,1,0.16046684350132626,0.0,1,False,all_validation
coco-rem,000000280710,/home/felix/fiftyone/coco-2017/validation/data/000000280710.jpg,validation,locked_confirmation,000000280710,23,0.00390625,0.7391304347826086,6,False,all_validation
coco-rem,000000280779,/home/felix/fiftyone/coco-2017/validation/data/000000280779.jpg,validation,locked_confirmation,000000280779,4,0.007166916167664671,0.75,3,False,all_validation
coco-rem,000000280891,/home/felix/fiftyone/coco-2017/validation/data/000000280891.jpg,validation,locked_confirmation,000000280891,26,0.01986973067915691,0.46153846153846156,5,False,all_validation
coco-rem,000000280918,/home/felix/fiftyone/coco-2017/validation/data/000000280918.jpg,validation,locked_confirmation,000000280918,6,0.22815104166666667,1.0,5,False,all_validation
coco-rem,000000280930,/home/felix/fiftyone/coco-2017/validation/data/000000280930.jpg,validation,locked_confirmation,000000280930,5,0.15025367647058824,0.6,5,False,all_validation
coco-rem,000000281032,/home/felix/fiftyone/coco-2017/validation/data/000000281032.jpg,validation,locked_confirmation,000000281032,4,0.05001097775175644,0.75,3,False,all_validation
coco-rem,000000281179,/home/felix/fiftyone/coco-2017/validation/data/000000281179.jpg,validation,locked_confirmation,000000281179,10,0.0008382161458333333,0.2,3,False,all_validation
coco-rem,000000281409,/home/felix/fiftyone/coco-2017/validation/data/000000281409.jpg,validation,locked_confirmation,000000281409,19,0.016561768149882906,0.6842105263157895,4,False,all_validation
coco-rem,000000281414,/home/felix/fiftyone/coco-2017/validation/data/000000281414.jpg,validation,locked_confirmation,000000281414,3,0.05521656320541761,0.6666666666666666,3,False,all_validation
coco-rem,000000281447,/home/felix/fiftyone/coco-2017/validation/data/000000281447.jpg,validation,locked_confirmation,000000281447,3,0.003473871733966746,0.0,1,False,all_validation
coco-rem,000000281687,/home/felix/fiftyone/coco-2017/validation/data/000000281687.jpg,validation,locked_confirmation,000000281687,19,0.006016,0.9473684210526315,4,False,all_validation
coco-rem,000000281693,/home/felix/fiftyone/coco-2017/validation/data/000000281693.jpg,validation,locked_confirmation,000000281693,6,0.020028261434511436,0.5,2,False,all_validation
coco-rem,000000281754,/home/felix/fiftyone/coco-2017/validation/data/000000281754.jpg,validation,locked_confirmation,000000281754,4,0.2509434665871122,0.0,3,False,all_validation
coco-rem,000000281759,/home/felix/fiftyone/coco-2017/validation/data/000000281759.jpg,validation,locked_confirmation,000000281759,12,0.06750951405152225,0.3333333333333333,3,False,all_validation
coco-rem,000000281929,/home/felix/fiftyone/coco-2017/validation/data/000000281929.jpg,validation,locked_confirmation,000000281929,3,0.20465959821428573,1.0,3,False,all_validation
coco-rem,000000282037,/home/felix/fiftyone/coco-2017/validation/data/000000282037.jpg,validation,locked_confirmation,000000282037,25,0.00031319599109131405,0.0,4,True,all_validation
coco-rem,000000282046,/home/felix/fiftyone/coco-2017/validation/data/000000282046.jpg,validation,locked_confirmation,000000282046,1,0.05167785234899329,0.0,1,False,all_validation
coco-rem,000000282296,/home/felix/fiftyone/coco-2017/validation/data/000000282296.jpg,validation,locked_confirmation,000000282296,3,0.0134375,0.6666666666666666,2,False,all_validation
coco-rem,000000282298,/home/felix/fiftyone/coco-2017/validation/data/000000282298.jpg,validation,locked_confirmation,000000282298,18,0.011891276041666666,0.5,4,True,all_validation
coco-rem,000000282912,/home/felix/fiftyone/coco-2017/validation/data/000000282912.jpg,validation,locked_confirmation,000000282912,1,0.760498046875,0.0,1,False,all_validation
coco-rem,000000283037,/home/felix/fiftyone/coco-2017/validation/data/000000283037.jpg,validation,locked_confirmation,000000283037,2,0.01911409543325527,0.0,2,False,all_validation
coco-rem,000000283038,/home/felix/fiftyone/coco-2017/validation/data/000000283038.jpg,validation,locked_confirmation,000000283038,6,0.0051672597864768684,0.3333333333333333,4,False,all_validation
coco-rem,000000283070,/home/felix/fiftyone/coco-2017/validation/data/000000283070.jpg,validation,locked_confirmation,000000283070,5,0.025832359813084113,0.0,1,False,all_validation
coco-rem,000000283113,/home/felix/fiftyone/coco-2017/validation/data/000000283113.jpg,validation,locked_confirmation,000000283113,3,0.16743489583333335,0.0,2,False,all_validation
coco-rem,000000283268,/home/felix/fiftyone/coco-2017/validation/data/000000283268.jpg,validation,locked_confirmation,000000283268,3,0.29925351288056207,1.0,2,False,all_validation
coco-rem,000000283318,/home/felix/fiftyone/coco-2017/validation/data/000000283318.jpg,validation,locked_confirmation,000000283318,9,0.0006586651053864168,0.4444444444444444,3,False,all_validation
coco-rem,000000283412,/home/felix/fiftyone/coco-2017/validation/data/000000283412.jpg,validation,locked_confirmation,000000283412,3,0.12777371194379392,0.6666666666666666,3,False,all_validation
coco-rem,000000283520,/home/felix/fiftyone/coco-2017/validation/data/000000283520.jpg,validation,locked_confirmation,000000283520,4,0.035009536384976524,0.5,2,False,all_validation
coco-rem,000000283717,/home/felix/fiftyone/coco-2017/validation/data/000000283717.jpg,validation,locked_confirmation,000000283717,3,0.09902994791666667,0.0,3,False,all_validation
coco-rem,000000283785,/home/felix/fiftyone/coco-2017/validation/data/000000283785.jpg,validation,locked_confirmation,000000283785,32,0.003273809523809524,0.5625,3,True,all_validation
coco-rem,000000284106,/home/felix/fiftyone/coco-2017/validation/data/000000284106.jpg,validation,locked_confirmation,000000284106,4,0.053692844418052256,0.75,3,False,all_validation
coco-rem,000000284279,/home/felix/fiftyone/coco-2017/validation/data/000000284279.jpg,validation,locked_confirmation,000000284279,1,0.155145263671875,0.0,1,False,all_validation
coco-rem,000000284282,/home/felix/fiftyone/coco-2017/validation/data/000000284282.jpg,validation,locked_confirmation,000000284282,1,0.617993993993994,0.0,1,False,all_validation
coco-rem,000000284296,/home/felix/fiftyone/coco-2017/validation/data/000000284296.jpg,validation,locked_confirmation,000000284296,3,0.04598214285714286,0.0,1,False,all_validation
coco-rem,000000284445,/home/felix/fiftyone/coco-2017/validation/data/000000284445.jpg,validation,locked_confirmation,000000284445,23,0.007175925925925926,0.5217391304347826,5,True,all_validation
coco-rem,000000284623,/home/felix/fiftyone/coco-2017/validation/data/000000284623.jpg,validation,locked_confirmation,000000284623,5,0.027799479166666665,1.0,4,False,all_validation
coco-rem,000000284698,/home/felix/fiftyone/coco-2017/validation/data/000000284698.jpg,validation,locked_confirmation,000000284698,2,0.302944,1.0,2,False,all_validation
coco-rem,000000284725,/home/felix/fiftyone/coco-2017/validation/data/000000284725.jpg,validation,locked_confirmation,000000284725,14,0.001758269906323185,0.6428571428571429,3,False,all_validation
coco-rem,000000284743,/home/felix/fiftyone/coco-2017/validation/data/000000284743.jpg,validation,locked_confirmation,000000284743,6,0.16767279411764707,1.0,2,False,all_validation
coco-rem,000000284762,/home/felix/fiftyone/coco-2017/validation/data/000000284762.jpg,validation,locked_confirmation,000000284762,2,0.08960167253521127,0.0,1,False,all_validation
coco-rem,000000284764,/home/felix/fiftyone/coco-2017/validation/data/000000284764.jpg,validation,locked_confirmation,000000284764,7,0.09929742388758782,1.0,7,False,all_validation
coco-rem,000000284991,/home/felix/fiftyone/coco-2017/validation/data/000000284991.jpg,validation,locked_confirmation,000000284991,2,0.47859594042056075,1.0,2,False,all_validation
coco-rem,000000285047,/home/felix/fiftyone/coco-2017/validation/data/000000285047.jpg,validation,locked_confirmation,000000285047,4,0.07009660421545667,1.0,4,False,all_validation
coco-rem,000000285349,/home/felix/fiftyone/coco-2017/validation/data/000000285349.jpg,validation,locked_confirmation,000000285349,1,0.717136,0.0,1,False,all_validation
coco-rem,000000285788,/home/felix/fiftyone/coco-2017/validation/data/000000285788.jpg,validation,locked_confirmation,000000285788,4,0.018897804054054054,0.0,2,False,all_validation
coco-rem,000000285894,/home/felix/fiftyone/coco-2017/validation/data/000000285894.jpg,validation,locked_confirmation,000000285894,5,0.1465531914893617,0.4,2,False,all_validation
coco-rem,000000286182,/home/felix/fiftyone/coco-2017/validation/data/000000286182.jpg,validation,locked_confirmation,000000286182,37,0.0033832374476987447,0.7567567567567568,10,False,all_validation
coco-rem,000000286422,/home/felix/fiftyone/coco-2017/validation/data/000000286422.jpg,validation,locked_confirmation,000000286422,6,0.003744485294117647,1.0,3,False,all_validation
coco-rem,000000286458,/home/felix/fiftyone/coco-2017/validation/data/000000286458.jpg,validation,locked_confirmation,000000286458,7,0.09379652605459057,0.7142857142857143,3,False,all_validation
coco-rem,000000286503,/home/felix/fiftyone/coco-2017/validation/data/000000286503.jpg,validation,locked_confirmation,000000286503,4,0.0016466627634660422,0.5,2,False,all_validation
coco-rem,000000286507,/home/felix/fiftyone/coco-2017/validation/data/000000286507.jpg,validation,locked_confirmation,000000286507,1,0.24315596198156683,0.0,1,False,all_validation
coco-rem,000000286523,/home/felix/fiftyone/coco-2017/validation/data/000000286523.jpg,validation,locked_confirmation,000000286523,2,0.29095330739299613,1.0,2,False,all_validation
coco-rem,000000286553,/home/felix/fiftyone/coco-2017/validation/data/000000286553.jpg,validation,locked_confirmation,000000286553,18,0.012213541666666666,0.8888888888888888,9,False,all_validation
coco-rem,000000286660,/home/felix/fiftyone/coco-2017/validation/data/000000286660.jpg,validation,locked_confirmation,000000286660,2,0.6331482479784366,1.0,2,False,all_validation
coco-rem,000000286708,/home/felix/fiftyone/coco-2017/validation/data/000000286708.jpg,validation,locked_confirmation,000000286708,1,0.7243080821205822,0.0,1,False,all_validation
coco-rem,000000286849,/home/felix/fiftyone/coco-2017/validation/data/000000286849.jpg,validation,locked_confirmation,000000286849,4,0.09554054054054054,0.0,1,False,all_validation
coco-rem,000000286907,/home/felix/fiftyone/coco-2017/validation/data/000000286907.jpg,validation,locked_confirmation,000000286907,2,0.050603841145833335,0.0,2,False,all_validation
coco-rem,000000286908,/home/felix/fiftyone/coco-2017/validation/data/000000286908.jpg,validation,locked_confirmation,000000286908,21,0.0306298828125,0.7142857142857143,4,False,all_validation
coco-rem,000000286994,/home/felix/fiftyone/coco-2017/validation/data/000000286994.jpg,validation,locked_confirmation,000000286994,10,0.0018961588541666667,0.0,1,False,all_validation
coco-rem,000000287291,/home/felix/fiftyone/coco-2017/validation/data/000000287291.jpg,validation,locked_confirmation,000000287291,17,0.005456,0.47058823529411764,4,False,all_validation
coco-rem,000000287347,/home/felix/fiftyone/coco-2017/validation/data/000000287347.jpg,validation,locked_confirmation,000000287347,17,0.013650627615062761,0.4117647058823529,9,False,all_validation
coco-rem,000000287527,/home/felix/fiftyone/coco-2017/validation/data/000000287527.jpg,validation,locked_confirmation,000000287527,3,0.472978515625,0.6666666666666666,2,False,all_validation
coco-rem,000000287545,/home/felix/fiftyone/coco-2017/validation/data/000000287545.jpg,validation,locked_confirmation,000000287545,2,0.14849609375,1.0,1,False,all_validation
coco-rem,000000287649,/home/felix/fiftyone/coco-2017/validation/data/000000287649.jpg,validation,locked_confirmation,000000287649,3,0.16875,0.6666666666666666,3,False,all_validation
coco-rem,000000287667,/home/felix/fiftyone/coco-2017/validation/data/000000287667.jpg,validation,locked_confirmation,000000287667,5,0.044912109375,1.0,4,False,all_validation
coco-rem,000000287714,/home/felix/fiftyone/coco-2017/validation/data/000000287714.jpg,validation,locked_confirmation,000000287714,5,0.006513671875,0.0,3,False,all_validation
coco-rem,000000287874,/home/felix/fiftyone/coco-2017/validation/data/000000287874.jpg,validation,locked_confirmation,000000287874,15,0.0010296658986175115,0.6,5,False,all_validation
coco-rem,000000287959,/home/felix/fiftyone/coco-2017/validation/data/000000287959.jpg,validation,locked_confirmation,000000287959,1,0.650390625,0.0,1,False,all_validation
coco-rem,000000288042,/home/felix/fiftyone/coco-2017/validation/data/000000288042.jpg,validation,locked_confirmation,000000288042,3,0.0125,0.0,3,False,all_validation
coco-rem,000000288062,/home/felix/fiftyone/coco-2017/validation/data/000000288062.jpg,validation,locked_confirmation,000000288062,1,0.176872591522158,0.0,1,False,all_validation
coco-rem,000000288391,/home/felix/fiftyone/coco-2017/validation/data/000000288391.jpg,validation,locked_confirmation,000000288391,1,0.16686182669789226,0.0,1,False,all_validation
coco-rem,000000288430,/home/felix/fiftyone/coco-2017/validation/data/000000288430.jpg,validation,locked_confirmation,000000288430,20,0.000248,0.0,3,False,all_validation
coco-rem,000000288584,/home/felix/fiftyone/coco-2017/validation/data/000000288584.jpg,validation,locked_confirmation,000000288584,19,0.016181206088992973,0.7894736842105263,6,False,all_validation
coco-rem,000000288685,/home/felix/fiftyone/coco-2017/validation/data/000000288685.jpg,validation,locked_confirmation,000000288685,22,0.014929759174311927,0.5454545454545454,5,True,all_validation
coco-rem,000000288762,/home/felix/fiftyone/coco-2017/validation/data/000000288762.jpg,validation,locked_confirmation,000000288762,15,0.0118125,1.0,3,False,all_validation
coco-rem,000000288862,/home/felix/fiftyone/coco-2017/validation/data/000000288862.jpg,validation,locked_confirmation,000000288862,6,0.012132245316159251,0.3333333333333333,2,False,all_validation
coco-rem,000000288882,/home/felix/fiftyone/coco-2017/validation/data/000000288882.jpg,validation,locked_confirmation,000000288882,2,0.2844729282729805,0.0,1,False,all_validation
coco-rem,000000289059,/home/felix/fiftyone/coco-2017/validation/data/000000289059.jpg,validation,locked_confirmation,000000289059,3,0.203984375,0.6666666666666666,2,False,all_validation
coco-rem,000000289222,/home/felix/fiftyone/coco-2017/validation/data/000000289222.jpg,validation,locked_confirmation,000000289222,6,0.038681640625,0.3333333333333333,4,False,all_validation
coco-rem,000000289229,/home/felix/fiftyone/coco-2017/validation/data/000000289229.jpg,validation,locked_confirmation,000000289229,2,0.3970386740331492,1.0,2,False,all_validation
coco-rem,000000289343,/home/felix/fiftyone/coco-2017/validation/data/000000289343.jpg,validation,locked_confirmation,000000289343,4,0.02657874527410208,0.5,4,False,all_validation
coco-rem,000000289393,/home/felix/fiftyone/coco-2017/validation/data/000000289393.jpg,validation,locked_confirmation,000000289393,5,0.051731770833333336,0.0,4,False,all_validation
coco-rem,000000289415,/home/felix/fiftyone/coco-2017/validation/data/000000289415.jpg,validation,locked_confirmation,000000289415,13,0.01335426401869159,0.23076923076923078,4,False,all_validation
coco-rem,000000289417,/home/felix/fiftyone/coco-2017/validation/data/000000289417.jpg,validation,locked_confirmation,000000289417,15,0.007765333333333333,0.5333333333333333,3,False,all_validation
coco-rem,000000289516,/home/felix/fiftyone/coco-2017/validation/data/000000289516.jpg,validation,locked_confirmation,000000289516,2,0.05484940378289474,0.0,1,False,all_validation
coco-rem,000000289586,/home/felix/fiftyone/coco-2017/validation/data/000000289586.jpg,validation,locked_confirmation,000000289586,1,0.6624413145539906,0.0,1,False,all_validation
coco-rem,000000289594,/home/felix/fiftyone/coco-2017/validation/data/000000289594.jpg,validation,locked_confirmation,000000289594,3,0.0045520231213872836,0.6666666666666666,2,False,all_validation
coco-rem,000000289659,/home/felix/fiftyone/coco-2017/validation/data/000000289659.jpg,validation,locked_confirmation,000000289659,1,0.33882775821596245,0.0,1,False,all_validation
coco-rem,000000289702,/home/felix/fiftyone/coco-2017/validation/data/000000289702.jpg,validation,locked_confirmation,000000289702,2,0.15902371194379392,0.0,1,False,all_validation
coco-rem,000000289741,/home/felix/fiftyone/coco-2017/validation/data/000000289741.jpg,validation,locked_confirmation,000000289741,38,0.0027018229166666666,0.3684210526315789,5,True,all_validation
coco-rem,000000289938,/home/felix/fiftyone/coco-2017/validation/data/000000289938.jpg,validation,locked_confirmation,000000289938,27,0.0005941901408450704,0.07407407407407407,6,True,all_validation
coco-rem,000000289960,/home/felix/fiftyone/coco-2017/validation/data/000000289960.jpg,validation,locked_confirmation,000000289960,2,0.043670247395833334,0.0,2,False,all_validation
coco-rem,000000289992,/home/felix/fiftyone/coco-2017/validation/data/000000289992.jpg,validation,locked_confirmation,000000289992,1,0.11149764150943396,0.0,1,False,all_validation
coco-rem,000000290081,/home/felix/fiftyone/coco-2017/validation/data/000000290081.jpg,validation,locked_confirmation,000000290081,8,0.1435625720876586,0.5,3,False,all_validation
coco-rem,000000290163,/home/felix/fiftyone/coco-2017/validation/data/000000290163.jpg,validation,locked_confirmation,000000290163,13,0.0368865966796875,0.8461538461538461,5,False,all_validation
coco-rem,000000290179,/home/felix/fiftyone/coco-2017/validation/data/000000290179.jpg,validation,locked_confirmation,000000290179,16,0.00036678403755868543,0.25,6,False,all_validation
coco-rem,000000290248,/home/felix/fiftyone/coco-2017/validation/data/000000290248.jpg,validation,locked_confirmation,000000290248,26,0.0031966145833333334,0.5,5,True,all_validation
coco-rem,000000290293,/home/felix/fiftyone/coco-2017/validation/data/000000290293.jpg,validation,locked_confirmation,000000290293,5,0.0022430981595092025,0.0,3,False,all_validation
coco-rem,000000290592,/home/felix/fiftyone/coco-2017/validation/data/000000290592.jpg,validation,locked_confirmation,000000290592,12,0.06581572769953052,0.5833333333333334,1,False,all_validation
coco-rem,000000290619,/home/felix/fiftyone/coco-2017/validation/data/000000290619.jpg,validation,locked_confirmation,000000290619,1,0.2778125,0.0,1,False,all_validation
coco-rem,000000290768,/home/felix/fiftyone/coco-2017/validation/data/000000290768.jpg,validation,locked_confirmation,000000290768,10,0.0026298645819983766,0.7,5,False,all_validation
coco-rem,000000290771,/home/felix/fiftyone/coco-2017/validation/data/000000290771.jpg,validation,locked_confirmation,000000290771,17,0.003465670859538784,0.47058823529411764,6,False,all_validation
coco-rem,000000290833,/home/felix/fiftyone/coco-2017/validation/data/000000290833.jpg,validation,locked_confirmation,000000290833,2,0.34925351288056206,0.0,1,False,all_validation
coco-rem,000000290843,/home/felix/fiftyone/coco-2017/validation/data/000000290843.jpg,validation,locked_confirmation,000000290843,4,0.36404424649532713,1.0,4,False,all_validation
coco-rem,000000291490,/home/felix/fiftyone/coco-2017/validation/data/000000291490.jpg,validation,locked_confirmation,000000291490,2,0.29826256361323156,0.0,2,False,all_validation
coco-rem,000000291551,/home/felix/fiftyone/coco-2017/validation/data/000000291551.jpg,validation,locked_confirmation,000000291551,7,0.004935747663551402,0.5714285714285714,3,False,all_validation
coco-rem,000000291619,/home/felix/fiftyone/coco-2017/validation/data/000000291619.jpg,validation,locked_confirmation,000000291619,3,0.06127049180327869,0.6666666666666666,2,False,all_validation
coco-rem,000000291634,/home/felix/fiftyone/coco-2017/validation/data/000000291634.jpg,validation,locked_confirmation,000000291634,21,0.0035075057736720554,0.6666666666666666,5,False,all_validation
coco-rem,000000291664,/home/felix/fiftyone/coco-2017/validation/data/000000291664.jpg,validation,locked_confirmation,000000291664,2,0.18486128826530612,0.0,2,False,all_validation
coco-rem,000000291791,/home/felix/fiftyone/coco-2017/validation/data/000000291791.jpg,validation,locked_confirmation,000000291791,6,0.04674192134268537,1.0,3,False,all_validation
coco-rem,000000291861,/home/felix/fiftyone/coco-2017/validation/data/000000291861.jpg,validation,locked_confirmation,000000291861,1,0.7011883802816902,0.0,1,False,all_validation
coco-rem,000000292005,/home/felix/fiftyone/coco-2017/validation/data/000000292005.jpg,validation,locked_confirmation,000000292005,5,0.00298828125,0.0,3,False,all_validation
coco-rem,000000292024,/home/felix/fiftyone/coco-2017/validation/data/000000292024.jpg,validation,locked_confirmation,000000292024,5,0.14404716134819942,0.4,4,False,all_validation
coco-rem,000000292060,/home/felix/fiftyone/coco-2017/validation/data/000000292060.jpg,validation,locked_confirmation,000000292060,17,0.0015186915887850467,0.4117647058823529,7,False,all_validation
coco-rem,000000292082,/home/felix/fiftyone/coco-2017/validation/data/000000292082.jpg,validation,locked_confirmation,000000292082,5,0.16931884765625,1.0,3,False,all_validation
coco-rem,000000292155,/home/felix/fiftyone/coco-2017/validation/data/000000292155.jpg,validation,locked_confirmation,000000292155,2,0.3694938151041667,0.0,2,False,all_validation
coco-rem,000000292225,/home/felix/fiftyone/coco-2017/validation/data/000000292225.jpg,validation,locked_confirmation,000000292225,3,0.0040104166666666665,0.0,2,False,all_validation
coco-rem,000000292236,/home/felix/fiftyone/coco-2017/validation/data/000000292236.jpg,validation,locked_confirmation,000000292236,7,0.0648012048192771,0.42857142857142855,3,False,all_validation
coco-rem,000000292330,/home/felix/fiftyone/coco-2017/validation/data/000000292330.jpg,validation,locked_confirmation,000000292330,2,0.21729736328125,1.0,2,False,all_validation
coco-rem,000000292415,/home/felix/fiftyone/coco-2017/validation/data/000000292415.jpg,validation,locked_confirmation,000000292415,2,0.06409309309309309,1.0,2,False,all_validation
coco-rem,000000292446,/home/felix/fiftyone/coco-2017/validation/data/000000292446.jpg,validation,locked_confirmation,000000292446,13,0.019250074757571876,0.15384615384615385,4,False,all_validation
coco-rem,000000292456,/home/felix/fiftyone/coco-2017/validation/data/000000292456.jpg,validation,locked_confirmation,000000292456,7,0.024528,0.8571428571428571,4,False,all_validation
coco-rem,000000292488,/home/felix/fiftyone/coco-2017/validation/data/000000292488.jpg,validation,locked_confirmation,000000292488,2,0.22157790492957746,1.0,2,False,all_validation
coco-rem,000000292908,/home/felix/fiftyone/coco-2017/validation/data/000000292908.jpg,validation,locked_confirmation,000000292908,2,0.0085205078125,0.0,2,False,all_validation
coco-rem,000000292997,/home/felix/fiftyone/coco-2017/validation/data/000000292997.jpg,validation,locked_confirmation,000000292997,15,0.0013020833333333333,0.4,4,False,all_validation
coco-rem,000000293044,/home/felix/fiftyone/coco-2017/validation/data/000000293044.jpg,validation,locked_confirmation,000000293044,9,0.02065972222222222,1.0,4,False,all_validation
coco-rem,000000293071,/home/felix/fiftyone/coco-2017/validation/data/000000293071.jpg,validation,locked_confirmation,000000293071,4,0.06678805970149254,0.0,2,False,all_validation
coco-rem,000000293200,/home/felix/fiftyone/coco-2017/validation/data/000000293200.jpg,validation,locked_confirmation,000000293200,21,0.009206674473067916,0.6190476190476191,4,True,all_validation
coco-rem,000000293245,/home/felix/fiftyone/coco-2017/validation/data/000000293245.jpg,validation,locked_confirmation,000000293245,4,0.002628580729166667,0.75,2,False,all_validation
coco-rem,000000293300,/home/felix/fiftyone/coco-2017/validation/data/000000293300.jpg,validation,locked_confirmation,000000293300,3,0.045447892271662765,0.0,2,False,all_validation
coco-rem,000000293324,/home/felix/fiftyone/coco-2017/validation/data/000000293324.jpg,validation,locked_confirmation,000000293324,10,0.008418642241379311,0.2,3,False,all_validation
coco-rem,000000293390,/home/felix/fiftyone/coco-2017/validation/data/000000293390.jpg,validation,locked_confirmation,000000293390,5,0.0013671875,0.0,3,False,all_validation
coco-rem,000000293474,/home/felix/fiftyone/coco-2017/validation/data/000000293474.jpg,validation,locked_confirmation,000000293474,6,0.0025045045045045044,0.8333333333333334,2,False,all_validation
coco-rem,000000293625,/home/felix/fiftyone/coco-2017/validation/data/000000293625.jpg,validation,locked_confirmation,000000293625,8,0.04198893229166667,0.875,6,False,all_validation
coco-rem,000000293794,/home/felix/fiftyone/coco-2017/validation/data/000000293794.jpg,validation,locked_confirmation,000000293794,12,0.010599810163551401,0.3333333333333333,4,True,all_validation
coco-rem,000000293804,/home/felix/fiftyone/coco-2017/validation/data/000000293804.jpg,validation,locked_confirmation,000000293804,5,0.007531531531531532,0.6,4,False,all_validation
coco-rem,000000293858,/home/felix/fiftyone/coco-2017/validation/data/000000293858.jpg,validation,locked_confirmation,000000293858,11,0.04309090909090909,0.7272727272727273,6,False,all_validation
coco-rem,000000294162,/home/felix/fiftyone/coco-2017/validation/data/000000294162.jpg,validation,locked_confirmation,000000294162,2,0.23471516927083333,0.0,2,False,all_validation
coco-rem,000000294163,/home/felix/fiftyone/coco-2017/validation/data/000000294163.jpg,validation,locked_confirmation,000000294163,2,0.011274402680652681,0.0,1,False,all_validation
coco-rem,000000294350,/home/felix/fiftyone/coco-2017/validation/data/000000294350.jpg,validation,locked_confirmation,000000294350,13,0.013691176470588236,0.5384615384615384,5,False,all_validation
coco-rem,000000294695,/home/felix/fiftyone/coco-2017/validation/data/000000294695.jpg,validation,locked_confirmation,000000294695,9,0.014651639344262295,0.0,2,False,all_validation
coco-rem,000000294783,/home/felix/fiftyone/coco-2017/validation/data/000000294783.jpg,validation,locked_confirmation,000000294783,20,0.0011152891355140186,0.2,6,True,all_validation
coco-rem,000000294831,/home/felix/fiftyone/coco-2017/validation/data/000000294831.jpg,validation,locked_confirmation,000000294831,7,0.06404085872576178,0.5714285714285714,7,False,all_validation
coco-rem,000000294855,/home/felix/fiftyone/coco-2017/validation/data/000000294855.jpg,validation,locked_confirmation,000000294855,2,0.11841333333333333,0.0,2,False,all_validation
coco-rem,000000295138,/home/felix/fiftyone/coco-2017/validation/data/000000295138.jpg,validation,locked_confirmation,000000295138,5,0.023448581560283687,0.6,3,False,all_validation
coco-rem,000000295231,/home/felix/fiftyone/coco-2017/validation/data/000000295231.jpg,validation,locked_confirmation,000000295231,7,0.09869140625,0.2857142857142857,1,False,all_validation
coco-rem,000000295316,/home/felix/fiftyone/coco-2017/validation/data/000000295316.jpg,validation,locked_confirmation,000000295316,8,0.003271484375,0.5,2,False,all_validation
coco-rem,000000295420,/home/felix/fiftyone/coco-2017/validation/data/000000295420.jpg,validation,locked_confirmation,000000295420,5,0.005416666666666667,0.0,3,False,all_validation
coco-rem,000000295478,/home/felix/fiftyone/coco-2017/validation/data/000000295478.jpg,validation,locked_confirmation,000000295478,4,0.02825164794921875,0.75,3,False,all_validation
coco-rem,000000295713,/home/felix/fiftyone/coco-2017/validation/data/000000295713.jpg,validation,locked_confirmation,000000295713,12,0.010438012295081968,0.5,4,False,all_validation
coco-rem,000000295797,/home/felix/fiftyone/coco-2017/validation/data/000000295797.jpg,validation,locked_confirmation,000000295797,2,0.054442330210772834,0.0,1,False,all_validation
coco-rem,000000295809,/home/felix/fiftyone/coco-2017/validation/data/000000295809.jpg,validation,locked_confirmation,000000295809,20,0.0006622314453125,0.15,5,False,all_validation
coco-rem,000000296222,/home/felix/fiftyone/coco-2017/validation/data/000000296222.jpg,validation,locked_confirmation,000000296222,8,0.0253515625,0.625,6,False,all_validation
coco-rem,000000296224,/home/felix/fiftyone/coco-2017/validation/data/000000296224.jpg,validation,locked_confirmation,000000296224,5,0.006494140625,0.6,3,False,all_validation
coco-rem,000000296231,/home/felix/fiftyone/coco-2017/validation/data/000000296231.jpg,validation,locked_confirmation,000000296231,26,0.002890625,0.5769230769230769,8,False,all_validation
coco-rem,000000296284,/home/felix/fiftyone/coco-2017/validation/data/000000296284.jpg,validation,locked_confirmation,000000296284,14,0.010684156378600823,0.0,1,False,all_validation
coco-rem,000000296317,/home/felix/fiftyone/coco-2017/validation/data/000000296317.jpg,validation,locked_confirmation,000000296317,3,0.00837890625,0.0,1,False,all_validation
coco-rem,000000296634,/home/felix/fiftyone/coco-2017/validation/data/000000296634.jpg,validation,locked_confirmation,000000296634,12,0.003825193156732892,0.9166666666666666,3,False,all_validation
coco-rem,000000296649,/home/felix/fiftyone/coco-2017/validation/data/000000296649.jpg,validation,locked_confirmation,000000296649,26,0.004508196721311476,0.7307692307692307,6,True,all_validation
coco-rem,000000296657,/home/felix/fiftyone/coco-2017/validation/data/000000296657.jpg,validation,locked_confirmation,000000296657,14,0.004546618852459016,1.0,4,False,all_validation
coco-rem,000000296969,/home/felix/fiftyone/coco-2017/validation/data/000000296969.jpg,validation,locked_confirmation,000000296969,7,0.046289519906323184,0.42857142857142855,1,False,all_validation
coco-rem,000000297022,/home/felix/fiftyone/coco-2017/validation/data/000000297022.jpg,validation,locked_confirmation,000000297022,4,0.026187375992063493,1.0,2,False,all_validation
coco-rem,000000297084,/home/felix/fiftyone/coco-2017/validation/data/000000297084.jpg,validation,locked_confirmation,000000297084,13,0.030127301465248408,0.9230769230769231,8,False,all_validation
coco-rem,000000297085,/home/felix/fiftyone/coco-2017/validation/data/000000297085.jpg,validation,locked_confirmation,000000297085,5,0.010538666666666667,1.0,3,False,all_validation
coco-rem,000000297147,/home/felix/fiftyone/coco-2017/validation/data/000000297147.jpg,validation,locked_confirmation,000000297147,4,0.000576171875,1.0,2,False,all_validation
coco-rem,000000297343,/home/felix/fiftyone/coco-2017/validation/data/000000297343.jpg,validation,locked_confirmation,000000297343,1,0.12377387152777777,0.0,1,False,all_validation
coco-rem,000000297353,/home/felix/fiftyone/coco-2017/validation/data/000000297353.jpg,validation,locked_confirmation,000000297353,9,0.00203369140625,0.6666666666666666,4,False,all_validation
coco-rem,000000297396,/home/felix/fiftyone/coco-2017/validation/data/000000297396.jpg,validation,locked_confirmation,000000297396,10,0.0472,0.6,3,False,all_validation
coco-rem,000000297427,/home/felix/fiftyone/coco-2017/validation/data/000000297427.jpg,validation,locked_confirmation,000000297427,5,0.08450700431034483,0.4,2,False,all_validation
coco-rem,000000297562,/home/felix/fiftyone/coco-2017/validation/data/000000297562.jpg,validation,locked_confirmation,000000297562,15,0.01826171875,0.6666666666666666,4,False,all_validation
coco-rem,000000297578,/home/felix/fiftyone/coco-2017/validation/data/000000297578.jpg,validation,locked_confirmation,000000297578,10,0.036202846975088965,0.7,4,False,all_validation
coco-rem,000000297595,/home/felix/fiftyone/coco-2017/validation/data/000000297595.jpg,validation,locked_confirmation,000000297595,2,0.003930035128805621,0.0,2,False,all_validation
coco-rem,000000297681,/home/felix/fiftyone/coco-2017/validation/data/000000297681.jpg,validation,locked_confirmation,000000297681,1,0.0221925519630485,0.0,1,False,all_validation
coco-rem,000000297698,/home/felix/fiftyone/coco-2017/validation/data/000000297698.jpg,validation,locked_confirmation,000000297698,7,0.004988662131519274,0.2857142857142857,2,False,all_validation
coco-rem,000000297830,/home/felix/fiftyone/coco-2017/validation/data/000000297830.jpg,validation,locked_confirmation,000000297830,2,0.2634521484375,0.0,2,False,all_validation
coco-rem,000000298251,/home/felix/fiftyone/coco-2017/validation/data/000000298251.jpg,validation,locked_confirmation,000000298251,9,0.008018867924528302,0.0,1,False,all_validation
coco-rem,000000298396,/home/felix/fiftyone/coco-2017/validation/data/000000298396.jpg,validation,locked_confirmation,000000298396,30,0.0011002604166666667,0.3333333333333333,10,False,all_validation
coco-rem,000000298697,/home/felix/fiftyone/coco-2017/validation/data/000000298697.jpg,validation,locked_confirmation,000000298697,4,0.0017252604166666666,0.0,2,False,all_validation
coco-rem,000000298738,/home/felix/fiftyone/coco-2017/validation/data/000000298738.jpg,validation,locked_confirmation,000000298738,1,0.7132721018735363,0.0,1,False,all_validation
coco-rem,000000298904,/home/felix/fiftyone/coco-2017/validation/data/000000298904.jpg,validation,locked_confirmation,000000298904,1,0.6715625,0.0,1,False,all_validation
coco-rem,000000298994,/home/felix/fiftyone/coco-2017/validation/data/000000298994.jpg,validation,locked_confirmation,000000298994,12,0.007854483060747663,0.16666666666666666,2,False,all_validation
coco-rem,000000299355,/home/felix/fiftyone/coco-2017/validation/data/000000299355.jpg,validation,locked_confirmation,000000299355,2,0.13956266666666667,1.0,1,False,all_validation
coco-rem,000000299553,/home/felix/fiftyone/coco-2017/validation/data/000000299553.jpg,validation,locked_confirmation,000000299553,18,0.002064,0.0,2,True,all_validation
coco-rem,000000299609,/home/felix/fiftyone/coco-2017/validation/data/000000299609.jpg,validation,locked_confirmation,000000299609,1,0.02728841145833333,0.0,1,False,all_validation
coco-rem,000000299720,/home/felix/fiftyone/coco-2017/validation/data/000000299720.jpg,validation,locked_confirmation,000000299720,1,0.29859484777517564,0.0,1,False,all_validation
coco-rem,000000299887,/home/felix/fiftyone/coco-2017/validation/data/000000299887.jpg,validation,locked_confirmation,000000299887,4,0.22236328125,0.5,3,False,all_validation
coco-rem,000000300039,/home/felix/fiftyone/coco-2017/validation/data/000000300039.jpg,validation,locked_confirmation,000000300039,10,0.0727139037433155,0.6,6,False,all_validation
coco-rem,000000300155,/home/felix/fiftyone/coco-2017/validation/data/000000300155.jpg,validation,locked_confirmation,000000300155,1,0.12423155737704918,0.0,1,False,all_validation
coco-rem,000000300233,/home/felix/fiftyone/coco-2017/validation/data/000000300233.jpg,validation,locked_confirmation,000000300233,4,0.05343654141104295,0.0,3,False,all_validation
coco-rem,000000300276,/home/felix/fiftyone/coco-2017/validation/data/000000300276.jpg,validation,locked_confirmation,000000300276,28,0.003168523676880223,0.39285714285714285,6,True,all_validation
coco-rem,000000300341,/home/felix/fiftyone/coco-2017/validation/data/000000300341.jpg,validation,locked_confirmation,000000300341,9,0.02030152224824356,0.7777777777777778,2,False,all_validation
coco-rem,000000300659,/home/felix/fiftyone/coco-2017/validation/data/000000300659.jpg,validation,locked_confirmation,000000300659,7,0.005590277777777777,0.0,1,False,all_validation
coco-rem,000000300842,/home/felix/fiftyone/coco-2017/validation/data/000000300842.jpg,validation,locked_confirmation,000000300842,1,0.38140404929577465,0.0,1,False,all_validation
coco-rem,000000300913,/home/felix/fiftyone/coco-2017/validation/data/000000300913.jpg,validation,locked_confirmation,000000300913,3,0.9531946666666666,1.0,2,False,all_validation
coco-rem,000000301061,/home/felix/fiftyone/coco-2017/validation/data/000000301061.jpg,validation,locked_confirmation,000000301061,3,0.147265625,0.6666666666666666,3,False,all_validation
coco-rem,000000301135,/home/felix/fiftyone/coco-2017/validation/data/000000301135.jpg,validation,locked_confirmation,000000301135,23,0.006352219626168224,0.7391304347826086,6,False,all_validation
coco-rem,000000301376,/home/felix/fiftyone/coco-2017/validation/data/000000301376.jpg,validation,locked_confirmation,000000301376,21,0.0033873873873873873,0.5238095238095238,6,False,all_validation
coco-rem,000000301421,/home/felix/fiftyone/coco-2017/validation/data/000000301421.jpg,validation,locked_confirmation,000000301421,10,0.020482655152224825,0.7,8,False,all_validation
coco-rem,000000301563,/home/felix/fiftyone/coco-2017/validation/data/000000301563.jpg,validation,locked_confirmation,000000301563,9,0.006483644859813084,0.5555555555555556,3,False,all_validation
coco-rem,000000301718,/home/felix/fiftyone/coco-2017/validation/data/000000301718.jpg,validation,locked_confirmation,000000301718,11,0.01892578125,1.0,7,False,all_validation
coco-rem,000000301867,/home/felix/fiftyone/coco-2017/validation/data/000000301867.jpg,validation,locked_confirmation,000000301867,7,0.048984375,0.8571428571428571,3,False,all_validation
coco-rem,000000301981,/home/felix/fiftyone/coco-2017/validation/data/000000301981.jpg,validation,locked_confirmation,000000301981,1,0.2831217447916667,0.0,1,False,all_validation
coco-rem,000000302030,/home/felix/fiftyone/coco-2017/validation/data/000000302030.jpg,validation,locked_confirmation,000000302030,21,0.008931058495821728,0.38095238095238093,6,True,all_validation
coco-rem,000000302107,/home/felix/fiftyone/coco-2017/validation/data/000000302107.jpg,validation,locked_confirmation,000000302107,5,0.026771077283372365,0.8,3,False,all_validation
coco-rem,000000302165,/home/felix/fiftyone/coco-2017/validation/data/000000302165.jpg,validation,locked_confirmation,000000302165,12,0.0257568359375,0.9166666666666666,1,False,all_validation
coco-rem,000000302452,/home/felix/fiftyone/coco-2017/validation/data/000000302452.jpg,validation,locked_confirmation,000000302452,12,0.014768270231329544,0.5,4,False,all_validation
coco-rem,000000302536,/home/felix/fiftyone/coco-2017/validation/data/000000302536.jpg,validation,locked_confirmation,000000302536,11,0.000192,0.36363636363636365,4,False,all_validation
coco-rem,000000302760,/home/felix/fiftyone/coco-2017/validation/data/000000302760.jpg,validation,locked_confirmation,000000302760,3,0.031376,0.0,2,False,all_validation
coco-rem,000000302882,/home/felix/fiftyone/coco-2017/validation/data/000000302882.jpg,validation,locked_confirmation,000000302882,2,0.388455,1.0,2,False,all_validation
coco-rem,000000302990,/home/felix/fiftyone/coco-2017/validation/data/000000302990.jpg,validation,locked_confirmation,000000302990,4,0.017712602459016392,0.0,2,False,all_validation
coco-rem,000000303305,/home/felix/fiftyone/coco-2017/validation/data/000000303305.jpg,validation,locked_confirmation,000000303305,5,0.00595703125,0.8,3,False,all_validation
coco-rem,000000303499,/home/felix/fiftyone/coco-2017/validation/data/000000303499.jpg,validation,locked_confirmation,000000303499,8,0.09866666666666667,0.75,2,False,all_validation
coco-rem,000000303566,/home/felix/fiftyone/coco-2017/validation/data/000000303566.jpg,validation,locked_confirmation,000000303566,234,0.00143412558685446,0.27350427350427353,6,True,all_validation
coco-rem,000000303653,/home/felix/fiftyone/coco-2017/validation/data/000000303653.jpg,validation,locked_confirmation,000000303653,7,0.04038659037558685,0.8571428571428571,3,False,all_validation
coco-rem,000000303713,/home/felix/fiftyone/coco-2017/validation/data/000000303713.jpg,validation,locked_confirmation,000000303713,24,0.0034909250585480095,0.5833333333333334,6,True,all_validation
coco-rem,000000303818,/home/felix/fiftyone/coco-2017/validation/data/000000303818.jpg,validation,locked_confirmation,000000303818,18,0.0038444010416666665,0.7777777777777778,5,False,all_validation
coco-rem,000000303863,/home/felix/fiftyone/coco-2017/validation/data/000000303863.jpg,validation,locked_confirmation,000000303863,9,0.0016676334106728538,0.8888888888888888,3,False,all_validation
coco-rem,000000303893,/home/felix/fiftyone/coco-2017/validation/data/000000303893.jpg,validation,locked_confirmation,000000303893,6,0.01722226288056206,0.6666666666666666,3,False,all_validation
coco-rem,000000303908,/home/felix/fiftyone/coco-2017/validation/data/000000303908.jpg,validation,locked_confirmation,000000303908,6,0.005181498829039813,0.0,3,False,all_validation
coco-rem,000000304180,/home/felix/fiftyone/coco-2017/validation/data/000000304180.jpg,validation,locked_confirmation,000000304180,5,0.0654680023923445,0.4,2,False,all_validation
coco-rem,000000304291,/home/felix/fiftyone/coco-2017/validation/data/000000304291.jpg,validation,locked_confirmation,000000304291,1,0.13535567915690866,0.0,1,False,all_validation
coco-rem,000000304365,/home/felix/fiftyone/coco-2017/validation/data/000000304365.jpg,validation,locked_confirmation,000000304365,3,0.005532786885245901,0.6666666666666666,3,False,all_validation
coco-rem,000000304396,/home/felix/fiftyone/coco-2017/validation/data/000000304396.jpg,validation,locked_confirmation,000000304396,2,0.013198529411764706,0.0,1,False,all_validation
coco-rem,000000304404,/home/felix/fiftyone/coco-2017/validation/data/000000304404.jpg,validation,locked_confirmation,000000304404,19,0.011098130841121495,0.2631578947368421,4,True,all_validation
coco-rem,000000304545,/home/felix/fiftyone/coco-2017/validation/data/000000304545.jpg,validation,locked_confirmation,000000304545,1,0.9980842911877394,0.0,1,False,all_validation
coco-rem,000000304560,/home/felix/fiftyone/coco-2017/validation/data/000000304560.jpg,validation,locked_confirmation,000000304560,1,0.5346066176470589,0.0,1,False,all_validation
coco-rem,000000304812,/home/felix/fiftyone/coco-2017/validation/data/000000304812.jpg,validation,locked_confirmation,000000304812,9,0.00012777453271028036,0.4444444444444444,2,False,all_validation
coco-rem,000000304817,/home/felix/fiftyone/coco-2017/validation/data/000000304817.jpg,validation,locked_confirmation,000000304817,1,0.32703125,0.0,1,False,all_validation
coco-rem,000000304984,/home/felix/fiftyone/coco-2017/validation/data/000000304984.jpg,validation,locked_confirmation,000000304984,7,0.1000853817462814,0.5714285714285714,5,False,all_validation
coco-rem,000000305309,/home/felix/fiftyone/coco-2017/validation/data/000000305309.jpg,validation,locked_confirmation,000000305309,4,0.12159790640394089,0.5,2,False,all_validation
coco-rem,000000305317,/home/felix/fiftyone/coco-2017/validation/data/000000305317.jpg,validation,locked_confirmation,000000305317,17,0.0012155688622754492,0.0,2,True,all_validation
coco-rem,000000305343,/home/felix/fiftyone/coco-2017/validation/data/000000305343.jpg,validation,locked_confirmation,000000305343,2,0.19186182669789228,0.0,2,False,all_validation
coco-rem,000000305609,/home/felix/fiftyone/coco-2017/validation/data/000000305609.jpg,validation,locked_confirmation,000000305609,12,0.01980541672006493,1.0,8,False,all_validation
coco-rem,000000305695,/home/felix/fiftyone/coco-2017/validation/data/000000305695.jpg,validation,locked_confirmation,000000305695,7,0.006474609375,0.5714285714285714,3,False,all_validation
coco-rem,000000306136,/home/felix/fiftyone/coco-2017/validation/data/000000306136.jpg,validation,locked_confirmation,000000306136,7,0.007973130841121496,0.7142857142857143,3,False,all_validation
coco-rem,000000306139,/home/felix/fiftyone/coco-2017/validation/data/000000306139.jpg,validation,locked_confirmation,000000306139,27,0.025660211267605634,0.7407407407407407,6,False,all_validation
coco-rem,000000306437,/home/felix/fiftyone/coco-2017/validation/data/000000306437.jpg,validation,locked_confirmation,000000306437,7,0.007042253521126761,0.5714285714285714,4,False,all_validation
coco-rem,000000306582,/home/felix/fiftyone/coco-2017/validation/data/000000306582.jpg,validation,locked_confirmation,000000306582,7,0.019182942708333334,0.2857142857142857,1,False,all_validation
coco-rem,000000306700,/home/felix/fiftyone/coco-2017/validation/data/000000306700.jpg,validation,locked_confirmation,000000306700,4,0.2784326171875,0.75,4,False,all_validation
coco-rem,000000306733,/home/felix/fiftyone/coco-2017/validation/data/000000306733.jpg,validation,locked_confirmation,000000306733,9,0.014084507042253521,0.0,4,False,all_validation
coco-rem,000000306893,/home/felix/fiftyone/coco-2017/validation/data/000000306893.jpg,validation,locked_confirmation,000000306893,21,0.0024782608695652175,0.5238095238095238,5,False,all_validation
coco-rem,000000307074,/home/felix/fiftyone/coco-2017/validation/data/000000307074.jpg,validation,locked_confirmation,000000307074,20,0.0008798798798798799,0.0,3,False,all_validation
coco-rem,000000307145,/home/felix/fiftyone/coco-2017/validation/data/000000307145.jpg,validation,locked_confirmation,000000307145,2,0.029826888412747,0.0,2,False,all_validation
coco-rem,000000307172,/home/felix/fiftyone/coco-2017/validation/data/000000307172.jpg,validation,locked_confirmation,000000307172,5,0.24588235294117647,1.0,5,False,all_validation
coco-rem,000000307598,/home/felix/fiftyone/coco-2017/validation/data/000000307598.jpg,validation,locked_confirmation,000000307598,4,0.006871698943661972,0.0,2,False,all_validation
coco-rem,000000307658,/home/felix/fiftyone/coco-2017/validation/data/000000307658.jpg,validation,locked_confirmation,000000307658,1,0.8167391765704584,0.0,1,False,all_validation
coco-rem,000000308165,/home/felix/fiftyone/coco-2017/validation/data/000000308165.jpg,validation,locked_confirmation,000000308165,2,0.05069669117647059,0.0,2,False,all_validation
coco-rem,000000308193,/home/felix/fiftyone/coco-2017/validation/data/000000308193.jpg,validation,locked_confirmation,000000308193,1,0.028763020833333333,0.0,1,False,all_validation
coco-rem,000000308328,/home/felix/fiftyone/coco-2017/validation/data/000000308328.jpg,validation,locked_confirmation,000000308328,25,0.005458984375,0.92,3,False,all_validation
coco-rem,000000308391,/home/felix/fiftyone/coco-2017/validation/data/000000308391.jpg,validation,locked_confirmation,000000308391,0,,0.0,0,False,all_validation
coco-rem,000000308394,/home/felix/fiftyone/coco-2017/validation/data/000000308394.jpg,validation,locked_confirmation,000000308394,4,0.0950624269859813,0.75,4,False,all_validation
coco-rem,000000308430,/home/felix/fiftyone/coco-2017/validation/data/000000308430.jpg,validation,locked_confirmation,000000308430,17,0.008271484375,1.0,5,True,all_validation
coco-rem,000000308466,/home/felix/fiftyone/coco-2017/validation/data/000000308466.jpg,validation,locked_confirmation,000000308466,2,0.0560791015625,0.0,2,False,all_validation
coco-rem,000000308476,/home/felix/fiftyone/coco-2017/validation/data/000000308476.jpg,validation,locked_confirmation,000000308476,2,0.243486328125,0.0,2,False,all_validation
coco-rem,000000308531,/home/felix/fiftyone/coco-2017/validation/data/000000308531.jpg,validation,locked_confirmation,000000308531,3,0.008434888579387187,0.0,3,False,all_validation
coco-rem,000000308545,/home/felix/fiftyone/coco-2017/validation/data/000000308545.jpg,validation,locked_confirmation,000000308545,4,0.09127268735362998,0.5,2,False,all_validation
coco-rem,000000308587,/home/felix/fiftyone/coco-2017/validation/data/000000308587.jpg,validation,locked_confirmation,000000308587,17,0.000205078125,0.0,3,False,all_validation
coco-rem,000000308631,/home/felix/fiftyone/coco-2017/validation/data/000000308631.jpg,validation,locked_confirmation,000000308631,13,0.0336230927230047,0.46153846153846156,3,False,all_validation
coco-rem,000000308753,/home/felix/fiftyone/coco-2017/validation/data/000000308753.jpg,validation,locked_confirmation,000000308753,1,0.024173177083333334,0.0,1,False,all_validation
coco-rem,000000308793,/home/felix/fiftyone/coco-2017/validation/data/000000308793.jpg,validation,locked_confirmation,000000308793,5,0.03285807291666667,0.8,3,False,all_validation
coco-rem,000000308799,/home/felix/fiftyone/coco-2017/validation/data/000000308799.jpg,validation,locked_confirmation,000000308799,8,0.0014666666666666667,0.0,4,False,all_validation
coco-rem,000000309173,/home/felix/fiftyone/coco-2017/validation/data/000000309173.jpg,validation,locked_confirmation,000000309173,2,0.2408268656716418,0.0,2,False,all_validation
coco-rem,000000309391,/home/felix/fiftyone/coco-2017/validation/data/000000309391.jpg,validation,locked_confirmation,000000309391,39,0.0024332682291666667,0.4358974358974359,5,True,all_validation
coco-rem,000000309452,/home/felix/fiftyone/coco-2017/validation/data/000000309452.jpg,validation,locked_confirmation,000000309452,1,0.15540364583333333,0.0,1,False,all_validation
coco-rem,000000309467,/home/felix/fiftyone/coco-2017/validation/data/000000309467.jpg,validation,locked_confirmation,000000309467,7,0.007419478527607362,0.8571428571428571,3,False,all_validation
coco-rem,000000309484,/home/felix/fiftyone/coco-2017/validation/data/000000309484.jpg,validation,locked_confirmation,000000309484,4,0.33036174953095687,1.0,3,False,all_validation
coco-rem,000000309495,/home/felix/fiftyone/coco-2017/validation/data/000000309495.jpg,validation,locked_confirmation,000000309495,1,0.19521472392638037,0.0,1,False,all_validation
coco-rem,000000309655,/home/felix/fiftyone/coco-2017/validation/data/000000309655.jpg,validation,locked_confirmation,000000309655,18,0.0026806640625,0.7222222222222222,3,False,all_validation
coco-rem,000000309678,/home/felix/fiftyone/coco-2017/validation/data/000000309678.jpg,validation,locked_confirmation,000000309678,3,0.3935066909975669,1.0,3,False,all_validation
coco-rem,000000309938,/home/felix/fiftyone/coco-2017/validation/data/000000309938.jpg,validation,locked_confirmation,000000309938,7,0.0380859375,0.7142857142857143,2,False,all_validation
coco-rem,000000309964,/home/felix/fiftyone/coco-2017/validation/data/000000309964.jpg,validation,locked_confirmation,000000309964,6,0.11810048302107728,0.8333333333333334,5,False,all_validation
coco-rem,000000310072,/home/felix/fiftyone/coco-2017/validation/data/000000310072.jpg,validation,locked_confirmation,000000310072,5,0.03772030026109661,0.0,2,False,all_validation
coco-rem,000000310200,/home/felix/fiftyone/coco-2017/validation/data/000000310200.jpg,validation,locked_confirmation,000000310200,3,0.0586328125,0.6666666666666666,3,False,all_validation
coco-rem,000000310622,/home/felix/fiftyone/coco-2017/validation/data/000000310622.jpg,validation,locked_confirmation,000000310622,0,,0.0,0,False,all_validation
coco-rem,000000310862,/home/felix/fiftyone/coco-2017/validation/data/000000310862.jpg,validation,locked_confirmation,000000310862,3,0.07307552650689905,1.0,3,False,all_validation
coco-rem,000000310980,/home/felix/fiftyone/coco-2017/validation/data/000000310980.jpg,validation,locked_confirmation,000000310980,3,0.3122072599531616,1.0,3,False,all_validation
coco-rem,000000311002,/home/felix/fiftyone/coco-2017/validation/data/000000311002.jpg,validation,locked_confirmation,000000311002,9,0.0033372365339578453,0.6666666666666666,4,False,all_validation
coco-rem,000000311081,/home/felix/fiftyone/coco-2017/validation/data/000000311081.jpg,validation,locked_confirmation,000000311081,1,0.0546875,0.0,1,False,all_validation
coco-rem,000000311180,/home/felix/fiftyone/coco-2017/validation/data/000000311180.jpg,validation,locked_confirmation,000000311180,2,0.49245768229166664,1.0,2,False,all_validation
coco-rem,000000311190,/home/felix/fiftyone/coco-2017/validation/data/000000311190.jpg,validation,locked_confirmation,000000311190,2,0.269616,0.0,2,False,all_validation
coco-rem,000000311295,/home/felix/fiftyone/coco-2017/validation/data/000000311295.jpg,validation,locked_confirmation,000000311295,10,0.004032494145199063,0.2,2,False,all_validation
coco-rem,000000311303,/home/felix/fiftyone/coco-2017/validation/data/000000311303.jpg,validation,locked_confirmation,000000311303,8,0.04590895784543326,0.625,6,False,all_validation
coco-rem,000000311392,/home/felix/fiftyone/coco-2017/validation/data/000000311392.jpg,validation,locked_confirmation,000000311392,4,0.020989461358313817,0.5,2,False,all_validation
coco-rem,000000311394,/home/felix/fiftyone/coco-2017/validation/data/000000311394.jpg,validation,locked_confirmation,000000311394,2,0.51953125,1.0,2,False,all_validation
coco-rem,000000311518,/home/felix/fiftyone/coco-2017/validation/data/000000311518.jpg,validation,locked_confirmation,000000311518,1,0.08980898711943794,0.0,1,False,all_validation
coco-rem,000000311789,/home/felix/fiftyone/coco-2017/validation/data/000000311789.jpg,validation,locked_confirmation,000000311789,2,0.46522614168618265,1.0,2,False,all_validation
coco-rem,000000311883,/home/felix/fiftyone/coco-2017/validation/data/000000311883.jpg,validation,locked_confirmation,000000311883,7,0.0010542820069204153,0.7142857142857143,2,False,all_validation
coco-rem,000000311909,/home/felix/fiftyone/coco-2017/validation/data/000000311909.jpg,validation,locked_confirmation,000000311909,1,0.780922379032258,0.0,1,False,all_validation
coco-rem,000000311928,/home/felix/fiftyone/coco-2017/validation/data/000000311928.jpg,validation,locked_confirmation,000000311928,3,0.08088881909547739,0.0,3,False,all_validation
coco-rem,000000311950,/home/felix/fiftyone/coco-2017/validation/data/000000311950.jpg,validation,locked_confirmation,000000311950,1,0.1357421875,0.0,1,False,all_validation
coco-rem,000000312192,/home/felix/fiftyone/coco-2017/validation/data/000000312192.jpg,validation,locked_confirmation,000000312192,11,0.038313802083333334,0.6363636363636364,7,False,all_validation
coco-rem,000000312213,/home/felix/fiftyone/coco-2017/validation/data/000000312213.jpg,validation,locked_confirmation,000000312213,3,0.4811328125,0.6666666666666666,3,False,all_validation
coco-rem,000000312237,/home/felix/fiftyone/coco-2017/validation/data/000000312237.jpg,validation,locked_confirmation,000000312237,21,0.0010059880239520957,0.23809523809523808,6,True,all_validation
coco-rem,000000312263,/home/felix/fiftyone/coco-2017/validation/data/000000312263.jpg,validation,locked_confirmation,000000312263,1,0.014089184060721063,0.0,1,False,all_validation
coco-rem,000000312278,/home/felix/fiftyone/coco-2017/validation/data/000000312278.jpg,validation,locked_confirmation,000000312278,3,0.24132892491467578,0.0,1,False,all_validation
coco-rem,000000312340,/home/felix/fiftyone/coco-2017/validation/data/000000312340.jpg,validation,locked_confirmation,000000312340,1,0.22675367647058822,0.0,1,False,all_validation
coco-rem,000000312406,/home/felix/fiftyone/coco-2017/validation/data/000000312406.jpg,validation,locked_confirmation,000000312406,2,0.112783203125,0.0,2,False,all_validation
coco-rem,000000312421,/home/felix/fiftyone/coco-2017/validation/data/000000312421.jpg,validation,locked_confirmation,000000312421,12,0.048153908079625295,0.3333333333333333,5,False,all_validation
coco-rem,000000312489,/home/felix/fiftyone/coco-2017/validation/data/000000312489.jpg,validation,locked_confirmation,000000312489,4,0.06361561561561561,0.0,3,False,all_validation
coco-rem,000000312549,/home/felix/fiftyone/coco-2017/validation/data/000000312549.jpg,validation,locked_confirmation,000000312549,0,,0.0,0,False,all_validation
coco-rem,000000312552,/home/felix/fiftyone/coco-2017/validation/data/000000312552.jpg,validation,locked_confirmation,000000312552,2,0.31074583333333333,1.0,2,False,all_validation
coco-rem,000000312586,/home/felix/fiftyone/coco-2017/validation/data/000000312586.jpg,validation,locked_confirmation,000000312586,3,0.008126460280373832,0.0,1,False,all_validation
coco-rem,000000312720,/home/felix/fiftyone/coco-2017/validation/data/000000312720.jpg,validation,locked_confirmation,000000312720,3,0.006048741217798595,1.0,2,False,all_validation
coco-rem,000000313034,/home/felix/fiftyone/coco-2017/validation/data/000000313034.jpg,validation,locked_confirmation,000000313034,12,0.0030094401041666666,0.75,7,False,all_validation
coco-rem,000000313130,/home/felix/fiftyone/coco-2017/validation/data/000000313130.jpg,validation,locked_confirmation,000000313130,9,0.0031640625,0.2222222222222222,5,False,all_validation
coco-rem,000000313182,/home/felix/fiftyone/coco-2017/validation/data/000000313182.jpg,validation,locked_confirmation,000000313182,14,0.002644089033018868,0.8571428571428571,4,False,all_validation
coco-rem,000000313454,/home/felix/fiftyone/coco-2017/validation/data/000000313454.jpg,validation,locked_confirmation,000000313454,7,0.006282216494845361,0.2857142857142857,6,False,all_validation
coco-rem,000000313562,/home/felix/fiftyone/coco-2017/validation/data/000000313562.jpg,validation,locked_confirmation,000000313562,9,0.003251953125,0.4444444444444444,3,True,all_validation
coco-rem,000000313588,/home/felix/fiftyone/coco-2017/validation/data/000000313588.jpg,validation,locked_confirmation,000000313588,5,0.02984049479166667,0.6,5,False,all_validation
coco-rem,000000313783,/home/felix/fiftyone/coco-2017/validation/data/000000313783.jpg,validation,locked_confirmation,000000313783,10,0.0148,0.4,2,False,all_validation
coco-rem,000000314034,/home/felix/fiftyone/coco-2017/validation/data/000000314034.jpg,validation,locked_confirmation,000000314034,25,0.004401041666666667,0.2,2,True,all_validation
coco-rem,000000314177,/home/felix/fiftyone/coco-2017/validation/data/000000314177.jpg,validation,locked_confirmation,000000314177,2,0.08549246361746361,1.0,2,False,all_validation
coco-rem,000000314182,/home/felix/fiftyone/coco-2017/validation/data/000000314182.jpg,validation,locked_confirmation,000000314182,18,0.007968,0.8333333333333334,3,False,all_validation
coco-rem,000000314251,/home/felix/fiftyone/coco-2017/validation/data/000000314251.jpg,validation,locked_confirmation,000000314251,21,0.0015494791666666667,0.6190476190476191,3,False,all_validation
coco-rem,000000314264,/home/felix/fiftyone/coco-2017/validation/data/000000314264.jpg,validation,locked_confirmation,000000314264,5,0.080185546875,0.8,3,False,all_validation
coco-rem,000000314294,/home/felix/fiftyone/coco-2017/validation/data/000000314294.jpg,validation,locked_confirmation,000000314294,2,0.06460503472222222,0.0,1,False,all_validation
coco-rem,000000314541,/home/felix/fiftyone/coco-2017/validation/data/000000314541.jpg,validation,locked_confirmation,000000314541,1,0.13566176470588234,0.0,1,False,all_validation
coco-rem,000000314709,/home/felix/fiftyone/coco-2017/validation/data/000000314709.jpg,validation,locked_confirmation,000000314709,2,0.05942451584507042,0.0,2,False,all_validation
coco-rem,000000314914,/home/felix/fiftyone/coco-2017/validation/data/000000314914.jpg,validation,locked_confirmation,000000314914,1,0.0390625,0.0,1,False,all_validation
coco-rem,000000315001,/home/felix/fiftyone/coco-2017/validation/data/000000315001.jpg,validation,locked_confirmation,000000315001,80,0.00019072769953051643,0.0,1,False,all_validation
coco-rem,000000315187,/home/felix/fiftyone/coco-2017/validation/data/000000315187.jpg,validation,locked_confirmation,000000315187,12,0.0004638671875,0.5,4,False,all_validation
coco-rem,000000315219,/home/felix/fiftyone/coco-2017/validation/data/000000315219.jpg,validation,locked_confirmation,000000315219,1,0.016648648648648647,0.0,1,False,all_validation
coco-rem,000000315257,/home/felix/fiftyone/coco-2017/validation/data/000000315257.jpg,validation,locked_confirmation,000000315257,1,0.4132478112840467,0.0,1,False,all_validation
coco-rem,000000315450,/home/felix/fiftyone/coco-2017/validation/data/000000315450.jpg,validation,locked_confirmation,000000315450,19,0.001314252336448598,0.3157894736842105,4,False,all_validation
coco-rem,000000315492,/home/felix/fiftyone/coco-2017/validation/data/000000315492.jpg,validation,locked_confirmation,000000315492,4,0.07469349395531633,0.5,3,False,all_validation
coco-rem,000000316015,/home/felix/fiftyone/coco-2017/validation/data/000000316015.jpg,validation,locked_confirmation,000000316015,9,0.010045,0.4444444444444444,6,False,all_validation
coco-rem,000000316054,/home/felix/fiftyone/coco-2017/validation/data/000000316054.jpg,validation,locked_confirmation,000000316054,4,0.007004494863013699,0.0,2,False,all_validation
coco-rem,000000316404,/home/felix/fiftyone/coco-2017/validation/data/000000316404.jpg,validation,locked_confirmation,000000316404,6,0.07168012640449438,1.0,3,False,all_validation
coco-rem,000000316666,/home/felix/fiftyone/coco-2017/validation/data/000000316666.jpg,validation,locked_confirmation,000000316666,39,0.0023274739583333333,0.23076923076923078,8,False,all_validation
coco-rem,000000317024,/home/felix/fiftyone/coco-2017/validation/data/000000317024.jpg,validation,locked_confirmation,000000317024,1,0.6542838541666667,0.0,1,False,all_validation
coco-rem,000000317433,/home/felix/fiftyone/coco-2017/validation/data/000000317433.jpg,validation,locked_confirmation,000000317433,3,0.2306425644028103,0.0,2,False,all_validation
coco-rem,000000317999,/home/felix/fiftyone/coco-2017/validation/data/000000317999.jpg,validation,locked_confirmation,000000317999,4,0.2932005318467256,0.75,3,False,all_validation
coco-rem,000000318080,/home/felix/fiftyone/coco-2017/validation/data/000000318080.jpg,validation,locked_confirmation,000000318080,2,0.19200520833333334,0.0,1,False,all_validation
coco-rem,000000318114,/home/felix/fiftyone/coco-2017/validation/data/000000318114.jpg,validation,locked_confirmation,000000318114,6,0.19136026311350987,1.0,6,False,all_validation
coco-rem,000000318138,/home/felix/fiftyone/coco-2017/validation/data/000000318138.jpg,validation,locked_confirmation,000000318138,5,0.14421875,1.0,2,False,all_validation
coco-rem,000000318238,/home/felix/fiftyone/coco-2017/validation/data/000000318238.jpg,validation,locked_confirmation,000000318238,4,0.24032426778242677,1.0,3,False,all_validation
coco-rem,000000318455,/home/felix/fiftyone/coco-2017/validation/data/000000318455.jpg,validation,locked_confirmation,000000318455,15,0.008720703125,1.0,3,True,all_validation
coco-rem,000000318908,/home/felix/fiftyone/coco-2017/validation/data/000000318908.jpg,validation,locked_confirmation,000000318908,1,0.5138138138138139,0.0,1,False,all_validation
coco-rem,000000319100,/home/felix/fiftyone/coco-2017/validation/data/000000319100.jpg,validation,locked_confirmation,000000319100,13,0.0023423423423423423,0.6923076923076923,7,False,all_validation
coco-rem,000000319184,/home/felix/fiftyone/coco-2017/validation/data/000000319184.jpg,validation,locked_confirmation,000000319184,9,0.00853061224489796,0.0,2,False,all_validation
coco-rem,000000319369,/home/felix/fiftyone/coco-2017/validation/data/000000319369.jpg,validation,locked_confirmation,000000319369,18,0.005058232060185185,0.5,5,False,all_validation
coco-rem,000000319534,/home/felix/fiftyone/coco-2017/validation/data/000000319534.jpg,validation,locked_confirmation,000000319534,8,0.029749348958333335,1.0,2,False,all_validation
coco-rem,000000319607,/home/felix/fiftyone/coco-2017/validation/data/000000319607.jpg,validation,locked_confirmation,000000319607,13,0.00814697265625,0.46153846153846156,6,False,all_validation
coco-rem,000000319617,/home/felix/fiftyone/coco-2017/validation/data/000000319617.jpg,validation,locked_confirmation,000000319617,4,0.23260416666666667,1.0,3,False,all_validation
coco-rem,000000319696,/home/felix/fiftyone/coco-2017/validation/data/000000319696.jpg,validation,locked_confirmation,000000319696,5,0.03903903903903904,0.4,5,False,all_validation
coco-rem,000000319721,/home/felix/fiftyone/coco-2017/validation/data/000000319721.jpg,validation,locked_confirmation,000000319721,4,0.13531901041666666,0.75,2,False,all_validation
coco-rem,000000319935,/home/felix/fiftyone/coco-2017/validation/data/000000319935.jpg,validation,locked_confirmation,000000319935,13,0.006477701005025126,0.3076923076923077,7,False,all_validation
coco-rem,000000320232,/home/felix/fiftyone/coco-2017/validation/data/000000320232.jpg,validation,locked_confirmation,000000320232,10,0.000984,0.2,4,False,all_validation
coco-rem,000000320425,/home/felix/fiftyone/coco-2017/validation/data/000000320425.jpg,validation,locked_confirmation,000000320425,10,0.0517529296875,0.9,1,False,all_validation
coco-rem,000000320490,/home/felix/fiftyone/coco-2017/validation/data/000000320490.jpg,validation,locked_confirmation,000000320490,6,0.002391431924882629,0.0,4,False,all_validation
coco-rem,000000320554,/home/felix/fiftyone/coco-2017/validation/data/000000320554.jpg,validation,locked_confirmation,000000320554,2,0.358432,1.0,2,False,all_validation
coco-rem,000000320632,/home/felix/fiftyone/coco-2017/validation/data/000000320632.jpg,validation,locked_confirmation,000000320632,6,0.06941569010416666,1.0,1,False,all_validation
coco-rem,000000320642,/home/felix/fiftyone/coco-2017/validation/data/000000320642.jpg,validation,locked_confirmation,000000320642,6,0.05575077881619938,0.5,2,False,all_validation
coco-rem,000000320664,/home/felix/fiftyone/coco-2017/validation/data/000000320664.jpg,validation,locked_confirmation,000000320664,5,0.055654296875,1.0,5,False,all_validation
coco-rem,000000320696,/home/felix/fiftyone/coco-2017/validation/data/000000320696.jpg,validation,locked_confirmation,000000320696,2,0.045233826112412175,0.0,2,False,all_validation
coco-rem,000000320706,/home/felix/fiftyone/coco-2017/validation/data/000000320706.jpg,validation,locked_confirmation,000000320706,0,,0.0,0,False,all_validation
coco-rem,000000320743,/home/felix/fiftyone/coco-2017/validation/data/000000320743.jpg,validation,locked_confirmation,000000320743,19,0.013376736111111112,0.47368421052631576,2,False,all_validation
coco-rem,000000321118,/home/felix/fiftyone/coco-2017/validation/data/000000321118.jpg,validation,locked_confirmation,000000321118,3,0.24048195422535212,0.6666666666666666,3,False,all_validation
coco-rem,000000321214,/home/felix/fiftyone/coco-2017/validation/data/000000321214.jpg,validation,locked_confirmation,000000321214,4,0.1229052734375,1.0,4,False,all_validation
coco-rem,000000321333,/home/felix/fiftyone/coco-2017/validation/data/000000321333.jpg,validation,locked_confirmation,000000321333,3,0.3897748740554156,0.6666666666666666,2,False,all_validation
coco-rem,000000321557,/home/felix/fiftyone/coco-2017/validation/data/000000321557.jpg,validation,locked_confirmation,000000321557,1,0.8478290676416819,0.0,1,False,all_validation
coco-rem,000000321790,/home/felix/fiftyone/coco-2017/validation/data/000000321790.jpg,validation,locked_confirmation,000000321790,2,0.2012331674473068,0.0,2,False,all_validation
coco-rem,000000321887,/home/felix/fiftyone/coco-2017/validation/data/000000321887.jpg,validation,locked_confirmation,000000321887,1,0.669251179245283,0.0,1,False,all_validation
coco-rem,000000322163,/home/felix/fiftyone/coco-2017/validation/data/000000322163.jpg,validation,locked_confirmation,000000322163,21,0.022428385416666665,0.6190476190476191,9,False,all_validation
coco-rem,000000322211,/home/felix/fiftyone/coco-2017/validation/data/000000322211.jpg,validation,locked_confirmation,000000322211,13,0.0554296875,0.6923076923076923,2,False,all_validation
coco-rem,000000322352,/home/felix/fiftyone/coco-2017/validation/data/000000322352.jpg,validation,locked_confirmation,000000322352,14,0.009464,0.7142857142857143,5,False,all_validation
coco-rem,000000322429,/home/felix/fiftyone/coco-2017/validation/data/000000322429.jpg,validation,locked_confirmation,000000322429,22,0.016282110699152544,0.18181818181818182,3,False,all_validation
coco-rem,000000322574,/home/felix/fiftyone/coco-2017/validation/data/000000322574.jpg,validation,locked_confirmation,000000322574,3,0.10088541666666667,0.6666666666666666,3,False,all_validation
coco-rem,000000322610,/home/felix/fiftyone/coco-2017/validation/data/000000322610.jpg,validation,locked_confirmation,000000322610,26,0.010406901041666666,0.6923076923076923,4,False,all_validation
coco-rem,000000322724,/home/felix/fiftyone/coco-2017/validation/data/000000322724.jpg,validation,locked_confirmation,000000322724,4,0.004516544117647059,0.75,2,False,all_validation
coco-rem,000000322829,/home/felix/fiftyone/coco-2017/validation/data/000000322829.jpg,validation,locked_confirmation,000000322829,1,0.46229508196721314,0.0,1,False,all_validation
coco-rem,000000322844,/home/felix/fiftyone/coco-2017/validation/data/000000322844.jpg,validation,locked_confirmation,000000322844,2,0.37173665364583336,0.0,2,False,all_validation
coco-rem,000000322864,/home/felix/fiftyone/coco-2017/validation/data/000000322864.jpg,validation,locked_confirmation,000000322864,6,0.011623609484777517,0.6666666666666666,2,False,all_validation
coco-rem,000000322895,/home/felix/fiftyone/coco-2017/validation/data/000000322895.jpg,validation,locked_confirmation,000000322895,9,0.019990234375,0.3333333333333333,5,False,all_validation
coco-rem,000000322944,/home/felix/fiftyone/coco-2017/validation/data/000000322944.jpg,validation,locked_confirmation,000000322944,2,0.676617204595186,1.0,2,False,all_validation
coco-rem,000000322959,/home/felix/fiftyone/coco-2017/validation/data/000000322959.jpg,validation,locked_confirmation,000000322959,15,0.026688453159041396,1.0,7,False,all_validation
coco-rem,000000322968,/home/felix/fiftyone/coco-2017/validation/data/000000322968.jpg,validation,locked_confirmation,000000322968,1,0.005989583333333334,0.0,1,False,all_validation
coco-rem,000000323151,/home/felix/fiftyone/coco-2017/validation/data/000000323151.jpg,validation,locked_confirmation,000000323151,5,0.08723958333333333,0.8,5,False,all_validation
coco-rem,000000323202,/home/felix/fiftyone/coco-2017/validation/data/000000323202.jpg,validation,locked_confirmation,000000323202,2,0.4755143229166667,1.0,2,False,all_validation
coco-rem,000000323263,/home/felix/fiftyone/coco-2017/validation/data/000000323263.jpg,validation,locked_confirmation,000000323263,7,0.030620805369127518,0.7142857142857143,3,False,all_validation
coco-rem,000000323355,/home/felix/fiftyone/coco-2017/validation/data/000000323355.jpg,validation,locked_confirmation,000000323355,3,0.09990234375,1.0,2,False,all_validation
coco-rem,000000323496,/home/felix/fiftyone/coco-2017/validation/data/000000323496.jpg,validation,locked_confirmation,000000323496,16,0.006834170854271356,0.5625,4,False,all_validation
coco-rem,000000323571,/home/felix/fiftyone/coco-2017/validation/data/000000323571.jpg,validation,locked_confirmation,000000323571,5,0.016769089958158997,0.4,3,False,all_validation
coco-rem,000000323709,/home/felix/fiftyone/coco-2017/validation/data/000000323709.jpg,validation,locked_confirmation,000000323709,1,0.249169921875,0.0,1,False,all_validation
coco-rem,000000323751,/home/felix/fiftyone/coco-2017/validation/data/000000323751.jpg,validation,locked_confirmation,000000323751,9,0.0022037146226415094,0.5555555555555556,5,False,all_validation
coco-rem,000000323799,/home/felix/fiftyone/coco-2017/validation/data/000000323799.jpg,validation,locked_confirmation,000000323799,16,0.04169921875,0.75,2,False,all_validation
coco-rem,000000323828,/home/felix/fiftyone/coco-2017/validation/data/000000323828.jpg,validation,locked_confirmation,000000323828,9,0.001639344262295082,0.4444444444444444,3,False,all_validation
coco-rem,000000323895,/home/felix/fiftyone/coco-2017/validation/data/000000323895.jpg,validation,locked_confirmation,000000323895,3,0.013880208333333333,0.0,2,False,all_validation
coco-rem,000000324158,/home/felix/fiftyone/coco-2017/validation/data/000000324158.jpg,validation,locked_confirmation,000000324158,15,0.002335329341317365,0.26666666666666666,4,False,all_validation
coco-rem,000000324258,/home/felix/fiftyone/coco-2017/validation/data/000000324258.jpg,validation,locked_confirmation,000000324258,21,0.001669921875,1.0,6,False,all_validation
coco-rem,000000324614,/home/felix/fiftyone/coco-2017/validation/data/000000324614.jpg,validation,locked_confirmation,000000324614,2,0.22727605386416863,1.0,2,False,all_validation
coco-rem,000000324715,/home/felix/fiftyone/coco-2017/validation/data/000000324715.jpg,validation,locked_confirmation,000000324715,2,0.26093093093093095,0.0,2,False,all_validation
coco-rem,000000324818,/home/felix/fiftyone/coco-2017/validation/data/000000324818.jpg,validation,locked_confirmation,000000324818,2,0.1595638937793427,0.0,1,False,all_validation
coco-rem,000000324927,/home/felix/fiftyone/coco-2017/validation/data/000000324927.jpg,validation,locked_confirmation,000000324927,3,0.20753255208333332,0.0,2,False,all_validation
coco-rem,000000325031,/home/felix/fiftyone/coco-2017/validation/data/000000325031.jpg,validation,locked_confirmation,000000325031,16,0.0005319695723684211,0.5625,4,True,all_validation
coco-rem,000000325114,/home/felix/fiftyone/coco-2017/validation/data/000000325114.jpg,validation,locked_confirmation,000000325114,1,0.076904296875,0.0,1,False,all_validation
coco-rem,000000325306,/home/felix/fiftyone/coco-2017/validation/data/000000325306.jpg,validation,locked_confirmation,000000325306,2,0.27673828125,0.0,1,False,all_validation
coco-rem,000000325347,/home/felix/fiftyone/coco-2017/validation/data/000000325347.jpg,validation,locked_confirmation,000000325347,7,0.022262360724233984,0.0,4,False,all_validation
coco-rem,000000325483,/home/felix/fiftyone/coco-2017/validation/data/000000325483.jpg,validation,locked_confirmation,000000325483,27,0.00111328125,0.7037037037037037,7,False,all_validation
coco-rem,000000325527,/home/felix/fiftyone/coco-2017/validation/data/000000325527.jpg,validation,locked_confirmation,000000325527,1,0.0979572192513369,0.0,1,False,all_validation
coco-rem,000000325838,/home/felix/fiftyone/coco-2017/validation/data/000000325838.jpg,validation,locked_confirmation,000000325838,22,0.024514973958333332,0.8181818181818182,6,False,all_validation
coco-rem,000000325991,/home/felix/fiftyone/coco-2017/validation/data/000000325991.jpg,validation,locked_confirmation,000000325991,2,0.16866467065868262,0.0,2,False,all_validation
coco-rem,000000326082,/home/felix/fiftyone/coco-2017/validation/data/000000326082.jpg,validation,locked_confirmation,000000326082,18,0.003968603286384977,0.5,9,False,all_validation
coco-rem,000000326128,/home/felix/fiftyone/coco-2017/validation/data/000000326128.jpg,validation,locked_confirmation,000000326128,3,0.069140625,0.6666666666666666,3,False,all_validation
coco-rem,000000326174,/home/felix/fiftyone/coco-2017/validation/data/000000326174.jpg,validation,locked_confirmation,000000326174,12,0.028876953125,0.6666666666666666,2,False,all_validation
coco-rem,000000326248,/home/felix/fiftyone/coco-2017/validation/data/000000326248.jpg,validation,locked_confirmation,000000326248,19,0.010867974238875878,0.3157894736842105,4,True,all_validation
coco-rem,000000326462,/home/felix/fiftyone/coco-2017/validation/data/000000326462.jpg,validation,locked_confirmation,000000326462,2,0.22733243624247085,0.0,2,False,all_validation
coco-rem,000000326541,/home/felix/fiftyone/coco-2017/validation/data/000000326541.jpg,validation,locked_confirmation,000000326541,9,0.03673611111111111,1.0,3,False,all_validation
coco-rem,000000326542,/home/felix/fiftyone/coco-2017/validation/data/000000326542.jpg,validation,locked_confirmation,000000326542,5,0.0004557291666666667,0.4,2,False,all_validation
coco-rem,000000326627,/home/felix/fiftyone/coco-2017/validation/data/000000326627.jpg,validation,locked_confirmation,000000326627,12,0.0008365885416666667,0.3333333333333333,2,False,all_validation
coco-rem,000000326970,/home/felix/fiftyone/coco-2017/validation/data/000000326970.jpg,validation,locked_confirmation,000000326970,11,0.020182291666666668,1.0,4,False,all_validation
coco-rem,000000327306,/home/felix/fiftyone/coco-2017/validation/data/000000327306.jpg,validation,locked_confirmation,000000327306,2,0.063646484375,1.0,2,False,all_validation
coco-rem,000000327592,/home/felix/fiftyone/coco-2017/validation/data/000000327592.jpg,validation,locked_confirmation,000000327592,4,0.037121277700831026,1.0,4,False,all_validation
coco-rem,000000327601,/home/felix/fiftyone/coco-2017/validation/data/000000327601.jpg,validation,locked_confirmation,000000327601,3,0.2437837837837838,1.0,3,False,all_validation
coco-rem,000000327605,/home/felix/fiftyone/coco-2017/validation/data/000000327605.jpg,validation,locked_confirmation,000000327605,4,0.02556803385416667,0.5,2,False,all_validation
coco-rem,000000327617,/home/felix/fiftyone/coco-2017/validation/data/000000327617.jpg,validation,locked_confirmation,000000327617,2,0.20682305408970977,1.0,2,False,all_validation
coco-rem,000000327701,/home/felix/fiftyone/coco-2017/validation/data/000000327701.jpg,validation,locked_confirmation,000000327701,9,0.001379964953271028,0.2222222222222222,4,False,all_validation
coco-rem,000000327769,/home/felix/fiftyone/coco-2017/validation/data/000000327769.jpg,validation,locked_confirmation,000000327769,7,0.01846255896226415,0.5714285714285714,6,False,all_validation
coco-rem,000000327780,/home/felix/fiftyone/coco-2017/validation/data/000000327780.jpg,validation,locked_confirmation,000000327780,2,0.47609375,1.0,2,False,all_validation
coco-rem,000000327890,/home/felix/fiftyone/coco-2017/validation/data/000000327890.jpg,validation,locked_confirmation,000000327890,13,0.000703125,0.0,2,False,all_validation
coco-rem,000000328030,/home/felix/fiftyone/coco-2017/validation/data/000000328030.jpg,validation,locked_confirmation,000000328030,5,0.1361654411764706,0.4,1,False,all_validation
coco-rem,000000328117,/home/felix/fiftyone/coco-2017/validation/data/000000328117.jpg,validation,locked_confirmation,000000328117,12,0.017571614583333332,0.16666666666666666,1,False,all_validation
coco-rem,000000328238,/home/felix/fiftyone/coco-2017/validation/data/000000328238.jpg,validation,locked_confirmation,000000328238,13,0.0031690140845070424,0.46153846153846156,5,False,all_validation
coco-rem,000000328286,/home/felix/fiftyone/coco-2017/validation/data/000000328286.jpg,validation,locked_confirmation,000000328286,6,0.021663104363207546,0.0,1,False,all_validation
coco-rem,000000328337,/home/felix/fiftyone/coco-2017/validation/data/000000328337.jpg,validation,locked_confirmation,000000328337,2,0.2611680327868853,1.0,2,False,all_validation
coco-rem,000000328430,/home/felix/fiftyone/coco-2017/validation/data/000000328430.jpg,validation,locked_confirmation,000000328430,17,0.0008660508083140878,0.29411764705882354,4,True,all_validation
coco-rem,000000328601,/home/felix/fiftyone/coco-2017/validation/data/000000328601.jpg,validation,locked_confirmation,000000328601,3,0.04857954545454545,0.6666666666666666,3,False,all_validation
coco-rem,000000328683,/home/felix/fiftyone/coco-2017/validation/data/000000328683.jpg,validation,locked_confirmation,000000328683,2,0.05750651041666666,0.0,2,False,all_validation
coco-rem,000000328959,/home/felix/fiftyone/coco-2017/validation/data/000000328959.jpg,validation,locked_confirmation,000000328959,2,0.12605844155844156,1.0,2,False,all_validation
coco-rem,000000329041,/home/felix/fiftyone/coco-2017/validation/data/000000329041.jpg,validation,locked_confirmation,000000329041,13,0.06076171875,0.6923076923076923,3,False,all_validation
coco-rem,000000329080,/home/felix/fiftyone/coco-2017/validation/data/000000329080.jpg,validation,locked_confirmation,000000329080,3,0.1866796875,0.6666666666666666,2,False,all_validation
coco-rem,000000329219,/home/felix/fiftyone/coco-2017/validation/data/000000329219.jpg,validation,locked_confirmation,000000329219,21,0.0009953161592505856,0.09523809523809523,7,False,all_validation
coco-rem,000000329319,/home/felix/fiftyone/coco-2017/validation/data/000000329319.jpg,validation,locked_confirmation,000000329319,3,0.2838054906542056,0.6666666666666666,3,False,all_validation
coco-rem,000000329323,/home/felix/fiftyone/coco-2017/validation/data/000000329323.jpg,validation,locked_confirmation,000000329323,13,0.052963235294117644,0.5384615384615384,1,True,all_validation
coco-rem,000000329447,/home/felix/fiftyone/coco-2017/validation/data/000000329447.jpg,validation,locked_confirmation,000000329447,5,0.12792079207920792,0.4,2,False,all_validation
coco-rem,000000329455,/home/felix/fiftyone/coco-2017/validation/data/000000329455.jpg,validation,locked_confirmation,000000329455,13,0.038557942708333334,0.9230769230769231,5,False,all_validation
coco-rem,000000329456,/home/felix/fiftyone/coco-2017/validation/data/000000329456.jpg,validation,locked_confirmation,000000329456,8,0.06696245608899297,1.0,3,False,all_validation
coco-rem,000000329542,/home/felix/fiftyone/coco-2017/validation/data/000000329542.jpg,validation,locked_confirmation,000000329542,6,0.04324458541586569,0.3333333333333333,3,False,all_validation
coco-rem,000000329614,/home/felix/fiftyone/coco-2017/validation/data/000000329614.jpg,validation,locked_confirmation,000000329614,11,0.005480769230769231,0.36363636363636365,3,False,all_validation
coco-rem,000000329827,/home/felix/fiftyone/coco-2017/validation/data/000000329827.jpg,validation,locked_confirmation,000000329827,3,0.014325966042154567,0.6666666666666666,2,False,all_validation
coco-rem,000000330369,/home/felix/fiftyone/coco-2017/validation/data/000000330369.jpg,validation,locked_confirmation,000000330369,4,0.0060925373134328355,0.5,3,False,all_validation
coco-rem,000000330396,/home/felix/fiftyone/coco-2017/validation/data/000000330396.jpg,validation,locked_confirmation,000000330396,6,0.004298666666666667,0.3333333333333333,2,False,all_validation
coco-rem,000000330554,/home/felix/fiftyone/coco-2017/validation/data/000000330554.jpg,validation,locked_confirmation,000000330554,0,,0.0,0,False,all_validation
coco-rem,000000330790,/home/felix/fiftyone/coco-2017/validation/data/000000330790.jpg,validation,locked_confirmation,000000330790,3,0.20565580985915494,0.0,1,False,all_validation
coco-rem,000000330818,/home/felix/fiftyone/coco-2017/validation/data/000000330818.jpg,validation,locked_confirmation,000000330818,9,0.014146860328638497,0.3333333333333333,4,False,all_validation
coco-rem,000000331075,/home/felix/fiftyone/coco-2017/validation/data/000000331075.jpg,validation,locked_confirmation,000000331075,1,0.6668729372937293,0.0,1,False,all_validation
coco-rem,000000331280,/home/felix/fiftyone/coco-2017/validation/data/000000331280.jpg,validation,locked_confirmation,000000331280,15,0.016524590163934427,0.6,2,True,all_validation
coco-rem,000000331317,/home/felix/fiftyone/coco-2017/validation/data/000000331317.jpg,validation,locked_confirmation,000000331317,2,0.14027957128099172,0.0,2,False,all_validation
coco-rem,000000331352,/home/felix/fiftyone/coco-2017/validation/data/000000331352.jpg,validation,locked_confirmation,000000331352,2,0.36650712250712253,0.0,2,False,all_validation
coco-rem,000000331569,/home/felix/fiftyone/coco-2017/validation/data/000000331569.jpg,validation,locked_confirmation,000000331569,1,0.5169325900294759,0.0,1,False,all_validation
coco-rem,000000331604,/home/felix/fiftyone/coco-2017/validation/data/000000331604.jpg,validation,locked_confirmation,000000331604,2,0.044728849531615926,1.0,2,False,all_validation
coco-rem,000000331799,/home/felix/fiftyone/coco-2017/validation/data/000000331799.jpg,validation,locked_confirmation,000000331799,24,0.0045359644396551725,0.375,4,False,all_validation
coco-rem,000000331817,/home/felix/fiftyone/coco-2017/validation/data/000000331817.jpg,validation,locked_confirmation,000000331817,17,0.044270833333333336,0.8823529411764706,9,False,all_validation
coco-rem,000000332318,/home/felix/fiftyone/coco-2017/validation/data/000000332318.jpg,validation,locked_confirmation,000000332318,17,0.0004662004662004662,0.0,2,True,all_validation
coco-rem,000000332351,/home/felix/fiftyone/coco-2017/validation/data/000000332351.jpg,validation,locked_confirmation,000000332351,25,0.0010783450704225353,0.56,2,True,all_validation
coco-rem,000000332455,/home/felix/fiftyone/coco-2017/validation/data/000000332455.jpg,validation,locked_confirmation,000000332455,1,0.7342058823529412,0.0,1,False,all_validation
coco-rem,000000332570,/home/felix/fiftyone/coco-2017/validation/data/000000332570.jpg,validation,locked_confirmation,000000332570,2,0.6386666666666667,1.0,2,False,all_validation
coco-rem,000000332845,/home/felix/fiftyone/coco-2017/validation/data/000000332845.jpg,validation,locked_confirmation,000000332845,4,0.05096354166666667,0.75,4,False,all_validation
coco-rem,000000332901,/home/felix/fiftyone/coco-2017/validation/data/000000332901.jpg,validation,locked_confirmation,000000332901,9,0.003987341772151899,0.2222222222222222,2,False,all_validation
coco-rem,000000333069,/home/felix/fiftyone/coco-2017/validation/data/000000333069.jpg,validation,locked_confirmation,000000333069,2,0.2246422313084112,1.0,1,False,all_validation
coco-rem,000000333237,/home/felix/fiftyone/coco-2017/validation/data/000000333237.jpg,validation,locked_confirmation,000000333237,4,0.03340464547677262,0.0,2,False,all_validation
coco-rem,000000333402,/home/felix/fiftyone/coco-2017/validation/data/000000333402.jpg,validation,locked_confirmation,000000333402,5,0.012970588235294117,1.0,3,False,all_validation
coco-rem,000000333697,/home/felix/fiftyone/coco-2017/validation/data/000000333697.jpg,validation,locked_confirmation,000000333697,1,0.016670334507042254,0.0,1,False,all_validation
coco-rem,000000333745,/home/felix/fiftyone/coco-2017/validation/data/000000333745.jpg,validation,locked_confirmation,000000333745,11,0.015017564402810305,1.0,5,False,all_validation
coco-rem,000000333772,/home/felix/fiftyone/coco-2017/validation/data/000000333772.jpg,validation,locked_confirmation,000000333772,8,0.056688,0.75,6,False,all_validation
coco-rem,000000333956,/home/felix/fiftyone/coco-2017/validation/data/000000333956.jpg,validation,locked_confirmation,000000333956,2,0.16527818341121495,1.0,2,False,all_validation
coco-rem,000000334006,/home/felix/fiftyone/coco-2017/validation/data/000000334006.jpg,validation,locked_confirmation,000000334006,5,0.021742957746478872,0.4,4,False,all_validation
coco-rem,000000334309,/home/felix/fiftyone/coco-2017/validation/data/000000334309.jpg,validation,locked_confirmation,000000334309,9,0.00974824355971897,1.0,4,False,all_validation
coco-rem,000000334371,/home/felix/fiftyone/coco-2017/validation/data/000000334371.jpg,validation,locked_confirmation,000000334371,9,0.006690035799522673,0.4444444444444444,4,False,all_validation
coco-rem,000000334399,/home/felix/fiftyone/coco-2017/validation/data/000000334399.jpg,validation,locked_confirmation,000000334399,6,0.0664453125,0.8333333333333334,4,False,all_validation
coco-rem,000000334417,/home/felix/fiftyone/coco-2017/validation/data/000000334417.jpg,validation,locked_confirmation,000000334417,3,0.012101063829787234,1.0,3,False,all_validation
coco-rem,000000334483,/home/felix/fiftyone/coco-2017/validation/data/000000334483.jpg,validation,locked_confirmation,000000334483,29,0.0086328125,0.9310344827586207,6,False,all_validation
coco-rem,000000334521,/home/felix/fiftyone/coco-2017/validation/data/000000334521.jpg,validation,locked_confirmation,000000334521,4,0.06324,0.75,3,False,all_validation
coco-rem,000000334530,/home/felix/fiftyone/coco-2017/validation/data/000000334530.jpg,validation,locked_confirmation,000000334530,2,0.029549632352941176,0.0,2,False,all_validation
coco-rem,000000334555,/home/felix/fiftyone/coco-2017/validation/data/000000334555.jpg,validation,locked_confirmation,000000334555,20,0.0033982541079812206,0.75,6,False,all_validation
coco-rem,000000334719,/home/felix/fiftyone/coco-2017/validation/data/000000334719.jpg,validation,locked_confirmation,000000334719,9,0.00449455205811138,0.2222222222222222,3,False,all_validation
coco-rem,000000334767,/home/felix/fiftyone/coco-2017/validation/data/000000334767.jpg,validation,locked_confirmation,000000334767,11,0.030666666666666665,0.7272727272727273,2,False,all_validation
coco-rem,000000334977,/home/felix/fiftyone/coco-2017/validation/data/000000334977.jpg,validation,locked_confirmation,000000334977,3,0.19546875,0.0,1,False,all_validation
coco-rem,000000335081,/home/felix/fiftyone/coco-2017/validation/data/000000335081.jpg,validation,locked_confirmation,000000335081,5,0.13728776346604216,0.6,2,False,all_validation
coco-rem,000000335177,/home/felix/fiftyone/coco-2017/validation/data/000000335177.jpg,validation,locked_confirmation,000000335177,3,0.004234081419624217,0.0,3,False,all_validation
coco-rem,000000335328,/home/felix/fiftyone/coco-2017/validation/data/000000335328.jpg,validation,locked_confirmation,000000335328,3,0.0449371337890625,0.6666666666666666,2,False,all_validation
coco-rem,000000335427,/home/felix/fiftyone/coco-2017/validation/data/000000335427.jpg,validation,locked_confirmation,000000335427,11,0.10531180245535714,1.0,5,False,all_validation
coco-rem,000000335450,/home/felix/fiftyone/coco-2017/validation/data/000000335450.jpg,validation,locked_confirmation,000000335450,3,0.094461886682243,0.6666666666666666,1,False,all_validation
coco-rem,000000335529,/home/felix/fiftyone/coco-2017/validation/data/000000335529.jpg,validation,locked_confirmation,000000335529,12,0.001884765625,0.16666666666666666,2,False,all_validation
coco-rem,000000335658,/home/felix/fiftyone/coco-2017/validation/data/000000335658.jpg,validation,locked_confirmation,000000335658,2,0.11612141927083333,0.0,2,False,all_validation
coco-rem,000000335800,/home/felix/fiftyone/coco-2017/validation/data/000000335800.jpg,validation,locked_confirmation,000000335800,1,0.12479508196721312,0.0,1,False,all_validation
coco-rem,000000335954,/home/felix/fiftyone/coco-2017/validation/data/000000335954.jpg,validation,locked_confirmation,000000335954,3,0.31097013968986287,0.6666666666666666,2,False,all_validation
coco-rem,000000336053,/home/felix/fiftyone/coco-2017/validation/data/000000336053.jpg,validation,locked_confirmation,000000336053,22,0.0117724609375,0.6818181818181818,7,False,all_validation
coco-rem,000000336209,/home/felix/fiftyone/coco-2017/validation/data/000000336209.jpg,validation,locked_confirmation,000000336209,3,0.06702835648148148,0.6666666666666666,3,False,all_validation
coco-rem,000000336232,/home/felix/fiftyone/coco-2017/validation/data/000000336232.jpg,validation,locked_confirmation,000000336232,24,0.009892783957845434,0.375,5,True,all_validation
coco-rem,000000336265,/home/felix/fiftyone/coco-2017/validation/data/000000336265.jpg,validation,locked_confirmation,000000336265,2,0.0034879557291666668,0.0,2,False,all_validation
coco-rem,000000336309,/home/felix/fiftyone/coco-2017/validation/data/000000336309.jpg,validation,locked_confirmation,000000336309,1,0.02963992974238876,0.0,1,False,all_validation
coco-rem,000000336356,/home/felix/fiftyone/coco-2017/validation/data/000000336356.jpg,validation,locked_confirmation,000000336356,16,0.03012478044496487,0.6875,8,False,all_validation
coco-rem,000000336587,/home/felix/fiftyone/coco-2017/validation/data/000000336587.jpg,validation,locked_confirmation,000000336587,2,0.018489583333333334,0.0,2,False,all_validation
coco-rem,000000336628,/home/felix/fiftyone/coco-2017/validation/data/000000336628.jpg,validation,locked_confirmation,000000336628,8,0.05781432535046729,1.0,3,False,all_validation
coco-rem,000000336658,/home/felix/fiftyone/coco-2017/validation/data/000000336658.jpg,validation,locked_confirmation,000000336658,22,0.0006918078271028037,0.13636363636363635,3,True,all_validation
coco-rem,000000337055,/home/felix/fiftyone/coco-2017/validation/data/000000337055.jpg,validation,locked_confirmation,000000337055,2,0.4398382611241218,1.0,2,False,all_validation
coco-rem,000000337498,/home/felix/fiftyone/coco-2017/validation/data/000000337498.jpg,validation,locked_confirmation,000000337498,6,0.024967447916666666,0.3333333333333333,3,False,all_validation
coco-rem,000000337987,/home/felix/fiftyone/coco-2017/validation/data/000000337987.jpg,validation,locked_confirmation,000000337987,1,0.3516666666666667,0.0,1,False,all_validation
coco-rem,000000338191,/home/felix/fiftyone/coco-2017/validation/data/000000338191.jpg,validation,locked_confirmation,000000338191,9,0.019576771653543306,0.0,1,False,all_validation
coco-rem,000000338219,/home/felix/fiftyone/coco-2017/validation/data/000000338219.jpg,validation,locked_confirmation,000000338219,18,0.0012836793286219081,0.9444444444444444,3,True,all_validation
coco-rem,000000338304,/home/felix/fiftyone/coco-2017/validation/data/000000338304.jpg,validation,locked_confirmation,000000338304,27,0.019455882352941177,0.8888888888888888,4,True,all_validation
coco-rem,000000338325,/home/felix/fiftyone/coco-2017/validation/data/000000338325.jpg,validation,locked_confirmation,000000338325,1,0.19572502920560747,0.0,1,False,all_validation
coco-rem,000000338428,/home/felix/fiftyone/coco-2017/validation/data/000000338428.jpg,validation,locked_confirmation,000000338428,4,0.09643528005464481,1.0,2,False,all_validation
coco-rem,000000338532,/home/felix/fiftyone/coco-2017/validation/data/000000338532.jpg,validation,locked_confirmation,000000338532,3,0.00048,0.0,2,False,all_validation
coco-rem,000000338560,/home/felix/fiftyone/coco-2017/validation/data/000000338560.jpg,validation,locked_confirmation,000000338560,12,0.0019156901041666667,0.16666666666666666,3,False,all_validation
coco-rem,000000338624,/home/felix/fiftyone/coco-2017/validation/data/000000338624.jpg,validation,locked_confirmation,000000338624,18,0.011011284722222223,0.6111111111111112,6,False,all_validation
coco-rem,000000338625,/home/felix/fiftyone/coco-2017/validation/data/000000338625.jpg,validation,locked_confirmation,000000338625,14,0.001455078125,0.7142857142857143,5,False,all_validation
coco-rem,000000338718,/home/felix/fiftyone/coco-2017/validation/data/000000338718.jpg,validation,locked_confirmation,000000338718,2,0.20441123595505617,1.0,1,False,all_validation
coco-rem,000000338901,/home/felix/fiftyone/coco-2017/validation/data/000000338901.jpg,validation,locked_confirmation,000000338901,4,0.13350423177083334,1.0,3,False,all_validation
coco-rem,000000338905,/home/felix/fiftyone/coco-2017/validation/data/000000338905.jpg,validation,locked_confirmation,000000338905,44,0.005509259259259259,0.7954545454545454,12,False,all_validation
coco-rem,000000338986,/home/felix/fiftyone/coco-2017/validation/data/000000338986.jpg,validation,locked_confirmation,000000338986,4,0.03885894851116625,0.75,2,False,all_validation
coco-rem,000000339442,/home/felix/fiftyone/coco-2017/validation/data/000000339442.jpg,validation,locked_confirmation,000000339442,3,0.19345124282982792,0.0,3,False,all_validation
coco-rem,000000339823,/home/felix/fiftyone/coco-2017/validation/data/000000339823.jpg,validation,locked_confirmation,000000339823,2,0.3981792355371901,0.0,2,False,all_validation
coco-rem,000000339870,/home/felix/fiftyone/coco-2017/validation/data/000000339870.jpg,validation,locked_confirmation,000000339870,6,0.003010760613207547,0.0,2,False,all_validation
coco-rem,000000340015,/home/felix/fiftyone/coco-2017/validation/data/000000340015.jpg,validation,locked_confirmation,000000340015,2,0.6375,1.0,2,False,all_validation
coco-rem,000000340175,/home/felix/fiftyone/coco-2017/validation/data/000000340175.jpg,validation,locked_confirmation,000000340175,30,0.0006860723350253807,0.3333333333333333,8,True,all_validation
coco-rem,000000340272,/home/felix/fiftyone/coco-2017/validation/data/000000340272.jpg,validation,locked_confirmation,000000340272,3,0.03358940972222222,0.0,1,False,all_validation
coco-rem,000000340451,/home/felix/fiftyone/coco-2017/validation/data/000000340451.jpg,validation,locked_confirmation,000000340451,2,0.2877505896226415,1.0,2,False,all_validation
coco-rem,000000340697,/home/felix/fiftyone/coco-2017/validation/data/000000340697.jpg,validation,locked_confirmation,000000340697,17,0.030366366366366367,0.11764705882352941,1,True,all_validation
coco-rem,000000340894,/home/felix/fiftyone/coco-2017/validation/data/000000340894.jpg,validation,locked_confirmation,000000340894,11,0.026595052083333334,0.45454545454545453,8,False,all_validation
coco-rem,000000340930,/home/felix/fiftyone/coco-2017/validation/data/000000340930.jpg,validation,locked_confirmation,000000340930,3,0.14551432291666666,1.0,1,False,all_validation
coco-rem,000000341058,/home/felix/fiftyone/coco-2017/validation/data/000000341058.jpg,validation,locked_confirmation,000000341058,8,0.009509923398328691,0.0,5,False,all_validation
coco-rem,000000341094,/home/felix/fiftyone/coco-2017/validation/data/000000341094.jpg,validation,locked_confirmation,000000341094,2,0.19470933333333335,0.0,2,False,all_validation
coco-rem,000000341196,/home/felix/fiftyone/coco-2017/validation/data/000000341196.jpg,validation,locked_confirmation,000000341196,4,0.003507829822616408,0.0,2,False,all_validation
coco-rem,000000341469,/home/felix/fiftyone/coco-2017/validation/data/000000341469.jpg,validation,locked_confirmation,000000341469,11,0.03646061269146608,0.6363636363636364,4,False,all_validation
coco-rem,000000341681,/home/felix/fiftyone/coco-2017/validation/data/000000341681.jpg,validation,locked_confirmation,000000341681,3,0.01209748243559719,0.0,3,False,all_validation
coco-rem,000000341719,/home/felix/fiftyone/coco-2017/validation/data/000000341719.jpg,validation,locked_confirmation,000000341719,14,0.0028092447916666665,0.5714285714285714,3,False,all_validation
coco-rem,000000341828,/home/felix/fiftyone/coco-2017/validation/data/000000341828.jpg,validation,locked_confirmation,000000341828,3,0.10130718954248366,1.0,3,False,all_validation
coco-rem,000000341921,/home/felix/fiftyone/coco-2017/validation/data/000000341921.jpg,validation,locked_confirmation,000000341921,9,0.000611270920502092,0.4444444444444444,5,False,all_validation
coco-rem,000000341973,/home/felix/fiftyone/coco-2017/validation/data/000000341973.jpg,validation,locked_confirmation,000000341973,5,0.024661333333333334,0.8,3,False,all_validation
coco-rem,000000342006,/home/felix/fiftyone/coco-2017/validation/data/000000342006.jpg,validation,locked_confirmation,000000342006,4,0.007041015625,0.0,2,False,all_validation
coco-rem,000000342128,/home/felix/fiftyone/coco-2017/validation/data/000000342128.jpg,validation,locked_confirmation,000000342128,23,0.004713114754098361,0.6086956521739131,6,False,all_validation
coco-rem,000000342186,/home/felix/fiftyone/coco-2017/validation/data/000000342186.jpg,validation,locked_confirmation,000000342186,2,0.95359375,1.0,2,False,all_validation
coco-rem,000000342295,/home/felix/fiftyone/coco-2017/validation/data/000000342295.jpg,validation,locked_confirmation,000000342295,1,0.1560960960960961,0.0,1,False,all_validation
coco-rem,000000342367,/home/felix/fiftyone/coco-2017/validation/data/000000342367.jpg,validation,locked_confirmation,000000342367,6,0.06580891927083334,1.0,4,False,all_validation
coco-rem,000000342397,/home/felix/fiftyone/coco-2017/validation/data/000000342397.jpg,validation,locked_confirmation,000000342397,11,0.001449063231850117,0.18181818181818182,2,False,all_validation
coco-rem,000000342971,/home/felix/fiftyone/coco-2017/validation/data/000000342971.jpg,validation,locked_confirmation,000000342971,2,0.26888066202090594,1.0,2,False,all_validation
coco-rem,000000343076,/home/felix/fiftyone/coco-2017/validation/data/000000343076.jpg,validation,locked_confirmation,000000343076,2,0.5232080078125,1.0,2,False,all_validation
coco-rem,000000343149,/home/felix/fiftyone/coco-2017/validation/data/000000343149.jpg,validation,locked_confirmation,000000343149,6,0.013839518229166667,0.0,3,False,all_validation
coco-rem,000000343218,/home/felix/fiftyone/coco-2017/validation/data/000000343218.jpg,validation,locked_confirmation,000000343218,21,0.00032126168224299066,0.6666666666666666,4,True,all_validation
coco-rem,000000343315,/home/felix/fiftyone/coco-2017/validation/data/000000343315.jpg,validation,locked_confirmation,000000343315,1,0.028831066945606696,0.0,1,False,all_validation
coco-rem,000000343453,/home/felix/fiftyone/coco-2017/validation/data/000000343453.jpg,validation,locked_confirmation,000000343453,3,0.003893229166666667,1.0,2,False,all_validation
coco-rem,000000343466,/home/felix/fiftyone/coco-2017/validation/data/000000343466.jpg,validation,locked_confirmation,000000343466,2,0.07367838541666667,0.0,2,False,all_validation
coco-rem,000000343496,/home/felix/fiftyone/coco-2017/validation/data/000000343496.jpg,validation,locked_confirmation,000000343496,7,0.00558206106870229,0.42857142857142855,5,False,all_validation
coco-rem,000000343524,/home/felix/fiftyone/coco-2017/validation/data/000000343524.jpg,validation,locked_confirmation,000000343524,3,0.012751677852348993,1.0,3,False,all_validation
coco-rem,000000343561,/home/felix/fiftyone/coco-2017/validation/data/000000343561.jpg,validation,locked_confirmation,000000343561,84,0.0044173481308411216,0.5,3,True,all_validation
coco-rem,000000343706,/home/felix/fiftyone/coco-2017/validation/data/000000343706.jpg,validation,locked_confirmation,000000343706,2,0.5136655745967742,1.0,2,False,all_validation
coco-rem,000000343803,/home/felix/fiftyone/coco-2017/validation/data/000000343803.jpg,validation,locked_confirmation,000000343803,2,0.2748920521077283,1.0,2,False,all_validation
coco-rem,000000343934,/home/felix/fiftyone/coco-2017/validation/data/000000343934.jpg,validation,locked_confirmation,000000343934,1,0.2528483072916667,0.0,1,False,all_validation
coco-rem,000000343937,/home/felix/fiftyone/coco-2017/validation/data/000000343937.jpg,validation,locked_confirmation,000000343937,2,0.1029479410046729,1.0,2,False,all_validation
coco-rem,000000343976,/home/felix/fiftyone/coco-2017/validation/data/000000343976.jpg,validation,locked_confirmation,000000343976,9,0.00144,0.4444444444444444,2,False,all_validation
coco-rem,000000344029,/home/felix/fiftyone/coco-2017/validation/data/000000344029.jpg,validation,locked_confirmation,000000344029,12,0.0023600260416666665,1.0,4,False,all_validation
coco-rem,000000344059,/home/felix/fiftyone/coco-2017/validation/data/000000344059.jpg,validation,locked_confirmation,000000344059,2,0.19894247658079625,0.0,1,False,all_validation
coco-rem,000000344100,/home/felix/fiftyone/coco-2017/validation/data/000000344100.jpg,validation,locked_confirmation,000000344100,5,0.034320111241217796,1.0,5,False,all_validation
coco-rem,000000344268,/home/felix/fiftyone/coco-2017/validation/data/000000344268.jpg,validation,locked_confirmation,000000344268,2,0.2142608642578125,1.0,2,False,all_validation
coco-rem,000000344611,/home/felix/fiftyone/coco-2017/validation/data/000000344611.jpg,validation,locked_confirmation,000000344611,0,,0.0,0,False,all_validation
coco-rem,000000344614,/home/felix/fiftyone/coco-2017/validation/data/000000344614.jpg,validation,locked_confirmation,000000344614,2,0.031969142259414225,0.0,1,False,all_validation
coco-rem,000000344621,/home/felix/fiftyone/coco-2017/validation/data/000000344621.jpg,validation,locked_confirmation,000000344621,7,0.01321921921921922,0.42857142857142855,5,False,all_validation
coco-rem,000000344795,/home/felix/fiftyone/coco-2017/validation/data/000000344795.jpg,validation,locked_confirmation,000000344795,2,0.40730176592797784,1.0,2,False,all_validation
coco-rem,000000344816,/home/felix/fiftyone/coco-2017/validation/data/000000344816.jpg,validation,locked_confirmation,000000344816,1,0.4113436768149883,0.0,1,False,all_validation
coco-rem,000000344888,/home/felix/fiftyone/coco-2017/validation/data/000000344888.jpg,validation,locked_confirmation,000000344888,8,0.0009014423076923077,0.5,3,False,all_validation
coco-rem,000000344909,/home/felix/fiftyone/coco-2017/validation/data/000000344909.jpg,validation,locked_confirmation,000000344909,4,0.006876627604166667,1.0,2,False,all_validation
coco-rem,000000345027,/home/felix/fiftyone/coco-2017/validation/data/000000345027.jpg,validation,locked_confirmation,000000345027,34,0.00036833126550868487,0.47058823529411764,8,True,all_validation
coco-rem,000000345252,/home/felix/fiftyone/coco-2017/validation/data/000000345252.jpg,validation,locked_confirmation,000000345252,6,0.07420407098121086,1.0,6,False,all_validation
coco-rem,000000345261,/home/felix/fiftyone/coco-2017/validation/data/000000345261.jpg,validation,locked_confirmation,000000345261,2,0.06586672008547008,0.0,1,False,all_validation
coco-rem,000000345356,/home/felix/fiftyone/coco-2017/validation/data/000000345356.jpg,validation,locked_confirmation,000000345356,11,0.0040625,0.7272727272727273,7,False,all_validation
coco-rem,000000345361,/home/felix/fiftyone/coco-2017/validation/data/000000345361.jpg,validation,locked_confirmation,000000345361,12,0.003583798882681564,0.75,6,False,all_validation
coco-rem,000000345385,/home/felix/fiftyone/coco-2017/validation/data/000000345385.jpg,validation,locked_confirmation,000000345385,3,0.471796875,1.0,2,False,all_validation
coco-rem,000000345397,/home/felix/fiftyone/coco-2017/validation/data/000000345397.jpg,validation,locked_confirmation,000000345397,3,0.198528,1.0,3,False,all_validation
coco-rem,000000345466,/home/felix/fiftyone/coco-2017/validation/data/000000345466.jpg,validation,locked_confirmation,000000345466,13,0.009728,0.6153846153846154,6,False,all_validation
coco-rem,000000345469,/home/felix/fiftyone/coco-2017/validation/data/000000345469.jpg,validation,locked_confirmation,000000345469,195,0.001328125,0.1282051282051282,1,False,all_validation
coco-rem,000000345941,/home/felix/fiftyone/coco-2017/validation/data/000000345941.jpg,validation,locked_confirmation,000000345941,3,0.0383251953125,0.0,2,False,all_validation
coco-rem,000000346232,/home/felix/fiftyone/coco-2017/validation/data/000000346232.jpg,validation,locked_confirmation,000000346232,20,0.011795594262295083,0.75,5,False,all_validation
coco-rem,000000346638,/home/felix/fiftyone/coco-2017/validation/data/000000346638.jpg,validation,locked_confirmation,000000346638,4,0.12562174479166666,0.5,4,False,all_validation
coco-rem,000000346703,/home/felix/fiftyone/coco-2017/validation/data/000000346703.jpg,validation,locked_confirmation,000000346703,23,0.026170454545454545,0.6956521739130435,8,False,all_validation
coco-rem,000000346707,/home/felix/fiftyone/coco-2017/validation/data/000000346707.jpg,validation,locked_confirmation,000000346707,48,0.0046246246246246245,0.3125,1,False,all_validation
coco-rem,000000346905,/home/felix/fiftyone/coco-2017/validation/data/000000346905.jpg,validation,locked_confirmation,000000346905,3,0.3789612676056338,0.6666666666666666,1,False,all_validation
coco-rem,000000346968,/home/felix/fiftyone/coco-2017/validation/data/000000346968.jpg,validation,locked_confirmation,000000346968,5,0.0755868544600939,0.6,4,False,all_validation
coco-rem,000000347163,/home/felix/fiftyone/coco-2017/validation/data/000000347163.jpg,validation,locked_confirmation,000000347163,1,0.3700234192037471,0.0,1,False,all_validation
coco-rem,000000347174,/home/felix/fiftyone/coco-2017/validation/data/000000347174.jpg,validation,locked_confirmation,000000347174,2,0.6242571721311475,1.0,2,False,all_validation
coco-rem,000000347254,/home/felix/fiftyone/coco-2017/validation/data/000000347254.jpg,validation,locked_confirmation,000000347254,9,0.02688,1.0,4,False,all_validation
coco-rem,000000347265,/home/felix/fiftyone/coco-2017/validation/data/000000347265.jpg,validation,locked_confirmation,000000347265,3,0.0027663934426229507,1.0,2,False,all_validation
coco-rem,000000347335,/home/felix/fiftyone/coco-2017/validation/data/000000347335.jpg,validation,locked_confirmation,000000347335,5,0.047734375,1.0,4,False,all_validation
coco-rem,000000347370,/home/felix/fiftyone/coco-2017/validation/data/000000347370.jpg,validation,locked_confirmation,000000347370,2,0.5421386666666667,1.0,2,False,all_validation
coco-rem,000000347456,/home/felix/fiftyone/coco-2017/validation/data/000000347456.jpg,validation,locked_confirmation,000000347456,2,0.07953580097087379,0.0,1,False,all_validation
coco-rem,000000347544,/home/felix/fiftyone/coco-2017/validation/data/000000347544.jpg,validation,locked_confirmation,000000347544,2,0.14893717447916666,0.0,2,False,all_validation
coco-rem,000000347664,/home/felix/fiftyone/coco-2017/validation/data/000000347664.jpg,validation,locked_confirmation,000000347664,16,0.00040434718969555033,0.125,1,False,all_validation
coco-rem,000000347693,/home/felix/fiftyone/coco-2017/validation/data/000000347693.jpg,validation,locked_confirmation,000000347693,5,0.03710480093676815,0.0,2,False,all_validation
coco-rem,000000347930,/home/felix/fiftyone/coco-2017/validation/data/000000347930.jpg,validation,locked_confirmation,000000347930,3,0.2647786458333333,1.0,3,False,all_validation
coco-rem,000000348012,/home/felix/fiftyone/coco-2017/validation/data/000000348012.jpg,validation,locked_confirmation,000000348012,1,0.5607476635514018,0.0,1,False,all_validation
coco-rem,000000348045,/home/felix/fiftyone/coco-2017/validation/data/000000348045.jpg,validation,locked_confirmation,000000348045,3,0.060331632653061226,0.0,1,False,all_validation
coco-rem,000000348216,/home/felix/fiftyone/coco-2017/validation/data/000000348216.jpg,validation,locked_confirmation,000000348216,8,0.028377278645833334,1.0,1,False,all_validation
coco-rem,000000348243,/home/felix/fiftyone/coco-2017/validation/data/000000348243.jpg,validation,locked_confirmation,000000348243,2,0.15390807962529274,1.0,1,False,all_validation
coco-rem,000000348481,/home/felix/fiftyone/coco-2017/validation/data/000000348481.jpg,validation,locked_confirmation,000000348481,6,0.022705078125,0.0,5,False,all_validation
coco-rem,000000348488,/home/felix/fiftyone/coco-2017/validation/data/000000348488.jpg,validation,locked_confirmation,000000348488,5,0.11015625,1.0,2,False,all_validation
coco-rem,000000348708,/home/felix/fiftyone/coco-2017/validation/data/000000348708.jpg,validation,locked_confirmation,000000348708,3,0.41589017624020885,1.0,3,False,all_validation
coco-rem,000000348881,/home/felix/fiftyone/coco-2017/validation/data/000000348881.jpg,validation,locked_confirmation,000000348881,5,0.00556344696969697,0.4,3,False,all_validation
coco-rem,000000349152,/home/felix/fiftyone/coco-2017/validation/data/000000349152.jpg,validation,locked_confirmation,000000349152,17,0.0106640625,1.0,4,False,all_validation
coco-rem,000000349184,/home/felix/fiftyone/coco-2017/validation/data/000000349184.jpg,validation,locked_confirmation,000000349184,9,0.002803738317757009,0.5555555555555556,3,False,all_validation
coco-rem,000000349302,/home/felix/fiftyone/coco-2017/validation/data/000000349302.jpg,validation,locked_confirmation,000000349302,2,0.12355825526932085,0.0,1,False,all_validation
coco-rem,000000349480,/home/felix/fiftyone/coco-2017/validation/data/000000349480.jpg,validation,locked_confirmation,000000349480,23,0.004722222222222222,0.6521739130434783,10,False,all_validation
coco-rem,000000349594,/home/felix/fiftyone/coco-2017/validation/data/000000349594.jpg,validation,locked_confirmation,000000349594,2,0.43854716981132075,1.0,2,False,all_validation
coco-rem,000000349678,/home/felix/fiftyone/coco-2017/validation/data/000000349678.jpg,validation,locked_confirmation,000000349678,1,0.00895784543325527,0.0,1,False,all_validation
coco-rem,000000349837,/home/felix/fiftyone/coco-2017/validation/data/000000349837.jpg,validation,locked_confirmation,000000349837,6,0.11447747747747748,0.0,1,False,all_validation
coco-rem,000000349860,/home/felix/fiftyone/coco-2017/validation/data/000000349860.jpg,validation,locked_confirmation,000000349860,8,0.001523987676056338,0.25,4,False,all_validation
coco-rem,000000350002,/home/felix/fiftyone/coco-2017/validation/data/000000350002.jpg,validation,locked_confirmation,000000350002,2,0.43137075526932084,1.0,2,False,all_validation
coco-rem,000000350003,/home/felix/fiftyone/coco-2017/validation/data/000000350003.jpg,validation,locked_confirmation,000000350003,6,0.00166015625,0.6666666666666666,5,False,all_validation
coco-rem,000000350019,/home/felix/fiftyone/coco-2017/validation/data/000000350019.jpg,validation,locked_confirmation,000000350019,2,0.24885930164319248,0.0,2,False,all_validation
coco-rem,000000350023,/home/felix/fiftyone/coco-2017/validation/data/000000350023.jpg,validation,locked_confirmation,000000350023,26,0.0010026041666666666,0.15384615384615385,6,True,all_validation
coco-rem,000000350054,/home/felix/fiftyone/coco-2017/validation/data/000000350054.jpg,validation,locked_confirmation,000000350054,5,0.01152,1.0,3,False,all_validation
coco-rem,000000350122,/home/felix/fiftyone/coco-2017/validation/data/000000350122.jpg,validation,locked_confirmation,000000350122,30,0.0032177734375,0.7333333333333333,5,True,all_validation
coco-rem,000000350148,/home/felix/fiftyone/coco-2017/validation/data/000000350148.jpg,validation,locked_confirmation,000000350148,21,0.013499348958333334,0.8571428571428571,11,False,all_validation
coco-rem,000000350388,/home/felix/fiftyone/coco-2017/validation/data/000000350388.jpg,validation,locked_confirmation,000000350388,5,0.06240234375,1.0,2,False,all_validation
coco-rem,000000350405,/home/felix/fiftyone/coco-2017/validation/data/000000350405.jpg,validation,locked_confirmation,000000350405,3,0.031711711711711714,0.0,2,False,all_validation
coco-rem,000000350488,/home/felix/fiftyone/coco-2017/validation/data/000000350488.jpg,validation,locked_confirmation,000000350488,1,0.27968384074941455,0.0,1,False,all_validation
coco-rem,000000350607,/home/felix/fiftyone/coco-2017/validation/data/000000350607.jpg,validation,locked_confirmation,000000350607,1,0.369390368852459,0.0,1,False,all_validation
coco-rem,000000350679,/home/felix/fiftyone/coco-2017/validation/data/000000350679.jpg,validation,locked_confirmation,000000350679,27,0.009061039719626168,1.0,6,False,all_validation
coco-rem,000000350833,/home/felix/fiftyone/coco-2017/validation/data/000000350833.jpg,validation,locked_confirmation,000000350833,2,0.06599283854166667,0.0,2,False,all_validation
coco-rem,000000351096,/home/felix/fiftyone/coco-2017/validation/data/000000351096.jpg,validation,locked_confirmation,000000351096,2,0.32798133333333335,0.0,2,False,all_validation
coco-rem,000000351331,/home/felix/fiftyone/coco-2017/validation/data/000000351331.jpg,validation,locked_confirmation,000000351331,3,0.5651041666666666,1.0,3,False,all_validation
coco-rem,000000351362,/home/felix/fiftyone/coco-2017/validation/data/000000351362.jpg,validation,locked_confirmation,000000351362,4,0.004262030516431925,0.0,4,False,all_validation
coco-rem,000000351530,/home/felix/fiftyone/coco-2017/validation/data/000000351530.jpg,validation,locked_confirmation,000000351530,21,0.045535714285714284,0.9047619047619048,5,False,all_validation
coco-rem,000000351559,/home/felix/fiftyone/coco-2017/validation/data/000000351559.jpg,validation,locked_confirmation,000000351559,1,0.06229045189504373,0.0,1,False,all_validation
coco-rem,000000351589,/home/felix/fiftyone/coco-2017/validation/data/000000351589.jpg,validation,locked_confirmation,000000351589,3,0.10657567330210772,0.6666666666666666,2,False,all_validation
coco-rem,000000351609,/home/felix/fiftyone/coco-2017/validation/data/000000351609.jpg,validation,locked_confirmation,000000351609,4,0.41393693693693695,0.75,4,False,all_validation
coco-rem,000000351810,/home/felix/fiftyone/coco-2017/validation/data/000000351810.jpg,validation,locked_confirmation,000000351810,17,0.028629333333333333,0.7058823529411765,6,False,all_validation
coco-rem,000000351823,/home/felix/fiftyone/coco-2017/validation/data/000000351823.jpg,validation,locked_confirmation,000000351823,2,0.16553734005905513,1.0,2,False,all_validation
coco-rem,000000352491,/home/felix/fiftyone/coco-2017/validation/data/000000352491.jpg,validation,locked_confirmation,000000352491,6,0.0008089192708333334,0.6666666666666666,2,False,all_validation
coco-rem,000000352582,/home/felix/fiftyone/coco-2017/validation/data/000000352582.jpg,validation,locked_confirmation,000000352582,3,0.10338235294117647,0.6666666666666666,2,False,all_validation
coco-rem,000000352584,/home/felix/fiftyone/coco-2017/validation/data/000000352584.jpg,validation,locked_confirmation,000000352584,1,0.6863893333333333,0.0,1,False,all_validation
coco-rem,000000352618,/home/felix/fiftyone/coco-2017/validation/data/000000352618.jpg,validation,locked_confirmation,000000352618,4,0.10033010563380282,1.0,3,False,all_validation
coco-rem,000000352684,/home/felix/fiftyone/coco-2017/validation/data/000000352684.jpg,validation,locked_confirmation,000000352684,10,0.02180682488207547,0.4,2,False,all_validation
coco-rem,000000352760,/home/felix/fiftyone/coco-2017/validation/data/000000352760.jpg,validation,locked_confirmation,000000352760,3,0.22179457720588236,0.0,2,False,all_validation
coco-rem,000000352900,/home/felix/fiftyone/coco-2017/validation/data/000000352900.jpg,validation,locked_confirmation,000000352900,10,0.03756586651053864,1.0,5,False,all_validation
coco-rem,000000353027,/home/felix/fiftyone/coco-2017/validation/data/000000353027.jpg,validation,locked_confirmation,000000353027,3,0.30419369103773586,0.6666666666666666,2,False,all_validation
coco-rem,000000353051,/home/felix/fiftyone/coco-2017/validation/data/000000353051.jpg,validation,locked_confirmation,000000353051,2,0.2628411091549296,0.0,2,False,all_validation
coco-rem,000000353096,/home/felix/fiftyone/coco-2017/validation/data/000000353096.jpg,validation,locked_confirmation,000000353096,3,0.07691860465116279,0.0,3,False,all_validation
coco-rem,000000353180,/home/felix/fiftyone/coco-2017/validation/data/000000353180.jpg,validation,locked_confirmation,000000353180,12,0.05912202380952381,0.3333333333333333,3,False,all_validation
coco-rem,000000353518,/home/felix/fiftyone/coco-2017/validation/data/000000353518.jpg,validation,locked_confirmation,000000353518,11,0.009322161835748792,0.6363636363636364,2,False,all_validation
coco-rem,000000353970,/home/felix/fiftyone/coco-2017/validation/data/000000353970.jpg,validation,locked_confirmation,000000353970,2,0.807803330399061,1.0,2,False,all_validation
coco-rem,000000354072,/home/felix/fiftyone/coco-2017/validation/data/000000354072.jpg,validation,locked_confirmation,000000354072,3,0.02473885793871866,0.0,3,False,all_validation
coco-rem,000000354307,/home/felix/fiftyone/coco-2017/validation/data/000000354307.jpg,validation,locked_confirmation,000000354307,1,0.992,0.0,1,False,all_validation
coco-rem,000000354547,/home/felix/fiftyone/coco-2017/validation/data/000000354547.jpg,validation,locked_confirmation,000000354547,3,0.0028688524590163933,0.6666666666666666,2,False,all_validation
coco-rem,000000354753,/home/felix/fiftyone/coco-2017/validation/data/000000354753.jpg,validation,locked_confirmation,000000354753,9,0.0011751302083333334,0.2222222222222222,2,False,all_validation
coco-rem,000000354829,/home/felix/fiftyone/coco-2017/validation/data/000000354829.jpg,validation,locked_confirmation,000000354829,2,0.11596,0.0,2,False,all_validation
coco-rem,000000355169,/home/felix/fiftyone/coco-2017/validation/data/000000355169.jpg,validation,locked_confirmation,000000355169,1,0.02158203125,0.0,1,False,all_validation
coco-rem,000000355240,/home/felix/fiftyone/coco-2017/validation/data/000000355240.jpg,validation,locked_confirmation,000000355240,4,0.11376736111111112,0.0,3,False,all_validation
coco-rem,000000355257,/home/felix/fiftyone/coco-2017/validation/data/000000355257.jpg,validation,locked_confirmation,000000355257,3,0.1086577868852459,0.6666666666666666,3,False,all_validation
coco-rem,000000355325,/home/felix/fiftyone/coco-2017/validation/data/000000355325.jpg,validation,locked_confirmation,000000355325,11,0.1806027719665272,0.9090909090909091,7,False,all_validation
coco-rem,000000355610,/home/felix/fiftyone/coco-2017/validation/data/000000355610.jpg,validation,locked_confirmation,000000355610,3,0.4690427400468384,0.6666666666666666,1,False,all_validation
coco-rem,000000355677,/home/felix/fiftyone/coco-2017/validation/data/000000355677.jpg,validation,locked_confirmation,000000355677,1,0.044270833333333336,0.0,1,False,all_validation
coco-rem,000000355817,/home/felix/fiftyone/coco-2017/validation/data/000000355817.jpg,validation,locked_confirmation,000000355817,3,0.009602864583333334,1.0,2,False,all_validation
coco-rem,000000355905,/home/felix/fiftyone/coco-2017/validation/data/000000355905.jpg,validation,locked_confirmation,000000355905,1,0.6028157552083333,0.0,1,False,all_validation
coco-rem,000000356094,/home/felix/fiftyone/coco-2017/validation/data/000000356094.jpg,validation,locked_confirmation,000000356094,4,0.04077964331619537,0.5,3,False,all_validation
coco-rem,000000356125,/home/felix/fiftyone/coco-2017/validation/data/000000356125.jpg,validation,locked_confirmation,000000356125,3,0.07681640625,1.0,2,False,all_validation
coco-rem,000000356169,/home/felix/fiftyone/coco-2017/validation/data/000000356169.jpg,validation,locked_confirmation,000000356169,11,0.000703125,0.36363636363636365,3,False,all_validation
coco-rem,000000356248,/home/felix/fiftyone/coco-2017/validation/data/000000356248.jpg,validation,locked_confirmation,000000356248,23,0.008727771966527197,0.6086956521739131,8,False,all_validation
coco-rem,000000356261,/home/felix/fiftyone/coco-2017/validation/data/000000356261.jpg,validation,locked_confirmation,000000356261,2,0.09038248697916666,1.0,1,False,all_validation
coco-rem,000000356347,/home/felix/fiftyone/coco-2017/validation/data/000000356347.jpg,validation,locked_confirmation,000000356347,3,0.2761458333333333,0.6666666666666666,2,False,all_validation
coco-rem,000000356387,/home/felix/fiftyone/coco-2017/validation/data/000000356387.jpg,validation,locked_confirmation,000000356387,20,0.002092537313432836,0.4,4,True,all_validation
coco-rem,000000356424,/home/felix/fiftyone/coco-2017/validation/data/000000356424.jpg,validation,locked_confirmation,000000356424,10,0.05082682291666667,0.9,6,False,all_validation
coco-rem,000000356427,/home/felix/fiftyone/coco-2017/validation/data/000000356427.jpg,validation,locked_confirmation,000000356427,10,0.01684170081967213,0.9,4,False,all_validation
coco-rem,000000356428,/home/felix/fiftyone/coco-2017/validation/data/000000356428.jpg,validation,locked_confirmation,000000356428,8,0.006064056939501779,0.625,3,True,all_validation
coco-rem,000000356432,/home/felix/fiftyone/coco-2017/validation/data/000000356432.jpg,validation,locked_confirmation,000000356432,5,0.008203125,0.4,3,False,all_validation
coco-rem,000000356498,/home/felix/fiftyone/coco-2017/validation/data/000000356498.jpg,validation,locked_confirmation,000000356498,2,0.07307142857142856,0.0,1,False,all_validation
coco-rem,000000356505,/home/felix/fiftyone/coco-2017/validation/data/000000356505.jpg,validation,locked_confirmation,000000356505,2,0.09204411764705882,0.0,2,False,all_validation
coco-rem,000000356531,/home/felix/fiftyone/coco-2017/validation/data/000000356531.jpg,validation,locked_confirmation,000000356531,9,0.01669921875,0.6666666666666666,7,False,all_validation
coco-rem,000000356612,/home/felix/fiftyone/coco-2017/validation/data/000000356612.jpg,validation,locked_confirmation,000000356612,21,0.018798828125,0.8571428571428571,6,False,all_validation
coco-rem,000000356968,/home/felix/fiftyone/coco-2017/validation/data/000000356968.jpg,validation,locked_confirmation,000000356968,1,0.594384765625,0.0,1,False,all_validation
coco-rem,000000357060,/home/felix/fiftyone/coco-2017/validation/data/000000357060.jpg,validation,locked_confirmation,000000357060,1,0.02975735294117647,0.0,1,False,all_validation
coco-rem,000000357081,/home/felix/fiftyone/coco-2017/validation/data/000000357081.jpg,validation,locked_confirmation,000000357081,2,0.21601471018735363,0.0,1,False,all_validation
coco-rem,000000357238,/home/felix/fiftyone/coco-2017/validation/data/000000357238.jpg,validation,locked_confirmation,000000357238,2,0.00744657494145199,0.0,2,False,all_validation
coco-rem,000000357430,/home/felix/fiftyone/coco-2017/validation/data/000000357430.jpg,validation,locked_confirmation,000000357430,1,0.819672131147541,0.0,1,False,all_validation
coco-rem,000000357459,/home/felix/fiftyone/coco-2017/validation/data/000000357459.jpg,validation,locked_confirmation,000000357459,3,0.11135099531615925,0.0,3,False,all_validation
coco-rem,000000357501,/home/felix/fiftyone/coco-2017/validation/data/000000357501.jpg,validation,locked_confirmation,000000357501,1,0.70123046875,0.0,1,False,all_validation
coco-rem,000000357567,/home/felix/fiftyone/coco-2017/validation/data/000000357567.jpg,validation,locked_confirmation,000000357567,2,0.07861002604166667,1.0,2,False,all_validation
coco-rem,000000357737,/home/felix/fiftyone/coco-2017/validation/data/000000357737.jpg,validation,locked_confirmation,000000357737,11,0.0124609375,1.0,5,False,all_validation
coco-rem,000000357742,/home/felix/fiftyone/coco-2017/validation/data/000000357742.jpg,validation,locked_confirmation,000000357742,2,0.0312518210955711,1.0,2,False,all_validation
coco-rem,000000357748,/home/felix/fiftyone/coco-2017/validation/data/000000357748.jpg,validation,locked_confirmation,000000357748,5,0.0016861979166666666,0.4,2,False,all_validation
coco-rem,000000357816,/home/felix/fiftyone/coco-2017/validation/data/000000357816.jpg,validation,locked_confirmation,000000357816,11,0.08435164835164835,1.0,7,False,all_validation
coco-rem,000000357888,/home/felix/fiftyone/coco-2017/validation/data/000000357888.jpg,validation,locked_confirmation,000000357888,36,0.001435546875,0.25,9,True,all_validation
coco-rem,000000357903,/home/felix/fiftyone/coco-2017/validation/data/000000357903.jpg,validation,locked_confirmation,000000357903,2,0.406142578125,0.0,1,False,all_validation
coco-rem,000000357941,/home/felix/fiftyone/coco-2017/validation/data/000000357941.jpg,validation,locked_confirmation,000000357941,3,0.08785066666666666,0.0,3,False,all_validation
coco-rem,000000357978,/home/felix/fiftyone/coco-2017/validation/data/000000357978.jpg,validation,locked_confirmation,000000357978,14,0.006010666666666667,0.8571428571428571,7,False,all_validation
coco-rem,000000358195,/home/felix/fiftyone/coco-2017/validation/data/000000358195.jpg,validation,locked_confirmation,000000358195,2,0.10277885610766045,1.0,2,False,all_validation
coco-rem,000000358427,/home/felix/fiftyone/coco-2017/validation/data/000000358427.jpg,validation,locked_confirmation,000000358427,3,0.3073770491803279,0.0,2,False,all_validation
coco-rem,000000358525,/home/felix/fiftyone/coco-2017/validation/data/000000358525.jpg,validation,locked_confirmation,000000358525,7,0.10599609375,1.0,5,False,all_validation
coco-rem,000000358923,/home/felix/fiftyone/coco-2017/validation/data/000000358923.jpg,validation,locked_confirmation,000000358923,6,0.163615289135514,1.0,3,False,all_validation
coco-rem,000000359135,/home/felix/fiftyone/coco-2017/validation/data/000000359135.jpg,validation,locked_confirmation,000000359135,2,0.5572855679156908,1.0,1,False,all_validation
coco-rem,000000359219,/home/felix/fiftyone/coco-2017/validation/data/000000359219.jpg,validation,locked_confirmation,000000359219,5,0.2632291666666667,1.0,4,False,all_validation
coco-rem,000000359540,/home/felix/fiftyone/coco-2017/validation/data/000000359540.jpg,validation,locked_confirmation,000000359540,9,0.0027078454332552693,0.4444444444444444,4,False,all_validation
coco-rem,000000359677,/home/felix/fiftyone/coco-2017/validation/data/000000359677.jpg,validation,locked_confirmation,000000359677,2,0.00585297131147541,0.0,2,False,all_validation
coco-rem,000000359781,/home/felix/fiftyone/coco-2017/validation/data/000000359781.jpg,validation,locked_confirmation,000000359781,1,0.6080370698380567,0.0,1,False,all_validation
coco-rem,000000359833,/home/felix/fiftyone/coco-2017/validation/data/000000359833.jpg,validation,locked_confirmation,000000359833,121,0.00224609375,0.12396694214876033,2,False,all_validation
coco-rem,000000359855,/home/felix/fiftyone/coco-2017/validation/data/000000359855.jpg,validation,locked_confirmation,000000359855,1,0.38419117647058826,0.0,1,False,all_validation
coco-rem,000000359937,/home/felix/fiftyone/coco-2017/validation/data/000000359937.jpg,validation,locked_confirmation,000000359937,2,0.413017578125,0.0,1,False,all_validation
coco-rem,000000360097,/home/felix/fiftyone/coco-2017/validation/data/000000360097.jpg,validation,locked_confirmation,000000360097,14,0.006471471471471472,0.0,2,True,all_validation
coco-rem,000000360137,/home/felix/fiftyone/coco-2017/validation/data/000000360137.jpg,validation,locked_confirmation,000000360137,3,0.1387109375,1.0,3,False,all_validation
coco-rem,000000360325,/home/felix/fiftyone/coco-2017/validation/data/000000360325.jpg,validation,locked_confirmation,000000360325,13,0.044859813084112146,0.5384615384615384,1,True,all_validation
coco-rem,000000360393,/home/felix/fiftyone/coco-2017/validation/data/000000360393.jpg,validation,locked_confirmation,000000360393,4,0.35743559718969553,1.0,3,False,all_validation
coco-rem,000000360564,/home/felix/fiftyone/coco-2017/validation/data/000000360564.jpg,validation,locked_confirmation,000000360564,3,0.005386416861826698,0.0,3,False,all_validation
coco-rem,000000360661,/home/felix/fiftyone/coco-2017/validation/data/000000360661.jpg,validation,locked_confirmation,000000360661,7,0.01859375,1.0,2,False,all_validation
coco-rem,000000360943,/home/felix/fiftyone/coco-2017/validation/data/000000360943.jpg,validation,locked_confirmation,000000360943,1,0.009481037924151697,0.0,1,False,all_validation
coco-rem,000000360951,/home/felix/fiftyone/coco-2017/validation/data/000000360951.jpg,validation,locked_confirmation,000000360951,8,0.014227166276346605,0.25,4,False,all_validation
coco-rem,000000360960,/home/felix/fiftyone/coco-2017/validation/data/000000360960.jpg,validation,locked_confirmation,000000360960,6,0.09830178990610329,0.0,2,False,all_validation
coco-rem,000000361103,/home/felix/fiftyone/coco-2017/validation/data/000000361103.jpg,validation,locked_confirmation,000000361103,26,0.004753366510538642,0.34615384615384615,7,True,all_validation
coco-rem,000000361142,/home/felix/fiftyone/coco-2017/validation/data/000000361142.jpg,validation,locked_confirmation,000000361142,16,0.001746422786177106,0.3125,3,False,all_validation
coco-rem,000000361147,/home/felix/fiftyone/coco-2017/validation/data/000000361147.jpg,validation,locked_confirmation,000000361147,15,0.011447092326139089,1.0,3,False,all_validation
coco-rem,000000361180,/home/felix/fiftyone/coco-2017/validation/data/000000361180.jpg,validation,locked_confirmation,000000361180,1,0.3471244131455399,0.0,1,False,all_validation
coco-rem,000000361238,/home/felix/fiftyone/coco-2017/validation/data/000000361238.jpg,validation,locked_confirmation,000000361238,8,0.023587239583333332,0.625,6,False,all_validation
coco-rem,000000361268,/home/felix/fiftyone/coco-2017/validation/data/000000361268.jpg,validation,locked_confirmation,000000361268,1,0.08650390625,0.0,1,False,all_validation
coco-rem,000000361506,/home/felix/fiftyone/coco-2017/validation/data/000000361506.jpg,validation,locked_confirmation,000000361506,4,0.0119482421875,0.0,4,False,all_validation
coco-rem,000000361551,/home/felix/fiftyone/coco-2017/validation/data/000000361551.jpg,validation,locked_confirmation,000000361551,19,0.004759114583333333,0.42105263157894735,4,False,all_validation
coco-rem,000000361571,/home/felix/fiftyone/coco-2017/validation/data/000000361571.jpg,validation,locked_confirmation,000000361571,1,0.5566323529411765,0.0,1,False,all_validation
coco-rem,000000361586,/home/felix/fiftyone/coco-2017/validation/data/000000361586.jpg,validation,locked_confirmation,000000361586,18,0.007100694444444444,0.3888888888888889,5,False,all_validation
coco-rem,000000361621,/home/felix/fiftyone/coco-2017/validation/data/000000361621.jpg,validation,locked_confirmation,000000361621,2,0.7015076112412177,1.0,2,False,all_validation
coco-rem,000000361730,/home/felix/fiftyone/coco-2017/validation/data/000000361730.jpg,validation,locked_confirmation,000000361730,29,0.002041015625,0.0,4,True,all_validation
coco-rem,000000361919,/home/felix/fiftyone/coco-2017/validation/data/000000361919.jpg,validation,locked_confirmation,000000361919,20,0.0010294117647058824,0.6,3,True,all_validation
coco-rem,000000362434,/home/felix/fiftyone/coco-2017/validation/data/000000362434.jpg,validation,locked_confirmation,000000362434,2,0.16156533333333334,0.0,2,False,all_validation
coco-rem,000000362520,/home/felix/fiftyone/coco-2017/validation/data/000000362520.jpg,validation,locked_confirmation,000000362520,2,0.3276606721698113,1.0,2,False,all_validation
coco-rem,000000362682,/home/felix/fiftyone/coco-2017/validation/data/000000362682.jpg,validation,locked_confirmation,000000362682,6,0.039366217798594845,0.8333333333333334,4,False,all_validation
coco-rem,000000362716,/home/felix/fiftyone/coco-2017/validation/data/000000362716.jpg,validation,locked_confirmation,000000362716,3,0.05038788056206089,1.0,3,False,all_validation
coco-rem,000000363072,/home/felix/fiftyone/coco-2017/validation/data/000000363072.jpg,validation,locked_confirmation,000000363072,1,0.18327392578125,0.0,1,False,all_validation
coco-rem,000000363188,/home/felix/fiftyone/coco-2017/validation/data/000000363188.jpg,validation,locked_confirmation,000000363188,18,0.007053308823529412,0.7222222222222222,5,True,all_validation
coco-rem,000000363207,/home/felix/fiftyone/coco-2017/validation/data/000000363207.jpg,validation,locked_confirmation,000000363207,14,0.032757161458333336,0.6428571428571429,5,False,all_validation
coco-rem,000000363461,/home/felix/fiftyone/coco-2017/validation/data/000000363461.jpg,validation,locked_confirmation,000000363461,9,0.00857086820083682,0.3333333333333333,6,False,all_validation
coco-rem,000000363666,/home/felix/fiftyone/coco-2017/validation/data/000000363666.jpg,validation,locked_confirmation,000000363666,41,0.003930489260143198,0.9512195121951219,8,False,all_validation
coco-rem,000000363784,/home/felix/fiftyone/coco-2017/validation/data/000000363784.jpg,validation,locked_confirmation,000000363784,3,0.04416666666666667,0.0,2,False,all_validation
coco-rem,000000363840,/home/felix/fiftyone/coco-2017/validation/data/000000363840.jpg,validation,locked_confirmation,000000363840,14,0.04974609375,0.7142857142857143,8,False,all_validation
coco-rem,000000363875,/home/felix/fiftyone/coco-2017/validation/data/000000363875.jpg,validation,locked_confirmation,000000363875,3,0.509106182795699,1.0,3,False,all_validation
coco-rem,000000364102,/home/felix/fiftyone/coco-2017/validation/data/000000364102.jpg,validation,locked_confirmation,000000364102,2,0.03971812185929648,0.0,2,False,all_validation
coco-rem,000000364126,/home/felix/fiftyone/coco-2017/validation/data/000000364126.jpg,validation,locked_confirmation,000000364126,2,0.0635600058685446,0.0,2,False,all_validation
coco-rem,000000364166,/home/felix/fiftyone/coco-2017/validation/data/000000364166.jpg,validation,locked_confirmation,000000364166,2,0.4519573333333333,1.0,1,False,all_validation
coco-rem,000000364297,/home/felix/fiftyone/coco-2017/validation/data/000000364297.jpg,validation,locked_confirmation,000000364297,3,0.26179906542056075,1.0,3,False,all_validation
coco-rem,000000364322,/home/felix/fiftyone/coco-2017/validation/data/000000364322.jpg,validation,locked_confirmation,000000364322,19,0.03732421875,0.47368421052631576,1,False,all_validation
coco-rem,000000364557,/home/felix/fiftyone/coco-2017/validation/data/000000364557.jpg,validation,locked_confirmation,000000364557,4,0.013546545667447308,0.5,2,False,all_validation
coco-rem,000000364587,/home/felix/fiftyone/coco-2017/validation/data/000000364587.jpg,validation,locked_confirmation,000000364587,1,0.22201199644549763,0.0,1,False,all_validation
coco-rem,000000364636,/home/felix/fiftyone/coco-2017/validation/data/000000364636.jpg,validation,locked_confirmation,000000364636,2,0.39321792917448406,0.0,2,False,all_validation
coco-rem,000000364884,/home/felix/fiftyone/coco-2017/validation/data/000000364884.jpg,validation,locked_confirmation,000000364884,14,0.0013559322033898306,0.0,2,True,all_validation
coco-rem,000000365095,/home/felix/fiftyone/coco-2017/validation/data/000000365095.jpg,validation,locked_confirmation,000000365095,2,0.06446501756440282,1.0,2,False,all_validation
coco-rem,000000365098,/home/felix/fiftyone/coco-2017/validation/data/000000365098.jpg,validation,locked_confirmation,000000365098,1,0.5520930913348946,0.0,1,False,all_validation
coco-rem,000000365207,/home/felix/fiftyone/coco-2017/validation/data/000000365207.jpg,validation,locked_confirmation,000000365207,5,0.03883662840136055,0.6,3,False,all_validation
coco-rem,000000365208,/home/felix/fiftyone/coco-2017/validation/data/000000365208.jpg,validation,locked_confirmation,000000365208,4,0.09359064054726368,0.0,4,False,all_validation
coco-rem,000000365385,/home/felix/fiftyone/coco-2017/validation/data/000000365385.jpg,validation,locked_confirmation,000000365385,6,0.05798448477751757,0.5,3,False,all_validation
coco-rem,000000365387,/home/felix/fiftyone/coco-2017/validation/data/000000365387.jpg,validation,locked_confirmation,000000365387,4,0.0637610294117647,0.0,4,False,all_validation
coco-rem,000000365521,/home/felix/fiftyone/coco-2017/validation/data/000000365521.jpg,validation,locked_confirmation,000000365521,14,0.00533915011682243,0.35714285714285715,2,False,all_validation
coco-rem,000000365642,/home/felix/fiftyone/coco-2017/validation/data/000000365642.jpg,validation,locked_confirmation,000000365642,7,0.009756455399061033,0.2857142857142857,3,False,all_validation
coco-rem,000000365655,/home/felix/fiftyone/coco-2017/validation/data/000000365655.jpg,validation,locked_confirmation,000000365655,2,0.11611899882903981,0.0,2,False,all_validation
coco-rem,000000365745,/home/felix/fiftyone/coco-2017/validation/data/000000365745.jpg,validation,locked_confirmation,000000365745,8,0.004501953125,0.5,4,False,all_validation
coco-rem,000000365766,/home/felix/fiftyone/coco-2017/validation/data/000000365766.jpg,validation,locked_confirmation,000000365766,3,0.027327473958333334,0.0,3,False,all_validation
coco-rem,000000365886,/home/felix/fiftyone/coco-2017/validation/data/000000365886.jpg,validation,locked_confirmation,000000365886,2,0.5612933333333333,1.0,2,False,all_validation
coco-rem,000000366141,/home/felix/fiftyone/coco-2017/validation/data/000000366141.jpg,validation,locked_confirmation,000000366141,5,0.029541015625,0.8,5,False,all_validation
coco-rem,000000366178,/home/felix/fiftyone/coco-2017/validation/data/000000366178.jpg,validation,locked_confirmation,000000366178,3,0.0018133333333333332,0.0,2,False,all_validation
coco-rem,000000366199,/home/felix/fiftyone/coco-2017/validation/data/000000366199.jpg,validation,locked_confirmation,000000366199,2,0.259276200234192,0.0,2,False,all_validation
coco-rem,000000366225,/home/felix/fiftyone/coco-2017/validation/data/000000366225.jpg,validation,locked_confirmation,000000366225,4,0.04297885859519408,0.5,4,False,all_validation
coco-rem,000000366611,/home/felix/fiftyone/coco-2017/validation/data/000000366611.jpg,validation,locked_confirmation,000000366611,2,0.064425339958159,0.0,2,False,all_validation
coco-rem,000000366711,/home/felix/fiftyone/coco-2017/validation/data/000000366711.jpg,validation,locked_confirmation,000000366711,15,0.014183255269320844,0.13333333333333333,2,True,all_validation
coco-rem,000000366884,/home/felix/fiftyone/coco-2017/validation/data/000000366884.jpg,validation,locked_confirmation,000000366884,16,0.005411783854166667,0.375,8,False,all_validation
coco-rem,000000367082,/home/felix/fiftyone/coco-2017/validation/data/000000367082.jpg,validation,locked_confirmation,000000367082,2,0.614155737704918,1.0,2,False,all_validation
coco-rem,000000367095,/home/felix/fiftyone/coco-2017/validation/data/000000367095.jpg,validation,locked_confirmation,000000367095,26,0.010613656323185013,0.7692307692307693,10,False,all_validation
coco-rem,000000367195,/home/felix/fiftyone/coco-2017/validation/data/000000367195.jpg,validation,locked_confirmation,000000367195,3,0.1422820512820513,0.0,3,False,all_validation
coco-rem,000000367228,/home/felix/fiftyone/coco-2017/validation/data/000000367228.jpg,validation,locked_confirmation,000000367228,2,0.20496096096096095,0.0,2,False,all_validation
coco-rem,000000367386,/home/felix/fiftyone/coco-2017/validation/data/000000367386.jpg,validation,locked_confirmation,000000367386,22,0.0032080078125,1.0,8,False,all_validation
coco-rem,000000367569,/home/felix/fiftyone/coco-2017/validation/data/000000367569.jpg,validation,locked_confirmation,000000367569,5,0.009561567164179104,0.6,5,False,all_validation
coco-rem,000000367680,/home/felix/fiftyone/coco-2017/validation/data/000000367680.jpg,validation,locked_confirmation,000000367680,14,0.003796844181459566,0.6428571428571429,5,False,all_validation
coco-rem,000000367818,/home/felix/fiftyone/coco-2017/validation/data/000000367818.jpg,validation,locked_confirmation,000000367818,2,0.3048009367681499,1.0,2,False,all_validation
coco-rem,000000368038,/home/felix/fiftyone/coco-2017/validation/data/000000368038.jpg,validation,locked_confirmation,000000368038,1,0.7115634858044164,0.0,1,False,all_validation
coco-rem,000000368212,/home/felix/fiftyone/coco-2017/validation/data/000000368212.jpg,validation,locked_confirmation,000000368212,3,0.593302170502092,1.0,3,False,all_validation
coco-rem,000000368294,/home/felix/fiftyone/coco-2017/validation/data/000000368294.jpg,validation,locked_confirmation,000000368294,2,0.2572201437793427,1.0,2,False,all_validation
coco-rem,000000368335,/home/felix/fiftyone/coco-2017/validation/data/000000368335.jpg,validation,locked_confirmation,000000368335,5,0.11309306569343065,0.8,2,False,all_validation
coco-rem,000000368456,/home/felix/fiftyone/coco-2017/validation/data/000000368456.jpg,validation,locked_confirmation,000000368456,1,0.6958333333333333,0.0,1,False,all_validation
coco-rem,000000368684,/home/felix/fiftyone/coco-2017/validation/data/000000368684.jpg,validation,locked_confirmation,000000368684,10,0.009036458333333334,0.2,5,False,all_validation
coco-rem,000000368752,/home/felix/fiftyone/coco-2017/validation/data/000000368752.jpg,validation,locked_confirmation,000000368752,9,0.04189453125,0.8888888888888888,6,False,all_validation
coco-rem,000000368900,/home/felix/fiftyone/coco-2017/validation/data/000000368900.jpg,validation,locked_confirmation,000000368900,6,0.016915690104166665,0.0,6,False,all_validation
coco-rem,000000368940,/home/felix/fiftyone/coco-2017/validation/data/000000368940.jpg,validation,locked_confirmation,000000368940,2,0.09716145833333334,0.0,1,False,all_validation
coco-rem,000000368961,/home/felix/fiftyone/coco-2017/validation/data/000000368961.jpg,validation,locked_confirmation,000000368961,6,0.0749267578125,0.5,3,False,all_validation
coco-rem,000000368982,/home/felix/fiftyone/coco-2017/validation/data/000000368982.jpg,validation,locked_confirmation,000000368982,1,0.4087272135416667,0.0,1,False,all_validation
coco-rem,000000369037,/home/felix/fiftyone/coco-2017/validation/data/000000369037.jpg,validation,locked_confirmation,000000369037,4,0.2979779411764706,1.0,4,False,all_validation
coco-rem,000000369081,/home/felix/fiftyone/coco-2017/validation/data/000000369081.jpg,validation,locked_confirmation,000000369081,3,0.07867517605633803,0.0,1,False,all_validation
coco-rem,000000369310,/home/felix/fiftyone/coco-2017/validation/data/000000369310.jpg,validation,locked_confirmation,000000369310,9,0.02125,1.0,4,False,all_validation
coco-rem,000000369323,/home/felix/fiftyone/coco-2017/validation/data/000000369323.jpg,validation,locked_confirmation,000000369323,5,0.09262599469496022,0.8,3,False,all_validation
coco-rem,000000369370,/home/felix/fiftyone/coco-2017/validation/data/000000369370.jpg,validation,locked_confirmation,000000369370,8,0.07299479166666667,0.375,3,False,all_validation
coco-rem,000000369442,/home/felix/fiftyone/coco-2017/validation/data/000000369442.jpg,validation,locked_confirmation,000000369442,24,0.0062467447916666665,0.20833333333333334,4,False,all_validation
coco-rem,000000369503,/home/felix/fiftyone/coco-2017/validation/data/000000369503.jpg,validation,locked_confirmation,000000369503,2,0.11267733333333334,0.0,2,False,all_validation
coco-rem,000000369541,/home/felix/fiftyone/coco-2017/validation/data/000000369541.jpg,validation,locked_confirmation,000000369541,8,0.024906666666666667,0.75,3,False,all_validation
coco-rem,000000369675,/home/felix/fiftyone/coco-2017/validation/data/000000369675.jpg,validation,locked_confirmation,000000369675,8,0.0028263403263403264,1.0,3,False,all_validation
coco-rem,000000369751,/home/felix/fiftyone/coco-2017/validation/data/000000369751.jpg,validation,locked_confirmation,000000369751,10,0.012841109154929578,0.5,3,False,all_validation
coco-rem,000000369757,/home/felix/fiftyone/coco-2017/validation/data/000000369757.jpg,validation,locked_confirmation,000000369757,5,0.025358072916666665,0.0,2,False,all_validation
coco-rem,000000369771,/home/felix/fiftyone/coco-2017/validation/data/000000369771.jpg,validation,locked_confirmation,000000369771,10,0.04754231770833333,1.0,5,False,all_validation
coco-rem,000000369812,/home/felix/fiftyone/coco-2017/validation/data/000000369812.jpg,validation,locked_confirmation,000000369812,19,0.0007211538461538462,0.47368421052631576,5,False,all_validation
coco-rem,000000370042,/home/felix/fiftyone/coco-2017/validation/data/000000370042.jpg,validation,locked_confirmation,000000370042,21,0.008045119382022473,0.19047619047619047,1,True,all_validation
coco-rem,000000370208,/home/felix/fiftyone/coco-2017/validation/data/000000370208.jpg,validation,locked_confirmation,000000370208,4,0.021925333333333335,0.0,3,False,all_validation
coco-rem,000000370270,/home/felix/fiftyone/coco-2017/validation/data/000000370270.jpg,validation,locked_confirmation,000000370270,9,0.00107421875,0.0,3,False,all_validation
coco-rem,000000370375,/home/felix/fiftyone/coco-2017/validation/data/000000370375.jpg,validation,locked_confirmation,000000370375,3,0.10330430327868853,0.6666666666666666,3,False,all_validation
coco-rem,000000370478,/home/felix/fiftyone/coco-2017/validation/data/000000370478.jpg,validation,locked_confirmation,000000370478,13,0.006865234375,0.6153846153846154,6,False,all_validation
coco-rem,000000370486,/home/felix/fiftyone/coco-2017/validation/data/000000370486.jpg,validation,locked_confirmation,000000370486,21,0.017258016627078383,0.7619047619047619,4,True,all_validation
coco-rem,000000370677,/home/felix/fiftyone/coco-2017/validation/data/000000370677.jpg,validation,locked_confirmation,000000370677,15,0.004668674698795181,0.4666666666666667,2,True,all_validation
coco-rem,000000370711,/home/felix/fiftyone/coco-2017/validation/data/000000370711.jpg,validation,locked_confirmation,000000370711,36,0.008556315104166667,0.5,2,False,all_validation
coco-rem,000000370813,/home/felix/fiftyone/coco-2017/validation/data/000000370813.jpg,validation,locked_confirmation,000000370813,2,0.12232060185185185,0.0,2,False,all_validation
coco-rem,000000370818,/home/felix/fiftyone/coco-2017/validation/data/000000370818.jpg,validation,locked_confirmation,000000370818,3,0.010507150423728814,0.0,3,False,all_validation
coco-rem,000000370900,/home/felix/fiftyone/coco-2017/validation/data/000000370900.jpg,validation,locked_confirmation,000000370900,6,0.21321587343096235,0.5,1,False,all_validation
coco-rem,000000370999,/home/felix/fiftyone/coco-2017/validation/data/000000370999.jpg,validation,locked_confirmation,000000370999,0,,0.0,0,False,all_validation
coco-rem,000000371042,/home/felix/fiftyone/coco-2017/validation/data/000000371042.jpg,validation,locked_confirmation,000000371042,9,0.0044611565420560745,0.0,5,False,all_validation
coco-rem,000000371472,/home/felix/fiftyone/coco-2017/validation/data/000000371472.jpg,validation,locked_confirmation,000000371472,11,0.006861979166666666,0.36363636363636365,1,False,all_validation
coco-rem,000000371529,/home/felix/fiftyone/coco-2017/validation/data/000000371529.jpg,validation,locked_confirmation,000000371529,5,0.06407470703125,0.8,4,False,all_validation
coco-rem,000000371552,/home/felix/fiftyone/coco-2017/validation/data/000000371552.jpg,validation,locked_confirmation,000000371552,10,0.00860472775175644,0.4,3,False,all_validation
coco-rem,000000371677,/home/felix/fiftyone/coco-2017/validation/data/000000371677.jpg,validation,locked_confirmation,000000371677,10,0.0362109375,0.2,6,False,all_validation
coco-rem,000000371699,/home/felix/fiftyone/coco-2017/validation/data/000000371699.jpg,validation,locked_confirmation,000000371699,18,0.004267578125,0.6111111111111112,6,True,all_validation
coco-rem,000000371749,/home/felix/fiftyone/coco-2017/validation/data/000000371749.jpg,validation,locked_confirmation,000000371749,7,0.054464,0.8571428571428571,4,False,all_validation
coco-rem,000000372203,/home/felix/fiftyone/coco-2017/validation/data/000000372203.jpg,validation,locked_confirmation,000000372203,2,0.03375868055555555,0.0,2,False,all_validation
coco-rem,000000372260,/home/felix/fiftyone/coco-2017/validation/data/000000372260.jpg,validation,locked_confirmation,000000372260,14,0.011614461358313817,0.0,4,False,all_validation
coco-rem,000000372307,/home/felix/fiftyone/coco-2017/validation/data/000000372307.jpg,validation,locked_confirmation,000000372307,1,0.007378066588785047,0.0,1,False,all_validation
coco-rem,000000372317,/home/felix/fiftyone/coco-2017/validation/data/000000372317.jpg,validation,locked_confirmation,000000372317,2,0.17821079147196262,0.0,2,False,all_validation
coco-rem,000000372349,/home/felix/fiftyone/coco-2017/validation/data/000000372349.jpg,validation,locked_confirmation,000000372349,7,0.0035397597254004575,0.42857142857142855,5,False,all_validation
coco-rem,000000372466,/home/felix/fiftyone/coco-2017/validation/data/000000372466.jpg,validation,locked_confirmation,000000372466,7,0.04393663194444444,0.42857142857142855,5,False,all_validation
coco-rem,000000372577,/home/felix/fiftyone/coco-2017/validation/data/000000372577.jpg,validation,locked_confirmation,000000372577,3,0.037734375,0.6666666666666666,2,False,all_validation
coco-rem,000000372718,/home/felix/fiftyone/coco-2017/validation/data/000000372718.jpg,validation,locked_confirmation,000000372718,1,0.07827194357366771,0.0,1,False,all_validation
coco-rem,000000372819,/home/felix/fiftyone/coco-2017/validation/data/000000372819.jpg,validation,locked_confirmation,000000372819,8,0.016072476525821597,0.375,4,False,all_validation
coco-rem,000000373315,/home/felix/fiftyone/coco-2017/validation/data/000000373315.jpg,validation,locked_confirmation,000000373315,2,0.04942348008385744,1.0,2,False,all_validation
coco-rem,000000373353,/home/felix/fiftyone/coco-2017/validation/data/000000373353.jpg,validation,locked_confirmation,000000373353,33,0.004804322429906542,0.5454545454545454,6,True,all_validation
coco-rem,000000373382,/home/felix/fiftyone/coco-2017/validation/data/000000373382.jpg,validation,locked_confirmation,000000373382,15,0.0121875,0.4666666666666667,3,True,all_validation
coco-rem,000000373705,/home/felix/fiftyone/coco-2017/validation/data/000000373705.jpg,validation,locked_confirmation,000000373705,7,0.010911885245901639,0.0,2,False,all_validation
coco-rem,000000374052,/home/felix/fiftyone/coco-2017/validation/data/000000374052.jpg,validation,locked_confirmation,000000374052,25,0.003289666276346604,0.72,4,False,all_validation
coco-rem,000000374083,/home/felix/fiftyone/coco-2017/validation/data/000000374083.jpg,validation,locked_confirmation,000000374083,9,0.06341696009389672,1.0,5,False,all_validation
coco-rem,000000374369,/home/felix/fiftyone/coco-2017/validation/data/000000374369.jpg,validation,locked_confirmation,000000374369,3,0.019423828125,0.6666666666666666,2,False,all_validation
coco-rem,000000374545,/home/felix/fiftyone/coco-2017/validation/data/000000374545.jpg,validation,locked_confirmation,000000374545,15,0.0007399817850637523,0.13333333333333333,3,True,all_validation
coco-rem,000000374551,/home/felix/fiftyone/coco-2017/validation/data/000000374551.jpg,validation,locked_confirmation,000000374551,1,0.30008,0.0,1,False,all_validation
coco-rem,000000374727,/home/felix/fiftyone/coco-2017/validation/data/000000374727.jpg,validation,locked_confirmation,000000374727,0,,0.0,0,False,all_validation
coco-rem,000000374982,/home/felix/fiftyone/coco-2017/validation/data/000000374982.jpg,validation,locked_confirmation,000000374982,13,0.026,0.9230769230769231,5,False,all_validation
coco-rem,000000375015,/home/felix/fiftyone/coco-2017/validation/data/000000375015.jpg,validation,locked_confirmation,000000375015,1,0.5410581683168317,0.0,1,False,all_validation
coco-rem,000000375078,/home/felix/fiftyone/coco-2017/validation/data/000000375078.jpg,validation,locked_confirmation,000000375078,1,0.1026171875,0.0,1,False,all_validation
coco-rem,000000375278,/home/felix/fiftyone/coco-2017/validation/data/000000375278.jpg,validation,locked_confirmation,000000375278,5,0.18430630630630632,0.6,4,False,all_validation
coco-rem,000000375430,/home/felix/fiftyone/coco-2017/validation/data/000000375430.jpg,validation,locked_confirmation,000000375430,4,0.05278468969555035,0.0,3,False,all_validation
coco-rem,000000375469,/home/felix/fiftyone/coco-2017/validation/data/000000375469.jpg,validation,locked_confirmation,000000375469,4,0.04436291436464088,0.0,2,False,all_validation
coco-rem,000000375493,/home/felix/fiftyone/coco-2017/validation/data/000000375493.jpg,validation,locked_confirmation,000000375493,7,0.005289713541666667,0.2857142857142857,5,False,all_validation
coco-rem,000000375763,/home/felix/fiftyone/coco-2017/validation/data/000000375763.jpg,validation,locked_confirmation,000000375763,16,0.024041341145833332,0.5,1,False,all_validation
coco-rem,000000376093,/home/felix/fiftyone/coco-2017/validation/data/000000376093.jpg,validation,locked_confirmation,000000376093,17,0.005003255208333333,0.8235294117647058,4,False,all_validation
coco-rem,000000376112,/home/felix/fiftyone/coco-2017/validation/data/000000376112.jpg,validation,locked_confirmation,000000376112,22,0.003572476525821596,0.6363636363636364,3,True,all_validation
coco-rem,000000376206,/home/felix/fiftyone/coco-2017/validation/data/000000376206.jpg,validation,locked_confirmation,000000376206,2,0.02854581381733021,1.0,2,False,all_validation
coco-rem,000000376264,/home/felix/fiftyone/coco-2017/validation/data/000000376264.jpg,validation,locked_confirmation,000000376264,11,0.02338877338877339,0.18181818181818182,8,False,all_validation
coco-rem,000000376278,/home/felix/fiftyone/coco-2017/validation/data/000000376278.jpg,validation,locked_confirmation,000000376278,3,0.04818135245901639,0.6666666666666666,1,False,all_validation
coco-rem,000000376284,/home/felix/fiftyone/coco-2017/validation/data/000000376284.jpg,validation,locked_confirmation,000000376284,9,0.016936936936936937,0.6666666666666666,2,False,all_validation
coco-rem,000000376307,/home/felix/fiftyone/coco-2017/validation/data/000000376307.jpg,validation,locked_confirmation,000000376307,35,0.00768,0.8857142857142857,8,False,all_validation
coco-rem,000000376310,/home/felix/fiftyone/coco-2017/validation/data/000000376310.jpg,validation,locked_confirmation,000000376310,4,0.006634114583333333,0.0,2,False,all_validation
coco-rem,000000376322,/home/felix/fiftyone/coco-2017/validation/data/000000376322.jpg,validation,locked_confirmation,000000376322,50,0.006062042364016736,0.84,11,True,all_validation
coco-rem,000000376365,/home/felix/fiftyone/coco-2017/validation/data/000000376365.jpg,validation,locked_confirmation,000000376365,7,0.017248,0.8571428571428571,6,False,all_validation
coco-rem,000000376442,/home/felix/fiftyone/coco-2017/validation/data/000000376442.jpg,validation,locked_confirmation,000000376442,2,0.3184309895833333,1.0,2,False,all_validation
coco-rem,000000376478,/home/felix/fiftyone/coco-2017/validation/data/000000376478.jpg,validation,locked_confirmation,000000376478,1,0.23352864583333333,0.0,1,False,all_validation
coco-rem,000000376625,/home/felix/fiftyone/coco-2017/validation/data/000000376625.jpg,validation,locked_confirmation,000000376625,17,0.0018076697892271663,0.4117647058823529,5,False,all_validation
coco-rem,000000376856,/home/felix/fiftyone/coco-2017/validation/data/000000376856.jpg,validation,locked_confirmation,000000376856,1,0.006624348958333333,0.0,1,False,all_validation
coco-rem,000000376900,/home/felix/fiftyone/coco-2017/validation/data/000000376900.jpg,validation,locked_confirmation,000000376900,19,0.0032161458333333334,0.5789473684210527,3,True,all_validation
coco-rem,000000377000,/home/felix/fiftyone/coco-2017/validation/data/000000377000.jpg,validation,locked_confirmation,000000377000,1,0.5045955882352942,0.0,1,False,all_validation
coco-rem,000000377113,/home/felix/fiftyone/coco-2017/validation/data/000000377113.jpg,validation,locked_confirmation,000000377113,11,0.01712529274004684,0.36363636363636365,2,False,all_validation
coco-rem,000000377239,/home/felix/fiftyone/coco-2017/validation/data/000000377239.jpg,validation,locked_confirmation,000000377239,6,0.061943793911007024,0.6666666666666666,4,False,all_validation
coco-rem,000000377368,/home/felix/fiftyone/coco-2017/validation/data/000000377368.jpg,validation,locked_confirmation,000000377368,8,0.03648973492723493,1.0,6,False,all_validation
coco-rem,000000377393,/home/felix/fiftyone/coco-2017/validation/data/000000377393.jpg,validation,locked_confirmation,000000377393,15,0.00031901041666666666,0.26666666666666666,3,False,all_validation
coco-rem,000000377486,/home/felix/fiftyone/coco-2017/validation/data/000000377486.jpg,validation,locked_confirmation,000000377486,9,0.00778688524590164,0.5555555555555556,3,False,all_validation
coco-rem,000000377497,/home/felix/fiftyone/coco-2017/validation/data/000000377497.jpg,validation,locked_confirmation,000000377497,1,0.7331163194444444,0.0,1,False,all_validation
coco-rem,000000377575,/home/felix/fiftyone/coco-2017/validation/data/000000377575.jpg,validation,locked_confirmation,000000377575,2,0.21340595657276995,0.0,2,False,all_validation
coco-rem,000000377588,/home/felix/fiftyone/coco-2017/validation/data/000000377588.jpg,validation,locked_confirmation,000000377588,10,0.004875951405152225,0.8,3,False,all_validation
coco-rem,000000377635,/home/felix/fiftyone/coco-2017/validation/data/000000377635.jpg,validation,locked_confirmation,000000377635,6,0.0023199648711943795,0.3333333333333333,2,False,all_validation
coco-rem,000000377670,/home/felix/fiftyone/coco-2017/validation/data/000000377670.jpg,validation,locked_confirmation,000000377670,12,0.021587846509240248,0.6666666666666666,2,False,all_validation
coco-rem,000000377723,/home/felix/fiftyone/coco-2017/validation/data/000000377723.jpg,validation,locked_confirmation,000000377723,20,0.007706381733021077,0.8,4,True,all_validation
coco-rem,000000377814,/home/felix/fiftyone/coco-2017/validation/data/000000377814.jpg,validation,locked_confirmation,000000377814,6,0.13569010416666666,0.0,1,False,all_validation
coco-rem,000000377882,/home/felix/fiftyone/coco-2017/validation/data/000000377882.jpg,validation,locked_confirmation,000000377882,12,0.016067708333333333,0.5,2,False,all_validation
coco-rem,000000377946,/home/felix/fiftyone/coco-2017/validation/data/000000377946.jpg,validation,locked_confirmation,000000377946,21,0.002288732394366197,0.7142857142857143,8,False,all_validation
coco-rem,000000378099,/home/felix/fiftyone/coco-2017/validation/data/000000378099.jpg,validation,locked_confirmation,000000378099,2,0.22493972551928784,0.0,2,False,all_validation
coco-rem,000000378116,/home/felix/fiftyone/coco-2017/validation/data/000000378116.jpg,validation,locked_confirmation,000000378116,2,0.056640625,0.0,2,False,all_validation
coco-rem,000000378139,/home/felix/fiftyone/coco-2017/validation/data/000000378139.jpg,validation,locked_confirmation,000000378139,17,0.001756440281030445,0.4117647058823529,4,False,all_validation
coco-rem,000000378244,/home/felix/fiftyone/coco-2017/validation/data/000000378244.jpg,validation,locked_confirmation,000000378244,2,0.027616364168618266,0.0,2,False,all_validation
coco-rem,000000378284,/home/felix/fiftyone/coco-2017/validation/data/000000378284.jpg,validation,locked_confirmation,000000378284,7,0.04264856557377049,0.7142857142857143,5,False,all_validation
coco-rem,000000378453,/home/felix/fiftyone/coco-2017/validation/data/000000378453.jpg,validation,locked_confirmation,000000378453,27,0.007953757225433527,0.5555555555555556,1,False,all_validation
coco-rem,000000378454,/home/felix/fiftyone/coco-2017/validation/data/000000378454.jpg,validation,locked_confirmation,000000378454,2,0.06442659543325527,1.0,2,False,all_validation
coco-rem,000000378515,/home/felix/fiftyone/coco-2017/validation/data/000000378515.jpg,validation,locked_confirmation,000000378515,17,0.00849264705882353,0.11764705882352941,3,True,all_validation
coco-rem,000000378605,/home/felix/fiftyone/coco-2017/validation/data/000000378605.jpg,validation,locked_confirmation,000000378605,4,0.25137910798122065,1.0,3,False,all_validation
coco-rem,000000378673,/home/felix/fiftyone/coco-2017/validation/data/000000378673.jpg,validation,locked_confirmation,000000378673,20,0.0019604606807511736,0.2,3,True,all_validation
coco-rem,000000378873,/home/felix/fiftyone/coco-2017/validation/data/000000378873.jpg,validation,locked_confirmation,000000378873,23,0.002288732394366197,0.30434782608695654,7,False,all_validation
coco-rem,000000379332,/home/felix/fiftyone/coco-2017/validation/data/000000379332.jpg,validation,locked_confirmation,000000379332,7,0.07722155688622755,0.8571428571428571,3,False,all_validation
coco-rem,000000379441,/home/felix/fiftyone/coco-2017/validation/data/000000379441.jpg,validation,locked_confirmation,000000379441,19,0.000849609375,0.2631578947368421,6,True,all_validation
coco-rem,000000379453,/home/felix/fiftyone/coco-2017/validation/data/000000379453.jpg,validation,locked_confirmation,000000379453,1,0.21401588829057555,0.0,1,False,all_validation
coco-rem,000000379476,/home/felix/fiftyone/coco-2017/validation/data/000000379476.jpg,validation,locked_confirmation,000000379476,30,0.004262242268041237,0.6,3,False,all_validation
coco-rem,000000379533,/home/felix/fiftyone/coco-2017/validation/data/000000379533.jpg,validation,locked_confirmation,000000379533,3,0.033889180672268905,0.0,2,False,all_validation
coco-rem,000000379800,/home/felix/fiftyone/coco-2017/validation/data/000000379800.jpg,validation,locked_confirmation,000000379800,7,0.002586206896551724,0.0,3,False,all_validation
coco-rem,000000379842,/home/felix/fiftyone/coco-2017/validation/data/000000379842.jpg,validation,locked_confirmation,000000379842,4,0.31875868055555556,1.0,2,False,all_validation
coco-rem,000000380203,/home/felix/fiftyone/coco-2017/validation/data/000000380203.jpg,validation,locked_confirmation,000000380203,1,0.5597027972027973,0.0,1,False,all_validation
coco-rem,000000380706,/home/felix/fiftyone/coco-2017/validation/data/000000380706.jpg,validation,locked_confirmation,000000380706,9,0.009198943661971831,0.4444444444444444,5,False,all_validation
coco-rem,000000380711,/home/felix/fiftyone/coco-2017/validation/data/000000380711.jpg,validation,locked_confirmation,000000380711,2,0.05052543893374343,1.0,2,False,all_validation
coco-rem,000000380913,/home/felix/fiftyone/coco-2017/validation/data/000000380913.jpg,validation,locked_confirmation,000000380913,14,0.026724956191588784,1.0,3,False,all_validation
coco-rem,000000381360,/home/felix/fiftyone/coco-2017/validation/data/000000381360.jpg,validation,locked_confirmation,000000381360,2,0.06906985294117647,0.0,2,False,all_validation
coco-rem,000000381587,/home/felix/fiftyone/coco-2017/validation/data/000000381587.jpg,validation,locked_confirmation,000000381587,40,0.009601343457943926,0.775,6,False,all_validation
coco-rem,000000381639,/home/felix/fiftyone/coco-2017/validation/data/000000381639.jpg,validation,locked_confirmation,000000381639,15,0.002461472602739726,0.8666666666666667,4,False,all_validation
coco-rem,000000381971,/home/felix/fiftyone/coco-2017/validation/data/000000381971.jpg,validation,locked_confirmation,000000381971,15,0.00273711943793911,0.6,7,False,all_validation
coco-rem,000000382009,/home/felix/fiftyone/coco-2017/validation/data/000000382009.jpg,validation,locked_confirmation,000000382009,4,0.0781341481264637,0.0,3,False,all_validation
coco-rem,000000382030,/home/felix/fiftyone/coco-2017/validation/data/000000382030.jpg,validation,locked_confirmation,000000382030,5,0.104832,1.0,4,False,all_validation
coco-rem,000000382088,/home/felix/fiftyone/coco-2017/validation/data/000000382088.jpg,validation,locked_confirmation,000000382088,1,0.31421654929577464,0.0,1,False,all_validation
coco-rem,000000382111,/home/felix/fiftyone/coco-2017/validation/data/000000382111.jpg,validation,locked_confirmation,000000382111,14,0.011828527517564403,0.7857142857142857,4,False,all_validation
coco-rem,000000382122,/home/felix/fiftyone/coco-2017/validation/data/000000382122.jpg,validation,locked_confirmation,000000382122,1,0.0021079009433962264,0.0,1,False,all_validation
coco-rem,000000382125,/home/felix/fiftyone/coco-2017/validation/data/000000382125.jpg,validation,locked_confirmation,000000382125,27,0.010791015625,1.0,5,False,all_validation
coco-rem,000000382696,/home/felix/fiftyone/coco-2017/validation/data/000000382696.jpg,validation,locked_confirmation,000000382696,3,0.08057291666666666,0.6666666666666666,3,False,all_validation
coco-rem,000000382734,/home/felix/fiftyone/coco-2017/validation/data/000000382734.jpg,validation,locked_confirmation,000000382734,0,,0.0,0,False,all_validation
coco-rem,000000382743,/home/felix/fiftyone/coco-2017/validation/data/000000382743.jpg,validation,locked_confirmation,000000382743,8,0.014851888020833334,0.625,2,False,all_validation
coco-rem,000000383289,/home/felix/fiftyone/coco-2017/validation/data/000000383289.jpg,validation,locked_confirmation,000000383289,6,0.0774757179054054,0.6666666666666666,3,False,all_validation
coco-rem,000000383337,/home/felix/fiftyone/coco-2017/validation/data/000000383337.jpg,validation,locked_confirmation,000000383337,11,0.027828776041666666,0.9090909090909091,3,False,all_validation
coco-rem,000000383339,/home/felix/fiftyone/coco-2017/validation/data/000000383339.jpg,validation,locked_confirmation,000000383339,2,0.0011371933411214953,0.0,2,False,all_validation
coco-rem,000000383384,/home/felix/fiftyone/coco-2017/validation/data/000000383384.jpg,validation,locked_confirmation,000000383384,13,0.001154513888888889,0.3076923076923077,4,False,all_validation
coco-rem,000000383386,/home/felix/fiftyone/coco-2017/validation/data/000000383386.jpg,validation,locked_confirmation,000000383386,4,0.23869140625,0.0,2,False,all_validation
coco-rem,000000383443,/home/felix/fiftyone/coco-2017/validation/data/000000383443.jpg,validation,locked_confirmation,000000383443,4,0.0028157933255269323,0.0,3,False,all_validation
coco-rem,000000383606,/home/felix/fiftyone/coco-2017/validation/data/000000383606.jpg,validation,locked_confirmation,000000383606,4,0.0123388671875,0.75,3,False,all_validation
coco-rem,000000383621,/home/felix/fiftyone/coco-2017/validation/data/000000383621.jpg,validation,locked_confirmation,000000383621,1,0.1257172131147541,0.0,1,False,all_validation
coco-rem,000000383676,/home/felix/fiftyone/coco-2017/validation/data/000000383676.jpg,validation,locked_confirmation,000000383676,2,0.11728678385416667,1.0,1,False,all_validation
coco-rem,000000383838,/home/felix/fiftyone/coco-2017/validation/data/000000383838.jpg,validation,locked_confirmation,000000383838,4,0.07823793579931973,1.0,3,False,all_validation
coco-rem,000000383842,/home/felix/fiftyone/coco-2017/validation/data/000000383842.jpg,validation,locked_confirmation,000000383842,17,0.011902361751152073,0.9411764705882353,6,False,all_validation
coco-rem,000000383921,/home/felix/fiftyone/coco-2017/validation/data/000000383921.jpg,validation,locked_confirmation,000000383921,11,0.04593424479166667,0.36363636363636365,1,False,all_validation
coco-rem,000000384136,/home/felix/fiftyone/coco-2017/validation/data/000000384136.jpg,validation,locked_confirmation,000000384136,2,0.1831238677536232,1.0,2,False,all_validation
coco-rem,000000384350,/home/felix/fiftyone/coco-2017/validation/data/000000384350.jpg,validation,locked_confirmation,000000384350,2,0.19179361979166668,0.0,1,False,all_validation
coco-rem,000000384468,/home/felix/fiftyone/coco-2017/validation/data/000000384468.jpg,validation,locked_confirmation,000000384468,6,0.058603515625,0.6666666666666666,3,False,all_validation
coco-rem,000000384513,/home/felix/fiftyone/coco-2017/validation/data/000000384513.jpg,validation,locked_confirmation,000000384513,1,0.06840494791666667,0.0,1,False,all_validation
coco-rem,000000384527,/home/felix/fiftyone/coco-2017/validation/data/000000384527.jpg,validation,locked_confirmation,000000384527,33,0.0010416666666666667,0.5757575757575758,9,False,all_validation
coco-rem,000000384616,/home/felix/fiftyone/coco-2017/validation/data/000000384616.jpg,validation,locked_confirmation,000000384616,1,0.071875,0.0,1,False,all_validation
coco-rem,000000384651,/home/felix/fiftyone/coco-2017/validation/data/000000384651.jpg,validation,locked_confirmation,000000384651,2,0.13146681479357797,1.0,2,False,all_validation
coco-rem,000000384661,/home/felix/fiftyone/coco-2017/validation/data/000000384661.jpg,validation,locked_confirmation,000000384661,7,0.005904,0.5714285714285714,5,False,all_validation
coco-rem,000000384666,/home/felix/fiftyone/coco-2017/validation/data/000000384666.jpg,validation,locked_confirmation,000000384666,19,0.00039156626506024094,0.631578947368421,2,False,all_validation
coco-rem,000000384670,/home/felix/fiftyone/coco-2017/validation/data/000000384670.jpg,validation,locked_confirmation,000000384670,4,0.023551432291666667,1.0,3,False,all_validation
coco-rem,000000384808,/home/felix/fiftyone/coco-2017/validation/data/000000384808.jpg,validation,locked_confirmation,000000384808,8,0.0358,0.75,5,False,all_validation
coco-rem,000000384850,/home/felix/fiftyone/coco-2017/validation/data/000000384850.jpg,validation,locked_confirmation,000000384850,1,0.04944661458333333,0.0,1,False,all_validation
coco-rem,000000384949,/home/felix/fiftyone/coco-2017/validation/data/000000384949.jpg,validation,locked_confirmation,000000384949,14,0.0010975109409190372,0.14285714285714285,3,False,all_validation
coco-rem,000000385029,/home/felix/fiftyone/coco-2017/validation/data/000000385029.jpg,validation,locked_confirmation,000000385029,10,0.03725260416666667,1.0,8,False,all_validation
coco-rem,000000385190,/home/felix/fiftyone/coco-2017/validation/data/000000385190.jpg,validation,locked_confirmation,000000385190,5,0.004032,0.0,3,False,all_validation
coco-rem,000000385205,/home/felix/fiftyone/coco-2017/validation/data/000000385205.jpg,validation,locked_confirmation,000000385205,2,0.3929443359375,1.0,2,False,all_validation
coco-rem,000000385719,/home/felix/fiftyone/coco-2017/validation/data/000000385719.jpg,validation,locked_confirmation,000000385719,17,0.005819477434679335,0.11764705882352941,6,False,all_validation
coco-rem,000000385997,/home/felix/fiftyone/coco-2017/validation/data/000000385997.jpg,validation,locked_confirmation,000000385997,9,0.004225260416666667,0.4444444444444444,7,False,all_validation
coco-rem,000000386134,/home/felix/fiftyone/coco-2017/validation/data/000000386134.jpg,validation,locked_confirmation,000000386134,1,0.3076007091289675,0.0,1,False,all_validation
coco-rem,000000386210,/home/felix/fiftyone/coco-2017/validation/data/000000386210.jpg,validation,locked_confirmation,000000386210,69,0.002196652719665272,0.30434782608695654,4,False,all_validation
coco-rem,000000386277,/home/felix/fiftyone/coco-2017/validation/data/000000386277.jpg,validation,locked_confirmation,000000386277,1,0.2553592289719626,0.0,1,False,all_validation
coco-rem,000000386352,/home/felix/fiftyone/coco-2017/validation/data/000000386352.jpg,validation,locked_confirmation,000000386352,13,0.07896662763466042,0.6923076923076923,3,False,all_validation
coco-rem,000000386457,/home/felix/fiftyone/coco-2017/validation/data/000000386457.jpg,validation,locked_confirmation,000000386457,1,0.1555200997652582,0.0,1,False,all_validation
coco-rem,000000386879,/home/felix/fiftyone/coco-2017/validation/data/000000386879.jpg,validation,locked_confirmation,000000386879,2,0.4343768339201878,1.0,2,False,all_validation
coco-rem,000000386912,/home/felix/fiftyone/coco-2017/validation/data/000000386912.jpg,validation,locked_confirmation,000000386912,17,0.0045703125,0.47058823529411764,5,True,all_validation
coco-rem,000000387098,/home/felix/fiftyone/coco-2017/validation/data/000000387098.jpg,validation,locked_confirmation,000000387098,24,0.004158528645833334,0.20833333333333334,9,False,all_validation
coco-rem,000000387148,/home/felix/fiftyone/coco-2017/validation/data/000000387148.jpg,validation,locked_confirmation,000000387148,14,0.0018143382352941177,0.14285714285714285,1,True,all_validation
coco-rem,000000387383,/home/felix/fiftyone/coco-2017/validation/data/000000387383.jpg,validation,locked_confirmation,000000387383,2,0.6820263671875,1.0,2,False,all_validation
coco-rem,000000387387,/home/felix/fiftyone/coco-2017/validation/data/000000387387.jpg,validation,locked_confirmation,000000387387,1,0.28204752604166666,0.0,1,False,all_validation
coco-rem,000000387916,/home/felix/fiftyone/coco-2017/validation/data/000000387916.jpg,validation,locked_confirmation,000000387916,20,0.011694739952718676,0.4,3,False,all_validation
coco-rem,000000388056,/home/felix/fiftyone/coco-2017/validation/data/000000388056.jpg,validation,locked_confirmation,000000388056,12,0.03321686746987952,0.5,3,False,all_validation
coco-rem,000000388215,/home/felix/fiftyone/coco-2017/validation/data/000000388215.jpg,validation,locked_confirmation,000000388215,3,0.002911764705882353,0.6666666666666666,3,False,all_validation
coco-rem,000000388258,/home/felix/fiftyone/coco-2017/validation/data/000000388258.jpg,validation,locked_confirmation,000000388258,4,0.12320214435146444,0.75,4,False,all_validation
coco-rem,000000388846,/home/felix/fiftyone/coco-2017/validation/data/000000388846.jpg,validation,locked_confirmation,000000388846,63,0.0014819964871194378,0.5714285714285714,4,True,all_validation
coco-rem,000000388903,/home/felix/fiftyone/coco-2017/validation/data/000000388903.jpg,validation,locked_confirmation,000000388903,9,0.04103012048192771,0.7777777777777778,6,True,all_validation
coco-rem,000000388927,/home/felix/fiftyone/coco-2017/validation/data/000000388927.jpg,validation,locked_confirmation,000000388927,5,0.212255859375,0.6,3,False,all_validation
coco-rem,000000389109,/home/felix/fiftyone/coco-2017/validation/data/000000389109.jpg,validation,locked_confirmation,000000389109,19,0.01365266393442623,0.6842105263157895,6,False,all_validation
coco-rem,000000389197,/home/felix/fiftyone/coco-2017/validation/data/000000389197.jpg,validation,locked_confirmation,000000389197,11,0.007247652582159625,0.36363636363636365,2,False,all_validation
coco-rem,000000389315,/home/felix/fiftyone/coco-2017/validation/data/000000389315.jpg,validation,locked_confirmation,000000389315,19,0.02556640625,1.0,2,False,all_validation
coco-rem,000000389316,/home/felix/fiftyone/coco-2017/validation/data/000000389316.jpg,validation,locked_confirmation,000000389316,3,0.12932825484764543,0.0,2,False,all_validation
coco-rem,000000389381,/home/felix/fiftyone/coco-2017/validation/data/000000389381.jpg,validation,locked_confirmation,000000389381,6,0.1631632711786372,1.0,5,False,all_validation
coco-rem,000000389451,/home/felix/fiftyone/coco-2017/validation/data/000000389451.jpg,validation,locked_confirmation,000000389451,17,0.0004403705636743215,0.35294117647058826,3,False,all_validation
coco-rem,000000389532,/home/felix/fiftyone/coco-2017/validation/data/000000389532.jpg,validation,locked_confirmation,000000389532,4,0.004234709026128266,0.0,3,False,all_validation
coco-rem,000000389566,/home/felix/fiftyone/coco-2017/validation/data/000000389566.jpg,validation,locked_confirmation,000000389566,14,0.013952722482435597,0.21428571428571427,2,True,all_validation
coco-rem,000000389684,/home/felix/fiftyone/coco-2017/validation/data/000000389684.jpg,validation,locked_confirmation,000000389684,2,0.17441569010416666,0.0,2,False,all_validation
coco-rem,000000389804,/home/felix/fiftyone/coco-2017/validation/data/000000389804.jpg,validation,locked_confirmation,000000389804,2,0.08579779411764706,0.0,2,False,all_validation
coco-rem,000000389812,/home/felix/fiftyone/coco-2017/validation/data/000000389812.jpg,validation,locked_confirmation,000000389812,23,0.006155598958333334,1.0,2,False,all_validation
coco-rem,000000389933,/home/felix/fiftyone/coco-2017/validation/data/000000389933.jpg,validation,locked_confirmation,000000389933,2,0.833935546875,1.0,2,False,all_validation
coco-rem,000000390246,/home/felix/fiftyone/coco-2017/validation/data/000000390246.jpg,validation,locked_confirmation,000000390246,2,0.016089724824355972,0.0,2,False,all_validation
coco-rem,000000390301,/home/felix/fiftyone/coco-2017/validation/data/000000390301.jpg,validation,locked_confirmation,000000390301,1,0.08365384615384615,0.0,1,False,all_validation
coco-rem,000000390555,/home/felix/fiftyone/coco-2017/validation/data/000000390555.jpg,validation,locked_confirmation,000000390555,29,0.001961206896551724,0.41379310344827586,3,True,all_validation
coco-rem,000000390826,/home/felix/fiftyone/coco-2017/validation/data/000000390826.jpg,validation,locked_confirmation,000000390826,3,0.102421875,1.0,3,False,all_validation
coco-rem,000000390902,/home/felix/fiftyone/coco-2017/validation/data/000000390902.jpg,validation,locked_confirmation,000000390902,3,0.03649249249249249,1.0,2,False,all_validation
coco-rem,000000391140,/home/felix/fiftyone/coco-2017/validation/data/000000391140.jpg,validation,locked_confirmation,000000391140,3,0.00943359375,1.0,2,False,all_validation
coco-rem,000000391144,/home/felix/fiftyone/coco-2017/validation/data/000000391144.jpg,validation,locked_confirmation,000000391144,6,0.19530884074941451,0.8333333333333334,1,False,all_validation
coco-rem,000000391290,/home/felix/fiftyone/coco-2017/validation/data/000000391290.jpg,validation,locked_confirmation,000000391290,6,0.02958663438967136,0.3333333333333333,4,False,all_validation
coco-rem,000000391375,/home/felix/fiftyone/coco-2017/validation/data/000000391375.jpg,validation,locked_confirmation,000000391375,2,0.11120472494553377,0.0,2,False,all_validation
coco-rem,000000391648,/home/felix/fiftyone/coco-2017/validation/data/000000391648.jpg,validation,locked_confirmation,000000391648,1,0.012708333333333334,0.0,1,False,all_validation
coco-rem,000000391722,/home/felix/fiftyone/coco-2017/validation/data/000000391722.jpg,validation,locked_confirmation,000000391722,10,0.0294119094488189,1.0,6,False,all_validation
coco-rem,000000392228,/home/felix/fiftyone/coco-2017/validation/data/000000392228.jpg,validation,locked_confirmation,000000392228,1,0.040716145833333335,0.0,1,False,all_validation
coco-rem,000000392481,/home/felix/fiftyone/coco-2017/validation/data/000000392481.jpg,validation,locked_confirmation,000000392481,1,0.04162031615925058,0.0,1,False,all_validation
coco-rem,000000392722,/home/felix/fiftyone/coco-2017/validation/data/000000392722.jpg,validation,locked_confirmation,000000392722,16,0.0024619533096926715,0.6875,5,False,all_validation
coco-rem,000000392818,/home/felix/fiftyone/coco-2017/validation/data/000000392818.jpg,validation,locked_confirmation,000000392818,1,0.9689578713968958,0.0,1,False,all_validation
coco-rem,000000392933,/home/felix/fiftyone/coco-2017/validation/data/000000392933.jpg,validation,locked_confirmation,000000392933,1,0.04576533942558747,0.0,1,False,all_validation
coco-rem,000000393014,/home/felix/fiftyone/coco-2017/validation/data/000000393014.jpg,validation,locked_confirmation,000000393014,2,0.11010091145833334,0.0,1,False,all_validation
coco-rem,000000393056,/home/felix/fiftyone/coco-2017/validation/data/000000393056.jpg,validation,locked_confirmation,000000393056,2,0.0099169921875,0.0,2,False,all_validation
coco-rem,000000393093,/home/felix/fiftyone/coco-2017/validation/data/000000393093.jpg,validation,locked_confirmation,000000393093,9,0.003316627358490566,0.0,3,False,all_validation
coco-rem,000000393115,/home/felix/fiftyone/coco-2017/validation/data/000000393115.jpg,validation,locked_confirmation,000000393115,2,0.5589570932539683,1.0,2,False,all_validation
coco-rem,000000393226,/home/felix/fiftyone/coco-2017/validation/data/000000393226.jpg,validation,locked_confirmation,000000393226,15,0.002711588541666667,0.13333333333333333,4,False,all_validation
coco-rem,000000393282,/home/felix/fiftyone/coco-2017/validation/data/000000393282.jpg,validation,locked_confirmation,000000393282,2,0.0695166015625,0.0,1,False,all_validation
coco-rem,000000393469,/home/felix/fiftyone/coco-2017/validation/data/000000393469.jpg,validation,locked_confirmation,000000393469,4,0.014085286458333334,0.0,2,False,all_validation
coco-rem,000000393569,/home/felix/fiftyone/coco-2017/validation/data/000000393569.jpg,validation,locked_confirmation,000000393569,10,0.0413134765625,0.5,7,False,all_validation
coco-rem,000000393838,/home/felix/fiftyone/coco-2017/validation/data/000000393838.jpg,validation,locked_confirmation,000000393838,15,0.002382172131147541,1.0,3,True,all_validation
coco-rem,000000394199,/home/felix/fiftyone/coco-2017/validation/data/000000394199.jpg,validation,locked_confirmation,000000394199,2,0.3954296875,0.0,2,False,all_validation
coco-rem,000000394206,/home/felix/fiftyone/coco-2017/validation/data/000000394206.jpg,validation,locked_confirmation,000000394206,14,0.03563802083333333,0.7857142857142857,4,False,all_validation
coco-rem,000000394275,/home/felix/fiftyone/coco-2017/validation/data/000000394275.jpg,validation,locked_confirmation,000000394275,10,0.003546437659033079,0.9,2,False,all_validation
coco-rem,000000394328,/home/felix/fiftyone/coco-2017/validation/data/000000394328.jpg,validation,locked_confirmation,000000394328,1,0.17208984375,0.0,1,False,all_validation
coco-rem,000000394510,/home/felix/fiftyone/coco-2017/validation/data/000000394510.jpg,validation,locked_confirmation,000000394510,6,0.093828125,0.8333333333333334,4,False,all_validation
coco-rem,000000394559,/home/felix/fiftyone/coco-2017/validation/data/000000394559.jpg,validation,locked_confirmation,000000394559,2,0.10250146713615023,0.0,2,False,all_validation
coco-rem,000000394611,/home/felix/fiftyone/coco-2017/validation/data/000000394611.jpg,validation,locked_confirmation,000000394611,3,0.017604166666666667,0.6666666666666666,1,False,all_validation
coco-rem,000000394677,/home/felix/fiftyone/coco-2017/validation/data/000000394677.jpg,validation,locked_confirmation,000000394677,12,0.04221866666666667,1.0,4,False,all_validation
coco-rem,000000394940,/home/felix/fiftyone/coco-2017/validation/data/000000394940.jpg,validation,locked_confirmation,000000394940,4,0.2028994278169014,1.0,4,False,all_validation
coco-rem,000000395180,/home/felix/fiftyone/coco-2017/validation/data/000000395180.jpg,validation,locked_confirmation,000000395180,9,0.0007308991683991684,0.3333333333333333,4,False,all_validation
coco-rem,000000395343,/home/felix/fiftyone/coco-2017/validation/data/000000395343.jpg,validation,locked_confirmation,000000395343,7,0.11126627604166667,0.5714285714285714,5,False,all_validation
coco-rem,000000395388,/home/felix/fiftyone/coco-2017/validation/data/000000395388.jpg,validation,locked_confirmation,000000395388,15,0.010797526041666667,0.8,4,False,all_validation
coco-rem,000000395575,/home/felix/fiftyone/coco-2017/validation/data/000000395575.jpg,validation,locked_confirmation,000000395575,2,0.01024778761061947,0.0,2,False,all_validation
coco-rem,000000395633,/home/felix/fiftyone/coco-2017/validation/data/000000395633.jpg,validation,locked_confirmation,000000395633,3,0.0018229166666666667,1.0,2,False,all_validation
coco-rem,000000395701,/home/felix/fiftyone/coco-2017/validation/data/000000395701.jpg,validation,locked_confirmation,000000395701,19,0.001318359375,0.10526315789473684,6,True,all_validation
coco-rem,000000395801,/home/felix/fiftyone/coco-2017/validation/data/000000395801.jpg,validation,locked_confirmation,000000395801,27,0.000703125,0.48148148148148145,6,False,all_validation
coco-rem,000000395903,/home/felix/fiftyone/coco-2017/validation/data/000000395903.jpg,validation,locked_confirmation,000000395903,2,0.05747829861111111,1.0,2,False,all_validation
coco-rem,000000396200,/home/felix/fiftyone/coco-2017/validation/data/000000396200.jpg,validation,locked_confirmation,000000396200,14,0.002094920960187354,0.14285714285714285,6,False,all_validation
coco-rem,000000396205,/home/felix/fiftyone/coco-2017/validation/data/000000396205.jpg,validation,locked_confirmation,000000396205,2,0.019919117647058823,0.0,1,False,all_validation
coco-rem,000000396274,/home/felix/fiftyone/coco-2017/validation/data/000000396274.jpg,validation,locked_confirmation,000000396274,1,0.006875,0.0,1,False,all_validation
coco-rem,000000396338,/home/felix/fiftyone/coco-2017/validation/data/000000396338.jpg,validation,locked_confirmation,000000396338,11,0.012196282201405152,0.9090909090909091,5,False,all_validation
coco-rem,000000396518,/home/felix/fiftyone/coco-2017/validation/data/000000396518.jpg,validation,locked_confirmation,000000396518,2,0.10229333333333333,0.0,2,False,all_validation
coco-rem,000000396526,/home/felix/fiftyone/coco-2017/validation/data/000000396526.jpg,validation,locked_confirmation,000000396526,11,0.036189349112426036,0.8181818181818182,5,False,all_validation
coco-rem,000000396568,/home/felix/fiftyone/coco-2017/validation/data/000000396568.jpg,validation,locked_confirmation,000000396568,1,0.17889150943396226,0.0,1,False,all_validation
coco-rem,000000396580,/home/felix/fiftyone/coco-2017/validation/data/000000396580.jpg,validation,locked_confirmation,000000396580,2,0.006148255813953488,0.0,2,False,all_validation
coco-rem,000000396729,/home/felix/fiftyone/coco-2017/validation/data/000000396729.jpg,validation,locked_confirmation,000000396729,5,0.1418529411764706,1.0,5,False,all_validation
coco-rem,000000396863,/home/felix/fiftyone/coco-2017/validation/data/000000396863.jpg,validation,locked_confirmation,000000396863,5,0.09116784037558685,0.8,3,False,all_validation
coco-rem,000000396903,/home/felix/fiftyone/coco-2017/validation/data/000000396903.jpg,validation,locked_confirmation,000000396903,3,0.000819672131147541,1.0,2,False,all_validation
coco-rem,000000397133,/home/felix/fiftyone/coco-2017/validation/data/000000397133.jpg,validation,locked_confirmation,000000397133,19,0.003970286885245902,0.7894736842105263,11,False,all_validation
coco-rem,000000397279,/home/felix/fiftyone/coco-2017/validation/data/000000397279.jpg,validation,locked_confirmation,000000397279,3,0.011943793911007026,1.0,2,False,all_validation
coco-rem,000000397303,/home/felix/fiftyone/coco-2017/validation/data/000000397303.jpg,validation,locked_confirmation,000000397303,44,0.009485677083333333,0.6136363636363636,8,True,all_validation
coco-rem,000000397327,/home/felix/fiftyone/coco-2017/validation/data/000000397327.jpg,validation,locked_confirmation,000000397327,2,0.15200892857142856,0.0,2,False,all_validation
coco-rem,000000397351,/home/felix/fiftyone/coco-2017/validation/data/000000397351.jpg,validation,locked_confirmation,000000397351,11,0.005956572769953051,0.5454545454545454,3,True,all_validation
coco-rem,000000397354,/home/felix/fiftyone/coco-2017/validation/data/000000397354.jpg,validation,locked_confirmation,000000397354,35,0.002171223958333333,0.5428571428571428,11,False,all_validation
coco-rem,000000397639,/home/felix/fiftyone/coco-2017/validation/data/000000397639.jpg,validation,locked_confirmation,000000397639,2,0.07142252604166667,0.0,1,False,all_validation
coco-rem,000000397681,/home/felix/fiftyone/coco-2017/validation/data/000000397681.jpg,validation,locked_confirmation,000000397681,26,0.00608642578125,0.38461538461538464,6,True,all_validation
coco-rem,000000398028,/home/felix/fiftyone/coco-2017/validation/data/000000398028.jpg,validation,locked_confirmation,000000398028,13,0.0068998247663551405,0.46153846153846156,2,False,all_validation
coco-rem,000000398203,/home/felix/fiftyone/coco-2017/validation/data/000000398203.jpg,validation,locked_confirmation,000000398203,13,0.02928864168618267,0.9230769230769231,2,False,all_validation
coco-rem,000000398237,/home/felix/fiftyone/coco-2017/validation/data/000000398237.jpg,validation,locked_confirmation,000000398237,6,0.02908203125,0.3333333333333333,3,False,all_validation
coco-rem,000000398377,/home/felix/fiftyone/coco-2017/validation/data/000000398377.jpg,validation,locked_confirmation,000000398377,14,0.043376,1.0,5,False,all_validation
coco-rem,000000398438,/home/felix/fiftyone/coco-2017/validation/data/000000398438.jpg,validation,locked_confirmation,000000398438,3,0.33085885885885885,0.0,3,False,all_validation
coco-rem,000000398652,/home/felix/fiftyone/coco-2017/validation/data/000000398652.jpg,validation,locked_confirmation,000000398652,13,0.03336504683840749,0.46153846153846156,2,True,all_validation
coco-rem,000000398742,/home/felix/fiftyone/coco-2017/validation/data/000000398742.jpg,validation,locked_confirmation,000000398742,8,0.030174180327868852,0.625,3,False,all_validation
coco-rem,000000398810,/home/felix/fiftyone/coco-2017/validation/data/000000398810.jpg,validation,locked_confirmation,000000398810,2,0.1662,0.0,1,False,all_validation
coco-rem,000000398905,/home/felix/fiftyone/coco-2017/validation/data/000000398905.jpg,validation,locked_confirmation,000000398905,1,0.3507684426229508,0.0,1,False,all_validation
coco-rem,000000399205,/home/felix/fiftyone/coco-2017/validation/data/000000399205.jpg,validation,locked_confirmation,000000399205,16,0.007879231770833333,0.875,3,False,all_validation
coco-rem,000000399296,/home/felix/fiftyone/coco-2017/validation/data/000000399296.jpg,validation,locked_confirmation,000000399296,12,0.015437825520833334,0.8333333333333334,2,False,all_validation
coco-rem,000000399462,/home/felix/fiftyone/coco-2017/validation/data/000000399462.jpg,validation,locked_confirmation,000000399462,4,0.06406873614190688,0.0,2,False,all_validation
coco-rem,000000399560,/home/felix/fiftyone/coco-2017/validation/data/000000399560.jpg,validation,locked_confirmation,000000399560,2,0.3610404680962343,1.0,2,False,all_validation
coco-rem,000000399655,/home/felix/fiftyone/coco-2017/validation/data/000000399655.jpg,validation,locked_confirmation,000000399655,2,0.8926133333333334,1.0,2,False,all_validation
coco-rem,000000399764,/home/felix/fiftyone/coco-2017/validation/data/000000399764.jpg,validation,locked_confirmation,000000399764,2,0.47551046545667447,1.0,2,False,all_validation
coco-rem,000000400044,/home/felix/fiftyone/coco-2017/validation/data/000000400044.jpg,validation,locked_confirmation,000000400044,2,0.12787752329192548,1.0,2,False,all_validation
coco-rem,000000400082,/home/felix/fiftyone/coco-2017/validation/data/000000400082.jpg,validation,locked_confirmation,000000400082,4,0.15020141342756183,1.0,4,False,all_validation
coco-rem,000000400161,/home/felix/fiftyone/coco-2017/validation/data/000000400161.jpg,validation,locked_confirmation,000000400161,20,0.00220703125,0.55,5,True,all_validation
coco-rem,000000400367,/home/felix/fiftyone/coco-2017/validation/data/000000400367.jpg,validation,locked_confirmation,000000400367,18,0.0015315315315315315,0.5,2,True,all_validation
coco-rem,000000400573,/home/felix/fiftyone/coco-2017/validation/data/000000400573.jpg,validation,locked_confirmation,000000400573,5,0.0009733072916666667,1.0,2,False,all_validation
coco-rem,000000400794,/home/felix/fiftyone/coco-2017/validation/data/000000400794.jpg,validation,locked_confirmation,000000400794,5,0.05686619718309859,0.6,4,False,all_validation
coco-rem,000000400803,/home/felix/fiftyone/coco-2017/validation/data/000000400803.jpg,validation,locked_confirmation,000000400803,3,0.011526639344262296,1.0,2,False,all_validation
coco-rem,000000400815,/home/felix/fiftyone/coco-2017/validation/data/000000400815.jpg,validation,locked_confirmation,000000400815,3,0.47059792154566743,1.0,3,False,all_validation
coco-rem,000000400922,/home/felix/fiftyone/coco-2017/validation/data/000000400922.jpg,validation,locked_confirmation,000000400922,2,0.008701171875,0.0,2,False,all_validation
coco-rem,000000401244,/home/felix/fiftyone/coco-2017/validation/data/000000401244.jpg,validation,locked_confirmation,000000401244,2,0.2011150234741784,1.0,2,False,all_validation
coco-rem,000000401250,/home/felix/fiftyone/coco-2017/validation/data/000000401250.jpg,validation,locked_confirmation,000000401250,3,0.1457078313253012,0.6666666666666666,2,False,all_validation
coco-rem,000000401446,/home/felix/fiftyone/coco-2017/validation/data/000000401446.jpg,validation,locked_confirmation,000000401446,3,0.0898046875,1.0,3,False,all_validation
coco-rem,000000401862,/home/felix/fiftyone/coco-2017/validation/data/000000401862.jpg,validation,locked_confirmation,000000401862,10,0.038860677083333336,0.9,2,False,all_validation
coco-rem,000000401991,/home/felix/fiftyone/coco-2017/validation/data/000000401991.jpg,validation,locked_confirmation,000000401991,3,0.3482849604221636,1.0,2,False,all_validation
coco-rem,000000402096,/home/felix/fiftyone/coco-2017/validation/data/000000402096.jpg,validation,locked_confirmation,000000402096,0,,0.0,0,False,all_validation
coco-rem,000000402118,/home/felix/fiftyone/coco-2017/validation/data/000000402118.jpg,validation,locked_confirmation,000000402118,2,0.1697448160046729,0.0,2,False,all_validation
coco-rem,000000402334,/home/felix/fiftyone/coco-2017/validation/data/000000402334.jpg,validation,locked_confirmation,000000402334,2,0.002892637587822014,0.0,1,False,all_validation
coco-rem,000000402346,/home/felix/fiftyone/coco-2017/validation/data/000000402346.jpg,validation,locked_confirmation,000000402346,3,0.012369791666666666,0.0,2,False,all_validation
coco-rem,000000402433,/home/felix/fiftyone/coco-2017/validation/data/000000402433.jpg,validation,locked_confirmation,000000402433,2,0.2500586854460094,0.0,2,False,all_validation
coco-rem,000000402473,/home/felix/fiftyone/coco-2017/validation/data/000000402473.jpg,validation,locked_confirmation,000000402473,2,0.460966796875,0.0,1,False,all_validation
coco-rem,000000402519,/home/felix/fiftyone/coco-2017/validation/data/000000402519.jpg,validation,locked_confirmation,000000402519,1,0.06923302107728337,0.0,1,False,all_validation
coco-rem,000000402615,/home/felix/fiftyone/coco-2017/validation/data/000000402615.jpg,validation,locked_confirmation,000000402615,19,0.000702576112412178,0.0,4,True,all_validation
coco-rem,000000402720,/home/felix/fiftyone/coco-2017/validation/data/000000402720.jpg,validation,locked_confirmation,000000402720,18,0.007769447648340382,0.8333333333333334,8,False,all_validation
coco-rem,000000402765,/home/felix/fiftyone/coco-2017/validation/data/000000402765.jpg,validation,locked_confirmation,000000402765,2,0.8928,1.0,2,False,all_validation
coco-rem,000000402774,/home/felix/fiftyone/coco-2017/validation/data/000000402774.jpg,validation,locked_confirmation,000000402774,3,0.1378125,0.6666666666666666,3,False,all_validation
coco-rem,000000402783,/home/felix/fiftyone/coco-2017/validation/data/000000402783.jpg,validation,locked_confirmation,000000402783,7,0.05758463541666667,0.0,1,False,all_validation
coco-rem,000000402992,/home/felix/fiftyone/coco-2017/validation/data/000000402992.jpg,validation,locked_confirmation,000000402992,11,0.029873046875,0.18181818181818182,1,False,all_validation
coco-rem,000000403122,/home/felix/fiftyone/coco-2017/validation/data/000000403122.jpg,validation,locked_confirmation,000000403122,16,0.004065427400468384,0.3125,4,False,all_validation
coco-rem,000000403353,/home/felix/fiftyone/coco-2017/validation/data/000000403353.jpg,validation,locked_confirmation,000000403353,2,0.26004231770833336,1.0,2,False,all_validation
coco-rem,000000403385,/home/felix/fiftyone/coco-2017/validation/data/000000403385.jpg,validation,locked_confirmation,000000403385,2,0.05005503913894325,0.0,2,False,all_validation
coco-rem,000000403565,/home/felix/fiftyone/coco-2017/validation/data/000000403565.jpg,validation,locked_confirmation,000000403565,3,0.09627376957494407,1.0,3,False,all_validation
coco-rem,000000403584,/home/felix/fiftyone/coco-2017/validation/data/000000403584.jpg,validation,locked_confirmation,000000403584,10,0.00216796875,0.7,2,False,all_validation
coco-rem,000000403817,/home/felix/fiftyone/coco-2017/validation/data/000000403817.jpg,validation,locked_confirmation,000000403817,2,0.33161066666666666,0.0,2,False,all_validation
coco-rem,000000404128,/home/felix/fiftyone/coco-2017/validation/data/000000404128.jpg,validation,locked_confirmation,000000404128,1,0.3339285714285714,0.0,1,False,all_validation
coco-rem,000000404191,/home/felix/fiftyone/coco-2017/validation/data/000000404191.jpg,validation,locked_confirmation,000000404191,1,0.7528693333333333,0.0,1,False,all_validation
coco-rem,000000404249,/home/felix/fiftyone/coco-2017/validation/data/000000404249.jpg,validation,locked_confirmation,000000404249,2,0.2026492974238876,1.0,2,False,all_validation
coco-rem,000000404479,/home/felix/fiftyone/coco-2017/validation/data/000000404479.jpg,validation,locked_confirmation,000000404479,4,0.00025614754098360657,0.5,2,False,all_validation
coco-rem,000000404484,/home/felix/fiftyone/coco-2017/validation/data/000000404484.jpg,validation,locked_confirmation,000000404484,5,0.07509114583333333,0.0,5,False,all_validation
coco-rem,000000404534,/home/felix/fiftyone/coco-2017/validation/data/000000404534.jpg,validation,locked_confirmation,000000404534,1,0.001450777202072539,0.0,1,False,all_validation
coco-rem,000000404568,/home/felix/fiftyone/coco-2017/validation/data/000000404568.jpg,validation,locked_confirmation,000000404568,1,0.287900390625,0.0,1,False,all_validation
coco-rem,000000404601,/home/felix/fiftyone/coco-2017/validation/data/000000404601.jpg,validation,locked_confirmation,000000404601,0,,0.0,0,False,all_validation
coco-rem,000000404678,/home/felix/fiftyone/coco-2017/validation/data/000000404678.jpg,validation,locked_confirmation,000000404678,23,0.014941176470588236,0.8260869565217391,7,False,all_validation
coco-rem,000000404805,/home/felix/fiftyone/coco-2017/validation/data/000000404805.jpg,validation,locked_confirmation,000000404805,2,0.057721018735363,1.0,2,False,all_validation
coco-rem,000000404839,/home/felix/fiftyone/coco-2017/validation/data/000000404839.jpg,validation,locked_confirmation,000000404839,6,0.011442476580796253,1.0,2,False,all_validation
coco-rem,000000404922,/home/felix/fiftyone/coco-2017/validation/data/000000404922.jpg,validation,locked_confirmation,000000404922,6,0.0892554347826087,1.0,2,False,all_validation
coco-rem,000000404923,/home/felix/fiftyone/coco-2017/validation/data/000000404923.jpg,validation,locked_confirmation,000000404923,5,0.03204427083333333,0.4,2,False,all_validation
coco-rem,000000405195,/home/felix/fiftyone/coco-2017/validation/data/000000405195.jpg,validation,locked_confirmation,000000405195,17,0.003893229166666667,0.11764705882352941,4,True,all_validation
coco-rem,000000405205,/home/felix/fiftyone/coco-2017/validation/data/000000405205.jpg,validation,locked_confirmation,000000405205,3,0.03943237250554324,0.0,2,False,all_validation
coco-rem,000000405249,/home/felix/fiftyone/coco-2017/validation/data/000000405249.jpg,validation,locked_confirmation,000000405249,25,0.0264,0.88,4,False,all_validation
coco-rem,000000405279,/home/felix/fiftyone/coco-2017/validation/data/000000405279.jpg,validation,locked_confirmation,000000405279,19,0.0008203125,0.21052631578947367,3,True,all_validation
coco-rem,000000405306,/home/felix/fiftyone/coco-2017/validation/data/000000405306.jpg,validation,locked_confirmation,000000405306,2,0.6394353267386091,1.0,2,False,all_validation
coco-rem,000000405432,/home/felix/fiftyone/coco-2017/validation/data/000000405432.jpg,validation,locked_confirmation,000000405432,10,0.030864,1.0,3,False,all_validation
coco-rem,000000405691,/home/felix/fiftyone/coco-2017/validation/data/000000405691.jpg,validation,locked_confirmation,000000405691,15,0.06214871194379391,0.8,8,False,all_validation
coco-rem,000000405970,/home/felix/fiftyone/coco-2017/validation/data/000000405970.jpg,validation,locked_confirmation,000000405970,9,0.025892857142857145,0.5555555555555556,7,False,all_validation
coco-rem,000000405972,/home/felix/fiftyone/coco-2017/validation/data/000000405972.jpg,validation,locked_confirmation,000000405972,3,0.11870598591549296,1.0,1,False,all_validation
coco-rem,000000406129,/home/felix/fiftyone/coco-2017/validation/data/000000406129.jpg,validation,locked_confirmation,000000406129,3,0.020151869158878503,0.6666666666666666,3,False,all_validation
coco-rem,000000406417,/home/felix/fiftyone/coco-2017/validation/data/000000406417.jpg,validation,locked_confirmation,000000406417,6,0.0694611025528169,1.0,2,False,all_validation
coco-rem,000000406570,/home/felix/fiftyone/coco-2017/validation/data/000000406570.jpg,validation,locked_confirmation,000000406570,47,0.011592505854800936,0.14893617021276595,2,True,all_validation
coco-rem,000000406611,/home/felix/fiftyone/coco-2017/validation/data/000000406611.jpg,validation,locked_confirmation,000000406611,26,0.0008463541666666667,0.23076923076923078,3,True,all_validation
coco-rem,000000406997,/home/felix/fiftyone/coco-2017/validation/data/000000406997.jpg,validation,locked_confirmation,000000406997,7,0.08578125,0.7142857142857143,3,False,all_validation
coco-rem,000000407002,/home/felix/fiftyone/coco-2017/validation/data/000000407002.jpg,validation,locked_confirmation,000000407002,3,0.083671875,0.6666666666666666,2,False,all_validation
coco-rem,000000407083,/home/felix/fiftyone/coco-2017/validation/data/000000407083.jpg,validation,locked_confirmation,000000407083,3,0.563125,1.0,3,False,all_validation
coco-rem,000000407298,/home/felix/fiftyone/coco-2017/validation/data/000000407298.jpg,validation,locked_confirmation,000000407298,3,0.333984375,0.6666666666666666,3,False,all_validation
coco-rem,000000407403,/home/felix/fiftyone/coco-2017/validation/data/000000407403.jpg,validation,locked_confirmation,000000407403,1,0.19334104046242775,0.0,1,False,all_validation
coco-rem,000000407518,/home/felix/fiftyone/coco-2017/validation/data/000000407518.jpg,validation,locked_confirmation,000000407518,1,0.16466627634660422,0.0,1,False,all_validation
coco-rem,000000407524,/home/felix/fiftyone/coco-2017/validation/data/000000407524.jpg,validation,locked_confirmation,000000407524,3,0.03308919270833333,0.0,1,False,all_validation
coco-rem,000000407574,/home/felix/fiftyone/coco-2017/validation/data/000000407574.jpg,validation,locked_confirmation,000000407574,55,0.007982479079497907,0.5272727272727272,1,False,all_validation
coco-rem,000000407614,/home/felix/fiftyone/coco-2017/validation/data/000000407614.jpg,validation,locked_confirmation,000000407614,13,0.003961267605633803,0.23076923076923078,10,False,all_validation
coco-rem,000000407646,/home/felix/fiftyone/coco-2017/validation/data/000000407646.jpg,validation,locked_confirmation,000000407646,3,0.04004,0.0,3,False,all_validation
coco-rem,000000407650,/home/felix/fiftyone/coco-2017/validation/data/000000407650.jpg,validation,locked_confirmation,000000407650,2,0.015615873247663552,0.0,2,False,all_validation
coco-rem,000000407825,/home/felix/fiftyone/coco-2017/validation/data/000000407825.jpg,validation,locked_confirmation,000000407825,5,0.11755110220440881,0.4,5,False,all_validation
coco-rem,000000407868,/home/felix/fiftyone/coco-2017/validation/data/000000407868.jpg,validation,locked_confirmation,000000407868,8,0.0011995442708333333,0.0,4,False,all_validation
coco-rem,000000407943,/home/felix/fiftyone/coco-2017/validation/data/000000407943.jpg,validation,locked_confirmation,000000407943,4,0.07519028103044496,1.0,2,False,all_validation
coco-rem,000000407960,/home/felix/fiftyone/coco-2017/validation/data/000000407960.jpg,validation,locked_confirmation,000000407960,4,0.16944138791079813,0.5,3,False,all_validation
coco-rem,000000408112,/home/felix/fiftyone/coco-2017/validation/data/000000408112.jpg,validation,locked_confirmation,000000408112,10,0.0005126953125,0.9,2,False,all_validation
coco-rem,000000408120,/home/felix/fiftyone/coco-2017/validation/data/000000408120.jpg,validation,locked_confirmation,000000408120,5,0.006864754098360655,0.0,3,False,all_validation
coco-rem,000000408696,/home/felix/fiftyone/coco-2017/validation/data/000000408696.jpg,validation,locked_confirmation,000000408696,5,0.0505859375,1.0,2,False,all_validation
coco-rem,000000408774,/home/felix/fiftyone/coco-2017/validation/data/000000408774.jpg,validation,locked_confirmation,000000408774,6,0.015804804804804805,0.6666666666666666,2,False,all_validation
coco-rem,000000408830,/home/felix/fiftyone/coco-2017/validation/data/000000408830.jpg,validation,locked_confirmation,000000408830,4,0.05382208723653396,0.5,1,False,all_validation
coco-rem,000000409198,/home/felix/fiftyone/coco-2017/validation/data/000000409198.jpg,validation,locked_confirmation,000000409198,6,0.001683255269320843,0.6666666666666666,3,False,all_validation
coco-rem,000000409211,/home/felix/fiftyone/coco-2017/validation/data/000000409211.jpg,validation,locked_confirmation,000000409211,23,0.010758196721311475,0.391304347826087,4,False,all_validation
coco-rem,000000409268,/home/felix/fiftyone/coco-2017/validation/data/000000409268.jpg,validation,locked_confirmation,000000409268,1,0.7308005136986301,0.0,1,False,all_validation
coco-rem,000000409358,/home/felix/fiftyone/coco-2017/validation/data/000000409358.jpg,validation,locked_confirmation,000000409358,2,0.09552949720193088,0.0,2,False,all_validation
coco-rem,000000409424,/home/felix/fiftyone/coco-2017/validation/data/000000409424.jpg,validation,locked_confirmation,000000409424,7,0.02482421875,1.0,3,False,all_validation
coco-rem,000000409475,/home/felix/fiftyone/coco-2017/validation/data/000000409475.jpg,validation,locked_confirmation,000000409475,2,0.20446940104166667,0.0,1,False,all_validation
coco-rem,000000409542,/home/felix/fiftyone/coco-2017/validation/data/000000409542.jpg,validation,locked_confirmation,000000409542,8,0.019713785046728972,0.0,2,False,all_validation
coco-rem,000000409630,/home/felix/fiftyone/coco-2017/validation/data/000000409630.jpg,validation,locked_confirmation,000000409630,4,0.13664533333333334,0.5,3,False,all_validation
coco-rem,000000409867,/home/felix/fiftyone/coco-2017/validation/data/000000409867.jpg,validation,locked_confirmation,000000409867,2,0.031213492990654207,0.0,1,False,all_validation
coco-rem,000000410221,/home/felix/fiftyone/coco-2017/validation/data/000000410221.jpg,validation,locked_confirmation,000000410221,1,0.028162680868167204,0.0,1,False,all_validation
coco-rem,000000410428,/home/felix/fiftyone/coco-2017/validation/data/000000410428.jpg,validation,locked_confirmation,000000410428,15,0.0002963992974238876,0.0,1,False,all_validation
coco-rem,000000410456,/home/felix/fiftyone/coco-2017/validation/data/000000410456.jpg,validation,locked_confirmation,000000410456,12,0.015009765625,0.5,2,False,all_validation
coco-rem,000000410487,/home/felix/fiftyone/coco-2017/validation/data/000000410487.jpg,validation,locked_confirmation,000000410487,1,0.44686768149882905,0.0,1,False,all_validation
coco-rem,000000410496,/home/felix/fiftyone/coco-2017/validation/data/000000410496.jpg,validation,locked_confirmation,000000410496,17,0.0195952868852459,0.7647058823529411,3,True,all_validation
coco-rem,000000410510,/home/felix/fiftyone/coco-2017/validation/data/000000410510.jpg,validation,locked_confirmation,000000410510,3,0.003374297752808989,1.0,3,False,all_validation
coco-rem,000000410612,/home/felix/fiftyone/coco-2017/validation/data/000000410612.jpg,validation,locked_confirmation,000000410612,1,0.03260479041916168,0.0,1,False,all_validation
coco-rem,000000410650,/home/felix/fiftyone/coco-2017/validation/data/000000410650.jpg,validation,locked_confirmation,000000410650,28,0.0027473958333333335,0.25,4,True,all_validation
coco-rem,000000410712,/home/felix/fiftyone/coco-2017/validation/data/000000410712.jpg,validation,locked_confirmation,000000410712,8,0.0012709066901408451,0.0,3,False,all_validation
coco-rem,000000410735,/home/felix/fiftyone/coco-2017/validation/data/000000410735.jpg,validation,locked_confirmation,000000410735,6,0.07993927001953124,0.6666666666666666,3,False,all_validation
coco-rem,000000410878,/home/felix/fiftyone/coco-2017/validation/data/000000410878.jpg,validation,locked_confirmation,000000410878,3,0.0019503805620608898,0.0,2,False,all_validation
coco-rem,000000410880,/home/felix/fiftyone/coco-2017/validation/data/000000410880.jpg,validation,locked_confirmation,000000410880,10,0.006629333333333333,0.4,6,False,all_validation
coco-rem,000000410934,/home/felix/fiftyone/coco-2017/validation/data/000000410934.jpg,validation,locked_confirmation,000000410934,1,0.03485026041666667,0.0,1,False,all_validation
coco-rem,000000411530,/home/felix/fiftyone/coco-2017/validation/data/000000411530.jpg,validation,locked_confirmation,000000411530,26,0.0020052083333333332,0.7307692307692307,4,True,all_validation
coco-rem,000000411665,/home/felix/fiftyone/coco-2017/validation/data/000000411665.jpg,validation,locked_confirmation,000000411665,2,0.40464724824355974,0.0,1,False,all_validation
coco-rem,000000411754,/home/felix/fiftyone/coco-2017/validation/data/000000411754.jpg,validation,locked_confirmation,000000411754,8,0.021692708333333335,0.75,4,False,all_validation
coco-rem,000000411774,/home/felix/fiftyone/coco-2017/validation/data/000000411774.jpg,validation,locked_confirmation,000000411774,2,0.475776,1.0,2,False,all_validation
coco-rem,000000411817,/home/felix/fiftyone/coco-2017/validation/data/000000411817.jpg,validation,locked_confirmation,000000411817,16,0.0235986328125,0.4375,4,False,all_validation
coco-rem,000000411938,/home/felix/fiftyone/coco-2017/validation/data/000000411938.jpg,validation,locked_confirmation,000000411938,17,0.018632903981264638,0.7058823529411765,7,False,all_validation
coco-rem,000000411953,/home/felix/fiftyone/coco-2017/validation/data/000000411953.jpg,validation,locked_confirmation,000000411953,3,0.051333333333333335,1.0,2,False,all_validation
coco-rem,000000412240,/home/felix/fiftyone/coco-2017/validation/data/000000412240.jpg,validation,locked_confirmation,000000412240,1,0.3325653333333333,0.0,1,False,all_validation
coco-rem,000000412286,/home/felix/fiftyone/coco-2017/validation/data/000000412286.jpg,validation,locked_confirmation,000000412286,3,0.016144144144144144,0.6666666666666666,3,False,all_validation
coco-rem,000000412362,/home/felix/fiftyone/coco-2017/validation/data/000000412362.jpg,validation,locked_confirmation,000000412362,7,0.016983967935871744,1.0,5,False,all_validation
coco-rem,000000412531,/home/felix/fiftyone/coco-2017/validation/data/000000412531.jpg,validation,locked_confirmation,000000412531,4,0.026549479166666667,0.0,2,False,all_validation
coco-rem,000000412887,/home/felix/fiftyone/coco-2017/validation/data/000000412887.jpg,validation,locked_confirmation,000000412887,1,0.8260869565217391,0.0,1,False,all_validation
coco-rem,000000412894,/home/felix/fiftyone/coco-2017/validation/data/000000412894.jpg,validation,locked_confirmation,000000412894,21,0.003684865339578454,0.42857142857142855,4,True,all_validation
coco-rem,000000413247,/home/felix/fiftyone/coco-2017/validation/data/000000413247.jpg,validation,locked_confirmation,000000413247,6,0.03684529049295775,0.6666666666666666,6,False,all_validation
coco-rem,000000413395,/home/felix/fiftyone/coco-2017/validation/data/000000413395.jpg,validation,locked_confirmation,000000413395,5,0.17799881235154394,0.6,4,False,all_validation
coco-rem,000000413404,/home/felix/fiftyone/coco-2017/validation/data/000000413404.jpg,validation,locked_confirmation,000000413404,12,0.004965603044496487,0.25,4,False,all_validation
coco-rem,000000413552,/home/felix/fiftyone/coco-2017/validation/data/000000413552.jpg,validation,locked_confirmation,000000413552,3,0.6714348591549296,1.0,2,False,all_validation
coco-rem,000000413689,/home/felix/fiftyone/coco-2017/validation/data/000000413689.jpg,validation,locked_confirmation,000000413689,19,0.0014304577464788733,0.3157894736842105,7,False,all_validation
coco-rem,000000414034,/home/felix/fiftyone/coco-2017/validation/data/000000414034.jpg,validation,locked_confirmation,000000414034,4,0.3212646484375,1.0,4,False,all_validation
coco-rem,000000414133,/home/felix/fiftyone/coco-2017/validation/data/000000414133.jpg,validation,locked_confirmation,000000414133,7,0.0030078125,0.0,3,False,all_validation
coco-rem,000000414170,/home/felix/fiftyone/coco-2017/validation/data/000000414170.jpg,validation,locked_confirmation,000000414170,10,0.0013952205882352942,0.7,3,False,all_validation
coco-rem,000000414261,/home/felix/fiftyone/coco-2017/validation/data/000000414261.jpg,validation,locked_confirmation,000000414261,2,0.30068427985948476,0.0,1,False,all_validation
coco-rem,000000414340,/home/felix/fiftyone/coco-2017/validation/data/000000414340.jpg,validation,locked_confirmation,000000414340,1,0.005283957845433255,0.0,1,False,all_validation
coco-rem,000000414385,/home/felix/fiftyone/coco-2017/validation/data/000000414385.jpg,validation,locked_confirmation,000000414385,9,0.002659505208333333,0.7777777777777778,3,False,all_validation
coco-rem,000000414510,/home/felix/fiftyone/coco-2017/validation/data/000000414510.jpg,validation,locked_confirmation,000000414510,13,0.014495442708333334,0.6153846153846154,7,False,all_validation
coco-rem,000000414638,/home/felix/fiftyone/coco-2017/validation/data/000000414638.jpg,validation,locked_confirmation,000000414638,6,0.09273676790977829,1.0,5,False,all_validation
coco-rem,000000414673,/home/felix/fiftyone/coco-2017/validation/data/000000414673.jpg,validation,locked_confirmation,000000414673,34,0.00491566265060241,0.5588235294117647,5,True,all_validation
coco-rem,000000414676,/home/felix/fiftyone/coco-2017/validation/data/000000414676.jpg,validation,locked_confirmation,000000414676,2,0.004609929078014184,0.0,1,False,all_validation
coco-rem,000000414795,/home/felix/fiftyone/coco-2017/validation/data/000000414795.jpg,validation,locked_confirmation,000000414795,45,0.01265625,0.4666666666666667,2,False,all_validation
coco-rem,000000415194,/home/felix/fiftyone/coco-2017/validation/data/000000415194.jpg,validation,locked_confirmation,000000415194,12,0.0033935546875,0.16666666666666666,8,False,all_validation
coco-rem,000000415238,/home/felix/fiftyone/coco-2017/validation/data/000000415238.jpg,validation,locked_confirmation,000000415238,5,0.0630472046413502,1.0,4,False,all_validation
coco-rem,000000415536,/home/felix/fiftyone/coco-2017/validation/data/000000415536.jpg,validation,locked_confirmation,000000415536,2,0.027548828125,1.0,2,False,all_validation
coco-rem,000000415716,/home/felix/fiftyone/coco-2017/validation/data/000000415716.jpg,validation,locked_confirmation,000000415716,7,0.0076171875,0.0,6,False,all_validation
coco-rem,000000415727,/home/felix/fiftyone/coco-2017/validation/data/000000415727.jpg,validation,locked_confirmation,000000415727,11,0.07858072916666667,0.9090909090909091,4,False,all_validation
coco-rem,000000415741,/home/felix/fiftyone/coco-2017/validation/data/000000415741.jpg,validation,locked_confirmation,000000415741,6,0.011456163194444445,0.3333333333333333,3,False,all_validation
coco-rem,000000415748,/home/felix/fiftyone/coco-2017/validation/data/000000415748.jpg,validation,locked_confirmation,000000415748,2,0.150665713028169,0.0,2,False,all_validation
coco-rem,000000415882,/home/felix/fiftyone/coco-2017/validation/data/000000415882.jpg,validation,locked_confirmation,000000415882,2,0.2890251608455882,1.0,2,False,all_validation
coco-rem,000000415990,/home/felix/fiftyone/coco-2017/validation/data/000000415990.jpg,validation,locked_confirmation,000000415990,21,0.008944,0.5238095238095238,3,False,all_validation
coco-rem,000000416104,/home/felix/fiftyone/coco-2017/validation/data/000000416104.jpg,validation,locked_confirmation,000000416104,38,0.016201171875,0.8157894736842105,6,False,all_validation
coco-rem,000000416170,/home/felix/fiftyone/coco-2017/validation/data/000000416170.jpg,validation,locked_confirmation,000000416170,2,0.024808372641509435,0.0,2,False,all_validation
coco-rem,000000416256,/home/felix/fiftyone/coco-2017/validation/data/000000416256.jpg,validation,locked_confirmation,000000416256,3,0.097792,0.0,2,False,all_validation
coco-rem,000000416269,/home/felix/fiftyone/coco-2017/validation/data/000000416269.jpg,validation,locked_confirmation,000000416269,1,0.42200642523364484,0.0,1,False,all_validation
coco-rem,000000416330,/home/felix/fiftyone/coco-2017/validation/data/000000416330.jpg,validation,locked_confirmation,000000416330,2,0.958154296875,1.0,2,False,all_validation
coco-rem,000000416343,/home/felix/fiftyone/coco-2017/validation/data/000000416343.jpg,validation,locked_confirmation,000000416343,7,0.09067622950819672,0.8571428571428571,4,False,all_validation
coco-rem,000000416451,/home/felix/fiftyone/coco-2017/validation/data/000000416451.jpg,validation,locked_confirmation,000000416451,27,0.002041015625,0.4074074074074074,7,True,all_validation
coco-rem,000000416534,/home/felix/fiftyone/coco-2017/validation/data/000000416534.jpg,validation,locked_confirmation,000000416534,18,0.0004929577464788732,0.3888888888888889,5,True,all_validation
coco-rem,000000416745,/home/felix/fiftyone/coco-2017/validation/data/000000416745.jpg,validation,locked_confirmation,000000416745,2,0.021092314921611347,0.0,2,False,all_validation
coco-rem,000000416758,/home/felix/fiftyone/coco-2017/validation/data/000000416758.jpg,validation,locked_confirmation,000000416758,4,0.1679052734375,1.0,1,False,all_validation
coco-rem,000000416837,/home/felix/fiftyone/coco-2017/validation/data/000000416837.jpg,validation,locked_confirmation,000000416837,1,0.03265881147540984,0.0,1,False,all_validation
coco-rem,000000416885,/home/felix/fiftyone/coco-2017/validation/data/000000416885.jpg,validation,locked_confirmation,000000416885,11,0.04106666666666667,0.9090909090909091,8,False,all_validation
coco-rem,000000416991,/home/felix/fiftyone/coco-2017/validation/data/000000416991.jpg,validation,locked_confirmation,000000416991,38,0.002450607902735562,0.2631578947368421,4,True,all_validation
coco-rem,000000417043,/home/felix/fiftyone/coco-2017/validation/data/000000417043.jpg,validation,locked_confirmation,000000417043,1,0.19938151041666666,0.0,1,False,all_validation
coco-rem,000000417085,/home/felix/fiftyone/coco-2017/validation/data/000000417085.jpg,validation,locked_confirmation,000000417085,2,0.061510416666666665,0.0,1,False,all_validation
coco-rem,000000417249,/home/felix/fiftyone/coco-2017/validation/data/000000417249.jpg,validation,locked_confirmation,000000417249,11,0.012545572916666666,0.7272727272727273,3,False,all_validation
coco-rem,000000417285,/home/felix/fiftyone/coco-2017/validation/data/000000417285.jpg,validation,locked_confirmation,000000417285,6,0.06649658203125,0.0,5,False,all_validation
coco-rem,000000417465,/home/felix/fiftyone/coco-2017/validation/data/000000417465.jpg,validation,locked_confirmation,000000417465,1,0.7189411764705882,0.0,1,False,all_validation
coco-rem,000000417608,/home/felix/fiftyone/coco-2017/validation/data/000000417608.jpg,validation,locked_confirmation,000000417608,10,0.02245818661971831,0.0,4,False,all_validation
coco-rem,000000417632,/home/felix/fiftyone/coco-2017/validation/data/000000417632.jpg,validation,locked_confirmation,000000417632,19,0.015397135416666667,1.0,7,False,all_validation
coco-rem,000000417779,/home/felix/fiftyone/coco-2017/validation/data/000000417779.jpg,validation,locked_confirmation,000000417779,6,0.0025748697916666667,0.3333333333333333,4,False,all_validation
coco-rem,000000417876,/home/felix/fiftyone/coco-2017/validation/data/000000417876.jpg,validation,locked_confirmation,000000417876,6,0.0024933333333333335,0.0,2,False,all_validation
coco-rem,000000417911,/home/felix/fiftyone/coco-2017/validation/data/000000417911.jpg,validation,locked_confirmation,000000417911,2,0.07906104312354312,0.0,2,False,all_validation
coco-rem,000000418062,/home/felix/fiftyone/coco-2017/validation/data/000000418062.jpg,validation,locked_confirmation,000000418062,5,0.04329625292740047,1.0,2,False,all_validation
coco-rem,000000418281,/home/felix/fiftyone/coco-2017/validation/data/000000418281.jpg,validation,locked_confirmation,000000418281,3,0.011109484777517564,0.6666666666666666,2,False,all_validation
coco-rem,000000418696,/home/felix/fiftyone/coco-2017/validation/data/000000418696.jpg,validation,locked_confirmation,000000418696,9,0.001097775175644028,0.0,3,False,all_validation
coco-rem,000000418959,/home/felix/fiftyone/coco-2017/validation/data/000000418959.jpg,validation,locked_confirmation,000000418959,1,0.014929742388758781,0.0,1,False,all_validation
coco-rem,000000418961,/home/felix/fiftyone/coco-2017/validation/data/000000418961.jpg,validation,locked_confirmation,000000418961,1,0.06339285714285714,0.0,1,False,all_validation
coco-rem,000000419096,/home/felix/fiftyone/coco-2017/validation/data/000000419096.jpg,validation,locked_confirmation,000000419096,1,0.36023003972830964,0.0,1,False,all_validation
coco-rem,000000419098,/home/felix/fiftyone/coco-2017/validation/data/000000419098.jpg,validation,locked_confirmation,000000419098,3,0.5562894855595668,1.0,1,False,all_validation
coco-rem,000000419201,/home/felix/fiftyone/coco-2017/validation/data/000000419201.jpg,validation,locked_confirmation,000000419201,9,0.0011176470588235294,0.0,2,False,all_validation
coco-rem,000000419312,/home/felix/fiftyone/coco-2017/validation/data/000000419312.jpg,validation,locked_confirmation,000000419312,21,0.012021333333333334,1.0,7,False,all_validation
coco-rem,000000419379,/home/felix/fiftyone/coco-2017/validation/data/000000419379.jpg,validation,locked_confirmation,000000419379,5,0.04050790398126464,0.0,2,False,all_validation
coco-rem,000000419408,/home/felix/fiftyone/coco-2017/validation/data/000000419408.jpg,validation,locked_confirmation,000000419408,13,0.005506993006993007,0.38461538461538464,4,False,all_validation
coco-rem,000000419601,/home/felix/fiftyone/coco-2017/validation/data/000000419601.jpg,validation,locked_confirmation,000000419601,7,0.012328267477203647,0.5714285714285714,3,False,all_validation
coco-rem,000000419653,/home/felix/fiftyone/coco-2017/validation/data/000000419653.jpg,validation,locked_confirmation,000000419653,21,0.013177083333333334,0.09523809523809523,9,False,all_validation
coco-rem,000000419882,/home/felix/fiftyone/coco-2017/validation/data/000000419882.jpg,validation,locked_confirmation,000000419882,9,0.0852236319364347,1.0,1,False,all_validation
coco-rem,000000419974,/home/felix/fiftyone/coco-2017/validation/data/000000419974.jpg,validation,locked_confirmation,000000419974,25,0.008568075117370892,0.84,12,False,all_validation
coco-rem,000000420069,/home/felix/fiftyone/coco-2017/validation/data/000000420069.jpg,validation,locked_confirmation,000000420069,16,0.0010462253829321662,0.375,4,False,all_validation
coco-rem,000000420230,/home/felix/fiftyone/coco-2017/validation/data/000000420230.jpg,validation,locked_confirmation,000000420230,1,0.8120023419203747,0.0,1,False,all_validation
coco-rem,000000420281,/home/felix/fiftyone/coco-2017/validation/data/000000420281.jpg,validation,locked_confirmation,000000420281,4,0.0401904296875,1.0,2,False,all_validation
coco-rem,000000420472,/home/felix/fiftyone/coco-2017/validation/data/000000420472.jpg,validation,locked_confirmation,000000420472,2,0.3093310154155496,0.0,1,False,all_validation
coco-rem,000000420840,/home/felix/fiftyone/coco-2017/validation/data/000000420840.jpg,validation,locked_confirmation,000000420840,6,0.07608158903301887,0.6666666666666666,4,False,all_validation
coco-rem,000000420916,/home/felix/fiftyone/coco-2017/validation/data/000000420916.jpg,validation,locked_confirmation,000000420916,5,0.05267578125,0.6,3,False,all_validation
coco-rem,000000421060,/home/felix/fiftyone/coco-2017/validation/data/000000421060.jpg,validation,locked_confirmation,000000421060,15,0.0004784688995215311,0.4,2,True,all_validation
coco-rem,000000421455,/home/felix/fiftyone/coco-2017/validation/data/000000421455.jpg,validation,locked_confirmation,000000421455,5,0.18517333333333333,0.8,5,False,all_validation
coco-rem,000000421757,/home/felix/fiftyone/coco-2017/validation/data/000000421757.jpg,validation,locked_confirmation,000000421757,3,0.064375,0.6666666666666666,2,False,all_validation
coco-rem,000000421834,/home/felix/fiftyone/coco-2017/validation/data/000000421834.jpg,validation,locked_confirmation,000000421834,1,0.13708971553610502,0.0,1,False,all_validation
coco-rem,000000421923,/home/felix/fiftyone/coco-2017/validation/data/000000421923.jpg,validation,locked_confirmation,000000421923,23,0.0073173415492957744,0.6521739130434783,4,False,all_validation
coco-rem,000000422670,/home/felix/fiftyone/coco-2017/validation/data/000000422670.jpg,validation,locked_confirmation,000000422670,5,0.11462602459016394,0.8,3,False,all_validation
coco-rem,000000422706,/home/felix/fiftyone/coco-2017/validation/data/000000422706.jpg,validation,locked_confirmation,000000422706,8,0.07280079039812647,1.0,3,False,all_validation
coco-rem,000000422836,/home/felix/fiftyone/coco-2017/validation/data/000000422836.jpg,validation,locked_confirmation,000000422836,22,0.0023502604166666667,0.8181818181818182,5,False,all_validation
coco-rem,000000422886,/home/felix/fiftyone/coco-2017/validation/data/000000422886.jpg,validation,locked_confirmation,000000422886,3,0.1575732421875,1.0,3,False,all_validation
coco-rem,000000422998,/home/felix/fiftyone/coco-2017/validation/data/000000422998.jpg,validation,locked_confirmation,000000422998,5,0.06336358313817331,0.8,4,False,all_validation
coco-rem,000000423104,/home/felix/fiftyone/coco-2017/validation/data/000000423104.jpg,validation,locked_confirmation,000000423104,2,0.030611460772833724,0.0,2,False,all_validation
coco-rem,000000423123,/home/felix/fiftyone/coco-2017/validation/data/000000423123.jpg,validation,locked_confirmation,000000423123,7,0.23975572183098592,0.7142857142857143,4,False,all_validation
coco-rem,000000423229,/home/felix/fiftyone/coco-2017/validation/data/000000423229.jpg,validation,locked_confirmation,000000423229,12,0.0012522163120567377,0.9166666666666666,3,False,all_validation
coco-rem,000000423506,/home/felix/fiftyone/coco-2017/validation/data/000000423506.jpg,validation,locked_confirmation,000000423506,5,0.09024,0.6,3,False,all_validation
coco-rem,000000423519,/home/felix/fiftyone/coco-2017/validation/data/000000423519.jpg,validation,locked_confirmation,000000423519,1,0.45021739130434785,0.0,1,False,all_validation
coco-rem,000000423617,/home/felix/fiftyone/coco-2017/validation/data/000000423617.jpg,validation,locked_confirmation,000000423617,12,0.0038346354166666667,0.8333333333333334,4,False,all_validation
coco-rem,000000423798,/home/felix/fiftyone/coco-2017/validation/data/000000423798.jpg,validation,locked_confirmation,000000423798,7,0.000546875,0.2857142857142857,1,False,all_validation
coco-rem,000000423944,/home/felix/fiftyone/coco-2017/validation/data/000000423944.jpg,validation,locked_confirmation,000000423944,1,0.004248046875,0.0,1,False,all_validation
coco-rem,000000423971,/home/felix/fiftyone/coco-2017/validation/data/000000423971.jpg,validation,locked_confirmation,000000423971,1,0.26188235294117646,0.0,1,False,all_validation
coco-rem,000000424135,/home/felix/fiftyone/coco-2017/validation/data/000000424135.jpg,validation,locked_confirmation,000000424135,3,0.027272135416666666,1.0,2,False,all_validation
coco-rem,000000424162,/home/felix/fiftyone/coco-2017/validation/data/000000424162.jpg,validation,locked_confirmation,000000424162,13,0.0476715087890625,0.6923076923076923,6,False,all_validation
coco-rem,000000424349,/home/felix/fiftyone/coco-2017/validation/data/000000424349.jpg,validation,locked_confirmation,000000424349,6,0.10191094483568075,0.5,3,False,all_validation
coco-rem,000000424521,/home/felix/fiftyone/coco-2017/validation/data/000000424521.jpg,validation,locked_confirmation,000000424521,2,0.08606369426751592,1.0,2,False,all_validation
coco-rem,000000424545,/home/felix/fiftyone/coco-2017/validation/data/000000424545.jpg,validation,locked_confirmation,000000424545,1,0.46869333333333335,0.0,1,False,all_validation
coco-rem,000000424551,/home/felix/fiftyone/coco-2017/validation/data/000000424551.jpg,validation,locked_confirmation,000000424551,4,0.03891764322916667,0.75,2,False,all_validation
coco-rem,000000424642,/home/felix/fiftyone/coco-2017/validation/data/000000424642.jpg,validation,locked_confirmation,000000424642,7,0.00184,0.5714285714285714,3,False,all_validation
coco-rem,000000424721,/home/felix/fiftyone/coco-2017/validation/data/000000424721.jpg,validation,locked_confirmation,000000424721,13,0.03213866666666667,0.6923076923076923,3,False,all_validation
coco-rem,000000424776,/home/felix/fiftyone/coco-2017/validation/data/000000424776.jpg,validation,locked_confirmation,000000424776,1,0.520143779342723,0.0,1,False,all_validation
coco-rem,000000424975,/home/felix/fiftyone/coco-2017/validation/data/000000424975.jpg,validation,locked_confirmation,000000424975,4,0.005782877604166667,0.0,3,False,all_validation
coco-rem,000000425221,/home/felix/fiftyone/coco-2017/validation/data/000000425221.jpg,validation,locked_confirmation,000000425221,22,0.0101171875,0.7272727272727273,6,False,all_validation
coco-rem,000000425226,/home/felix/fiftyone/coco-2017/validation/data/000000425226.jpg,validation,locked_confirmation,000000425226,13,0.0034505208333333332,0.5384615384615384,7,False,all_validation
coco-rem,000000425227,/home/felix/fiftyone/coco-2017/validation/data/000000425227.jpg,validation,locked_confirmation,000000425227,6,0.0013361565420560747,0.3333333333333333,3,False,all_validation
coco-rem,000000425361,/home/felix/fiftyone/coco-2017/validation/data/000000425361.jpg,validation,locked_confirmation,000000425361,10,0.015456339103869654,0.5,10,False,all_validation
coco-rem,000000425390,/home/felix/fiftyone/coco-2017/validation/data/000000425390.jpg,validation,locked_confirmation,000000425390,2,0.7099946666666667,1.0,2,False,all_validation
coco-rem,000000425702,/home/felix/fiftyone/coco-2017/validation/data/000000425702.jpg,validation,locked_confirmation,000000425702,2,0.03616000791139241,0.0,2,False,all_validation
coco-rem,000000425906,/home/felix/fiftyone/coco-2017/validation/data/000000425906.jpg,validation,locked_confirmation,000000425906,14,0.007933990280777539,0.2857142857142857,2,False,all_validation
coco-rem,000000425925,/home/felix/fiftyone/coco-2017/validation/data/000000425925.jpg,validation,locked_confirmation,000000425925,12,0.0026241987179487177,0.16666666666666666,4,False,all_validation
coco-rem,000000426166,/home/felix/fiftyone/coco-2017/validation/data/000000426166.jpg,validation,locked_confirmation,000000426166,1,0.10787951807228915,0.0,1,False,all_validation
coco-rem,000000426203,/home/felix/fiftyone/coco-2017/validation/data/000000426203.jpg,validation,locked_confirmation,000000426203,10,0.004991930751173709,0.9,5,False,all_validation
coco-rem,000000426241,/home/felix/fiftyone/coco-2017/validation/data/000000426241.jpg,validation,locked_confirmation,000000426241,8,0.021314666666666666,0.25,6,False,all_validation
coco-rem,000000426253,/home/felix/fiftyone/coco-2017/validation/data/000000426253.jpg,validation,locked_confirmation,000000426253,2,0.3103337236533958,0.0,2,False,all_validation
coco-rem,000000426268,/home/felix/fiftyone/coco-2017/validation/data/000000426268.jpg,validation,locked_confirmation,000000426268,4,0.005386416861826698,0.5,3,False,all_validation
coco-rem,000000426297,/home/felix/fiftyone/coco-2017/validation/data/000000426297.jpg,validation,locked_confirmation,000000426297,1,0.7608639705882353,0.0,1,False,all_validation
coco-rem,000000426329,/home/felix/fiftyone/coco-2017/validation/data/000000426329.jpg,validation,locked_confirmation,000000426329,33,0.014285192757009346,0.18181818181818182,2,False,all_validation
coco-rem,000000426372,/home/felix/fiftyone/coco-2017/validation/data/000000426372.jpg,validation,locked_confirmation,000000426372,5,0.042652224824355975,0.8,3,False,all_validation
coco-rem,000000426376,/home/felix/fiftyone/coco-2017/validation/data/000000426376.jpg,validation,locked_confirmation,000000426376,2,0.023313704496788008,0.0,2,False,all_validation
coco-rem,000000426795,/home/felix/fiftyone/coco-2017/validation/data/000000426795.jpg,validation,locked_confirmation,000000426795,2,0.3540234375,0.0,2,False,all_validation
coco-rem,000000426836,/home/felix/fiftyone/coco-2017/validation/data/000000426836.jpg,validation,locked_confirmation,000000426836,2,0.004693603515625,0.0,2,False,all_validation
coco-rem,000000427034,/home/felix/fiftyone/coco-2017/validation/data/000000427034.jpg,validation,locked_confirmation,000000427034,7,0.0074674479166666665,0.5714285714285714,4,False,all_validation
coco-rem,000000427055,/home/felix/fiftyone/coco-2017/validation/data/000000427055.jpg,validation,locked_confirmation,000000427055,9,0.00068359375,0.0,3,False,all_validation
coco-rem,000000427077,/home/felix/fiftyone/coco-2017/validation/data/000000427077.jpg,validation,locked_confirmation,000000427077,2,0.16024418604651164,1.0,2,False,all_validation
coco-rem,000000427160,/home/felix/fiftyone/coco-2017/validation/data/000000427160.jpg,validation,locked_confirmation,000000427160,6,0.039410400390625,0.8333333333333334,3,False,all_validation
coco-rem,000000427256,/home/felix/fiftyone/coco-2017/validation/data/000000427256.jpg,validation,locked_confirmation,000000427256,15,0.0224212646484375,0.6,3,True,all_validation
coco-rem,000000427338,/home/felix/fiftyone/coco-2017/validation/data/000000427338.jpg,validation,locked_confirmation,000000427338,4,0.004673690025252525,1.0,2,False,all_validation
coco-rem,000000427500,/home/felix/fiftyone/coco-2017/validation/data/000000427500.jpg,validation,locked_confirmation,000000427500,2,0.05274532710280374,0.0,2,False,all_validation
coco-rem,000000427649,/home/felix/fiftyone/coco-2017/validation/data/000000427649.jpg,validation,locked_confirmation,000000427649,1,0.015172526041666667,0.0,1,False,all_validation
coco-rem,000000427655,/home/felix/fiftyone/coco-2017/validation/data/000000427655.jpg,validation,locked_confirmation,000000427655,15,0.00429961943793911,0.8,5,False,all_validation
coco-rem,000000427997,/home/felix/fiftyone/coco-2017/validation/data/000000427997.jpg,validation,locked_confirmation,000000427997,17,0.0017340829439252336,0.11764705882352941,3,True,all_validation
coco-rem,000000428111,/home/felix/fiftyone/coco-2017/validation/data/000000428111.jpg,validation,locked_confirmation,000000428111,7,0.0021416083916083917,0.5714285714285714,4,False,all_validation
coco-rem,000000428218,/home/felix/fiftyone/coco-2017/validation/data/000000428218.jpg,validation,locked_confirmation,000000428218,3,0.01265625,0.0,2,False,all_validation
coco-rem,000000428280,/home/felix/fiftyone/coco-2017/validation/data/000000428280.jpg,validation,locked_confirmation,000000428280,7,0.015855855855855857,0.5714285714285714,4,False,all_validation
coco-rem,000000428454,/home/felix/fiftyone/coco-2017/validation/data/000000428454.jpg,validation,locked_confirmation,000000428454,5,0.021141141141141143,0.8,4,False,all_validation
coco-rem,000000428562,/home/felix/fiftyone/coco-2017/validation/data/000000428562.jpg,validation,locked_confirmation,000000428562,15,0.017708333333333333,0.7333333333333333,3,False,all_validation
coco-rem,000000428867,/home/felix/fiftyone/coco-2017/validation/data/000000428867.jpg,validation,locked_confirmation,000000428867,10,0.022111111111111113,0.4,3,False,all_validation
coco-rem,000000429011,/home/felix/fiftyone/coco-2017/validation/data/000000429011.jpg,validation,locked_confirmation,000000429011,4,0.0431259110787172,0.0,4,False,all_validation
coco-rem,000000429109,/home/felix/fiftyone/coco-2017/validation/data/000000429109.jpg,validation,locked_confirmation,000000429109,11,0.00431059718969555,0.6363636363636364,5,False,all_validation
coco-rem,000000429281,/home/felix/fiftyone/coco-2017/validation/data/000000429281.jpg,validation,locked_confirmation,000000429281,79,0.00751953125,0.6962025316455697,3,True,all_validation
coco-rem,000000429530,/home/felix/fiftyone/coco-2017/validation/data/000000429530.jpg,validation,locked_confirmation,000000429530,5,0.18128268828451882,0.4,1,False,all_validation
coco-rem,000000429598,/home/felix/fiftyone/coco-2017/validation/data/000000429598.jpg,validation,locked_confirmation,000000429598,5,0.03234375,0.4,4,False,all_validation
coco-rem,000000429623,/home/felix/fiftyone/coco-2017/validation/data/000000429623.jpg,validation,locked_confirmation,000000429623,4,0.2875520833333333,0.75,4,False,all_validation
coco-rem,000000429690,/home/felix/fiftyone/coco-2017/validation/data/000000429690.jpg,validation,locked_confirmation,000000429690,14,0.018503000585480094,0.5714285714285714,4,False,all_validation
coco-rem,000000429718,/home/felix/fiftyone/coco-2017/validation/data/000000429718.jpg,validation,locked_confirmation,000000429718,2,0.0481298828125,1.0,2,False,all_validation
coco-rem,000000429761,/home/felix/fiftyone/coco-2017/validation/data/000000429761.jpg,validation,locked_confirmation,000000429761,4,0.06248904789719626,1.0,2,False,all_validation
coco-rem,000000430048,/home/felix/fiftyone/coco-2017/validation/data/000000430048.jpg,validation,locked_confirmation,000000430048,2,0.012376,0.0,2,False,all_validation
coco-rem,000000430056,/home/felix/fiftyone/coco-2017/validation/data/000000430056.jpg,validation,locked_confirmation,000000430056,3,0.14632,0.0,2,False,all_validation
coco-rem,000000430073,/home/felix/fiftyone/coco-2017/validation/data/000000430073.jpg,validation,locked_confirmation,000000430073,27,0.005240885416666666,0.5555555555555556,7,True,all_validation
coco-rem,000000430286,/home/felix/fiftyone/coco-2017/validation/data/000000430286.jpg,validation,locked_confirmation,000000430286,4,0.04756871035940803,1.0,2,False,all_validation
coco-rem,000000430377,/home/felix/fiftyone/coco-2017/validation/data/000000430377.jpg,validation,locked_confirmation,000000430377,6,0.013624715261958997,0.3333333333333333,2,False,all_validation
coco-rem,000000430871,/home/felix/fiftyone/coco-2017/validation/data/000000430871.jpg,validation,locked_confirmation,000000430871,2,0.09940493574766356,0.0,2,False,all_validation
coco-rem,000000430875,/home/felix/fiftyone/coco-2017/validation/data/000000430875.jpg,validation,locked_confirmation,000000430875,3,0.016464,0.0,1,False,all_validation
coco-rem,000000430961,/home/felix/fiftyone/coco-2017/validation/data/000000430961.jpg,validation,locked_confirmation,000000430961,4,0.01581330546847788,1.0,3,False,all_validation
coco-rem,000000430973,/home/felix/fiftyone/coco-2017/validation/data/000000430973.jpg,validation,locked_confirmation,000000430973,1,0.6516997907949791,0.0,1,False,all_validation
coco-rem,000000431140,/home/felix/fiftyone/coco-2017/validation/data/000000431140.jpg,validation,locked_confirmation,000000431140,2,0.3219498697916667,0.0,2,False,all_validation
coco-rem,000000431545,/home/felix/fiftyone/coco-2017/validation/data/000000431545.jpg,validation,locked_confirmation,000000431545,4,0.014317365269461077,0.75,2,False,all_validation
coco-rem,000000431568,/home/felix/fiftyone/coco-2017/validation/data/000000431568.jpg,validation,locked_confirmation,000000431568,3,0.9741784037558685,1.0,2,False,all_validation
coco-rem,000000431693,/home/felix/fiftyone/coco-2017/validation/data/000000431693.jpg,validation,locked_confirmation,000000431693,5,0.005314700704225352,0.0,3,False,all_validation
coco-rem,000000431727,/home/felix/fiftyone/coco-2017/validation/data/000000431727.jpg,validation,locked_confirmation,000000431727,2,0.10249743852459016,0.0,1,False,all_validation
coco-rem,000000431848,/home/felix/fiftyone/coco-2017/validation/data/000000431848.jpg,validation,locked_confirmation,000000431848,3,0.08101438492063492,1.0,2,False,all_validation
coco-rem,000000431876,/home/felix/fiftyone/coco-2017/validation/data/000000431876.jpg,validation,locked_confirmation,000000431876,14,0.008558823529411765,0.5714285714285714,5,False,all_validation
coco-rem,000000431896,/home/felix/fiftyone/coco-2017/validation/data/000000431896.jpg,validation,locked_confirmation,000000431896,1,0.5898364485981309,0.0,1,False,all_validation
coco-rem,000000432085,/home/felix/fiftyone/coco-2017/validation/data/000000432085.jpg,validation,locked_confirmation,000000432085,5,0.02757333333333333,0.4,4,False,all_validation
coco-rem,000000432468,/home/felix/fiftyone/coco-2017/validation/data/000000432468.jpg,validation,locked_confirmation,000000432468,2,0.46189988290398126,0.0,2,False,all_validation
coco-rem,000000432553,/home/felix/fiftyone/coco-2017/validation/data/000000432553.jpg,validation,locked_confirmation,000000432553,5,0.18018881733021078,0.8,4,False,all_validation
coco-rem,000000432898,/home/felix/fiftyone/coco-2017/validation/data/000000432898.jpg,validation,locked_confirmation,000000432898,41,0.000432,0.4146341463414634,4,True,all_validation
coco-rem,000000433103,/home/felix/fiftyone/coco-2017/validation/data/000000433103.jpg,validation,locked_confirmation,000000433103,21,0.03738235294117647,0.9523809523809523,4,False,all_validation
coco-rem,000000433134,/home/felix/fiftyone/coco-2017/validation/data/000000433134.jpg,validation,locked_confirmation,000000433134,1,0.6209505208333334,0.0,1,False,all_validation
coco-rem,000000433192,/home/felix/fiftyone/coco-2017/validation/data/000000433192.jpg,validation,locked_confirmation,000000433192,4,0.028949333333333334,1.0,4,False,all_validation
coco-rem,000000433204,/home/felix/fiftyone/coco-2017/validation/data/000000433204.jpg,validation,locked_confirmation,000000433204,8,0.0026497395833333334,0.375,3,False,all_validation
coco-rem,000000433243,/home/felix/fiftyone/coco-2017/validation/data/000000433243.jpg,validation,locked_confirmation,000000433243,2,0.32734743514150944,1.0,2,False,all_validation
coco-rem,000000433374,/home/felix/fiftyone/coco-2017/validation/data/000000433374.jpg,validation,locked_confirmation,000000433374,7,0.030410338785046728,0.42857142857142855,1,False,all_validation
coco-rem,000000433515,/home/felix/fiftyone/coco-2017/validation/data/000000433515.jpg,validation,locked_confirmation,000000433515,26,0.000615234375,0.0,3,True,all_validation
coco-rem,000000433774,/home/felix/fiftyone/coco-2017/validation/data/000000433774.jpg,validation,locked_confirmation,000000433774,7,0.0005269320843091335,0.0,3,False,all_validation
coco-rem,000000433915,/home/felix/fiftyone/coco-2017/validation/data/000000433915.jpg,validation,locked_confirmation,000000433915,4,0.29870768229166667,1.0,3,False,all_validation
coco-rem,000000433980,/home/felix/fiftyone/coco-2017/validation/data/000000433980.jpg,validation,locked_confirmation,000000433980,2,0.46556,1.0,2,False,all_validation
coco-rem,000000434204,/home/felix/fiftyone/coco-2017/validation/data/000000434204.jpg,validation,locked_confirmation,000000434204,9,0.012732732732732732,0.3333333333333333,4,False,all_validation
coco-rem,000000434230,/home/felix/fiftyone/coco-2017/validation/data/000000434230.jpg,validation,locked_confirmation,000000434230,49,0.007527156549520767,0.24489795918367346,3,False,all_validation
coco-rem,000000434247,/home/felix/fiftyone/coco-2017/validation/data/000000434247.jpg,validation,locked_confirmation,000000434247,26,0.0005300181535269709,0.46153846153846156,3,True,all_validation
coco-rem,000000434297,/home/felix/fiftyone/coco-2017/validation/data/000000434297.jpg,validation,locked_confirmation,000000434297,7,0.018125,0.7142857142857143,3,False,all_validation
coco-rem,000000434459,/home/felix/fiftyone/coco-2017/validation/data/000000434459.jpg,validation,locked_confirmation,000000434459,33,0.0044173960612691465,0.9090909090909091,5,True,all_validation
coco-rem,000000434479,/home/felix/fiftyone/coco-2017/validation/data/000000434479.jpg,validation,locked_confirmation,000000434479,4,0.25849105046948356,0.75,3,False,all_validation
coco-rem,000000434548,/home/felix/fiftyone/coco-2017/validation/data/000000434548.jpg,validation,locked_confirmation,000000434548,3,0.00669921875,1.0,3,False,all_validation
coco-rem,000000434996,/home/felix/fiftyone/coco-2017/validation/data/000000434996.jpg,validation,locked_confirmation,000000434996,5,0.0976,1.0,3,False,all_validation
coco-rem,000000435003,/home/felix/fiftyone/coco-2017/validation/data/000000435003.jpg,validation,locked_confirmation,000000435003,7,0.03473360655737705,0.7142857142857143,5,False,all_validation
coco-rem,000000435081,/home/felix/fiftyone/coco-2017/validation/data/000000435081.jpg,validation,locked_confirmation,000000435081,70,0.003336,0.5571428571428572,13,True,all_validation
coco-rem,000000435205,/home/felix/fiftyone/coco-2017/validation/data/000000435205.jpg,validation,locked_confirmation,000000435205,2,0.42865165165165164,0.0,2,False,all_validation
coco-rem,000000435206,/home/felix/fiftyone/coco-2017/validation/data/000000435206.jpg,validation,locked_confirmation,000000435206,17,0.0008343091334894613,0.11764705882352941,4,False,all_validation
coco-rem,000000435208,/home/felix/fiftyone/coco-2017/validation/data/000000435208.jpg,validation,locked_confirmation,000000435208,12,0.008151041666666666,0.16666666666666666,10,False,all_validation
coco-rem,000000435299,/home/felix/fiftyone/coco-2017/validation/data/000000435299.jpg,validation,locked_confirmation,000000435299,2,0.4516243489583333,1.0,2,False,all_validation
coco-rem,000000435880,/home/felix/fiftyone/coco-2017/validation/data/000000435880.jpg,validation,locked_confirmation,000000435880,11,0.002578125,0.18181818181818182,6,False,all_validation
coco-rem,000000436315,/home/felix/fiftyone/coco-2017/validation/data/000000436315.jpg,validation,locked_confirmation,000000436315,1,0.4403667625523013,0.0,1,False,all_validation
coco-rem,000000436551,/home/felix/fiftyone/coco-2017/validation/data/000000436551.jpg,validation,locked_confirmation,000000436551,2,0.3498822773972603,0.0,1,False,all_validation
coco-rem,000000436617,/home/felix/fiftyone/coco-2017/validation/data/000000436617.jpg,validation,locked_confirmation,000000436617,33,0.00817279411764706,0.8484848484848485,7,False,all_validation
coco-rem,000000436738,/home/felix/fiftyone/coco-2017/validation/data/000000436738.jpg,validation,locked_confirmation,000000436738,11,0.007345679012345679,0.5454545454545454,6,False,all_validation
coco-rem,000000436883,/home/felix/fiftyone/coco-2017/validation/data/000000436883.jpg,validation,locked_confirmation,000000436883,12,0.003702122921615202,0.75,4,False,all_validation
coco-rem,000000437110,/home/felix/fiftyone/coco-2017/validation/data/000000437110.jpg,validation,locked_confirmation,000000437110,1,0.0012369791666666666,0.0,1,False,all_validation
coco-rem,000000437205,/home/felix/fiftyone/coco-2017/validation/data/000000437205.jpg,validation,locked_confirmation,000000437205,3,0.9147927545691906,1.0,3,False,all_validation
coco-rem,000000437239,/home/felix/fiftyone/coco-2017/validation/data/000000437239.jpg,validation,locked_confirmation,000000437239,15,0.003411764705882353,0.8,5,False,all_validation
coco-rem,000000437331,/home/felix/fiftyone/coco-2017/validation/data/000000437331.jpg,validation,locked_confirmation,000000437331,2,0.041099591121495326,1.0,2,False,all_validation
coco-rem,000000437351,/home/felix/fiftyone/coco-2017/validation/data/000000437351.jpg,validation,locked_confirmation,000000437351,5,0.12707268170426064,0.4,2,False,all_validation
coco-rem,000000437392,/home/felix/fiftyone/coco-2017/validation/data/000000437392.jpg,validation,locked_confirmation,000000437392,1,0.42775390625,0.0,1,False,all_validation
coco-rem,000000437514,/home/felix/fiftyone/coco-2017/validation/data/000000437514.jpg,validation,locked_confirmation,000000437514,3,0.35401303956834534,0.0,3,False,all_validation
coco-rem,000000437898,/home/felix/fiftyone/coco-2017/validation/data/000000437898.jpg,validation,locked_confirmation,000000437898,13,0.0012295081967213116,0.46153846153846156,6,False,all_validation
coco-rem,000000438017,/home/felix/fiftyone/coco-2017/validation/data/000000438017.jpg,validation,locked_confirmation,000000438017,8,0.0017610677083333332,0.0,2,False,all_validation
coco-rem,000000438226,/home/felix/fiftyone/coco-2017/validation/data/000000438226.jpg,validation,locked_confirmation,000000438226,6,0.08532001718213059,1.0,5,False,all_validation
coco-rem,000000438269,/home/felix/fiftyone/coco-2017/validation/data/000000438269.jpg,validation,locked_confirmation,000000438269,1,0.22165646853146853,0.0,1,False,all_validation
coco-rem,000000438304,/home/felix/fiftyone/coco-2017/validation/data/000000438304.jpg,validation,locked_confirmation,000000438304,5,0.05299703663793103,1.0,3,False,all_validation
coco-rem,000000438774,/home/felix/fiftyone/coco-2017/validation/data/000000438774.jpg,validation,locked_confirmation,000000438774,17,0.008220588235294118,0.5882352941176471,10,False,all_validation
coco-rem,000000438862,/home/felix/fiftyone/coco-2017/validation/data/000000438862.jpg,validation,locked_confirmation,000000438862,10,0.009572599531615924,0.9,3,False,all_validation
coco-rem,000000438876,/home/felix/fiftyone/coco-2017/validation/data/000000438876.jpg,validation,locked_confirmation,000000438876,3,0.023873873873873873,0.0,3,False,all_validation
coco-rem,000000438907,/home/felix/fiftyone/coco-2017/validation/data/000000438907.jpg,validation,locked_confirmation,000000438907,4,0.05546875,1.0,2,False,all_validation
coco-rem,000000438955,/home/felix/fiftyone/coco-2017/validation/data/000000438955.jpg,validation,locked_confirmation,000000438955,23,0.004362623762376238,0.6086956521739131,2,True,all_validation
coco-rem,000000439180,/home/felix/fiftyone/coco-2017/validation/data/000000439180.jpg,validation,locked_confirmation,000000439180,28,0.015392795138888889,0.42857142857142855,3,True,all_validation
coco-rem,000000439290,/home/felix/fiftyone/coco-2017/validation/data/000000439290.jpg,validation,locked_confirmation,000000439290,8,0.002082113583138173,0.25,1,False,all_validation
coco-rem,000000439426,/home/felix/fiftyone/coco-2017/validation/data/000000439426.jpg,validation,locked_confirmation,000000439426,4,0.12287760416666667,0.0,2,False,all_validation
coco-rem,000000439522,/home/felix/fiftyone/coco-2017/validation/data/000000439522.jpg,validation,locked_confirmation,000000439522,1,0.7962981892523364,0.0,1,False,all_validation
coco-rem,000000439525,/home/felix/fiftyone/coco-2017/validation/data/000000439525.jpg,validation,locked_confirmation,000000439525,7,0.016049254966887416,0.7142857142857143,5,False,all_validation
coco-rem,000000439593,/home/felix/fiftyone/coco-2017/validation/data/000000439593.jpg,validation,locked_confirmation,000000439593,10,0.0031380208333333334,0.6,3,False,all_validation
coco-rem,000000439623,/home/felix/fiftyone/coco-2017/validation/data/000000439623.jpg,validation,locked_confirmation,000000439623,7,0.003154296875,0.8571428571428571,2,False,all_validation
coco-rem,000000439715,/home/felix/fiftyone/coco-2017/validation/data/000000439715.jpg,validation,locked_confirmation,000000439715,19,0.005084635416666667,0.6842105263157895,3,False,all_validation
coco-rem,000000439773,/home/felix/fiftyone/coco-2017/validation/data/000000439773.jpg,validation,locked_confirmation,000000439773,3,0.10944010416666666,0.0,3,False,all_validation
coco-rem,000000439854,/home/felix/fiftyone/coco-2017/validation/data/000000439854.jpg,validation,locked_confirmation,000000439854,15,0.0045045045045045045,0.4,4,False,all_validation
coco-rem,000000439994,/home/felix/fiftyone/coco-2017/validation/data/000000439994.jpg,validation,locked_confirmation,000000439994,23,0.0031323014018691587,0.9565217391304348,4,True,all_validation
coco-rem,000000440171,/home/felix/fiftyone/coco-2017/validation/data/000000440171.jpg,validation,locked_confirmation,000000440171,3,0.08532542579075426,0.6666666666666666,2,False,all_validation
coco-rem,000000440184,/home/felix/fiftyone/coco-2017/validation/data/000000440184.jpg,validation,locked_confirmation,000000440184,14,0.0014393382352941176,0.6428571428571429,5,False,all_validation
coco-rem,000000440336,/home/felix/fiftyone/coco-2017/validation/data/000000440336.jpg,validation,locked_confirmation,000000440336,7,0.034388059701492536,0.5714285714285714,2,False,all_validation
coco-rem,000000440475,/home/felix/fiftyone/coco-2017/validation/data/000000440475.jpg,validation,locked_confirmation,000000440475,30,0.0068043764637002345,0.26666666666666666,9,False,all_validation
coco-rem,000000440507,/home/felix/fiftyone/coco-2017/validation/data/000000440507.jpg,validation,locked_confirmation,000000440507,3,0.04106666666666667,0.6666666666666666,2,False,all_validation
coco-rem,000000440508,/home/felix/fiftyone/coco-2017/validation/data/000000440508.jpg,validation,locked_confirmation,000000440508,1,0.27110849056603775,0.0,1,False,all_validation
coco-rem,000000440617,/home/felix/fiftyone/coco-2017/validation/data/000000440617.jpg,validation,locked_confirmation,000000440617,3,0.006266276041666667,0.6666666666666666,2,False,all_validation
coco-rem,000000441247,/home/felix/fiftyone/coco-2017/validation/data/000000441247.jpg,validation,locked_confirmation,000000441247,21,0.00859375,0.2857142857142857,14,False,all_validation
coco-rem,000000441286,/home/felix/fiftyone/coco-2017/validation/data/000000441286.jpg,validation,locked_confirmation,000000441286,2,0.0294434584178499,0.0,2,False,all_validation
coco-rem,000000441442,/home/felix/fiftyone/coco-2017/validation/data/000000441442.jpg,validation,locked_confirmation,000000441442,4,0.024110416666666665,0.5,3,False,all_validation
coco-rem,000000441468,/home/felix/fiftyone/coco-2017/validation/data/000000441468.jpg,validation,locked_confirmation,000000441468,11,0.0006675469483568076,0.0,3,False,all_validation
coco-rem,000000441491,/home/felix/fiftyone/coco-2017/validation/data/000000441491.jpg,validation,locked_confirmation,000000441491,5,0.130625,0.8,3,False,all_validation
coco-rem,000000441543,/home/felix/fiftyone/coco-2017/validation/data/000000441543.jpg,validation,locked_confirmation,000000441543,16,0.025191919975186106,0.6875,4,False,all_validation
coco-rem,000000441553,/home/felix/fiftyone/coco-2017/validation/data/000000441553.jpg,validation,locked_confirmation,000000441553,17,0.015296223958333334,0.47058823529411764,4,True,all_validation
coco-rem,000000441586,/home/felix/fiftyone/coco-2017/validation/data/000000441586.jpg,validation,locked_confirmation,000000441586,11,0.011117647058823529,0.2727272727272727,4,False,all_validation
coco-rem,000000442009,/home/felix/fiftyone/coco-2017/validation/data/000000442009.jpg,validation,locked_confirmation,000000442009,4,0.002184628237259816,0.0,3,False,all_validation
coco-rem,000000442161,/home/felix/fiftyone/coco-2017/validation/data/000000442161.jpg,validation,locked_confirmation,000000442161,8,0.050437333333333334,1.0,3,False,all_validation
coco-rem,000000442306,/home/felix/fiftyone/coco-2017/validation/data/000000442306.jpg,validation,locked_confirmation,000000442306,2,0.219876708984375,0.0,2,False,all_validation
coco-rem,000000442323,/home/felix/fiftyone/coco-2017/validation/data/000000442323.jpg,validation,locked_confirmation,000000442323,5,0.05712890625,0.0,5,False,all_validation
coco-rem,000000442456,/home/felix/fiftyone/coco-2017/validation/data/000000442456.jpg,validation,locked_confirmation,000000442456,8,0.032658883426966295,0.875,5,False,all_validation
coco-rem,000000442463,/home/felix/fiftyone/coco-2017/validation/data/000000442463.jpg,validation,locked_confirmation,000000442463,2,0.07094401041666666,0.0,2,False,all_validation
coco-rem,000000442480,/home/felix/fiftyone/coco-2017/validation/data/000000442480.jpg,validation,locked_confirmation,000000442480,4,0.009415441176470588,1.0,3,False,all_validation
coco-rem,000000442661,/home/felix/fiftyone/coco-2017/validation/data/000000442661.jpg,validation,locked_confirmation,000000442661,1,0.28543294270833336,0.0,1,False,all_validation
coco-rem,000000442746,/home/felix/fiftyone/coco-2017/validation/data/000000442746.jpg,validation,locked_confirmation,000000442746,6,0.00044533333333333333,0.3333333333333333,4,False,all_validation
coco-rem,000000442822,/home/felix/fiftyone/coco-2017/validation/data/000000442822.jpg,validation,locked_confirmation,000000442822,14,0.022169569672131146,0.6428571428571429,1,True,all_validation
coco-rem,000000442836,/home/felix/fiftyone/coco-2017/validation/data/000000442836.jpg,validation,locked_confirmation,000000442836,4,0.09346280087527352,0.5,2,False,all_validation
coco-rem,000000442993,/home/felix/fiftyone/coco-2017/validation/data/000000442993.jpg,validation,locked_confirmation,000000442993,15,0.0013063524590163935,0.0,3,False,all_validation
coco-rem,000000443303,/home/felix/fiftyone/coco-2017/validation/data/000000443303.jpg,validation,locked_confirmation,000000443303,4,0.5745733333333334,0.75,4,False,all_validation
coco-rem,000000443426,/home/felix/fiftyone/coco-2017/validation/data/000000443426.jpg,validation,locked_confirmation,000000443426,3,0.0615234375,1.0,3,False,all_validation
coco-rem,000000443498,/home/felix/fiftyone/coco-2017/validation/data/000000443498.jpg,validation,locked_confirmation,000000443498,1,0.23197567991631798,0.0,1,False,all_validation
coco-rem,000000443844,/home/felix/fiftyone/coco-2017/validation/data/000000443844.jpg,validation,locked_confirmation,000000443844,3,0.06620775058275058,0.6666666666666666,3,False,all_validation
coco-rem,000000443969,/home/felix/fiftyone/coco-2017/validation/data/000000443969.jpg,validation,locked_confirmation,000000443969,7,0.09120423768635995,0.8571428571428571,2,False,all_validation
coco-rem,000000444142,/home/felix/fiftyone/coco-2017/validation/data/000000444142.jpg,validation,locked_confirmation,000000444142,13,0.005038788056206089,0.3076923076923077,3,False,all_validation
coco-rem,000000444275,/home/felix/fiftyone/coco-2017/validation/data/000000444275.jpg,validation,locked_confirmation,000000444275,1,0.034912109375,0.0,1,False,all_validation
coco-rem,000000444879,/home/felix/fiftyone/coco-2017/validation/data/000000444879.jpg,validation,locked_confirmation,000000444879,1,0.1356830636743215,0.0,1,False,all_validation
coco-rem,000000445248,/home/felix/fiftyone/coco-2017/validation/data/000000445248.jpg,validation,locked_confirmation,000000445248,5,0.13631440281030444,1.0,1,False,all_validation
coco-rem,000000445365,/home/felix/fiftyone/coco-2017/validation/data/000000445365.jpg,validation,locked_confirmation,000000445365,2,0.3688597775175644,0.0,1,False,all_validation
coco-rem,000000445439,/home/felix/fiftyone/coco-2017/validation/data/000000445439.jpg,validation,locked_confirmation,000000445439,1,0.7822389705882353,0.0,1,False,all_validation
coco-rem,000000445602,/home/felix/fiftyone/coco-2017/validation/data/000000445602.jpg,validation,locked_confirmation,000000445602,8,0.00036458333333333335,0.25,2,False,all_validation
coco-rem,000000445658,/home/felix/fiftyone/coco-2017/validation/data/000000445658.jpg,validation,locked_confirmation,000000445658,12,0.00312134074941452,0.0,7,False,all_validation
coco-rem,000000445675,/home/felix/fiftyone/coco-2017/validation/data/000000445675.jpg,validation,locked_confirmation,000000445675,1,0.24083984375,0.0,1,False,all_validation
coco-rem,000000445722,/home/felix/fiftyone/coco-2017/validation/data/000000445722.jpg,validation,locked_confirmation,000000445722,6,0.0455440251572327,1.0,4,False,all_validation
coco-rem,000000445792,/home/felix/fiftyone/coco-2017/validation/data/000000445792.jpg,validation,locked_confirmation,000000445792,7,0.03528,0.8571428571428571,5,False,all_validation
coco-rem,000000445834,/home/felix/fiftyone/coco-2017/validation/data/000000445834.jpg,validation,locked_confirmation,000000445834,5,0.04896077283372365,0.8,2,False,all_validation
coco-rem,000000445846,/home/felix/fiftyone/coco-2017/validation/data/000000445846.jpg,validation,locked_confirmation,000000445846,4,0.03324063231850117,0.0,4,False,all_validation
coco-rem,000000445999,/home/felix/fiftyone/coco-2017/validation/data/000000445999.jpg,validation,locked_confirmation,000000445999,2,0.488613899026764,1.0,2,False,all_validation
coco-rem,000000446005,/home/felix/fiftyone/coco-2017/validation/data/000000446005.jpg,validation,locked_confirmation,000000446005,5,0.014054054054054054,0.0,4,False,all_validation
coco-rem,000000446117,/home/felix/fiftyone/coco-2017/validation/data/000000446117.jpg,validation,locked_confirmation,000000446117,2,0.5061766431924882,1.0,2,False,all_validation
coco-rem,000000446206,/home/felix/fiftyone/coco-2017/validation/data/000000446206.jpg,validation,locked_confirmation,000000446206,6,0.0012155032467532467,0.6666666666666666,3,False,all_validation
coco-rem,000000446207,/home/felix/fiftyone/coco-2017/validation/data/000000446207.jpg,validation,locked_confirmation,000000446207,1,0.2326171875,0.0,1,False,all_validation
coco-rem,000000446522,/home/felix/fiftyone/coco-2017/validation/data/000000446522.jpg,validation,locked_confirmation,000000446522,4,0.178564453125,0.5,4,False,all_validation
coco-rem,000000446574,/home/felix/fiftyone/coco-2017/validation/data/000000446574.jpg,validation,locked_confirmation,000000446574,4,0.0035503066588785047,0.0,2,False,all_validation
coco-rem,000000446651,/home/felix/fiftyone/coco-2017/validation/data/000000446651.jpg,validation,locked_confirmation,000000446651,5,0.12210607394366198,0.6,3,False,all_validation
coco-rem,000000446703,/home/felix/fiftyone/coco-2017/validation/data/000000446703.jpg,validation,locked_confirmation,000000446703,1,0.2978978978978979,0.0,1,False,all_validation
coco-rem,000000447088,/home/felix/fiftyone/coco-2017/validation/data/000000447088.jpg,validation,locked_confirmation,000000447088,6,0.11120120120120121,0.6666666666666666,2,False,all_validation
coco-rem,000000447169,/home/felix/fiftyone/coco-2017/validation/data/000000447169.jpg,validation,locked_confirmation,000000447169,5,0.025458984375,0.0,5,False,all_validation
coco-rem,000000447187,/home/felix/fiftyone/coco-2017/validation/data/000000447187.jpg,validation,locked_confirmation,000000447187,7,0.038349609375,0.5714285714285714,4,False,all_validation
coco-rem,000000447200,/home/felix/fiftyone/coco-2017/validation/data/000000447200.jpg,validation,locked_confirmation,000000447200,2,0.25125325520833336,0.0,1,False,all_validation
coco-rem,000000447313,/home/felix/fiftyone/coco-2017/validation/data/000000447313.jpg,validation,locked_confirmation,000000447313,3,0.08537760416666666,0.6666666666666666,1,False,all_validation
coco-rem,000000447314,/home/felix/fiftyone/coco-2017/validation/data/000000447314.jpg,validation,locked_confirmation,000000447314,11,0.00038209606986899563,0.45454545454545453,2,False,all_validation
coco-rem,000000447342,/home/felix/fiftyone/coco-2017/validation/data/000000447342.jpg,validation,locked_confirmation,000000447342,12,0.0019812950721153845,0.16666666666666666,3,False,all_validation
coco-rem,000000447465,/home/felix/fiftyone/coco-2017/validation/data/000000447465.jpg,validation,locked_confirmation,000000447465,5,0.09316314553990611,1.0,3,False,all_validation
coco-rem,000000447522,/home/felix/fiftyone/coco-2017/validation/data/000000447522.jpg,validation,locked_confirmation,000000447522,14,0.010397135416666667,0.35714285714285715,3,False,all_validation
coco-rem,000000447611,/home/felix/fiftyone/coco-2017/validation/data/000000447611.jpg,validation,locked_confirmation,000000447611,6,0.08649700598802396,0.3333333333333333,3,False,all_validation
coco-rem,000000447789,/home/felix/fiftyone/coco-2017/validation/data/000000447789.jpg,validation,locked_confirmation,000000447789,0,,0.0,0,False,all_validation
coco-rem,000000447917,/home/felix/fiftyone/coco-2017/validation/data/000000447917.jpg,validation,locked_confirmation,000000447917,6,0.03641876726519337,0.0,3,False,all_validation
coco-rem,000000448076,/home/felix/fiftyone/coco-2017/validation/data/000000448076.jpg,validation,locked_confirmation,000000448076,18,0.017574869791666666,0.5,7,False,all_validation
coco-rem,000000448256,/home/felix/fiftyone/coco-2017/validation/data/000000448256.jpg,validation,locked_confirmation,000000448256,6,0.1662925469483568,1.0,4,False,all_validation
coco-rem,000000448263,/home/felix/fiftyone/coco-2017/validation/data/000000448263.jpg,validation,locked_confirmation,000000448263,16,0.007135416666666667,0.9375,3,True,all_validation
coco-rem,000000448365,/home/felix/fiftyone/coco-2017/validation/data/000000448365.jpg,validation,locked_confirmation,000000448365,3,0.07513142523364486,0.0,3,False,all_validation
coco-rem,000000448410,/home/felix/fiftyone/coco-2017/validation/data/000000448410.jpg,validation,locked_confirmation,000000448410,20,0.006094465102974829,0.65,4,False,all_validation
coco-rem,000000448448,/home/felix/fiftyone/coco-2017/validation/data/000000448448.jpg,validation,locked_confirmation,000000448448,2,0.5181770833333333,1.0,1,False,all_validation
coco-rem,000000448810,/home/felix/fiftyone/coco-2017/validation/data/000000448810.jpg,validation,locked_confirmation,000000448810,1,0.009173333333333334,0.0,1,False,all_validation
coco-rem,000000449190,/home/felix/fiftyone/coco-2017/validation/data/000000449190.jpg,validation,locked_confirmation,000000449190,4,0.11139885097493037,0.5,3,False,all_validation
coco-rem,000000449198,/home/felix/fiftyone/coco-2017/validation/data/000000449198.jpg,validation,locked_confirmation,000000449198,2,0.0007537537537537538,0.0,2,False,all_validation
coco-rem,000000449312,/home/felix/fiftyone/coco-2017/validation/data/000000449312.jpg,validation,locked_confirmation,000000449312,5,0.012035034602076125,0.4,3,False,all_validation
coco-rem,000000449406,/home/felix/fiftyone/coco-2017/validation/data/000000449406.jpg,validation,locked_confirmation,000000449406,2,0.12001501501501502,0.0,1,False,all_validation
coco-rem,000000449432,/home/felix/fiftyone/coco-2017/validation/data/000000449432.jpg,validation,locked_confirmation,000000449432,20,0.014710187353629977,0.9,6,False,all_validation
coco-rem,000000449579,/home/felix/fiftyone/coco-2017/validation/data/000000449579.jpg,validation,locked_confirmation,000000449579,2,0.06890734777517564,0.0,2,False,all_validation
coco-rem,000000449603,/home/felix/fiftyone/coco-2017/validation/data/000000449603.jpg,validation,locked_confirmation,000000449603,2,0.01625770246478873,1.0,2,False,all_validation
coco-rem,000000449661,/home/felix/fiftyone/coco-2017/validation/data/000000449661.jpg,validation,locked_confirmation,000000449661,6,0.051682692307692304,0.5,5,False,all_validation
coco-rem,000000449909,/home/felix/fiftyone/coco-2017/validation/data/000000449909.jpg,validation,locked_confirmation,000000449909,2,0.2571355386416862,0.0,2,False,all_validation
coco-rem,000000449996,/home/felix/fiftyone/coco-2017/validation/data/000000449996.jpg,validation,locked_confirmation,000000449996,11,0.003614193925233645,0.0,2,False,all_validation
coco-rem,000000450075,/home/felix/fiftyone/coco-2017/validation/data/000000450075.jpg,validation,locked_confirmation,000000450075,4,0.15868977864583333,0.75,2,False,all_validation
coco-rem,000000450100,/home/felix/fiftyone/coco-2017/validation/data/000000450100.jpg,validation,locked_confirmation,000000450100,4,0.3223486328125,0.75,4,False,all_validation
coco-rem,000000450202,/home/felix/fiftyone/coco-2017/validation/data/000000450202.jpg,validation,locked_confirmation,000000450202,12,0.052912,0.75,5,False,all_validation
coco-rem,000000450303,/home/felix/fiftyone/coco-2017/validation/data/000000450303.jpg,validation,locked_confirmation,000000450303,28,0.005501302083333334,0.7142857142857143,8,False,all_validation
coco-rem,000000450399,/home/felix/fiftyone/coco-2017/validation/data/000000450399.jpg,validation,locked_confirmation,000000450399,31,0.0057552083333333335,0.5483870967741935,5,True,all_validation
coco-rem,000000450439,/home/felix/fiftyone/coco-2017/validation/data/000000450439.jpg,validation,locked_confirmation,000000450439,2,0.18552991452991452,0.0,1,False,all_validation
coco-rem,000000450488,/home/felix/fiftyone/coco-2017/validation/data/000000450488.jpg,validation,locked_confirmation,000000450488,5,0.0025868263473053893,0.8,4,False,all_validation
coco-rem,000000450559,/home/felix/fiftyone/coco-2017/validation/data/000000450559.jpg,validation,locked_confirmation,000000450559,2,0.16698807084309134,1.0,2,False,all_validation
coco-rem,000000450686,/home/felix/fiftyone/coco-2017/validation/data/000000450686.jpg,validation,locked_confirmation,000000450686,2,0.3416095890410959,1.0,2,False,all_validation
coco-rem,000000450758,/home/felix/fiftyone/coco-2017/validation/data/000000450758.jpg,validation,locked_confirmation,000000450758,7,0.00861169102296451,0.2857142857142857,1,False,all_validation
coco-rem,000000451043,/home/felix/fiftyone/coco-2017/validation/data/000000451043.jpg,validation,locked_confirmation,000000451043,2,0.026423448477751757,1.0,2,False,all_validation
coco-rem,000000451084,/home/felix/fiftyone/coco-2017/validation/data/000000451084.jpg,validation,locked_confirmation,000000451084,2,0.09401958626760563,1.0,2,False,all_validation
coco-rem,000000451090,/home/felix/fiftyone/coco-2017/validation/data/000000451090.jpg,validation,locked_confirmation,000000451090,1,0.16642241379310344,0.0,1,False,all_validation
coco-rem,000000451144,/home/felix/fiftyone/coco-2017/validation/data/000000451144.jpg,validation,locked_confirmation,000000451144,7,0.01095703125,0.8571428571428571,3,False,all_validation
coco-rem,000000451150,/home/felix/fiftyone/coco-2017/validation/data/000000451150.jpg,validation,locked_confirmation,000000451150,6,0.13600911458333334,0.0,1,False,all_validation
coco-rem,000000451155,/home/felix/fiftyone/coco-2017/validation/data/000000451155.jpg,validation,locked_confirmation,000000451155,3,0.087109375,0.6666666666666666,3,False,all_validation
coco-rem,000000451308,/home/felix/fiftyone/coco-2017/validation/data/000000451308.jpg,validation,locked_confirmation,000000451308,28,0.012220096371882086,0.21428571428571427,2,False,all_validation
coco-rem,000000451435,/home/felix/fiftyone/coco-2017/validation/data/000000451435.jpg,validation,locked_confirmation,000000451435,4,0.0008766233766233767,0.0,3,False,all_validation
coco-rem,000000451571,/home/felix/fiftyone/coco-2017/validation/data/000000451571.jpg,validation,locked_confirmation,000000451571,2,0.157734375,0.0,2,False,all_validation
coco-rem,000000451693,/home/felix/fiftyone/coco-2017/validation/data/000000451693.jpg,validation,locked_confirmation,000000451693,1,0.5224609375,0.0,1,False,all_validation
coco-rem,000000451714,/home/felix/fiftyone/coco-2017/validation/data/000000451714.jpg,validation,locked_confirmation,000000451714,8,0.007493489583333333,0.0,2,False,all_validation
coco-rem,000000451879,/home/felix/fiftyone/coco-2017/validation/data/000000451879.jpg,validation,locked_confirmation,000000451879,8,0.09722146118721461,0.875,3,False,all_validation
coco-rem,000000452084,/home/felix/fiftyone/coco-2017/validation/data/000000452084.jpg,validation,locked_confirmation,000000452084,5,0.3125,1.0,4,False,all_validation
coco-rem,000000452122,/home/felix/fiftyone/coco-2017/validation/data/000000452122.jpg,validation,locked_confirmation,000000452122,1,0.24369877049180327,0.0,1,False,all_validation
coco-rem,000000452321,/home/felix/fiftyone/coco-2017/validation/data/000000452321.jpg,validation,locked_confirmation,000000452321,4,0.04045572916666667,0.0,1,False,all_validation
coco-rem,000000452515,/home/felix/fiftyone/coco-2017/validation/data/000000452515.jpg,validation,locked_confirmation,000000452515,5,0.03477678571428571,0.0,3,False,all_validation
coco-rem,000000452784,/home/felix/fiftyone/coco-2017/validation/data/000000452784.jpg,validation,locked_confirmation,000000452784,6,0.3028759765625,0.8333333333333334,4,False,all_validation
coco-rem,000000452793,/home/felix/fiftyone/coco-2017/validation/data/000000452793.jpg,validation,locked_confirmation,000000452793,2,0.18593567037470726,0.0,2,False,all_validation
coco-rem,000000452891,/home/felix/fiftyone/coco-2017/validation/data/000000452891.jpg,validation,locked_confirmation,000000452891,2,0.7502435277196653,1.0,2,False,all_validation
coco-rem,000000453001,/home/felix/fiftyone/coco-2017/validation/data/000000453001.jpg,validation,locked_confirmation,000000453001,10,0.05276692708333333,0.4,4,False,all_validation
coco-rem,000000453040,/home/felix/fiftyone/coco-2017/validation/data/000000453040.jpg,validation,locked_confirmation,000000453040,2,0.2473828125,1.0,2,False,all_validation
coco-rem,000000453166,/home/felix/fiftyone/coco-2017/validation/data/000000453166.jpg,validation,locked_confirmation,000000453166,8,0.10641911764705882,1.0,2,False,all_validation
coco-rem,000000453302,/home/felix/fiftyone/coco-2017/validation/data/000000453302.jpg,validation,locked_confirmation,000000453302,11,0.005077333333333333,0.18181818181818182,6,False,all_validation
coco-rem,000000453341,/home/felix/fiftyone/coco-2017/validation/data/000000453341.jpg,validation,locked_confirmation,000000453341,8,0.005498046875,0.0,7,False,all_validation
coco-rem,000000453584,/home/felix/fiftyone/coco-2017/validation/data/000000453584.jpg,validation,locked_confirmation,000000453584,7,0.005625,0.8571428571428571,2,False,all_validation
coco-rem,000000453634,/home/felix/fiftyone/coco-2017/validation/data/000000453634.jpg,validation,locked_confirmation,000000453634,2,0.132109375,0.0,2,False,all_validation
coco-rem,000000453708,/home/felix/fiftyone/coco-2017/validation/data/000000453708.jpg,validation,locked_confirmation,000000453708,10,0.02962895199063232,0.3,2,True,all_validation
coco-rem,000000453722,/home/felix/fiftyone/coco-2017/validation/data/000000453722.jpg,validation,locked_confirmation,000000453722,3,0.04733606557377049,0.0,3,False,all_validation
coco-rem,000000453841,/home/felix/fiftyone/coco-2017/validation/data/000000453841.jpg,validation,locked_confirmation,000000453841,15,0.002837758112094395,0.4,5,False,all_validation
coco-rem,000000453860,/home/felix/fiftyone/coco-2017/validation/data/000000453860.jpg,validation,locked_confirmation,000000453860,2,0.3000547605140187,0.0,1,False,all_validation
coco-rem,000000453981,/home/felix/fiftyone/coco-2017/validation/data/000000453981.jpg,validation,locked_confirmation,000000453981,2,0.310297131147541,1.0,1,False,all_validation
coco-rem,000000454067,/home/felix/fiftyone/coco-2017/validation/data/000000454067.jpg,validation,locked_confirmation,000000454067,7,0.00196551724137931,0.5714285714285714,4,False,all_validation
coco-rem,000000454404,/home/felix/fiftyone/coco-2017/validation/data/000000454404.jpg,validation,locked_confirmation,000000454404,5,0.24904005198487714,1.0,5,False,all_validation
coco-rem,000000454661,/home/felix/fiftyone/coco-2017/validation/data/000000454661.jpg,validation,locked_confirmation,000000454661,10,0.01409543325526932,0.0,3,False,all_validation
coco-rem,000000454750,/home/felix/fiftyone/coco-2017/validation/data/000000454750.jpg,validation,locked_confirmation,000000454750,2,0.47121633489461356,1.0,1,False,all_validation
coco-rem,000000454798,/home/felix/fiftyone/coco-2017/validation/data/000000454798.jpg,validation,locked_confirmation,000000454798,7,0.005169117647058823,0.2857142857142857,4,False,all_validation
coco-rem,000000454978,/home/felix/fiftyone/coco-2017/validation/data/000000454978.jpg,validation,locked_confirmation,000000454978,1,0.0759375,0.0,1,False,all_validation
coco-rem,000000455085,/home/felix/fiftyone/coco-2017/validation/data/000000455085.jpg,validation,locked_confirmation,000000455085,2,0.43025468384074944,1.0,2,False,all_validation
coco-rem,000000455157,/home/felix/fiftyone/coco-2017/validation/data/000000455157.jpg,validation,locked_confirmation,000000455157,8,0.096256103515625,0.875,5,False,all_validation
coco-rem,000000455219,/home/felix/fiftyone/coco-2017/validation/data/000000455219.jpg,validation,locked_confirmation,000000455219,4,0.050496992370892016,0.5,2,False,all_validation
coco-rem,000000455267,/home/felix/fiftyone/coco-2017/validation/data/000000455267.jpg,validation,locked_confirmation,000000455267,15,0.009729817708333333,1.0,3,False,all_validation
coco-rem,000000455301,/home/felix/fiftyone/coco-2017/validation/data/000000455301.jpg,validation,locked_confirmation,000000455301,4,0.1631951663201663,0.75,3,False,all_validation
coco-rem,000000455352,/home/felix/fiftyone/coco-2017/validation/data/000000455352.jpg,validation,locked_confirmation,000000455352,2,0.02092570754716981,0.0,1,False,all_validation
coco-rem,000000455448,/home/felix/fiftyone/coco-2017/validation/data/000000455448.jpg,validation,locked_confirmation,000000455448,3,0.4888336820083682,1.0,2,False,all_validation
coco-rem,000000455555,/home/felix/fiftyone/coco-2017/validation/data/000000455555.jpg,validation,locked_confirmation,000000455555,3,0.08736079545454545,0.0,2,False,all_validation
coco-rem,000000455597,/home/felix/fiftyone/coco-2017/validation/data/000000455597.jpg,validation,locked_confirmation,000000455597,15,0.0037766255605381164,0.4,6,False,all_validation
coco-rem,000000455624,/home/felix/fiftyone/coco-2017/validation/data/000000455624.jpg,validation,locked_confirmation,000000455624,14,0.009199355971896956,0.5714285714285714,2,True,all_validation
coco-rem,000000455716,/home/felix/fiftyone/coco-2017/validation/data/000000455716.jpg,validation,locked_confirmation,000000455716,5,0.03533487297921478,1.0,3,False,all_validation
coco-rem,000000455872,/home/felix/fiftyone/coco-2017/validation/data/000000455872.jpg,validation,locked_confirmation,000000455872,3,0.024682666666666665,0.0,1,False,all_validation
coco-rem,000000455937,/home/felix/fiftyone/coco-2017/validation/data/000000455937.jpg,validation,locked_confirmation,000000455937,12,0.013938802083333333,0.5833333333333334,10,False,all_validation
coco-rem,000000455981,/home/felix/fiftyone/coco-2017/validation/data/000000455981.jpg,validation,locked_confirmation,000000455981,1,0.7,0.0,1,False,all_validation
coco-rem,000000456015,/home/felix/fiftyone/coco-2017/validation/data/000000456015.jpg,validation,locked_confirmation,000000456015,8,0.02813597775175644,0.75,2,False,all_validation
coco-rem,000000456143,/home/felix/fiftyone/coco-2017/validation/data/000000456143.jpg,validation,locked_confirmation,000000456143,7,0.017659279778393353,1.0,4,True,all_validation
coco-rem,000000456292,/home/felix/fiftyone/coco-2017/validation/data/000000456292.jpg,validation,locked_confirmation,000000456292,3,0.0245703125,0.0,3,False,all_validation
coco-rem,000000456303,/home/felix/fiftyone/coco-2017/validation/data/000000456303.jpg,validation,locked_confirmation,000000456303,6,0.020903426791277258,0.0,3,False,all_validation
coco-rem,000000456394,/home/felix/fiftyone/coco-2017/validation/data/000000456394.jpg,validation,locked_confirmation,000000456394,4,0.040482954545454544,0.75,2,False,all_validation
coco-rem,000000456496,/home/felix/fiftyone/coco-2017/validation/data/000000456496.jpg,validation,locked_confirmation,000000456496,5,0.010475352112676056,0.4,3,False,all_validation
coco-rem,000000456559,/home/felix/fiftyone/coco-2017/validation/data/000000456559.jpg,validation,locked_confirmation,000000456559,2,0.3925325520833333,1.0,2,False,all_validation
coco-rem,000000456662,/home/felix/fiftyone/coco-2017/validation/data/000000456662.jpg,validation,locked_confirmation,000000456662,2,0.27230312059464307,1.0,2,False,all_validation
coco-rem,000000456865,/home/felix/fiftyone/coco-2017/validation/data/000000456865.jpg,validation,locked_confirmation,000000456865,2,0.1354764344262295,0.0,1,False,all_validation
coco-rem,000000457078,/home/felix/fiftyone/coco-2017/validation/data/000000457078.jpg,validation,locked_confirmation,000000457078,20,0.0034814453125,0.45,7,False,all_validation
coco-rem,000000457262,/home/felix/fiftyone/coco-2017/validation/data/000000457262.jpg,validation,locked_confirmation,000000457262,3,0.2407487504805844,1.0,2,False,all_validation
coco-rem,000000457559,/home/felix/fiftyone/coco-2017/validation/data/000000457559.jpg,validation,locked_confirmation,000000457559,7,0.04841188524590164,1.0,2,False,all_validation
coco-rem,000000457848,/home/felix/fiftyone/coco-2017/validation/data/000000457848.jpg,validation,locked_confirmation,000000457848,9,0.019485509367681498,0.6666666666666666,2,False,all_validation
coco-rem,000000457884,/home/felix/fiftyone/coco-2017/validation/data/000000457884.jpg,validation,locked_confirmation,000000457884,10,0.004365106441048035,0.9,5,False,all_validation
coco-rem,000000458045,/home/felix/fiftyone/coco-2017/validation/data/000000458045.jpg,validation,locked_confirmation,000000458045,11,0.015829333333333334,0.8181818181818182,3,False,all_validation
coco-rem,000000458054,/home/felix/fiftyone/coco-2017/validation/data/000000458054.jpg,validation,locked_confirmation,000000458054,10,0.12002824237089202,0.9,1,False,all_validation
coco-rem,000000458109,/home/felix/fiftyone/coco-2017/validation/data/000000458109.jpg,validation,locked_confirmation,000000458109,5,0.00560546875,1.0,2,False,all_validation
coco-rem,000000458223,/home/felix/fiftyone/coco-2017/validation/data/000000458223.jpg,validation,locked_confirmation,000000458223,4,0.007613720414201184,0.75,4,False,all_validation
coco-rem,000000458255,/home/felix/fiftyone/coco-2017/validation/data/000000458255.jpg,validation,locked_confirmation,000000458255,4,0.0805235105140187,1.0,4,False,all_validation
coco-rem,000000458325,/home/felix/fiftyone/coco-2017/validation/data/000000458325.jpg,validation,locked_confirmation,000000458325,34,0.0038367242388758784,0.7058823529411765,4,True,all_validation
coco-rem,000000458410,/home/felix/fiftyone/coco-2017/validation/data/000000458410.jpg,validation,locked_confirmation,000000458410,23,0.0008040364583333334,0.2608695652173913,6,False,all_validation
coco-rem,000000458663,/home/felix/fiftyone/coco-2017/validation/data/000000458663.jpg,validation,locked_confirmation,000000458663,21,0.0018529411764705882,0.2857142857142857,9,False,all_validation
coco-rem,000000458702,/home/felix/fiftyone/coco-2017/validation/data/000000458702.jpg,validation,locked_confirmation,000000458702,4,0.028721457845433257,0.5,2,False,all_validation
coco-rem,000000458755,/home/felix/fiftyone/coco-2017/validation/data/000000458755.jpg,validation,locked_confirmation,000000458755,6,0.1359326171875,0.6666666666666666,2,False,all_validation
coco-rem,000000458768,/home/felix/fiftyone/coco-2017/validation/data/000000458768.jpg,validation,locked_confirmation,000000458768,6,0.00941891100702576,0.0,4,False,all_validation
coco-rem,000000458790,/home/felix/fiftyone/coco-2017/validation/data/000000458790.jpg,validation,locked_confirmation,000000458790,0,,0.0,0,False,all_validation
coco-rem,000000458992,/home/felix/fiftyone/coco-2017/validation/data/000000458992.jpg,validation,locked_confirmation,000000458992,6,0.325703125,1.0,6,False,all_validation
coco-rem,000000459153,/home/felix/fiftyone/coco-2017/validation/data/000000459153.jpg,validation,locked_confirmation,000000459153,5,0.03864168618266979,1.0,5,False,all_validation
coco-rem,000000459195,/home/felix/fiftyone/coco-2017/validation/data/000000459195.jpg,validation,locked_confirmation,000000459195,7,0.0045386666666666665,1.0,2,False,all_validation
coco-rem,000000459272,/home/felix/fiftyone/coco-2017/validation/data/000000459272.jpg,validation,locked_confirmation,000000459272,13,0.009733072916666667,0.9230769230769231,3,False,all_validation
coco-rem,000000459396,/home/felix/fiftyone/coco-2017/validation/data/000000459396.jpg,validation,locked_confirmation,000000459396,3,0.03424163783160323,0.6666666666666666,1,False,all_validation
coco-rem,000000459437,/home/felix/fiftyone/coco-2017/validation/data/000000459437.jpg,validation,locked_confirmation,000000459437,7,0.12517605633802817,0.8571428571428571,3,False,all_validation
coco-rem,000000459467,/home/felix/fiftyone/coco-2017/validation/data/000000459467.jpg,validation,locked_confirmation,000000459467,1,0.07364066193853427,0.0,1,False,all_validation
coco-rem,000000459500,/home/felix/fiftyone/coco-2017/validation/data/000000459500.jpg,validation,locked_confirmation,000000459500,4,0.040424,0.0,3,False,all_validation
coco-rem,000000459634,/home/felix/fiftyone/coco-2017/validation/data/000000459634.jpg,validation,locked_confirmation,000000459634,3,0.0012458958724202627,0.6666666666666666,2,False,all_validation
coco-rem,000000459662,/home/felix/fiftyone/coco-2017/validation/data/000000459662.jpg,validation,locked_confirmation,000000459662,5,0.40439453125,1.0,3,False,all_validation
coco-rem,000000459757,/home/felix/fiftyone/coco-2017/validation/data/000000459757.jpg,validation,locked_confirmation,000000459757,1,0.060341796875,0.0,1,False,all_validation
coco-rem,000000459809,/home/felix/fiftyone/coco-2017/validation/data/000000459809.jpg,validation,locked_confirmation,000000459809,8,0.0013690128504672897,0.0,3,False,all_validation
coco-rem,000000459887,/home/felix/fiftyone/coco-2017/validation/data/000000459887.jpg,validation,locked_confirmation,000000459887,6,0.5226692708333334,1.0,2,False,all_validation
coco-rem,000000459954,/home/felix/fiftyone/coco-2017/validation/data/000000459954.jpg,validation,locked_confirmation,000000459954,11,0.06317333333333333,0.5454545454545454,2,False,all_validation
coco-rem,000000460147,/home/felix/fiftyone/coco-2017/validation/data/000000460147.jpg,validation,locked_confirmation,000000460147,26,0.0011387087264150943,0.15384615384615385,6,True,all_validation
coco-rem,000000460160,/home/felix/fiftyone/coco-2017/validation/data/000000460160.jpg,validation,locked_confirmation,000000460160,1,0.02740234375,0.0,1,False,all_validation
coco-rem,000000460229,/home/felix/fiftyone/coco-2017/validation/data/000000460229.jpg,validation,locked_confirmation,000000460229,4,0.060011422976501305,0.0,3,False,all_validation
coco-rem,000000460333,/home/felix/fiftyone/coco-2017/validation/data/000000460333.jpg,validation,locked_confirmation,000000460333,4,0.07119303385416667,0.75,3,False,all_validation
coco-rem,000000460347,/home/felix/fiftyone/coco-2017/validation/data/000000460347.jpg,validation,locked_confirmation,000000460347,7,0.005283957845433255,0.42857142857142855,3,False,all_validation
coco-rem,000000460379,/home/felix/fiftyone/coco-2017/validation/data/000000460379.jpg,validation,locked_confirmation,000000460379,3,0.026184712441314553,0.0,1,False,all_validation
coco-rem,000000460494,/home/felix/fiftyone/coco-2017/validation/data/000000460494.jpg,validation,locked_confirmation,000000460494,24,0.0034184272300469484,1.0,7,False,all_validation
coco-rem,000000460682,/home/felix/fiftyone/coco-2017/validation/data/000000460682.jpg,validation,locked_confirmation,000000460682,1,0.047619047619047616,0.0,1,False,all_validation
coco-rem,000000460683,/home/felix/fiftyone/coco-2017/validation/data/000000460683.jpg,validation,locked_confirmation,000000460683,6,0.04171678870292887,0.8333333333333334,4,False,all_validation
coco-rem,000000460841,/home/felix/fiftyone/coco-2017/validation/data/000000460841.jpg,validation,locked_confirmation,000000460841,4,0.05575466666666667,0.5,4,False,all_validation
coco-rem,000000460927,/home/felix/fiftyone/coco-2017/validation/data/000000460927.jpg,validation,locked_confirmation,000000460927,1,0.3621875,0.0,1,False,all_validation
coco-rem,000000460929,/home/felix/fiftyone/coco-2017/validation/data/000000460929.jpg,validation,locked_confirmation,000000460929,2,0.15233072916666668,0.0,2,False,all_validation
coco-rem,000000460967,/home/felix/fiftyone/coco-2017/validation/data/000000460967.jpg,validation,locked_confirmation,000000460967,2,0.12631803600993377,1.0,2,False,all_validation
coco-rem,000000461009,/home/felix/fiftyone/coco-2017/validation/data/000000461009.jpg,validation,locked_confirmation,000000461009,10,0.030100602332436242,1.0,3,False,all_validation
coco-rem,000000461036,/home/felix/fiftyone/coco-2017/validation/data/000000461036.jpg,validation,locked_confirmation,000000461036,1,0.06440963855421687,0.0,1,False,all_validation
coco-rem,000000461275,/home/felix/fiftyone/coco-2017/validation/data/000000461275.jpg,validation,locked_confirmation,000000461275,0,,0.0,0,False,all_validation
coco-rem,000000461405,/home/felix/fiftyone/coco-2017/validation/data/000000461405.jpg,validation,locked_confirmation,000000461405,15,0.018526785714285714,0.26666666666666666,1,False,all_validation
coco-rem,000000461573,/home/felix/fiftyone/coco-2017/validation/data/000000461573.jpg,validation,locked_confirmation,000000461573,2,0.296811170212766,1.0,1,False,all_validation
coco-rem,000000461751,/home/felix/fiftyone/coco-2017/validation/data/000000461751.jpg,validation,locked_confirmation,000000461751,6,0.18779108084358523,1.0,4,False,all_validation
coco-rem,000000462031,/home/felix/fiftyone/coco-2017/validation/data/000000462031.jpg,validation,locked_confirmation,000000462031,3,0.12185064031180401,0.0,2,False,all_validation
coco-rem,000000462371,/home/felix/fiftyone/coco-2017/validation/data/000000462371.jpg,validation,locked_confirmation,000000462371,11,0.12281296758104739,0.9090909090909091,5,False,all_validation
coco-rem,000000462576,/home/felix/fiftyone/coco-2017/validation/data/000000462576.jpg,validation,locked_confirmation,000000462576,7,0.017044270833333333,1.0,4,False,all_validation
coco-rem,000000462614,/home/felix/fiftyone/coco-2017/validation/data/000000462614.jpg,validation,locked_confirmation,000000462614,4,0.02543097882231405,0.0,4,False,all_validation
coco-rem,000000462629,/home/felix/fiftyone/coco-2017/validation/data/000000462629.jpg,validation,locked_confirmation,000000462629,11,0.037852112676056336,0.18181818181818182,2,False,all_validation
coco-rem,000000462643,/home/felix/fiftyone/coco-2017/validation/data/000000462643.jpg,validation,locked_confirmation,000000462643,2,0.6382371323529412,1.0,2,False,all_validation
coco-rem,000000462728,/home/felix/fiftyone/coco-2017/validation/data/000000462728.jpg,validation,locked_confirmation,000000462728,3,0.008496779859484778,0.6666666666666666,3,False,all_validation
coco-rem,000000462756,/home/felix/fiftyone/coco-2017/validation/data/000000462756.jpg,validation,locked_confirmation,000000462756,3,0.08747799295774648,0.0,3,False,all_validation
coco-rem,000000462904,/home/felix/fiftyone/coco-2017/validation/data/000000462904.jpg,validation,locked_confirmation,000000462904,37,0.0025390625,0.5675675675675675,6,True,all_validation
coco-rem,000000463037,/home/felix/fiftyone/coco-2017/validation/data/000000463037.jpg,validation,locked_confirmation,000000463037,2,0.36145162470725994,1.0,2,False,all_validation
coco-rem,000000463174,/home/felix/fiftyone/coco-2017/validation/data/000000463174.jpg,validation,locked_confirmation,000000463174,3,0.07950087822014051,0.6666666666666666,3,False,all_validation
coco-rem,000000463199,/home/felix/fiftyone/coco-2017/validation/data/000000463199.jpg,validation,locked_confirmation,000000463199,16,0.03220703125,1.0,5,False,all_validation
coco-rem,000000463283,/home/felix/fiftyone/coco-2017/validation/data/000000463283.jpg,validation,locked_confirmation,000000463283,4,0.42162736554316715,1.0,3,False,all_validation
coco-rem,000000463522,/home/felix/fiftyone/coco-2017/validation/data/000000463522.jpg,validation,locked_confirmation,000000463522,23,0.0008203125,0.4782608695652174,5,True,all_validation
coco-rem,000000463527,/home/felix/fiftyone/coco-2017/validation/data/000000463527.jpg,validation,locked_confirmation,000000463527,11,0.019791666666666666,0.6363636363636364,6,False,all_validation
coco-rem,000000463542,/home/felix/fiftyone/coco-2017/validation/data/000000463542.jpg,validation,locked_confirmation,000000463542,24,0.001120525234741784,0.4166666666666667,3,True,all_validation
coco-rem,000000463618,/home/felix/fiftyone/coco-2017/validation/data/000000463618.jpg,validation,locked_confirmation,000000463618,5,0.17368348115299334,0.4,4,False,all_validation
coco-rem,000000463647,/home/felix/fiftyone/coco-2017/validation/data/000000463647.jpg,validation,locked_confirmation,000000463647,2,0.07549641927083334,0.0,1,False,all_validation
coco-rem,000000463690,/home/felix/fiftyone/coco-2017/validation/data/000000463690.jpg,validation,locked_confirmation,000000463690,7,0.031813524590163934,0.5714285714285714,3,False,all_validation
coco-rem,000000463730,/home/felix/fiftyone/coco-2017/validation/data/000000463730.jpg,validation,locked_confirmation,000000463730,22,0.003167081381733021,0.8636363636363636,5,True,all_validation
coco-rem,000000463802,/home/felix/fiftyone/coco-2017/validation/data/000000463802.jpg,validation,locked_confirmation,000000463802,3,0.4533984375,0.6666666666666666,3,False,all_validation
coco-rem,000000463842,/home/felix/fiftyone/coco-2017/validation/data/000000463842.jpg,validation,locked_confirmation,000000463842,14,0.006455078125,0.0,2,True,all_validation
coco-rem,000000463849,/home/felix/fiftyone/coco-2017/validation/data/000000463849.jpg,validation,locked_confirmation,000000463849,24,0.0016760859929078015,0.16666666666666666,4,True,all_validation
coco-rem,000000463918,/home/felix/fiftyone/coco-2017/validation/data/000000463918.jpg,validation,locked_confirmation,000000463918,10,0.07442339832869081,0.7,4,False,all_validation
coco-rem,000000464089,/home/felix/fiftyone/coco-2017/validation/data/000000464089.jpg,validation,locked_confirmation,000000464089,14,0.006298828125,0.7142857142857143,4,False,all_validation
coco-rem,000000464144,/home/felix/fiftyone/coco-2017/validation/data/000000464144.jpg,validation,locked_confirmation,000000464144,3,0.05089128521126761,0.0,2,False,all_validation
coco-rem,000000464251,/home/felix/fiftyone/coco-2017/validation/data/000000464251.jpg,validation,locked_confirmation,000000464251,3,0.0671738537117904,0.0,2,False,all_validation
coco-rem,000000464358,/home/felix/fiftyone/coco-2017/validation/data/000000464358.jpg,validation,locked_confirmation,000000464358,3,0.04143003512880562,0.0,3,False,all_validation
coco-rem,000000464476,/home/felix/fiftyone/coco-2017/validation/data/000000464476.jpg,validation,locked_confirmation,000000464476,4,0.10471466666666666,0.0,3,False,all_validation
coco-rem,000000464522,/home/felix/fiftyone/coco-2017/validation/data/000000464522.jpg,validation,locked_confirmation,000000464522,2,0.42198886639676114,0.0,1,False,all_validation
coco-rem,000000464689,/home/felix/fiftyone/coco-2017/validation/data/000000464689.jpg,validation,locked_confirmation,000000464689,13,0.0005546075085324232,0.0,1,True,all_validation
coco-rem,000000464786,/home/felix/fiftyone/coco-2017/validation/data/000000464786.jpg,validation,locked_confirmation,000000464786,2,0.58348605432243,1.0,2,False,all_validation
coco-rem,000000464824,/home/felix/fiftyone/coco-2017/validation/data/000000464824.jpg,validation,locked_confirmation,000000464824,3,0.03341796875,0.6666666666666666,3,False,all_validation
coco-rem,000000464872,/home/felix/fiftyone/coco-2017/validation/data/000000464872.jpg,validation,locked_confirmation,000000464872,2,0.04932303864168618,0.0,1,False,all_validation
coco-rem,000000465129,/home/felix/fiftyone/coco-2017/validation/data/000000465129.jpg,validation,locked_confirmation,000000465129,15,0.001982421875,0.26666666666666666,9,False,all_validation
coco-rem,000000465179,/home/felix/fiftyone/coco-2017/validation/data/000000465179.jpg,validation,locked_confirmation,000000465179,3,0.0026470588235294116,1.0,2,False,all_validation
coco-rem,000000465180,/home/felix/fiftyone/coco-2017/validation/data/000000465180.jpg,validation,locked_confirmation,000000465180,12,0.030021273474178403,0.4166666666666667,2,False,all_validation
coco-rem,000000465430,/home/felix/fiftyone/coco-2017/validation/data/000000465430.jpg,validation,locked_confirmation,000000465430,3,0.15899122807017543,0.0,2,False,all_validation
coco-rem,000000465549,/home/felix/fiftyone/coco-2017/validation/data/000000465549.jpg,validation,locked_confirmation,000000465549,12,0.013717508761682243,0.9166666666666666,6,False,all_validation
coco-rem,000000465585,/home/felix/fiftyone/coco-2017/validation/data/000000465585.jpg,validation,locked_confirmation,000000465585,42,0.006581162177985949,0.11904761904761904,2,True,all_validation
coco-rem,000000465675,/home/felix/fiftyone/coco-2017/validation/data/000000465675.jpg,validation,locked_confirmation,000000465675,3,0.05841733870967742,0.6666666666666666,2,False,all_validation
coco-rem,000000465718,/home/felix/fiftyone/coco-2017/validation/data/000000465718.jpg,validation,locked_confirmation,000000465718,12,0.007559367715617715,0.6666666666666666,6,False,all_validation
coco-rem,000000465806,/home/felix/fiftyone/coco-2017/validation/data/000000465806.jpg,validation,locked_confirmation,000000465806,20,0.0082177734375,1.0,3,False,all_validation
coco-rem,000000465822,/home/felix/fiftyone/coco-2017/validation/data/000000465822.jpg,validation,locked_confirmation,000000465822,28,0.016112,0.75,7,False,all_validation
coco-rem,000000465836,/home/felix/fiftyone/coco-2017/validation/data/000000465836.jpg,validation,locked_confirmation,000000465836,10,0.005664,0.2,3,False,all_validation
coco-rem,000000466085,/home/felix/fiftyone/coco-2017/validation/data/000000466085.jpg,validation,locked_confirmation,000000466085,2,0.05294270833333333,0.0,2,False,all_validation
coco-rem,000000466125,/home/felix/fiftyone/coco-2017/validation/data/000000466125.jpg,validation,locked_confirmation,000000466125,9,0.037320696721311476,0.7777777777777778,7,False,all_validation
coco-rem,000000466156,/home/felix/fiftyone/coco-2017/validation/data/000000466156.jpg,validation,locked_confirmation,000000466156,5,0.0015946666666666668,0.8,2,False,all_validation
coco-rem,000000466256,/home/felix/fiftyone/coco-2017/validation/data/000000466256.jpg,validation,locked_confirmation,000000466256,12,0.003014705882352941,1.0,3,False,all_validation
coco-rem,000000466339,/home/felix/fiftyone/coco-2017/validation/data/000000466339.jpg,validation,locked_confirmation,000000466339,1,0.052215355153203344,0.0,1,False,all_validation
coco-rem,000000466416,/home/felix/fiftyone/coco-2017/validation/data/000000466416.jpg,validation,locked_confirmation,000000466416,14,0.00043933823529411763,0.14285714285714285,2,False,all_validation
coco-rem,000000466567,/home/felix/fiftyone/coco-2017/validation/data/000000466567.jpg,validation,locked_confirmation,000000466567,1,0.1848046875,0.0,1,False,all_validation
coco-rem,000000466602,/home/felix/fiftyone/coco-2017/validation/data/000000466602.jpg,validation,locked_confirmation,000000466602,3,0.162421875,0.6666666666666666,2,False,all_validation
coco-rem,000000466835,/home/felix/fiftyone/coco-2017/validation/data/000000466835.jpg,validation,locked_confirmation,000000466835,81,0.002916666666666667,0.5432098765432098,1,False,all_validation
coco-rem,000000466986,/home/felix/fiftyone/coco-2017/validation/data/000000466986.jpg,validation,locked_confirmation,000000466986,8,0.007678478033472803,0.75,4,False,all_validation
coco-rem,000000467176,/home/felix/fiftyone/coco-2017/validation/data/000000467176.jpg,validation,locked_confirmation,000000467176,29,0.000839661214953271,0.4827586206896552,7,True,all_validation
coco-rem,000000467315,/home/felix/fiftyone/coco-2017/validation/data/000000467315.jpg,validation,locked_confirmation,000000467315,10,0.025621698943661973,0.8,5,False,all_validation
coco-rem,000000467511,/home/felix/fiftyone/coco-2017/validation/data/000000467511.jpg,validation,locked_confirmation,000000467511,6,0.09247295673076923,0.6666666666666666,3,False,all_validation
coco-rem,000000467776,/home/felix/fiftyone/coco-2017/validation/data/000000467776.jpg,validation,locked_confirmation,000000467776,8,0.0006897687353629977,0.0,2,False,all_validation
coco-rem,000000467848,/home/felix/fiftyone/coco-2017/validation/data/000000467848.jpg,validation,locked_confirmation,000000467848,3,0.0693359375,0.0,2,False,all_validation
coco-rem,000000468124,/home/felix/fiftyone/coco-2017/validation/data/000000468124.jpg,validation,locked_confirmation,000000468124,3,0.0016680283224400872,0.6666666666666666,3,False,all_validation
coco-rem,000000468233,/home/felix/fiftyone/coco-2017/validation/data/000000468233.jpg,validation,locked_confirmation,000000468233,1,0.025730994152046785,0.0,1,False,all_validation
coco-rem,000000468245,/home/felix/fiftyone/coco-2017/validation/data/000000468245.jpg,validation,locked_confirmation,000000468245,1,0.3493559718969555,0.0,1,False,all_validation
coco-rem,000000468332,/home/felix/fiftyone/coco-2017/validation/data/000000468332.jpg,validation,locked_confirmation,000000468332,16,0.038778744103773584,0.5,6,False,all_validation
coco-rem,000000468501,/home/felix/fiftyone/coco-2017/validation/data/000000468501.jpg,validation,locked_confirmation,000000468501,11,0.03275733333333333,1.0,5,False,all_validation
coco-rem,000000468505,/home/felix/fiftyone/coco-2017/validation/data/000000468505.jpg,validation,locked_confirmation,000000468505,19,0.004095052083333333,0.8421052631578947,7,False,all_validation
coco-rem,000000468577,/home/felix/fiftyone/coco-2017/validation/data/000000468577.jpg,validation,locked_confirmation,000000468577,2,0.40153626810201204,1.0,2,False,all_validation
coco-rem,000000468632,/home/felix/fiftyone/coco-2017/validation/data/000000468632.jpg,validation,locked_confirmation,000000468632,5,0.07996477035490605,0.4,2,False,all_validation
coco-rem,000000468925,/home/felix/fiftyone/coco-2017/validation/data/000000468925.jpg,validation,locked_confirmation,000000468925,9,0.034658203125,0.6666666666666666,5,False,all_validation
coco-rem,000000468954,/home/felix/fiftyone/coco-2017/validation/data/000000468954.jpg,validation,locked_confirmation,000000468954,7,0.025109777517564404,1.0,3,False,all_validation
coco-rem,000000468965,/home/felix/fiftyone/coco-2017/validation/data/000000468965.jpg,validation,locked_confirmation,000000468965,15,0.009388020833333333,0.6666666666666666,3,False,all_validation
coco-rem,000000469067,/home/felix/fiftyone/coco-2017/validation/data/000000469067.jpg,validation,locked_confirmation,000000469067,4,0.29771484375,1.0,4,False,all_validation
coco-rem,000000469174,/home/felix/fiftyone/coco-2017/validation/data/000000469174.jpg,validation,locked_confirmation,000000469174,1,0.04954483695652174,0.0,1,False,all_validation
coco-rem,000000469192,/home/felix/fiftyone/coco-2017/validation/data/000000469192.jpg,validation,locked_confirmation,000000469192,17,0.00035807291666666664,0.29411764705882354,3,False,all_validation
coco-rem,000000469246,/home/felix/fiftyone/coco-2017/validation/data/000000469246.jpg,validation,locked_confirmation,000000469246,9,0.001083984375,0.7777777777777778,3,False,all_validation
coco-rem,000000469652,/home/felix/fiftyone/coco-2017/validation/data/000000469652.jpg,validation,locked_confirmation,000000469652,1,0.8300505410022779,0.0,1,False,all_validation
coco-rem,000000469828,/home/felix/fiftyone/coco-2017/validation/data/000000469828.jpg,validation,locked_confirmation,000000469828,3,0.00234375,0.6666666666666666,2,False,all_validation
coco-rem,000000470121,/home/felix/fiftyone/coco-2017/validation/data/000000470121.jpg,validation,locked_confirmation,000000470121,13,0.028971354166666668,1.0,4,False,all_validation
coco-rem,000000470173,/home/felix/fiftyone/coco-2017/validation/data/000000470173.jpg,validation,locked_confirmation,000000470173,4,0.007565512892376682,0.75,2,False,all_validation
coco-rem,000000470773,/home/felix/fiftyone/coco-2017/validation/data/000000470773.jpg,validation,locked_confirmation,000000470773,31,0.007161458333333333,0.4838709677419355,7,True,all_validation
coco-rem,000000470779,/home/felix/fiftyone/coco-2017/validation/data/000000470779.jpg,validation,locked_confirmation,000000470779,13,0.015970772442588727,0.23076923076923078,4,False,all_validation
coco-rem,000000470924,/home/felix/fiftyone/coco-2017/validation/data/000000470924.jpg,validation,locked_confirmation,000000470924,58,0.0052587890625,0.7413793103448276,9,True,all_validation
coco-rem,000000470952,/home/felix/fiftyone/coco-2017/validation/data/000000470952.jpg,validation,locked_confirmation,000000470952,12,0.01733535338785047,0.6666666666666666,2,False,all_validation
coco-rem,000000471023,/home/felix/fiftyone/coco-2017/validation/data/000000471023.jpg,validation,locked_confirmation,000000471023,18,0.0022007042253521128,0.3333333333333333,3,False,all_validation
coco-rem,000000471087,/home/felix/fiftyone/coco-2017/validation/data/000000471087.jpg,validation,locked_confirmation,000000471087,2,0.4865770171149144,1.0,2,False,all_validation
coco-rem,000000471450,/home/felix/fiftyone/coco-2017/validation/data/000000471450.jpg,validation,locked_confirmation,000000471450,3,0.0077473958333333336,0.0,1,False,all_validation
coco-rem,000000471567,/home/felix/fiftyone/coco-2017/validation/data/000000471567.jpg,validation,locked_confirmation,000000471567,4,0.0006787109375,0.5,2,False,all_validation
coco-rem,000000471756,/home/felix/fiftyone/coco-2017/validation/data/000000471756.jpg,validation,locked_confirmation,000000471756,2,0.1401492974238876,1.0,2,False,all_validation
coco-rem,000000471789,/home/felix/fiftyone/coco-2017/validation/data/000000471789.jpg,validation,locked_confirmation,000000471789,16,0.0008138020833333334,0.25,4,False,all_validation
coco-rem,000000471869,/home/felix/fiftyone/coco-2017/validation/data/000000471869.jpg,validation,locked_confirmation,000000471869,3,0.7593220338983051,1.0,3,False,all_validation
coco-rem,000000471893,/home/felix/fiftyone/coco-2017/validation/data/000000471893.jpg,validation,locked_confirmation,000000471893,32,0.0028298218325791854,0.78125,5,False,all_validation
coco-rem,000000471991,/home/felix/fiftyone/coco-2017/validation/data/000000471991.jpg,validation,locked_confirmation,000000471991,1,0.0016104068396226416,0.0,1,False,all_validation
coco-rem,000000472030,/home/felix/fiftyone/coco-2017/validation/data/000000472030.jpg,validation,locked_confirmation,000000472030,1,0.05263671875,0.0,1,False,all_validation
coco-rem,000000472046,/home/felix/fiftyone/coco-2017/validation/data/000000472046.jpg,validation,locked_confirmation,000000472046,21,0.0013529411764705882,0.5238095238095238,10,False,all_validation
coco-rem,000000472298,/home/felix/fiftyone/coco-2017/validation/data/000000472298.jpg,validation,locked_confirmation,000000472298,3,0.02180232558139535,0.6666666666666666,2,False,all_validation
coco-rem,000000472375,/home/felix/fiftyone/coco-2017/validation/data/000000472375.jpg,validation,locked_confirmation,000000472375,4,0.17626233499935923,1.0,3,False,all_validation
coco-rem,000000472623,/home/felix/fiftyone/coco-2017/validation/data/000000472623.jpg,validation,locked_confirmation,000000472623,4,0.09726470588235295,0.5,2,False,all_validation
coco-rem,000000472678,/home/felix/fiftyone/coco-2017/validation/data/000000472678.jpg,validation,locked_confirmation,000000472678,14,0.009951171875,0.5714285714285714,8,False,all_validation
coco-rem,000000473015,/home/felix/fiftyone/coco-2017/validation/data/000000473015.jpg,validation,locked_confirmation,000000473015,5,0.0019211065573770491,0.0,1,False,all_validation
coco-rem,000000473118,/home/felix/fiftyone/coco-2017/validation/data/000000473118.jpg,validation,locked_confirmation,000000473118,3,0.03922543352601156,0.6666666666666666,3,False,all_validation
coco-rem,000000473121,/home/felix/fiftyone/coco-2017/validation/data/000000473121.jpg,validation,locked_confirmation,000000473121,3,0.0025903614457831324,1.0,2,False,all_validation
coco-rem,000000473219,/home/felix/fiftyone/coco-2017/validation/data/000000473219.jpg,validation,locked_confirmation,000000473219,22,0.026255841121495326,0.6818181818181818,5,False,all_validation
coco-rem,000000473237,/home/felix/fiftyone/coco-2017/validation/data/000000473237.jpg,validation,locked_confirmation,000000473237,3,0.10106734154929578,1.0,3,False,all_validation
coco-rem,000000473406,/home/felix/fiftyone/coco-2017/validation/data/000000473406.jpg,validation,locked_confirmation,000000473406,18,0.006072591145833334,0.2777777777777778,6,False,all_validation
coco-rem,000000473821,/home/felix/fiftyone/coco-2017/validation/data/000000473821.jpg,validation,locked_confirmation,000000473821,4,0.08533333333333333,0.5,3,False,all_validation
coco-rem,000000473869,/home/felix/fiftyone/coco-2017/validation/data/000000473869.jpg,validation,locked_confirmation,000000473869,13,0.011614461358313817,0.6923076923076923,9,False,all_validation
coco-rem,000000473974,/home/felix/fiftyone/coco-2017/validation/data/000000473974.jpg,validation,locked_confirmation,000000473974,5,0.02978629976580796,0.0,1,False,all_validation
coco-rem,000000474021,/home/felix/fiftyone/coco-2017/validation/data/000000474021.jpg,validation,locked_confirmation,000000474021,25,0.0017226666666666666,1.0,6,True,all_validation
coco-rem,000000474028,/home/felix/fiftyone/coco-2017/validation/data/000000474028.jpg,validation,locked_confirmation,000000474028,14,0.011469920960187353,0.5,2,True,all_validation
coco-rem,000000474039,/home/felix/fiftyone/coco-2017/validation/data/000000474039.jpg,validation,locked_confirmation,000000474039,3,0.37468438279301747,0.0,2,False,all_validation
coco-rem,000000474078,/home/felix/fiftyone/coco-2017/validation/data/000000474078.jpg,validation,locked_confirmation,000000474078,8,0.00580078125,0.5,4,False,all_validation
coco-rem,000000474095,/home/felix/fiftyone/coco-2017/validation/data/000000474095.jpg,validation,locked_confirmation,000000474095,2,0.3098618618618619,1.0,2,False,all_validation
coco-rem,000000474164,/home/felix/fiftyone/coco-2017/validation/data/000000474164.jpg,validation,locked_confirmation,000000474164,3,0.041321090047393365,0.6666666666666666,3,False,all_validation
coco-rem,000000474167,/home/felix/fiftyone/coco-2017/validation/data/000000474167.jpg,validation,locked_confirmation,000000474167,9,0.05305913348946136,0.3333333333333333,5,False,all_validation
coco-rem,000000474170,/home/felix/fiftyone/coco-2017/validation/data/000000474170.jpg,validation,locked_confirmation,000000474170,2,0.028688151041666665,1.0,1,False,all_validation
coco-rem,000000474293,/home/felix/fiftyone/coco-2017/validation/data/000000474293.jpg,validation,locked_confirmation,000000474293,15,0.001318359375,0.13333333333333333,3,True,all_validation
coco-rem,000000474344,/home/felix/fiftyone/coco-2017/validation/data/000000474344.jpg,validation,locked_confirmation,000000474344,3,0.024048594847775176,0.6666666666666666,2,False,all_validation
coco-rem,000000474452,/home/felix/fiftyone/coco-2017/validation/data/000000474452.jpg,validation,locked_confirmation,000000474452,14,0.0010666666666666667,0.14285714285714285,2,True,all_validation
coco-rem,000000474786,/home/felix/fiftyone/coco-2017/validation/data/000000474786.jpg,validation,locked_confirmation,000000474786,9,0.018224,0.2222222222222222,3,False,all_validation
coco-rem,000000474854,/home/felix/fiftyone/coco-2017/validation/data/000000474854.jpg,validation,locked_confirmation,000000474854,4,0.10483306308962265,0.75,4,False,all_validation
coco-rem,000000474881,/home/felix/fiftyone/coco-2017/validation/data/000000474881.jpg,validation,locked_confirmation,000000474881,4,0.048349609375,0.5,1,False,all_validation
coco-rem,000000475064,/home/felix/fiftyone/coco-2017/validation/data/000000475064.jpg,validation,locked_confirmation,000000475064,4,0.031681791569086654,0.0,2,False,all_validation
coco-rem,000000475150,/home/felix/fiftyone/coco-2017/validation/data/000000475150.jpg,validation,locked_confirmation,000000475150,1,0.692476580796253,0.0,1,False,all_validation
coco-rem,000000475191,/home/felix/fiftyone/coco-2017/validation/data/000000475191.jpg,validation,locked_confirmation,000000475191,2,0.128515625,0.0,2,False,all_validation
coco-rem,000000475223,/home/felix/fiftyone/coco-2017/validation/data/000000475223.jpg,validation,locked_confirmation,000000475223,2,0.03999357876712329,0.0,1,False,all_validation
coco-rem,000000475365,/home/felix/fiftyone/coco-2017/validation/data/000000475365.jpg,validation,locked_confirmation,000000475365,1,0.7014744718309859,0.0,1,False,all_validation
coco-rem,000000475387,/home/felix/fiftyone/coco-2017/validation/data/000000475387.jpg,validation,locked_confirmation,000000475387,15,0.002033787703016241,0.5333333333333333,4,False,all_validation
coco-rem,000000475484,/home/felix/fiftyone/coco-2017/validation/data/000000475484.jpg,validation,locked_confirmation,000000475484,12,0.00371368838028169,0.16666666666666666,4,False,all_validation
coco-rem,000000475572,/home/felix/fiftyone/coco-2017/validation/data/000000475572.jpg,validation,locked_confirmation,000000475572,6,0.11033388921113689,0.3333333333333333,5,False,all_validation
coco-rem,000000475678,/home/felix/fiftyone/coco-2017/validation/data/000000475678.jpg,validation,locked_confirmation,000000475678,20,0.0324755859375,0.3,1,False,all_validation
coco-rem,000000475732,/home/felix/fiftyone/coco-2017/validation/data/000000475732.jpg,validation,locked_confirmation,000000475732,1,0.72802734375,0.0,1,False,all_validation
coco-rem,000000475779,/home/felix/fiftyone/coco-2017/validation/data/000000475779.jpg,validation,locked_confirmation,000000475779,1,0.5319140625,0.0,1,False,all_validation
coco-rem,000000475904,/home/felix/fiftyone/coco-2017/validation/data/000000475904.jpg,validation,locked_confirmation,000000475904,2,0.09049295774647888,0.0,2,False,all_validation
coco-rem,000000476119,/home/felix/fiftyone/coco-2017/validation/data/000000476119.jpg,validation,locked_confirmation,000000476119,5,0.02351434426229508,0.0,4,False,all_validation
coco-rem,000000476215,/home/felix/fiftyone/coco-2017/validation/data/000000476215.jpg,validation,locked_confirmation,000000476215,3,0.05864914425427873,0.0,2,False,all_validation
coco-rem,000000476258,/home/felix/fiftyone/coco-2017/validation/data/000000476258.jpg,validation,locked_confirmation,000000476258,2,0.1929325613079019,1.0,2,False,all_validation
coco-rem,000000476415,/home/felix/fiftyone/coco-2017/validation/data/000000476415.jpg,validation,locked_confirmation,000000476415,2,0.4943955399061033,1.0,2,False,all_validation
coco-rem,000000476491,/home/felix/fiftyone/coco-2017/validation/data/000000476491.jpg,validation,locked_confirmation,000000476491,0,,0.0,0,False,all_validation
coco-rem,000000476514,/home/felix/fiftyone/coco-2017/validation/data/000000476514.jpg,validation,locked_confirmation,000000476514,5,0.11240463615023474,1.0,4,False,all_validation
coco-rem,000000476704,/home/felix/fiftyone/coco-2017/validation/data/000000476704.jpg,validation,locked_confirmation,000000476704,9,0.004176401869158878,0.2222222222222222,6,False,all_validation
coco-rem,000000476770,/home/felix/fiftyone/coco-2017/validation/data/000000476770.jpg,validation,locked_confirmation,000000476770,16,0.004958920187793427,0.4375,2,True,all_validation
coco-rem,000000476787,/home/felix/fiftyone/coco-2017/validation/data/000000476787.jpg,validation,locked_confirmation,000000476787,12,0.0292236328125,0.16666666666666666,5,False,all_validation
coco-rem,000000476810,/home/felix/fiftyone/coco-2017/validation/data/000000476810.jpg,validation,locked_confirmation,000000476810,9,0.016139322916666667,0.6666666666666666,5,False,all_validation
coco-rem,000000477118,/home/felix/fiftyone/coco-2017/validation/data/000000477118.jpg,validation,locked_confirmation,000000477118,0,,0.0,0,False,all_validation
coco-rem,000000477227,/home/felix/fiftyone/coco-2017/validation/data/000000477227.jpg,validation,locked_confirmation,000000477227,8,0.0010758196721311476,0.5,4,False,all_validation
coco-rem,000000477288,/home/felix/fiftyone/coco-2017/validation/data/000000477288.jpg,validation,locked_confirmation,000000477288,15,0.03968098958333333,0.4666666666666667,2,False,all_validation
coco-rem,000000477441,/home/felix/fiftyone/coco-2017/validation/data/000000477441.jpg,validation,locked_confirmation,000000477441,4,0.00146484375,0.5,2,False,all_validation
coco-rem,000000477623,/home/felix/fiftyone/coco-2017/validation/data/000000477623.jpg,validation,locked_confirmation,000000477623,2,0.271435546875,0.0,1,False,all_validation
coco-rem,000000477689,/home/felix/fiftyone/coco-2017/validation/data/000000477689.jpg,validation,locked_confirmation,000000477689,2,0.3803921568627451,1.0,2,False,all_validation
coco-rem,000000477805,/home/felix/fiftyone/coco-2017/validation/data/000000477805.jpg,validation,locked_confirmation,000000477805,4,0.06460406908665105,0.75,3,False,all_validation
coco-rem,000000477955,/home/felix/fiftyone/coco-2017/validation/data/000000477955.jpg,validation,locked_confirmation,000000477955,8,0.00013671875,0.25,3,False,all_validation
coco-rem,000000478136,/home/felix/fiftyone/coco-2017/validation/data/000000478136.jpg,validation,locked_confirmation,000000478136,7,0.06669207317073171,1.0,3,False,all_validation
coco-rem,000000478286,/home/felix/fiftyone/coco-2017/validation/data/000000478286.jpg,validation,locked_confirmation,000000478286,1,0.18125,0.0,1,False,all_validation
coco-rem,000000478393,/home/felix/fiftyone/coco-2017/validation/data/000000478393.jpg,validation,locked_confirmation,000000478393,4,0.18310546875,0.0,3,False,all_validation
coco-rem,000000478420,/home/felix/fiftyone/coco-2017/validation/data/000000478420.jpg,validation,locked_confirmation,000000478420,3,0.19541666666666666,0.6666666666666666,2,False,all_validation
coco-rem,000000478474,/home/felix/fiftyone/coco-2017/validation/data/000000478474.jpg,validation,locked_confirmation,000000478474,8,0.00040852864583333333,0.375,2,False,all_validation
coco-rem,000000478721,/home/felix/fiftyone/coco-2017/validation/data/000000478721.jpg,validation,locked_confirmation,000000478721,12,0.007473958333333333,0.3333333333333333,4,False,all_validation
coco-rem,000000478862,/home/felix/fiftyone/coco-2017/validation/data/000000478862.jpg,validation,locked_confirmation,000000478862,14,0.0033121744791666666,1.0,2,True,all_validation
coco-rem,000000479030,/home/felix/fiftyone/coco-2017/validation/data/000000479030.jpg,validation,locked_confirmation,000000479030,12,0.0002800707547169811,0.5833333333333334,4,False,all_validation
coco-rem,000000479099,/home/felix/fiftyone/coco-2017/validation/data/000000479099.jpg,validation,locked_confirmation,000000479099,1,0.006722005208333334,0.0,1,False,all_validation
coco-rem,000000479126,/home/felix/fiftyone/coco-2017/validation/data/000000479126.jpg,validation,locked_confirmation,000000479126,9,0.07142857142857142,0.8888888888888888,5,False,all_validation
coco-rem,000000479155,/home/felix/fiftyone/coco-2017/validation/data/000000479155.jpg,validation,locked_confirmation,000000479155,17,0.015180722891566266,0.23529411764705882,5,True,all_validation
coco-rem,000000479248,/home/felix/fiftyone/coco-2017/validation/data/000000479248.jpg,validation,locked_confirmation,000000479248,26,0.0030891927083333335,0.3076923076923077,8,False,all_validation
coco-rem,000000479448,/home/felix/fiftyone/coco-2017/validation/data/000000479448.jpg,validation,locked_confirmation,000000479448,27,0.022528,0.9259259259259259,5,False,all_validation
coco-rem,000000479596,/home/felix/fiftyone/coco-2017/validation/data/000000479596.jpg,validation,locked_confirmation,000000479596,51,0.009988317757009346,0.35294117647058826,2,True,all_validation
coco-rem,000000479732,/home/felix/fiftyone/coco-2017/validation/data/000000479732.jpg,validation,locked_confirmation,000000479732,3,0.7288989485981309,0.6666666666666666,3,False,all_validation
coco-rem,000000479912,/home/felix/fiftyone/coco-2017/validation/data/000000479912.jpg,validation,locked_confirmation,000000479912,7,0.001500392259414226,0.7142857142857143,3,False,all_validation
coco-rem,000000479953,/home/felix/fiftyone/coco-2017/validation/data/000000479953.jpg,validation,locked_confirmation,000000479953,2,0.05883627544529262,0.0,2,False,all_validation
coco-rem,000000480021,/home/felix/fiftyone/coco-2017/validation/data/000000480021.jpg,validation,locked_confirmation,000000480021,9,0.08359540870488323,0.8888888888888888,4,False,all_validation
coco-rem,000000480122,/home/felix/fiftyone/coco-2017/validation/data/000000480122.jpg,validation,locked_confirmation,000000480122,24,0.006934814453125,0.75,10,False,all_validation
coco-rem,000000480212,/home/felix/fiftyone/coco-2017/validation/data/000000480212.jpg,validation,locked_confirmation,000000480212,2,0.5877083333333334,1.0,2,False,all_validation
coco-rem,000000480275,/home/felix/fiftyone/coco-2017/validation/data/000000480275.jpg,validation,locked_confirmation,000000480275,10,0.0014845408704883228,0.2,2,True,all_validation
coco-rem,000000480842,/home/felix/fiftyone/coco-2017/validation/data/000000480842.jpg,validation,locked_confirmation,000000480842,2,0.280546875,0.0,1,False,all_validation
coco-rem,000000480936,/home/felix/fiftyone/coco-2017/validation/data/000000480936.jpg,validation,locked_confirmation,000000480936,5,0.027599844398340248,0.6,4,False,all_validation
coco-rem,000000480944,/home/felix/fiftyone/coco-2017/validation/data/000000480944.jpg,validation,locked_confirmation,000000480944,14,0.006090494791666666,0.2857142857142857,4,False,all_validation
coco-rem,000000480985,/home/felix/fiftyone/coco-2017/validation/data/000000480985.jpg,validation,locked_confirmation,000000480985,13,0.0031893333333333335,0.6153846153846154,2,False,all_validation
coco-rem,000000481159,/home/felix/fiftyone/coco-2017/validation/data/000000481159.jpg,validation,locked_confirmation,000000481159,1,0.2631546976241901,0.0,1,False,all_validation
coco-rem,000000481386,/home/felix/fiftyone/coco-2017/validation/data/000000481386.jpg,validation,locked_confirmation,000000481386,34,0.0021241949648711945,0.47058823529411764,6,True,all_validation
coco-rem,000000481390,/home/felix/fiftyone/coco-2017/validation/data/000000481390.jpg,validation,locked_confirmation,000000481390,34,0.005673828125,0.47058823529411764,5,True,all_validation
coco-rem,000000481404,/home/felix/fiftyone/coco-2017/validation/data/000000481404.jpg,validation,locked_confirmation,000000481404,0,,0.0,0,False,all_validation
coco-rem,000000481413,/home/felix/fiftyone/coco-2017/validation/data/000000481413.jpg,validation,locked_confirmation,000000481413,2,0.0646973799765808,1.0,2,False,all_validation
coco-rem,000000481480,/home/felix/fiftyone/coco-2017/validation/data/000000481480.jpg,validation,locked_confirmation,000000481480,4,0.018431517454954954,1.0,2,False,all_validation
coco-rem,000000481567,/home/felix/fiftyone/coco-2017/validation/data/000000481567.jpg,validation,locked_confirmation,000000481567,2,0.13461588541666666,1.0,2,False,all_validation
coco-rem,000000481573,/home/felix/fiftyone/coco-2017/validation/data/000000481573.jpg,validation,locked_confirmation,000000481573,2,0.3858421361502347,0.0,2,False,all_validation
coco-rem,000000481582,/home/felix/fiftyone/coco-2017/validation/data/000000481582.jpg,validation,locked_confirmation,000000481582,4,0.12162434133489461,0.5,2,False,all_validation
coco-rem,000000482100,/home/felix/fiftyone/coco-2017/validation/data/000000482100.jpg,validation,locked_confirmation,000000482100,7,0.0061365632318501175,0.0,2,False,all_validation
coco-rem,000000482275,/home/felix/fiftyone/coco-2017/validation/data/000000482275.jpg,validation,locked_confirmation,000000482275,23,0.00322265625,0.6521739130434783,6,False,all_validation
coco-rem,000000482319,/home/felix/fiftyone/coco-2017/validation/data/000000482319.jpg,validation,locked_confirmation,000000482319,29,0.00107421875,1.0,4,False,all_validation
coco-rem,000000482436,/home/felix/fiftyone/coco-2017/validation/data/000000482436.jpg,validation,locked_confirmation,000000482436,9,0.03454254987531172,0.8888888888888888,6,False,all_validation
coco-rem,000000482477,/home/felix/fiftyone/coco-2017/validation/data/000000482477.jpg,validation,locked_confirmation,000000482477,1,0.35860327743902437,0.0,1,False,all_validation
coco-rem,000000482487,/home/felix/fiftyone/coco-2017/validation/data/000000482487.jpg,validation,locked_confirmation,000000482487,2,0.022900390625,0.0,1,False,all_validation
coco-rem,000000482585,/home/felix/fiftyone/coco-2017/validation/data/000000482585.jpg,validation,locked_confirmation,000000482585,6,0.0042138671875,0.0,4,False,all_validation
coco-rem,000000482719,/home/felix/fiftyone/coco-2017/validation/data/000000482719.jpg,validation,locked_confirmation,000000482719,10,0.061455078125,0.9,5,False,all_validation
coco-rem,000000482735,/home/felix/fiftyone/coco-2017/validation/data/000000482735.jpg,validation,locked_confirmation,000000482735,2,0.016269028103044498,0.0,2,False,all_validation
coco-rem,000000482800,/home/felix/fiftyone/coco-2017/validation/data/000000482800.jpg,validation,locked_confirmation,000000482800,4,0.06779266958424508,0.75,2,False,all_validation
coco-rem,000000482917,/home/felix/fiftyone/coco-2017/validation/data/000000482917.jpg,validation,locked_confirmation,000000482917,5,0.24128,0.8,5,False,all_validation
coco-rem,000000482970,/home/felix/fiftyone/coco-2017/validation/data/000000482970.jpg,validation,locked_confirmation,000000482970,4,0.04761284722222222,0.5,4,False,all_validation
coco-rem,000000482978,/home/felix/fiftyone/coco-2017/validation/data/000000482978.jpg,validation,locked_confirmation,000000482978,5,0.04440104166666667,1.0,2,False,all_validation
coco-rem,000000483050,/home/felix/fiftyone/coco-2017/validation/data/000000483050.jpg,validation,locked_confirmation,000000483050,3,0.002235878661087866,0.0,3,False,all_validation
coco-rem,000000483531,/home/felix/fiftyone/coco-2017/validation/data/000000483531.jpg,validation,locked_confirmation,000000483531,2,0.2422265625,1.0,1,False,all_validation
coco-rem,000000483667,/home/felix/fiftyone/coco-2017/validation/data/000000483667.jpg,validation,locked_confirmation,000000483667,3,0.048525528169014086,1.0,3,False,all_validation
coco-rem,000000483999,/home/felix/fiftyone/coco-2017/validation/data/000000483999.jpg,validation,locked_confirmation,000000483999,41,0.003723714953271028,0.8292682926829268,8,True,all_validation
coco-rem,000000484029,/home/felix/fiftyone/coco-2017/validation/data/000000484029.jpg,validation,locked_confirmation,000000484029,8,0.00279296875,0.0,2,False,all_validation
coco-rem,000000484296,/home/felix/fiftyone/coco-2017/validation/data/000000484296.jpg,validation,locked_confirmation,000000484296,2,0.168642578125,0.0,1,False,all_validation
coco-rem,000000484351,/home/felix/fiftyone/coco-2017/validation/data/000000484351.jpg,validation,locked_confirmation,000000484351,32,0.012037852112676056,0.6875,9,True,all_validation
coco-rem,000000484404,/home/felix/fiftyone/coco-2017/validation/data/000000484404.jpg,validation,locked_confirmation,000000484404,18,0.0063818359375,0.5,3,False,all_validation
coco-rem,000000484415,/home/felix/fiftyone/coco-2017/validation/data/000000484415.jpg,validation,locked_confirmation,000000484415,2,0.5844791666666667,1.0,2,False,all_validation
coco-rem,000000484760,/home/felix/fiftyone/coco-2017/validation/data/000000484760.jpg,validation,locked_confirmation,000000484760,1,0.003990610328638498,0.0,1,False,all_validation
coco-rem,000000484893,/home/felix/fiftyone/coco-2017/validation/data/000000484893.jpg,validation,locked_confirmation,000000484893,8,0.08649970794392524,0.25,2,False,all_validation
coco-rem,000000484978,/home/felix/fiftyone/coco-2017/validation/data/000000484978.jpg,validation,locked_confirmation,000000484978,22,0.006281822810590631,0.9545454545454546,7,False,all_validation
coco-rem,000000485027,/home/felix/fiftyone/coco-2017/validation/data/000000485027.jpg,validation,locked_confirmation,000000485027,3,0.028639651335311572,0.0,3,False,all_validation
coco-rem,000000485071,/home/felix/fiftyone/coco-2017/validation/data/000000485071.jpg,validation,locked_confirmation,000000485071,2,0.028539465962441314,0.0,2,False,all_validation
coco-rem,000000485130,/home/felix/fiftyone/coco-2017/validation/data/000000485130.jpg,validation,locked_confirmation,000000485130,2,0.8121821466809421,1.0,2,False,all_validation
coco-rem,000000485237,/home/felix/fiftyone/coco-2017/validation/data/000000485237.jpg,validation,locked_confirmation,000000485237,8,0.006362248563218391,0.25,3,False,all_validation
coco-rem,000000485424,/home/felix/fiftyone/coco-2017/validation/data/000000485424.jpg,validation,locked_confirmation,000000485424,9,0.006962890625,0.2222222222222222,4,False,all_validation
coco-rem,000000485480,/home/felix/fiftyone/coco-2017/validation/data/000000485480.jpg,validation,locked_confirmation,000000485480,5,0.07836966192170819,0.8,3,False,all_validation
coco-rem,000000485802,/home/felix/fiftyone/coco-2017/validation/data/000000485802.jpg,validation,locked_confirmation,000000485802,1,0.0009976525821596245,0.0,1,False,all_validation
coco-rem,000000485844,/home/felix/fiftyone/coco-2017/validation/data/000000485844.jpg,validation,locked_confirmation,000000485844,11,0.01282354797979798,0.7272727272727273,8,False,all_validation
coco-rem,000000485895,/home/felix/fiftyone/coco-2017/validation/data/000000485895.jpg,validation,locked_confirmation,000000485895,1,0.08295180722891567,0.0,1,False,all_validation
coco-rem,000000485972,/home/felix/fiftyone/coco-2017/validation/data/000000485972.jpg,validation,locked_confirmation,000000485972,6,0.09823210093896714,0.3333333333333333,4,False,all_validation
coco-rem,000000486040,/home/felix/fiftyone/coco-2017/validation/data/000000486040.jpg,validation,locked_confirmation,000000486040,6,0.021569010416666666,1.0,5,False,all_validation
coco-rem,000000486046,/home/felix/fiftyone/coco-2017/validation/data/000000486046.jpg,validation,locked_confirmation,000000486046,4,0.021640625,0.5,2,False,all_validation
coco-rem,000000486104,/home/felix/fiftyone/coco-2017/validation/data/000000486104.jpg,validation,locked_confirmation,000000486104,17,0.0032426666666666667,0.23529411764705882,4,True,all_validation
coco-rem,000000486112,/home/felix/fiftyone/coco-2017/validation/data/000000486112.jpg,validation,locked_confirmation,000000486112,2,0.5704149590163935,1.0,2,False,all_validation
coco-rem,000000486438,/home/felix/fiftyone/coco-2017/validation/data/000000486438.jpg,validation,locked_confirmation,000000486438,9,0.07722848360655737,0.2222222222222222,2,False,all_validation
coco-rem,000000486479,/home/felix/fiftyone/coco-2017/validation/data/000000486479.jpg,validation,locked_confirmation,000000486479,2,0.5023653333333333,1.0,2,False,all_validation
coco-rem,000000486573,/home/felix/fiftyone/coco-2017/validation/data/000000486573.jpg,validation,locked_confirmation,000000486573,1,0.07188151041666667,0.0,1,False,all_validation
coco-rem,000000487583,/home/felix/fiftyone/coco-2017/validation/data/000000487583.jpg,validation,locked_confirmation,000000487583,2,0.30545774647887325,1.0,2,False,all_validation
coco-rem,000000488075,/home/felix/fiftyone/coco-2017/validation/data/000000488075.jpg,validation,locked_confirmation,000000488075,14,0.00408203125,0.14285714285714285,6,False,all_validation
coco-rem,000000488166,/home/felix/fiftyone/coco-2017/validation/data/000000488166.jpg,validation,locked_confirmation,000000488166,6,0.062285751385041555,1.0,5,False,all_validation
coco-rem,000000488251,/home/felix/fiftyone/coco-2017/validation/data/000000488251.jpg,validation,locked_confirmation,000000488251,6,0.0034266493055555556,0.3333333333333333,4,False,all_validation
coco-rem,000000488270,/home/felix/fiftyone/coco-2017/validation/data/000000488270.jpg,validation,locked_confirmation,000000488270,1,0.018882042253521126,0.0,1,False,all_validation
coco-rem,000000488385,/home/felix/fiftyone/coco-2017/validation/data/000000488385.jpg,validation,locked_confirmation,000000488385,2,0.3639095052083333,0.0,1,False,all_validation
coco-rem,000000488592,/home/felix/fiftyone/coco-2017/validation/data/000000488592.jpg,validation,locked_confirmation,000000488592,13,0.00177734375,0.38461538461538464,3,False,all_validation
coco-rem,000000488664,/home/felix/fiftyone/coco-2017/validation/data/000000488664.jpg,validation,locked_confirmation,000000488664,3,0.0013102239735224216,0.0,2,False,all_validation
coco-rem,000000488673,/home/felix/fiftyone/coco-2017/validation/data/000000488673.jpg,validation,locked_confirmation,000000488673,15,0.015540364583333334,1.0,8,False,all_validation
coco-rem,000000488710,/home/felix/fiftyone/coco-2017/validation/data/000000488710.jpg,validation,locked_confirmation,000000488710,1,0.485625,0.0,1,False,all_validation
coco-rem,000000488736,/home/felix/fiftyone/coco-2017/validation/data/000000488736.jpg,validation,locked_confirmation,000000488736,2,0.057317708333333335,0.0,1,False,all_validation
coco-rem,000000489014,/home/felix/fiftyone/coco-2017/validation/data/000000489014.jpg,validation,locked_confirmation,000000489014,3,0.012174479166666667,1.0,3,False,all_validation
coco-rem,000000489046,/home/felix/fiftyone/coco-2017/validation/data/000000489046.jpg,validation,locked_confirmation,000000489046,1,0.04342798594847775,0.0,1,False,all_validation
coco-rem,000000489091,/home/felix/fiftyone/coco-2017/validation/data/000000489091.jpg,validation,locked_confirmation,000000489091,3,0.039341517857142856,0.0,2,False,all_validation
coco-rem,000000489305,/home/felix/fiftyone/coco-2017/validation/data/000000489305.jpg,validation,locked_confirmation,000000489305,8,0.006127854535041878,1.0,3,False,all_validation
coco-rem,000000489339,/home/felix/fiftyone/coco-2017/validation/data/000000489339.jpg,validation,locked_confirmation,000000489339,2,0.7098591549295775,1.0,2,False,all_validation
coco-rem,000000489611,/home/felix/fiftyone/coco-2017/validation/data/000000489611.jpg,validation,locked_confirmation,000000489611,4,0.036937299035369776,0.75,3,False,all_validation
coco-rem,000000489764,/home/felix/fiftyone/coco-2017/validation/data/000000489764.jpg,validation,locked_confirmation,000000489764,10,0.0021535199814126395,0.9,5,False,all_validation
coco-rem,000000489842,/home/felix/fiftyone/coco-2017/validation/data/000000489842.jpg,validation,locked_confirmation,000000489842,21,0.012698763250883392,0.2857142857142857,3,True,all_validation
coco-rem,000000489924,/home/felix/fiftyone/coco-2017/validation/data/000000489924.jpg,validation,locked_confirmation,000000489924,2,0.37551662821991544,1.0,2,False,all_validation
coco-rem,000000490125,/home/felix/fiftyone/coco-2017/validation/data/000000490125.jpg,validation,locked_confirmation,000000490125,19,0.007773134328358209,0.21052631578947367,2,False,all_validation
coco-rem,000000490171,/home/felix/fiftyone/coco-2017/validation/data/000000490171.jpg,validation,locked_confirmation,000000490171,3,0.027766393442622953,0.0,3,False,all_validation
coco-rem,000000490413,/home/felix/fiftyone/coco-2017/validation/data/000000490413.jpg,validation,locked_confirmation,000000490413,1,0.6677521008403361,0.0,1,False,all_validation
coco-rem,000000490470,/home/felix/fiftyone/coco-2017/validation/data/000000490470.jpg,validation,locked_confirmation,000000490470,3,0.19677734375,0.0,1,False,all_validation
coco-rem,000000490515,/home/felix/fiftyone/coco-2017/validation/data/000000490515.jpg,validation,locked_confirmation,000000490515,3,0.012997658079625293,1.0,3,False,all_validation
coco-rem,000000490936,/home/felix/fiftyone/coco-2017/validation/data/000000490936.jpg,validation,locked_confirmation,000000490936,33,0.00296875,0.36363636363636365,7,True,all_validation
coco-rem,000000491008,/home/felix/fiftyone/coco-2017/validation/data/000000491008.jpg,validation,locked_confirmation,000000491008,30,0.005962748829039813,0.5,9,False,all_validation
coco-rem,000000491071,/home/felix/fiftyone/coco-2017/validation/data/000000491071.jpg,validation,locked_confirmation,000000491071,2,0.02265625,0.0,1,False,all_validation
coco-rem,000000491090,/home/felix/fiftyone/coco-2017/validation/data/000000491090.jpg,validation,locked_confirmation,000000491090,8,0.04991664487447699,1.0,2,False,all_validation
coco-rem,000000491130,/home/felix/fiftyone/coco-2017/validation/data/000000491130.jpg,validation,locked_confirmation,000000491130,3,0.3544688205417607,0.6666666666666666,2,False,all_validation
coco-rem,000000491213,/home/felix/fiftyone/coco-2017/validation/data/000000491213.jpg,validation,locked_confirmation,000000491213,8,0.0008544921875,1.0,5,False,all_validation
coco-rem,000000491216,/home/felix/fiftyone/coco-2017/validation/data/000000491216.jpg,validation,locked_confirmation,000000491216,23,0.003046875,0.30434782608695654,9,False,all_validation
coco-rem,000000491366,/home/felix/fiftyone/coco-2017/validation/data/000000491366.jpg,validation,locked_confirmation,000000491366,12,0.008432,0.8333333333333334,6,False,all_validation
coco-rem,000000491464,/home/felix/fiftyone/coco-2017/validation/data/000000491464.jpg,validation,locked_confirmation,000000491464,13,0.0008542640186915888,0.3076923076923077,4,False,all_validation
coco-rem,000000491470,/home/felix/fiftyone/coco-2017/validation/data/000000491470.jpg,validation,locked_confirmation,000000491470,4,0.0015493333333333333,0.0,1,False,all_validation
coco-rem,000000491497,/home/felix/fiftyone/coco-2017/validation/data/000000491497.jpg,validation,locked_confirmation,000000491497,49,0.001408,0.4897959183673469,3,False,all_validation
coco-rem,000000491613,/home/felix/fiftyone/coco-2017/validation/data/000000491613.jpg,validation,locked_confirmation,000000491613,2,0.15129720052083334,0.0,1,False,all_validation
coco-rem,000000491683,/home/felix/fiftyone/coco-2017/validation/data/000000491683.jpg,validation,locked_confirmation,000000491683,2,0.018762295081967213,0.0,2,False,all_validation
coco-rem,000000491725,/home/felix/fiftyone/coco-2017/validation/data/000000491725.jpg,validation,locked_confirmation,000000491725,11,0.010826666666666667,0.36363636363636365,1,False,all_validation
coco-rem,000000491757,/home/felix/fiftyone/coco-2017/validation/data/000000491757.jpg,validation,locked_confirmation,000000491757,2,0.5556367432150313,1.0,2,False,all_validation
coco-rem,000000491867,/home/felix/fiftyone/coco-2017/validation/data/000000491867.jpg,validation,locked_confirmation,000000491867,6,0.03685384114583334,0.6666666666666666,3,False,all_validation
coco-rem,000000492077,/home/felix/fiftyone/coco-2017/validation/data/000000492077.jpg,validation,locked_confirmation,000000492077,29,0.0007877604166666666,0.6551724137931034,6,False,all_validation
coco-rem,000000492110,/home/felix/fiftyone/coco-2017/validation/data/000000492110.jpg,validation,locked_confirmation,000000492110,16,0.021851214871194378,0.6875,6,False,all_validation
coco-rem,000000492282,/home/felix/fiftyone/coco-2017/validation/data/000000492282.jpg,validation,locked_confirmation,000000492282,9,0.026953125,0.5555555555555556,2,False,all_validation
coco-rem,000000492284,/home/felix/fiftyone/coco-2017/validation/data/000000492284.jpg,validation,locked_confirmation,000000492284,4,0.04877766927083333,1.0,3,False,all_validation
coco-rem,000000492362,/home/felix/fiftyone/coco-2017/validation/data/000000492362.jpg,validation,locked_confirmation,000000492362,16,0.01442476580796253,0.8125,10,False,all_validation
coco-rem,000000492758,/home/felix/fiftyone/coco-2017/validation/data/000000492758.jpg,validation,locked_confirmation,000000492758,14,0.00898346018735363,0.6428571428571429,5,False,all_validation
coco-rem,000000492878,/home/felix/fiftyone/coco-2017/validation/data/000000492878.jpg,validation,locked_confirmation,000000492878,10,0.0284375,0.4,5,False,all_validation
coco-rem,000000492905,/home/felix/fiftyone/coco-2017/validation/data/000000492905.jpg,validation,locked_confirmation,000000492905,8,0.0012361516034985424,0.25,4,False,all_validation
coco-rem,000000492937,/home/felix/fiftyone/coco-2017/validation/data/000000492937.jpg,validation,locked_confirmation,000000492937,3,0.09778290401127772,0.6666666666666666,3,False,all_validation
coco-rem,000000492968,/home/felix/fiftyone/coco-2017/validation/data/000000492968.jpg,validation,locked_confirmation,000000492968,2,0.1518860294117647,0.0,2,False,all_validation
coco-rem,000000492992,/home/felix/fiftyone/coco-2017/validation/data/000000492992.jpg,validation,locked_confirmation,000000492992,2,0.2717505854800937,0.0,2,False,all_validation
coco-rem,000000493019,/home/felix/fiftyone/coco-2017/validation/data/000000493019.jpg,validation,locked_confirmation,000000493019,8,0.03683618215031315,0.375,1,False,all_validation
coco-rem,000000493284,/home/felix/fiftyone/coco-2017/validation/data/000000493284.jpg,validation,locked_confirmation,000000493284,7,0.1384550644028103,0.8571428571428571,1,False,all_validation
coco-rem,000000493286,/home/felix/fiftyone/coco-2017/validation/data/000000493286.jpg,validation,locked_confirmation,000000493286,10,0.004868123259052925,1.0,3,False,all_validation
coco-rem,000000493334,/home/felix/fiftyone/coco-2017/validation/data/000000493334.jpg,validation,locked_confirmation,000000493334,2,0.49783279742765274,1.0,2,False,all_validation
coco-rem,000000493442,/home/felix/fiftyone/coco-2017/validation/data/000000493442.jpg,validation,locked_confirmation,000000493442,3,0.005245011737089202,0.6666666666666666,2,False,all_validation
coco-rem,000000493566,/home/felix/fiftyone/coco-2017/validation/data/000000493566.jpg,validation,locked_confirmation,000000493566,2,0.3158499053030303,1.0,1,False,all_validation
coco-rem,000000493613,/home/felix/fiftyone/coco-2017/validation/data/000000493613.jpg,validation,locked_confirmation,000000493613,1,0.11525735294117648,0.0,1,False,all_validation
coco-rem,000000493772,/home/felix/fiftyone/coco-2017/validation/data/000000493772.jpg,validation,locked_confirmation,000000493772,2,0.010118408203125,0.0,2,False,all_validation
coco-rem,000000493799,/home/felix/fiftyone/coco-2017/validation/data/000000493799.jpg,validation,locked_confirmation,000000493799,6,0.04958592132505176,1.0,3,False,all_validation
coco-rem,000000493864,/home/felix/fiftyone/coco-2017/validation/data/000000493864.jpg,validation,locked_confirmation,000000493864,6,0.00234375,0.6666666666666666,2,False,all_validation
coco-rem,000000493905,/home/felix/fiftyone/coco-2017/validation/data/000000493905.jpg,validation,locked_confirmation,000000493905,28,0.005167742994746059,0.5357142857142857,4,True,all_validation
coco-rem,000000494188,/home/felix/fiftyone/coco-2017/validation/data/000000494188.jpg,validation,locked_confirmation,000000494188,16,0.006658528645833333,0.5,5,False,all_validation
coco-rem,000000494427,/home/felix/fiftyone/coco-2017/validation/data/000000494427.jpg,validation,locked_confirmation,000000494427,2,0.4265869140625,1.0,2,False,all_validation
coco-rem,000000494634,/home/felix/fiftyone/coco-2017/validation/data/000000494634.jpg,validation,locked_confirmation,000000494634,8,0.001943359375,0.25,5,False,all_validation
coco-rem,000000494759,/home/felix/fiftyone/coco-2017/validation/data/000000494759.jpg,validation,locked_confirmation,000000494759,3,0.019889322916666667,0.0,2,False,all_validation
coco-rem,000000494863,/home/felix/fiftyone/coco-2017/validation/data/000000494863.jpg,validation,locked_confirmation,000000494863,2,0.25714192708333333,1.0,1,False,all_validation
coco-rem,000000494869,/home/felix/fiftyone/coco-2017/validation/data/000000494869.jpg,validation,locked_confirmation,000000494869,10,0.005333357728337236,0.5,5,False,all_validation
coco-rem,000000494913,/home/felix/fiftyone/coco-2017/validation/data/000000494913.jpg,validation,locked_confirmation,000000494913,27,0.0010514018691588785,0.5185185185185185,12,True,all_validation
coco-rem,000000495054,/home/felix/fiftyone/coco-2017/validation/data/000000495054.jpg,validation,locked_confirmation,000000495054,8,0.0054128175519630485,0.25,2,False,all_validation
coco-rem,000000495146,/home/felix/fiftyone/coco-2017/validation/data/000000495146.jpg,validation,locked_confirmation,000000495146,17,0.01396484375,0.8235294117647058,5,False,all_validation
coco-rem,000000495448,/home/felix/fiftyone/coco-2017/validation/data/000000495448.jpg,validation,locked_confirmation,000000495448,2,0.2689029947916667,0.0,2,False,all_validation
coco-rem,000000495732,/home/felix/fiftyone/coco-2017/validation/data/000000495732.jpg,validation,locked_confirmation,000000495732,6,0.06643186475409836,1.0,3,False,all_validation
coco-rem,000000496409,/home/felix/fiftyone/coco-2017/validation/data/000000496409.jpg,validation,locked_confirmation,000000496409,4,0.002848,0.75,2,False,all_validation
coco-rem,000000496571,/home/felix/fiftyone/coco-2017/validation/data/000000496571.jpg,validation,locked_confirmation,000000496571,14,0.0117827868852459,0.9285714285714286,8,False,all_validation
coco-rem,000000496597,/home/felix/fiftyone/coco-2017/validation/data/000000496597.jpg,validation,locked_confirmation,000000496597,3,0.000390625,0.6666666666666666,2,False,all_validation
coco-rem,000000496722,/home/felix/fiftyone/coco-2017/validation/data/000000496722.jpg,validation,locked_confirmation,000000496722,13,0.0004557291666666667,0.0,3,False,all_validation
coco-rem,000000496854,/home/felix/fiftyone/coco-2017/validation/data/000000496854.jpg,validation,locked_confirmation,000000496854,19,0.0134375,1.0,6,False,all_validation
coco-rem,000000496954,/home/felix/fiftyone/coco-2017/validation/data/000000496954.jpg,validation,locked_confirmation,000000496954,6,0.14716471354166666,0.3333333333333333,5,False,all_validation
coco-rem,000000497344,/home/felix/fiftyone/coco-2017/validation/data/000000497344.jpg,validation,locked_confirmation,000000497344,5,0.09753753753753754,0.8,5,False,all_validation
coco-rem,000000497568,/home/felix/fiftyone/coco-2017/validation/data/000000497568.jpg,validation,locked_confirmation,000000497568,5,0.0042452830188679245,1.0,3,False,all_validation
coco-rem,000000497599,/home/felix/fiftyone/coco-2017/validation/data/000000497599.jpg,validation,locked_confirmation,000000497599,8,0.042762002341920374,0.5,3,False,all_validation
coco-rem,000000497628,/home/felix/fiftyone/coco-2017/validation/data/000000497628.jpg,validation,locked_confirmation,000000497628,2,0.17200846354166666,0.0,2,False,all_validation
coco-rem,000000497867,/home/felix/fiftyone/coco-2017/validation/data/000000497867.jpg,validation,locked_confirmation,000000497867,4,0.008124617034313726,1.0,2,False,all_validation
coco-rem,000000498032,/home/felix/fiftyone/coco-2017/validation/data/000000498032.jpg,validation,locked_confirmation,000000498032,2,0.1859779094827586,1.0,2,False,all_validation
coco-rem,000000498286,/home/felix/fiftyone/coco-2017/validation/data/000000498286.jpg,validation,locked_confirmation,000000498286,2,0.38203287760416665,0.0,2,False,all_validation
coco-rem,000000498463,/home/felix/fiftyone/coco-2017/validation/data/000000498463.jpg,validation,locked_confirmation,000000498463,2,0.21975748697916667,0.0,2,False,all_validation
coco-rem,000000498709,/home/felix/fiftyone/coco-2017/validation/data/000000498709.jpg,validation,locked_confirmation,000000498709,4,0.011426470588235295,1.0,2,False,all_validation
coco-rem,000000498747,/home/felix/fiftyone/coco-2017/validation/data/000000498747.jpg,validation,locked_confirmation,000000498747,11,0.10910481770833333,1.0,3,False,all_validation
coco-rem,000000498807,/home/felix/fiftyone/coco-2017/validation/data/000000498807.jpg,validation,locked_confirmation,000000498807,2,0.21159587734741783,1.0,2,False,all_validation
coco-rem,000000498857,/home/felix/fiftyone/coco-2017/validation/data/000000498857.jpg,validation,locked_confirmation,000000498857,1,0.203392,0.0,1,False,all_validation
coco-rem,000000498919,/home/felix/fiftyone/coco-2017/validation/data/000000498919.jpg,validation,locked_confirmation,000000498919,94,0.004147376543209877,0.574468085106383,2,False,all_validation
coco-rem,000000499031,/home/felix/fiftyone/coco-2017/validation/data/000000499031.jpg,validation,locked_confirmation,000000499031,11,0.002850556206088993,0.6363636363636364,2,False,all_validation
coco-rem,000000499109,/home/felix/fiftyone/coco-2017/validation/data/000000499109.jpg,validation,locked_confirmation,000000499109,1,0.3628125,0.0,1,False,all_validation
coco-rem,000000499181,/home/felix/fiftyone/coco-2017/validation/data/000000499181.jpg,validation,locked_confirmation,000000499181,13,0.0035807291666666665,0.15384615384615385,4,False,all_validation
coco-rem,000000499266,/home/felix/fiftyone/coco-2017/validation/data/000000499266.jpg,validation,locked_confirmation,000000499266,5,0.0265234375,0.0,3,False,all_validation
coco-rem,000000499313,/home/felix/fiftyone/coco-2017/validation/data/000000499313.jpg,validation,locked_confirmation,000000499313,6,0.03280596234309623,1.0,4,False,all_validation
coco-rem,000000499622,/home/felix/fiftyone/coco-2017/validation/data/000000499622.jpg,validation,locked_confirmation,000000499622,2,0.29024016351558507,1.0,2,False,all_validation
coco-rem,000000499768,/home/felix/fiftyone/coco-2017/validation/data/000000499768.jpg,validation,locked_confirmation,000000499768,3,0.04276796144859813,0.0,2,False,all_validation
coco-rem,000000499775,/home/felix/fiftyone/coco-2017/validation/data/000000499775.jpg,validation,locked_confirmation,000000499775,2,0.0503173828125,0.0,2,False,all_validation
coco-rem,000000500049,/home/felix/fiftyone/coco-2017/validation/data/000000500049.jpg,validation,locked_confirmation,000000500049,1,0.3148657570422535,0.0,1,False,all_validation
coco-rem,000000500211,/home/felix/fiftyone/coco-2017/validation/data/000000500211.jpg,validation,locked_confirmation,000000500211,14,0.0131005859375,0.14285714285714285,2,False,all_validation
coco-rem,000000500257,/home/felix/fiftyone/coco-2017/validation/data/000000500257.jpg,validation,locked_confirmation,000000500257,64,0.002065,0.140625,3,False,all_validation
coco-rem,000000500270,/home/felix/fiftyone/coco-2017/validation/data/000000500270.jpg,validation,locked_confirmation,000000500270,12,0.0013143382352941177,0.3333333333333333,2,False,all_validation
coco-rem,000000500423,/home/felix/fiftyone/coco-2017/validation/data/000000500423.jpg,validation,locked_confirmation,000000500423,2,0.3729123975409836,1.0,2,False,all_validation
coco-rem,000000500464,/home/felix/fiftyone/coco-2017/validation/data/000000500464.jpg,validation,locked_confirmation,000000500464,5,0.0023619186046511626,0.4,4,False,all_validation
coco-rem,000000500477,/home/felix/fiftyone/coco-2017/validation/data/000000500477.jpg,validation,locked_confirmation,000000500477,2,0.6545833333333333,1.0,2,False,all_validation
coco-rem,000000500478,/home/felix/fiftyone/coco-2017/validation/data/000000500478.jpg,validation,locked_confirmation,000000500478,25,0.009574468085106383,0.28,3,True,all_validation
coco-rem,000000500565,/home/felix/fiftyone/coco-2017/validation/data/000000500565.jpg,validation,locked_confirmation,000000500565,3,0.5271224517167382,0.6666666666666666,2,False,all_validation
coco-rem,000000500613,/home/felix/fiftyone/coco-2017/validation/data/000000500613.jpg,validation,locked_confirmation,000000500613,6,0.008950367647058824,0.3333333333333333,2,False,all_validation
coco-rem,000000500663,/home/felix/fiftyone/coco-2017/validation/data/000000500663.jpg,validation,locked_confirmation,000000500663,4,0.00048502604166666665,0.0,1,False,all_validation
coco-rem,000000500716,/home/felix/fiftyone/coco-2017/validation/data/000000500716.jpg,validation,locked_confirmation,000000500716,2,0.5896898876404494,1.0,2,False,all_validation
coco-rem,000000500826,/home/felix/fiftyone/coco-2017/validation/data/000000500826.jpg,validation,locked_confirmation,000000500826,1,0.006866197183098592,0.0,1,False,all_validation
coco-rem,000000501005,/home/felix/fiftyone/coco-2017/validation/data/000000501005.jpg,validation,locked_confirmation,000000501005,5,0.10676294191919192,0.8,3,False,all_validation
coco-rem,000000501023,/home/felix/fiftyone/coco-2017/validation/data/000000501023.jpg,validation,locked_confirmation,000000501023,3,0.006165333333333333,0.0,2,False,all_validation
coco-rem,000000501243,/home/felix/fiftyone/coco-2017/validation/data/000000501243.jpg,validation,locked_confirmation,000000501243,3,0.26004464285714285,0.6666666666666666,1,False,all_validation
coco-rem,000000501368,/home/felix/fiftyone/coco-2017/validation/data/000000501368.jpg,validation,locked_confirmation,000000501368,4,0.003936,1.0,3,False,all_validation
coco-rem,000000501523,/home/felix/fiftyone/coco-2017/validation/data/000000501523.jpg,validation,locked_confirmation,000000501523,5,0.038170572916666666,1.0,4,False,all_validation
coco-rem,000000502136,/home/felix/fiftyone/coco-2017/validation/data/000000502136.jpg,validation,locked_confirmation,000000502136,4,0.014843971631205674,1.0,2,False,all_validation
coco-rem,000000502168,/home/felix/fiftyone/coco-2017/validation/data/000000502168.jpg,validation,locked_confirmation,000000502168,14,0.008158774563318778,0.7857142857142857,2,False,all_validation
coco-rem,000000502229,/home/felix/fiftyone/coco-2017/validation/data/000000502229.jpg,validation,locked_confirmation,000000502229,4,0.053904214191123075,0.75,1,False,all_validation
coco-rem,000000502336,/home/felix/fiftyone/coco-2017/validation/data/000000502336.jpg,validation,locked_confirmation,000000502336,10,0.0033443300464037124,0.7,2,False,all_validation
coco-rem,000000502347,/home/felix/fiftyone/coco-2017/validation/data/000000502347.jpg,validation,locked_confirmation,000000502347,15,0.0009973333333333334,0.0,2,False,all_validation
coco-rem,000000502599,/home/felix/fiftyone/coco-2017/validation/data/000000502599.jpg,validation,locked_confirmation,000000502599,5,0.09688967136150235,0.4,1,False,all_validation
coco-rem,000000502732,/home/felix/fiftyone/coco-2017/validation/data/000000502732.jpg,validation,locked_confirmation,000000502732,1,0.57015625,0.0,1,False,all_validation
coco-rem,000000502737,/home/felix/fiftyone/coco-2017/validation/data/000000502737.jpg,validation,locked_confirmation,000000502737,4,0.28826334635416667,1.0,3,False,all_validation
coco-rem,000000502910,/home/felix/fiftyone/coco-2017/validation/data/000000502910.jpg,validation,locked_confirmation,000000502910,0,,0.0,0,False,all_validation
coco-rem,000000503755,/home/felix/fiftyone/coco-2017/validation/data/000000503755.jpg,validation,locked_confirmation,000000503755,2,0.44183756510416666,1.0,2,False,all_validation
coco-rem,000000503823,/home/felix/fiftyone/coco-2017/validation/data/000000503823.jpg,validation,locked_confirmation,000000503823,5,0.07001801801801802,0.6,1,False,all_validation
coco-rem,000000503841,/home/felix/fiftyone/coco-2017/validation/data/000000503841.jpg,validation,locked_confirmation,000000503841,2,0.024402957775919734,0.0,1,False,all_validation
coco-rem,000000503855,/home/felix/fiftyone/coco-2017/validation/data/000000503855.jpg,validation,locked_confirmation,000000503855,17,0.0033717105263157895,0.17647058823529413,3,False,all_validation
coco-rem,000000504000,/home/felix/fiftyone/coco-2017/validation/data/000000504000.jpg,validation,locked_confirmation,000000504000,15,0.001099537037037037,0.9333333333333333,2,True,all_validation
coco-rem,000000504074,/home/felix/fiftyone/coco-2017/validation/data/000000504074.jpg,validation,locked_confirmation,000000504074,8,0.05694159836065574,0.875,4,False,all_validation
coco-rem,000000504389,/home/felix/fiftyone/coco-2017/validation/data/000000504389.jpg,validation,locked_confirmation,000000504389,5,0.00486875,0.0,3,False,all_validation
coco-rem,000000504415,/home/felix/fiftyone/coco-2017/validation/data/000000504415.jpg,validation,locked_confirmation,000000504415,8,0.01133818793911007,0.25,4,False,all_validation
coco-rem,000000504439,/home/felix/fiftyone/coco-2017/validation/data/000000504439.jpg,validation,locked_confirmation,000000504439,2,0.3134732510288066,0.0,1,False,all_validation
coco-rem,000000504580,/home/felix/fiftyone/coco-2017/validation/data/000000504580.jpg,validation,locked_confirmation,000000504580,3,0.05909689695550351,0.0,1,False,all_validation
coco-rem,000000504589,/home/felix/fiftyone/coco-2017/validation/data/000000504589.jpg,validation,locked_confirmation,000000504589,3,0.0942622950819672,0.0,2,False,all_validation
coco-rem,000000504635,/home/felix/fiftyone/coco-2017/validation/data/000000504635.jpg,validation,locked_confirmation,000000504635,4,0.11516468603286385,0.5,1,False,all_validation
coco-rem,000000504711,/home/felix/fiftyone/coco-2017/validation/data/000000504711.jpg,validation,locked_confirmation,000000504711,2,0.3836600672877847,0.0,2,False,all_validation
coco-rem,000000505169,/home/felix/fiftyone/coco-2017/validation/data/000000505169.jpg,validation,locked_confirmation,000000505169,1,0.0263671875,0.0,1,False,all_validation
coco-rem,000000505451,/home/felix/fiftyone/coco-2017/validation/data/000000505451.jpg,validation,locked_confirmation,000000505451,2,0.010679075301716811,1.0,2,False,all_validation
coco-rem,000000505565,/home/felix/fiftyone/coco-2017/validation/data/000000505565.jpg,validation,locked_confirmation,000000505565,4,0.027461674528301887,0.5,1,False,all_validation
coco-rem,000000505573,/home/felix/fiftyone/coco-2017/validation/data/000000505573.jpg,validation,locked_confirmation,000000505573,2,0.46659557799442897,1.0,2,False,all_validation
coco-rem,000000505638,/home/felix/fiftyone/coco-2017/validation/data/000000505638.jpg,validation,locked_confirmation,000000505638,5,0.00197657867494824,1.0,2,False,all_validation
coco-rem,000000505789,/home/felix/fiftyone/coco-2017/validation/data/000000505789.jpg,validation,locked_confirmation,000000505789,11,0.007578125,0.6363636363636364,4,False,all_validation
coco-rem,000000505942,/home/felix/fiftyone/coco-2017/validation/data/000000505942.jpg,validation,locked_confirmation,000000505942,7,0.007605333333333334,0.0,3,False,all_validation
coco-rem,000000506004,/home/felix/fiftyone/coco-2017/validation/data/000000506004.jpg,validation,locked_confirmation,000000506004,4,0.0026623006833712986,0.0,2,False,all_validation
coco-rem,000000506178,/home/felix/fiftyone/coco-2017/validation/data/000000506178.jpg,validation,locked_confirmation,000000506178,5,0.038064,0.6,3,False,all_validation
coco-rem,000000506279,/home/felix/fiftyone/coco-2017/validation/data/000000506279.jpg,validation,locked_confirmation,000000506279,2,0.498958740234375,1.0,2,False,all_validation
coco-rem,000000506310,/home/felix/fiftyone/coco-2017/validation/data/000000506310.jpg,validation,locked_confirmation,000000506310,6,0.02704779411764706,0.0,2,False,all_validation
coco-rem,000000506454,/home/felix/fiftyone/coco-2017/validation/data/000000506454.jpg,validation,locked_confirmation,000000506454,2,0.0487939453125,0.0,2,False,all_validation
coco-rem,000000506656,/home/felix/fiftyone/coco-2017/validation/data/000000506656.jpg,validation,locked_confirmation,000000506656,5,0.061158854166666665,0.6,3,False,all_validation
coco-rem,000000506707,/home/felix/fiftyone/coco-2017/validation/data/000000506707.jpg,validation,locked_confirmation,000000506707,16,0.026983313817330212,0.625,6,False,all_validation
coco-rem,000000506933,/home/felix/fiftyone/coco-2017/validation/data/000000506933.jpg,validation,locked_confirmation,000000506933,5,0.10005208333333333,1.0,4,False,all_validation
coco-rem,000000507015,/home/felix/fiftyone/coco-2017/validation/data/000000507015.jpg,validation,locked_confirmation,000000507015,9,0.011806778169014084,0.7777777777777778,2,False,all_validation
coco-rem,000000507037,/home/felix/fiftyone/coco-2017/validation/data/000000507037.jpg,validation,locked_confirmation,000000507037,26,0.009195963541666666,0.7307692307692307,5,True,all_validation
coco-rem,000000507042,/home/felix/fiftyone/coco-2017/validation/data/000000507042.jpg,validation,locked_confirmation,000000507042,3,0.2802729800936768,0.0,1,False,all_validation
coco-rem,000000507081,/home/felix/fiftyone/coco-2017/validation/data/000000507081.jpg,validation,locked_confirmation,000000507081,6,0.01794921875,0.3333333333333333,5,False,all_validation
coco-rem,000000507223,/home/felix/fiftyone/coco-2017/validation/data/000000507223.jpg,validation,locked_confirmation,000000507223,9,0.026595052083333334,0.7777777777777778,3,False,all_validation
coco-rem,000000507235,/home/felix/fiftyone/coco-2017/validation/data/000000507235.jpg,validation,locked_confirmation,000000507235,3,0.618885898586014,1.0,2,False,all_validation
coco-rem,000000507473,/home/felix/fiftyone/coco-2017/validation/data/000000507473.jpg,validation,locked_confirmation,000000507473,3,0.01244140625,1.0,3,False,all_validation
coco-rem,000000507575,/home/felix/fiftyone/coco-2017/validation/data/000000507575.jpg,validation,locked_confirmation,000000507575,9,0.01875,0.5555555555555556,6,False,all_validation
coco-rem,000000507667,/home/felix/fiftyone/coco-2017/validation/data/000000507667.jpg,validation,locked_confirmation,000000507667,15,0.002922279792746114,0.6,4,False,all_validation
coco-rem,000000507797,/home/felix/fiftyone/coco-2017/validation/data/000000507797.jpg,validation,locked_confirmation,000000507797,15,0.016058823529411764,0.8,4,False,all_validation
coco-rem,000000507893,/home/felix/fiftyone/coco-2017/validation/data/000000507893.jpg,validation,locked_confirmation,000000507893,2,0.01753512880562061,0.0,2,False,all_validation
coco-rem,000000507975,/home/felix/fiftyone/coco-2017/validation/data/000000507975.jpg,validation,locked_confirmation,000000507975,11,0.03341796875,0.8181818181818182,3,False,all_validation
coco-rem,000000508101,/home/felix/fiftyone/coco-2017/validation/data/000000508101.jpg,validation,locked_confirmation,000000508101,4,0.011419270833333333,0.0,2,False,all_validation
coco-rem,000000508312,/home/felix/fiftyone/coco-2017/validation/data/000000508312.jpg,validation,locked_confirmation,000000508312,4,0.07643843843843844,0.75,3,False,all_validation
coco-rem,000000508370,/home/felix/fiftyone/coco-2017/validation/data/000000508370.jpg,validation,locked_confirmation,000000508370,6,0.057102605386416865,0.8333333333333334,3,False,all_validation
coco-rem,000000508482,/home/felix/fiftyone/coco-2017/validation/data/000000508482.jpg,validation,locked_confirmation,000000508482,1,0.83125,0.0,1,False,all_validation
coco-rem,000000508586,/home/felix/fiftyone/coco-2017/validation/data/000000508586.jpg,validation,locked_confirmation,000000508586,11,0.0054600694444444445,0.36363636363636365,1,False,all_validation
coco-rem,000000508602,/home/felix/fiftyone/coco-2017/validation/data/000000508602.jpg,validation,locked_confirmation,000000508602,4,0.07285780885780886,0.5,2,False,all_validation
coco-rem,000000508639,/home/felix/fiftyone/coco-2017/validation/data/000000508639.jpg,validation,locked_confirmation,000000508639,1,0.11248697916666667,0.0,1,False,all_validation
coco-rem,000000508730,/home/felix/fiftyone/coco-2017/validation/data/000000508730.jpg,validation,locked_confirmation,000000508730,6,0.130189265167364,0.8333333333333334,4,False,all_validation
coco-rem,000000508917,/home/felix/fiftyone/coco-2017/validation/data/000000508917.jpg,validation,locked_confirmation,000000508917,18,0.0037204391891891894,0.5,5,False,all_validation
coco-rem,000000509008,/home/felix/fiftyone/coco-2017/validation/data/000000509008.jpg,validation,locked_confirmation,000000509008,1,0.6201504896313365,0.0,1,False,all_validation
coco-rem,000000509014,/home/felix/fiftyone/coco-2017/validation/data/000000509014.jpg,validation,locked_confirmation,000000509014,26,0.0015680604982206406,0.4230769230769231,2,True,all_validation
coco-rem,000000509131,/home/felix/fiftyone/coco-2017/validation/data/000000509131.jpg,validation,locked_confirmation,000000509131,15,0.016341911764705883,0.7333333333333333,4,False,all_validation
coco-rem,000000509258,/home/felix/fiftyone/coco-2017/validation/data/000000509258.jpg,validation,locked_confirmation,000000509258,1,0.0031323014018691587,0.0,1,False,all_validation
coco-rem,000000509260,/home/felix/fiftyone/coco-2017/validation/data/000000509260.jpg,validation,locked_confirmation,000000509260,14,0.003728,0.0,2,True,all_validation
coco-rem,000000509403,/home/felix/fiftyone/coco-2017/validation/data/000000509403.jpg,validation,locked_confirmation,000000509403,5,0.024355971896955503,0.0,3,False,all_validation
coco-rem,000000509451,/home/felix/fiftyone/coco-2017/validation/data/000000509451.jpg,validation,locked_confirmation,000000509451,12,0.089488,1.0,4,False,all_validation
coco-rem,000000509656,/home/felix/fiftyone/coco-2017/validation/data/000000509656.jpg,validation,locked_confirmation,000000509656,2,0.17899576822916666,1.0,1,False,all_validation
coco-rem,000000509699,/home/felix/fiftyone/coco-2017/validation/data/000000509699.jpg,validation,locked_confirmation,000000509699,7,0.002766335227272727,0.42857142857142855,4,False,all_validation
coco-rem,000000509719,/home/felix/fiftyone/coco-2017/validation/data/000000509719.jpg,validation,locked_confirmation,000000509719,2,0.17118706088992974,0.0,1,False,all_validation
coco-rem,000000509735,/home/felix/fiftyone/coco-2017/validation/data/000000509735.jpg,validation,locked_confirmation,000000509735,6,0.06330680490654206,0.6666666666666666,2,False,all_validation
coco-rem,000000509824,/home/felix/fiftyone/coco-2017/validation/data/000000509824.jpg,validation,locked_confirmation,000000509824,9,0.002021484375,0.2222222222222222,4,False,all_validation
coco-rem,000000510095,/home/felix/fiftyone/coco-2017/validation/data/000000510095.jpg,validation,locked_confirmation,000000510095,3,0.005775408878504673,0.6666666666666666,3,False,all_validation
coco-rem,000000510329,/home/felix/fiftyone/coco-2017/validation/data/000000510329.jpg,validation,locked_confirmation,000000510329,4,0.06629720052083334,0.5,3,False,all_validation
coco-rem,000000511076,/home/felix/fiftyone/coco-2017/validation/data/000000511076.jpg,validation,locked_confirmation,000000511076,23,0.007080649882903981,0.391304347826087,5,False,all_validation
coco-rem,000000511321,/home/felix/fiftyone/coco-2017/validation/data/000000511321.jpg,validation,locked_confirmation,000000511321,4,0.017683328454332552,0.0,1,False,all_validation
coco-rem,000000511384,/home/felix/fiftyone/coco-2017/validation/data/000000511384.jpg,validation,locked_confirmation,000000511384,3,0.010908294392523365,0.0,2,False,all_validation
coco-rem,000000511398,/home/felix/fiftyone/coco-2017/validation/data/000000511398.jpg,validation,locked_confirmation,000000511398,1,0.6779969262295082,0.0,1,False,all_validation
coco-rem,000000511453,/home/felix/fiftyone/coco-2017/validation/data/000000511453.jpg,validation,locked_confirmation,000000511453,3,0.06151480199923107,0.0,2,False,all_validation
coco-rem,000000511599,/home/felix/fiftyone/coco-2017/validation/data/000000511599.jpg,validation,locked_confirmation,000000511599,27,0.002939453125,0.7037037037037037,6,False,all_validation
coco-rem,000000511647,/home/felix/fiftyone/coco-2017/validation/data/000000511647.jpg,validation,locked_confirmation,000000511647,2,0.21344401041666666,0.0,2,False,all_validation
coco-rem,000000511760,/home/felix/fiftyone/coco-2017/validation/data/000000511760.jpg,validation,locked_confirmation,000000511760,7,0.0017419763513513513,0.5714285714285714,3,False,all_validation
coco-rem,000000511999,/home/felix/fiftyone/coco-2017/validation/data/000000511999.jpg,validation,locked_confirmation,000000511999,6,0.017222533632286995,0.5,3,False,all_validation
coco-rem,000000512194,/home/felix/fiftyone/coco-2017/validation/data/000000512194.jpg,validation,locked_confirmation,000000512194,1,0.12912946428571428,0.0,1,False,all_validation
coco-rem,000000512248,/home/felix/fiftyone/coco-2017/validation/data/000000512248.jpg,validation,locked_confirmation,000000512248,1,0.04547526041666667,0.0,1,False,all_validation
coco-rem,000000512330,/home/felix/fiftyone/coco-2017/validation/data/000000512330.jpg,validation,locked_confirmation,000000512330,18,0.003735695422535211,0.9444444444444444,3,False,all_validation
coco-rem,000000512403,/home/felix/fiftyone/coco-2017/validation/data/000000512403.jpg,validation,locked_confirmation,000000512403,3,0.12020912098298676,1.0,3,False,all_validation
coco-rem,000000512476,/home/felix/fiftyone/coco-2017/validation/data/000000512476.jpg,validation,locked_confirmation,000000512476,6,0.04543720657276995,0.3333333333333333,5,False,all_validation
coco-rem,000000512564,/home/felix/fiftyone/coco-2017/validation/data/000000512564.jpg,validation,locked_confirmation,000000512564,17,0.0005969929245283019,0.23529411764705882,5,False,all_validation
coco-rem,000000512648,/home/felix/fiftyone/coco-2017/validation/data/000000512648.jpg,validation,locked_confirmation,000000512648,1,0.047467798594847774,0.0,1,False,all_validation
coco-rem,000000512657,/home/felix/fiftyone/coco-2017/validation/data/000000512657.jpg,validation,locked_confirmation,000000512657,12,0.004606996487119438,0.5833333333333334,6,False,all_validation
coco-rem,000000512776,/home/felix/fiftyone/coco-2017/validation/data/000000512776.jpg,validation,locked_confirmation,000000512776,3,0.2426179775280899,0.6666666666666666,2,False,all_validation
coco-rem,000000512836,/home/felix/fiftyone/coco-2017/validation/data/000000512836.jpg,validation,locked_confirmation,000000512836,7,0.04589192708333333,0.5714285714285714,4,False,all_validation
coco-rem,000000512929,/home/felix/fiftyone/coco-2017/validation/data/000000512929.jpg,validation,locked_confirmation,000000512929,7,0.020846682899739417,0.7142857142857143,4,False,all_validation
coco-rem,000000512985,/home/felix/fiftyone/coco-2017/validation/data/000000512985.jpg,validation,locked_confirmation,000000512985,2,0.03795572916666667,0.0,2,False,all_validation
coco-rem,000000513041,/home/felix/fiftyone/coco-2017/validation/data/000000513041.jpg,validation,locked_confirmation,000000513041,10,0.09615559895833334,0.9,5,False,all_validation
coco-rem,000000513181,/home/felix/fiftyone/coco-2017/validation/data/000000513181.jpg,validation,locked_confirmation,000000513181,14,0.000591016548463357,0.2857142857142857,3,False,all_validation
coco-rem,000000513283,/home/felix/fiftyone/coco-2017/validation/data/000000513283.jpg,validation,locked_confirmation,000000513283,12,0.04488431490384615,0.5,5,False,all_validation
coco-rem,000000513484,/home/felix/fiftyone/coco-2017/validation/data/000000513484.jpg,validation,locked_confirmation,000000513484,1,0.6797573529411765,0.0,1,False,all_validation
coco-rem,000000513524,/home/felix/fiftyone/coco-2017/validation/data/000000513524.jpg,validation,locked_confirmation,000000513524,2,0.15781617647058824,0.0,2,False,all_validation
coco-rem,000000513567,/home/felix/fiftyone/coco-2017/validation/data/000000513567.jpg,validation,locked_confirmation,000000513567,14,0.019615885416666666,0.7857142857142857,4,False,all_validation
coco-rem,000000513580,/home/felix/fiftyone/coco-2017/validation/data/000000513580.jpg,validation,locked_confirmation,000000513580,3,0.03847817665289256,0.6666666666666666,3,False,all_validation
coco-rem,000000513688,/home/felix/fiftyone/coco-2017/validation/data/000000513688.jpg,validation,locked_confirmation,000000513688,4,0.0676123046875,0.5,4,False,all_validation
coco-rem,000000514376,/home/felix/fiftyone/coco-2017/validation/data/000000514376.jpg,validation,locked_confirmation,000000514376,9,0.001396484375,0.2222222222222222,4,False,all_validation
coco-rem,000000514508,/home/felix/fiftyone/coco-2017/validation/data/000000514508.jpg,validation,locked_confirmation,000000514508,5,0.049342447916666664,1.0,2,False,all_validation
coco-rem,000000514540,/home/felix/fiftyone/coco-2017/validation/data/000000514540.jpg,validation,locked_confirmation,000000514540,0,,0.0,0,False,all_validation
coco-rem,000000514586,/home/felix/fiftyone/coco-2017/validation/data/000000514586.jpg,validation,locked_confirmation,000000514586,7,0.05694915254237288,0.5714285714285714,4,False,all_validation
coco-rem,000000514797,/home/felix/fiftyone/coco-2017/validation/data/000000514797.jpg,validation,locked_confirmation,000000514797,4,0.09376245728929385,0.0,2,False,all_validation
coco-rem,000000514914,/home/felix/fiftyone/coco-2017/validation/data/000000514914.jpg,validation,locked_confirmation,000000514914,3,0.0315061475409836,0.0,2,False,all_validation
coco-rem,000000514979,/home/felix/fiftyone/coco-2017/validation/data/000000514979.jpg,validation,locked_confirmation,000000514979,2,0.3628146955503513,0.0,1,False,all_validation
coco-rem,000000515025,/home/felix/fiftyone/coco-2017/validation/data/000000515025.jpg,validation,locked_confirmation,000000515025,10,0.011643735362997659,0.6,7,False,all_validation
coco-rem,000000515077,/home/felix/fiftyone/coco-2017/validation/data/000000515077.jpg,validation,locked_confirmation,000000515077,13,0.01823134133611691,0.6923076923076923,6,False,all_validation
coco-rem,000000515266,/home/felix/fiftyone/coco-2017/validation/data/000000515266.jpg,validation,locked_confirmation,000000515266,4,0.19516064110070258,0.75,3,False,all_validation
coco-rem,000000515350,/home/felix/fiftyone/coco-2017/validation/data/000000515350.jpg,validation,locked_confirmation,000000515350,2,0.011094847775175644,0.0,2,False,all_validation
coco-rem,000000515445,/home/felix/fiftyone/coco-2017/validation/data/000000515445.jpg,validation,locked_confirmation,000000515445,7,0.0037727864583333333,0.2857142857142857,2,False,all_validation
coco-rem,000000515577,/home/felix/fiftyone/coco-2017/validation/data/000000515577.jpg,validation,locked_confirmation,000000515577,5,0.000718562874251497,0.0,2,False,all_validation
coco-rem,000000515579,/home/felix/fiftyone/coco-2017/validation/data/000000515579.jpg,validation,locked_confirmation,000000515579,7,0.016590361445783134,0.7142857142857143,5,False,all_validation
coco-rem,000000515828,/home/felix/fiftyone/coco-2017/validation/data/000000515828.jpg,validation,locked_confirmation,000000515828,10,0.007930871212121212,0.2,4,False,all_validation
coco-rem,000000515982,/home/felix/fiftyone/coco-2017/validation/data/000000515982.jpg,validation,locked_confirmation,000000515982,5,0.011443661971830986,0.4,3,False,all_validation
coco-rem,000000516038,/home/felix/fiftyone/coco-2017/validation/data/000000516038.jpg,validation,locked_confirmation,000000516038,7,0.002724609375,1.0,3,False,all_validation
coco-rem,000000516143,/home/felix/fiftyone/coco-2017/validation/data/000000516143.jpg,validation,locked_confirmation,000000516143,2,0.155166015625,0.0,2,False,all_validation
coco-rem,000000516173,/home/felix/fiftyone/coco-2017/validation/data/000000516173.jpg,validation,locked_confirmation,000000516173,3,0.04057521446078431,0.6666666666666666,2,False,all_validation
coco-rem,000000516316,/home/felix/fiftyone/coco-2017/validation/data/000000516316.jpg,validation,locked_confirmation,000000516316,11,3.255208333333333e-05,0.0,2,False,all_validation
coco-rem,000000516318,/home/felix/fiftyone/coco-2017/validation/data/000000516318.jpg,validation,locked_confirmation,000000516318,3,0.012807377049180328,0.0,3,False,all_validation
coco-rem,000000516601,/home/felix/fiftyone/coco-2017/validation/data/000000516601.jpg,validation,locked_confirmation,000000516601,20,0.00038194444444444446,0.8,3,False,all_validation
coco-rem,000000516677,/home/felix/fiftyone/coco-2017/validation/data/000000516677.jpg,validation,locked_confirmation,000000516677,28,0.006328125,0.75,4,False,all_validation
coco-rem,000000516708,/home/felix/fiftyone/coco-2017/validation/data/000000516708.jpg,validation,locked_confirmation,000000516708,2,0.0011733333333333333,0.0,1,False,all_validation
coco-rem,000000516804,/home/felix/fiftyone/coco-2017/validation/data/000000516804.jpg,validation,locked_confirmation,000000516804,2,0.006552734375,0.0,1,False,all_validation
coco-rem,000000516871,/home/felix/fiftyone/coco-2017/validation/data/000000516871.jpg,validation,locked_confirmation,000000516871,9,0.03459928229665072,1.0,3,False,all_validation
coco-rem,000000516916,/home/felix/fiftyone/coco-2017/validation/data/000000516916.jpg,validation,locked_confirmation,000000516916,13,0.03229166666666667,0.7692307692307693,6,False,all_validation
coco-rem,000000517056,/home/felix/fiftyone/coco-2017/validation/data/000000517056.jpg,validation,locked_confirmation,000000517056,15,0.00984375,0.9333333333333333,6,False,all_validation
coco-rem,000000517069,/home/felix/fiftyone/coco-2017/validation/data/000000517069.jpg,validation,locked_confirmation,000000517069,11,0.0036458333333333334,0.9090909090909091,5,False,all_validation
coco-rem,000000517523,/home/felix/fiftyone/coco-2017/validation/data/000000517523.jpg,validation,locked_confirmation,000000517523,1,0.361242816091954,0.0,1,False,all_validation
coco-rem,000000517687,/home/felix/fiftyone/coco-2017/validation/data/000000517687.jpg,validation,locked_confirmation,000000517687,3,0.24703559027777777,1.0,2,False,all_validation
coco-rem,000000517832,/home/felix/fiftyone/coco-2017/validation/data/000000517832.jpg,validation,locked_confirmation,000000517832,2,0.533876953125,1.0,2,False,all_validation
coco-rem,000000518213,/home/felix/fiftyone/coco-2017/validation/data/000000518213.jpg,validation,locked_confirmation,000000518213,2,0.20380859375,0.0,1,False,all_validation
coco-rem,000000518326,/home/felix/fiftyone/coco-2017/validation/data/000000518326.jpg,validation,locked_confirmation,000000518326,5,0.072734375,0.4,2,False,all_validation
coco-rem,000000518770,/home/felix/fiftyone/coco-2017/validation/data/000000518770.jpg,validation,locked_confirmation,000000518770,22,0.006096,0.7272727272727273,4,False,all_validation
coco-rem,000000519039,/home/felix/fiftyone/coco-2017/validation/data/000000519039.jpg,validation,locked_confirmation,000000519039,1,0.06883361204013377,0.0,1,False,all_validation
coco-rem,000000519208,/home/felix/fiftyone/coco-2017/validation/data/000000519208.jpg,validation,locked_confirmation,000000519208,2,0.7420335591133005,1.0,2,False,all_validation
coco-rem,000000519338,/home/felix/fiftyone/coco-2017/validation/data/000000519338.jpg,validation,locked_confirmation,000000519338,1,0.3479533450704225,0.0,1,False,all_validation
coco-rem,000000519491,/home/felix/fiftyone/coco-2017/validation/data/000000519491.jpg,validation,locked_confirmation,000000519491,2,0.026585286458333333,0.0,2,False,all_validation
coco-rem,000000519522,/home/felix/fiftyone/coco-2017/validation/data/000000519522.jpg,validation,locked_confirmation,000000519522,3,0.005218091334894614,0.0,1,False,all_validation
coco-rem,000000519569,/home/felix/fiftyone/coco-2017/validation/data/000000519569.jpg,validation,locked_confirmation,000000519569,8,0.009486869131455399,0.0,5,False,all_validation
coco-rem,000000519611,/home/felix/fiftyone/coco-2017/validation/data/000000519611.jpg,validation,locked_confirmation,000000519611,1,0.310283203125,0.0,1,False,all_validation
coco-rem,000000519688,/home/felix/fiftyone/coco-2017/validation/data/000000519688.jpg,validation,locked_confirmation,000000519688,2,0.6088066818618042,1.0,2,False,all_validation
coco-rem,000000519764,/home/felix/fiftyone/coco-2017/validation/data/000000519764.jpg,validation,locked_confirmation,000000519764,3,0.123424,0.6666666666666666,3,False,all_validation
coco-rem,000000520009,/home/felix/fiftyone/coco-2017/validation/data/000000520009.jpg,validation,locked_confirmation,000000520009,10,0.005570388349514563,0.4,5,False,all_validation
coco-rem,000000520077,/home/felix/fiftyone/coco-2017/validation/data/000000520077.jpg,validation,locked_confirmation,000000520077,19,0.05690866510538642,0.631578947368421,4,False,all_validation
coco-rem,000000520264,/home/felix/fiftyone/coco-2017/validation/data/000000520264.jpg,validation,locked_confirmation,000000520264,18,0.003922526041666667,0.2777777777777778,8,False,all_validation
coco-rem,000000520301,/home/felix/fiftyone/coco-2017/validation/data/000000520301.jpg,validation,locked_confirmation,000000520301,1,0.5687630208333333,0.0,1,False,all_validation
coco-rem,000000520324,/home/felix/fiftyone/coco-2017/validation/data/000000520324.jpg,validation,locked_confirmation,000000520324,3,0.026614583333333334,0.6666666666666666,2,False,all_validation
coco-rem,000000520531,/home/felix/fiftyone/coco-2017/validation/data/000000520531.jpg,validation,locked_confirmation,000000520531,73,0.0019889322916666666,0.6575342465753424,5,False,all_validation
coco-rem,000000520659,/home/felix/fiftyone/coco-2017/validation/data/000000520659.jpg,validation,locked_confirmation,000000520659,41,0.007174479166666667,0.6097560975609756,4,True,all_validation
coco-rem,000000520707,/home/felix/fiftyone/coco-2017/validation/data/000000520707.jpg,validation,locked_confirmation,000000520707,23,0.0070182291666666665,0.5652173913043478,4,True,all_validation
coco-rem,000000520832,/home/felix/fiftyone/coco-2017/validation/data/000000520832.jpg,validation,locked_confirmation,000000520832,15,0.005,0.3333333333333333,3,False,all_validation
coco-rem,000000520871,/home/felix/fiftyone/coco-2017/validation/data/000000520871.jpg,validation,locked_confirmation,000000520871,5,0.061514705882352944,0.6,5,False,all_validation
coco-rem,000000520910,/home/felix/fiftyone/coco-2017/validation/data/000000520910.jpg,validation,locked_confirmation,000000520910,3,0.009550644028103045,0.0,3,False,all_validation
coco-rem,000000521052,/home/felix/fiftyone/coco-2017/validation/data/000000521052.jpg,validation,locked_confirmation,000000521052,2,0.41875,0.0,2,False,all_validation
coco-rem,000000521141,/home/felix/fiftyone/coco-2017/validation/data/000000521141.jpg,validation,locked_confirmation,000000521141,14,0.00312,0.35714285714285715,2,False,all_validation
coco-rem,000000521231,/home/felix/fiftyone/coco-2017/validation/data/000000521231.jpg,validation,locked_confirmation,000000521231,1,0.25683962264150945,0.0,1,False,all_validation
coco-rem,000000521259,/home/felix/fiftyone/coco-2017/validation/data/000000521259.jpg,validation,locked_confirmation,000000521259,19,0.0034463894967177245,0.9473684210526315,4,True,all_validation
coco-rem,000000521282,/home/felix/fiftyone/coco-2017/validation/data/000000521282.jpg,validation,locked_confirmation,000000521282,1,0.2698150058962264,0.0,1,False,all_validation
coco-rem,000000521405,/home/felix/fiftyone/coco-2017/validation/data/000000521405.jpg,validation,locked_confirmation,000000521405,3,0.63306191314554,1.0,3,False,all_validation
coco-rem,000000521509,/home/felix/fiftyone/coco-2017/validation/data/000000521509.jpg,validation,locked_confirmation,000000521509,8,0.012734192037470726,0.375,4,False,all_validation
coco-rem,000000521540,/home/felix/fiftyone/coco-2017/validation/data/000000521540.jpg,validation,locked_confirmation,000000521540,3,0.5299674479166666,1.0,3,False,all_validation
coco-rem,000000521601,/home/felix/fiftyone/coco-2017/validation/data/000000521601.jpg,validation,locked_confirmation,000000521601,2,0.5418033854166666,1.0,2,False,all_validation
coco-rem,000000521717,/home/felix/fiftyone/coco-2017/validation/data/000000521717.jpg,validation,locked_confirmation,000000521717,6,0.02108274647887324,0.3333333333333333,4,False,all_validation
coco-rem,000000521719,/home/felix/fiftyone/coco-2017/validation/data/000000521719.jpg,validation,locked_confirmation,000000521719,8,0.07419496487119438,0.25,2,False,all_validation
coco-rem,000000521819,/home/felix/fiftyone/coco-2017/validation/data/000000521819.jpg,validation,locked_confirmation,000000521819,14,0.0126513671875,0.2857142857142857,3,False,all_validation
coco-rem,000000521956,/home/felix/fiftyone/coco-2017/validation/data/000000521956.jpg,validation,locked_confirmation,000000521956,2,0.3575878787878788,1.0,2,False,all_validation
coco-rem,000000522007,/home/felix/fiftyone/coco-2017/validation/data/000000522007.jpg,validation,locked_confirmation,000000522007,13,0.015670572916666667,0.38461538461538464,9,False,all_validation
coco-rem,000000522156,/home/felix/fiftyone/coco-2017/validation/data/000000522156.jpg,validation,locked_confirmation,000000522156,1,0.48947599531615926,0.0,1,False,all_validation
coco-rem,000000522393,/home/felix/fiftyone/coco-2017/validation/data/000000522393.jpg,validation,locked_confirmation,000000522393,4,0.004658203125,1.0,3,False,all_validation
coco-rem,000000522638,/home/felix/fiftyone/coco-2017/validation/data/000000522638.jpg,validation,locked_confirmation,000000522638,1,0.5912967289719626,0.0,1,False,all_validation
coco-rem,000000522713,/home/felix/fiftyone/coco-2017/validation/data/000000522713.jpg,validation,locked_confirmation,000000522713,13,0.000341796875,0.5384615384615384,3,False,all_validation
coco-rem,000000522751,/home/felix/fiftyone/coco-2017/validation/data/000000522751.jpg,validation,locked_confirmation,000000522751,6,0.003024720149253731,0.0,1,False,all_validation
coco-rem,000000522889,/home/felix/fiftyone/coco-2017/validation/data/000000522889.jpg,validation,locked_confirmation,000000522889,6,0.04137308372641509,0.6666666666666666,3,False,all_validation
coco-rem,000000522940,/home/felix/fiftyone/coco-2017/validation/data/000000522940.jpg,validation,locked_confirmation,000000522940,1,0.39957191780821916,0.0,1,False,all_validation
coco-rem,000000523033,/home/felix/fiftyone/coco-2017/validation/data/000000523033.jpg,validation,locked_confirmation,000000523033,6,0.0004921692037470726,0.3333333333333333,3,False,all_validation
coco-rem,000000523100,/home/felix/fiftyone/coco-2017/validation/data/000000523100.jpg,validation,locked_confirmation,000000523100,8,0.0216796875,0.25,5,True,all_validation
coco-rem,000000523175,/home/felix/fiftyone/coco-2017/validation/data/000000523175.jpg,validation,locked_confirmation,000000523175,6,0.2627253333333333,1.0,4,False,all_validation
coco-rem,000000523194,/home/felix/fiftyone/coco-2017/validation/data/000000523194.jpg,validation,locked_confirmation,000000523194,2,0.00971139705882353,0.0,2,False,all_validation
coco-rem,000000523229,/home/felix/fiftyone/coco-2017/validation/data/000000523229.jpg,validation,locked_confirmation,000000523229,1,0.74375,0.0,1,False,all_validation
coco-rem,000000523241,/home/felix/fiftyone/coco-2017/validation/data/000000523241.jpg,validation,locked_confirmation,000000523241,10,0.0015585585585585586,0.2,3,False,all_validation
coco-rem,000000523782,/home/felix/fiftyone/coco-2017/validation/data/000000523782.jpg,validation,locked_confirmation,000000523782,3,0.25875,1.0,2,False,all_validation
coco-rem,000000523807,/home/felix/fiftyone/coco-2017/validation/data/000000523807.jpg,validation,locked_confirmation,000000523807,9,0.05312,0.3333333333333333,4,False,all_validation
coco-rem,000000523811,/home/felix/fiftyone/coco-2017/validation/data/000000523811.jpg,validation,locked_confirmation,000000523811,1,0.039469401041666664,0.0,1,False,all_validation
coco-rem,000000523957,/home/felix/fiftyone/coco-2017/validation/data/000000523957.jpg,validation,locked_confirmation,000000523957,13,0.006143881733021077,0.46153846153846156,2,False,all_validation
coco-rem,000000524108,/home/felix/fiftyone/coco-2017/validation/data/000000524108.jpg,validation,locked_confirmation,000000524108,12,0.051984375,0.8333333333333334,1,False,all_validation
coco-rem,000000524280,/home/felix/fiftyone/coco-2017/validation/data/000000524280.jpg,validation,locked_confirmation,000000524280,1,0.865029296875,0.0,1,False,all_validation
coco-rem,000000524456,/home/felix/fiftyone/coco-2017/validation/data/000000524456.jpg,validation,locked_confirmation,000000524456,6,0.10517578125,1.0,5,False,all_validation
coco-rem,000000524742,/home/felix/fiftyone/coco-2017/validation/data/000000524742.jpg,validation,locked_confirmation,000000524742,1,0.9916666666666667,0.0,1,False,all_validation
coco-rem,000000524850,/home/felix/fiftyone/coco-2017/validation/data/000000524850.jpg,validation,locked_confirmation,000000524850,37,0.0017115987460815047,0.8918918918918919,7,True,all_validation
coco-rem,000000525083,/home/felix/fiftyone/coco-2017/validation/data/000000525083.jpg,validation,locked_confirmation,000000525083,11,0.007283148364485981,0.6363636363636364,8,False,all_validation
coco-rem,000000525155,/home/felix/fiftyone/coco-2017/validation/data/000000525155.jpg,validation,locked_confirmation,000000525155,2,0.5157863849765258,1.0,2,False,all_validation
coco-rem,000000525247,/home/felix/fiftyone/coco-2017/validation/data/000000525247.jpg,validation,locked_confirmation,000000525247,4,0.27496523711943793,0.75,3,False,all_validation
coco-rem,000000525286,/home/felix/fiftyone/coco-2017/validation/data/000000525286.jpg,validation,locked_confirmation,000000525286,1,0.1706982421875,0.0,1,False,all_validation
coco-rem,000000525322,/home/felix/fiftyone/coco-2017/validation/data/000000525322.jpg,validation,locked_confirmation,000000525322,2,0.0911032418224299,0.0,1,False,all_validation
coco-rem,000000525600,/home/felix/fiftyone/coco-2017/validation/data/000000525600.jpg,validation,locked_confirmation,000000525600,10,0.01865414110429448,0.2,1,False,all_validation
coco-rem,000000526103,/home/felix/fiftyone/coco-2017/validation/data/000000526103.jpg,validation,locked_confirmation,000000526103,3,0.046712239583333336,0.0,2,False,all_validation
coco-rem,000000526197,/home/felix/fiftyone/coco-2017/validation/data/000000526197.jpg,validation,locked_confirmation,000000526197,8,0.009656103971962617,0.0,3,False,all_validation
coco-rem,000000526256,/home/felix/fiftyone/coco-2017/validation/data/000000526256.jpg,validation,locked_confirmation,000000526256,2,0.019456380208333332,0.0,1,False,all_validation
coco-rem,000000526392,/home/felix/fiftyone/coco-2017/validation/data/000000526392.jpg,validation,locked_confirmation,000000526392,8,0.010258258258258258,0.25,2,False,all_validation
coco-rem,000000526706,/home/felix/fiftyone/coco-2017/validation/data/000000526706.jpg,validation,locked_confirmation,000000526706,4,0.07032530737704919,0.5,1,False,all_validation
coco-rem,000000526728,/home/felix/fiftyone/coco-2017/validation/data/000000526728.jpg,validation,locked_confirmation,000000526728,14,0.012768,0.2857142857142857,4,False,all_validation
coco-rem,000000526751,/home/felix/fiftyone/coco-2017/validation/data/000000526751.jpg,validation,locked_confirmation,000000526751,8,0.0018845140515222482,0.5,1,False,all_validation
coco-rem,000000527029,/home/felix/fiftyone/coco-2017/validation/data/000000527029.jpg,validation,locked_confirmation,000000527029,14,0.00117431640625,0.0,3,True,all_validation
coco-rem,000000527215,/home/felix/fiftyone/coco-2017/validation/data/000000527215.jpg,validation,locked_confirmation,000000527215,8,0.0005978579812206573,0.0,2,False,all_validation
coco-rem,000000527220,/home/felix/fiftyone/coco-2017/validation/data/000000527220.jpg,validation,locked_confirmation,000000527220,4,0.170603550295858,0.5,2,False,all_validation
coco-rem,000000527427,/home/felix/fiftyone/coco-2017/validation/data/000000527427.jpg,validation,locked_confirmation,000000527427,6,0.146298828125,1.0,6,False,all_validation
coco-rem,000000527528,/home/felix/fiftyone/coco-2017/validation/data/000000527528.jpg,validation,locked_confirmation,000000527528,9,0.0033203125,0.2222222222222222,3,False,all_validation
coco-rem,000000527616,/home/felix/fiftyone/coco-2017/validation/data/000000527616.jpg,validation,locked_confirmation,000000527616,4,0.026159274193548385,1.0,4,False,all_validation
coco-rem,000000527695,/home/felix/fiftyone/coco-2017/validation/data/000000527695.jpg,validation,locked_confirmation,000000527695,9,0.06731954225352113,1.0,3,False,all_validation
coco-rem,000000527750,/home/felix/fiftyone/coco-2017/validation/data/000000527750.jpg,validation,locked_confirmation,000000527750,8,0.00783262587822014,0.75,5,False,all_validation
coco-rem,000000527784,/home/felix/fiftyone/coco-2017/validation/data/000000527784.jpg,validation,locked_confirmation,000000527784,8,0.034271240234375,0.625,5,False,all_validation
coco-rem,000000527960,/home/felix/fiftyone/coco-2017/validation/data/000000527960.jpg,validation,locked_confirmation,000000527960,1,0.22218969555035128,0.0,1,False,all_validation
coco-rem,000000528314,/home/felix/fiftyone/coco-2017/validation/data/000000528314.jpg,validation,locked_confirmation,000000528314,10,0.005714391252955082,0.2,2,False,all_validation
coco-rem,000000528399,/home/felix/fiftyone/coco-2017/validation/data/000000528399.jpg,validation,locked_confirmation,000000528399,10,0.046836667640186916,0.0,6,False,all_validation
coco-rem,000000528524,/home/felix/fiftyone/coco-2017/validation/data/000000528524.jpg,validation,locked_confirmation,000000528524,2,0.06534830729166667,0.0,1,False,all_validation
coco-rem,000000528578,/home/felix/fiftyone/coco-2017/validation/data/000000528578.jpg,validation,locked_confirmation,000000528578,13,0.00014637002341920375,0.15384615384615385,2,False,all_validation
coco-rem,000000528705,/home/felix/fiftyone/coco-2017/validation/data/000000528705.jpg,validation,locked_confirmation,000000528705,2,0.15314333920187792,0.0,2,False,all_validation
coco-rem,000000528862,/home/felix/fiftyone/coco-2017/validation/data/000000528862.jpg,validation,locked_confirmation,000000528862,7,0.01848,0.0,1,False,all_validation
coco-rem,000000528977,/home/felix/fiftyone/coco-2017/validation/data/000000528977.jpg,validation,locked_confirmation,000000528977,0,,0.0,0,False,all_validation
coco-rem,000000528980,/home/felix/fiftyone/coco-2017/validation/data/000000528980.jpg,validation,locked_confirmation,000000528980,9,0.0041373239436619715,0.2222222222222222,3,False,all_validation
coco-rem,000000529105,/home/felix/fiftyone/coco-2017/validation/data/000000529105.jpg,validation,locked_confirmation,000000529105,1,0.19559895833333332,0.0,1,False,all_validation
coco-rem,000000529122,/home/felix/fiftyone/coco-2017/validation/data/000000529122.jpg,validation,locked_confirmation,000000529122,19,0.0036512455516014234,0.5263157894736842,5,True,all_validation
coco-rem,000000529148,/home/felix/fiftyone/coco-2017/validation/data/000000529148.jpg,validation,locked_confirmation,000000529148,23,0.002992957746478873,0.8260869565217391,6,False,all_validation
coco-rem,000000529528,/home/felix/fiftyone/coco-2017/validation/data/000000529528.jpg,validation,locked_confirmation,000000529528,3,0.17736936936936937,0.6666666666666666,2,False,all_validation
coco-rem,000000529568,/home/felix/fiftyone/coco-2017/validation/data/000000529568.jpg,validation,locked_confirmation,000000529568,35,0.001318359375,0.6857142857142857,9,False,all_validation
coco-rem,000000529762,/home/felix/fiftyone/coco-2017/validation/data/000000529762.jpg,validation,locked_confirmation,000000529762,7,0.07463216145833333,1.0,7,False,all_validation
coco-rem,000000529939,/home/felix/fiftyone/coco-2017/validation/data/000000529939.jpg,validation,locked_confirmation,000000529939,15,0.0112890625,0.6666666666666666,2,False,all_validation
coco-rem,000000529966,/home/felix/fiftyone/coco-2017/validation/data/000000529966.jpg,validation,locked_confirmation,000000529966,20,0.021242206057007124,0.95,2,False,all_validation
coco-rem,000000530052,/home/felix/fiftyone/coco-2017/validation/data/000000530052.jpg,validation,locked_confirmation,000000530052,12,0.0265076112412178,0.6666666666666666,1,True,all_validation
coco-rem,000000530061,/home/felix/fiftyone/coco-2017/validation/data/000000530061.jpg,validation,locked_confirmation,000000530061,7,0.09508928571428571,1.0,6,False,all_validation
coco-rem,000000530099,/home/felix/fiftyone/coco-2017/validation/data/000000530099.jpg,validation,locked_confirmation,000000530099,2,0.21408533333333332,0.0,2,False,all_validation
coco-rem,000000530146,/home/felix/fiftyone/coco-2017/validation/data/000000530146.jpg,validation,locked_confirmation,000000530146,8,0.108697509765625,1.0,7,False,all_validation
coco-rem,000000530162,/home/felix/fiftyone/coco-2017/validation/data/000000530162.jpg,validation,locked_confirmation,000000530162,14,0.0469390368852459,0.8571428571428571,2,False,all_validation
coco-rem,000000530457,/home/felix/fiftyone/coco-2017/validation/data/000000530457.jpg,validation,locked_confirmation,000000530457,1,0.18262772302904565,0.0,1,False,all_validation
coco-rem,000000530466,/home/felix/fiftyone/coco-2017/validation/data/000000530466.jpg,validation,locked_confirmation,000000530466,3,0.0051953125,1.0,3,False,all_validation
coco-rem,000000530470,/home/felix/fiftyone/coco-2017/validation/data/000000530470.jpg,validation,locked_confirmation,000000530470,7,0.00144,0.0,3,False,all_validation
coco-rem,000000530624,/home/felix/fiftyone/coco-2017/validation/data/000000530624.jpg,validation,locked_confirmation,000000530624,2,0.6543998430962343,1.0,2,False,all_validation
coco-rem,000000530820,/home/felix/fiftyone/coco-2017/validation/data/000000530820.jpg,validation,locked_confirmation,000000530820,2,0.17605322721962616,1.0,2,False,all_validation
coco-rem,000000530836,/home/felix/fiftyone/coco-2017/validation/data/000000530836.jpg,validation,locked_confirmation,000000530836,25,0.0007071659482758621,0.2,10,False,all_validation
coco-rem,000000530854,/home/felix/fiftyone/coco-2017/validation/data/000000530854.jpg,validation,locked_confirmation,000000530854,9,0.05067279411764706,0.4444444444444444,2,False,all_validation
coco-rem,000000530975,/home/felix/fiftyone/coco-2017/validation/data/000000530975.jpg,validation,locked_confirmation,000000530975,24,0.016048177083333334,0.5416666666666666,8,False,all_validation
coco-rem,000000531036,/home/felix/fiftyone/coco-2017/validation/data/000000531036.jpg,validation,locked_confirmation,000000531036,4,0.06851888020833333,0.75,3,False,all_validation
coco-rem,000000531134,/home/felix/fiftyone/coco-2017/validation/data/000000531134.jpg,validation,locked_confirmation,000000531134,15,0.0056640625,0.4666666666666667,4,False,all_validation
coco-rem,000000531135,/home/felix/fiftyone/coco-2017/validation/data/000000531135.jpg,validation,locked_confirmation,000000531135,17,0.00096,0.7058823529411765,3,True,all_validation
coco-rem,000000531495,/home/felix/fiftyone/coco-2017/validation/data/000000531495.jpg,validation,locked_confirmation,000000531495,9,0.0019406392694063927,0.0,1,False,all_validation
coco-rem,000000531707,/home/felix/fiftyone/coco-2017/validation/data/000000531707.jpg,validation,locked_confirmation,000000531707,5,0.04917317708333333,1.0,2,False,all_validation
coco-rem,000000531771,/home/felix/fiftyone/coco-2017/validation/data/000000531771.jpg,validation,locked_confirmation,000000531771,1,0.7184183372641509,0.0,1,False,all_validation
coco-rem,000000532058,/home/felix/fiftyone/coco-2017/validation/data/000000532058.jpg,validation,locked_confirmation,000000532058,5,0.029791666666666668,1.0,4,False,all_validation
coco-rem,000000532071,/home/felix/fiftyone/coco-2017/validation/data/000000532071.jpg,validation,locked_confirmation,000000532071,1,0.09809027777777778,0.0,1,False,all_validation
coco-rem,000000532129,/home/felix/fiftyone/coco-2017/validation/data/000000532129.jpg,validation,locked_confirmation,000000532129,4,0.3574099824355972,1.0,4,False,all_validation
coco-rem,000000532481,/home/felix/fiftyone/coco-2017/validation/data/000000532481.jpg,validation,locked_confirmation,000000532481,10,0.0005520099765258216,0.2,4,False,all_validation
coco-rem,000000532493,/home/felix/fiftyone/coco-2017/validation/data/000000532493.jpg,validation,locked_confirmation,000000532493,2,0.07598613664215687,1.0,2,False,all_validation
coco-rem,000000532530,/home/felix/fiftyone/coco-2017/validation/data/000000532530.jpg,validation,locked_confirmation,000000532530,6,0.0009568940281030445,0.3333333333333333,3,False,all_validation
coco-rem,000000532575,/home/felix/fiftyone/coco-2017/validation/data/000000532575.jpg,validation,locked_confirmation,000000532575,2,0.8155664519906323,1.0,2,False,all_validation
coco-rem,000000532690,/home/felix/fiftyone/coco-2017/validation/data/000000532690.jpg,validation,locked_confirmation,000000532690,5,0.20427911931818182,1.0,3,False,all_validation
coco-rem,000000532761,/home/felix/fiftyone/coco-2017/validation/data/000000532761.jpg,validation,locked_confirmation,000000532761,7,0.008984375,0.0,7,False,all_validation
coco-rem,000000532855,/home/felix/fiftyone/coco-2017/validation/data/000000532855.jpg,validation,locked_confirmation,000000532855,2,0.10872196389496717,1.0,2,False,all_validation
coco-rem,000000532901,/home/felix/fiftyone/coco-2017/validation/data/000000532901.jpg,validation,locked_confirmation,000000532901,4,0.011610169491525425,0.5,3,False,all_validation
coco-rem,000000533145,/home/felix/fiftyone/coco-2017/validation/data/000000533145.jpg,validation,locked_confirmation,000000533145,3,0.293888,0.6666666666666666,3,False,all_validation
coco-rem,000000533206,/home/felix/fiftyone/coco-2017/validation/data/000000533206.jpg,validation,locked_confirmation,000000533206,9,0.05691598360655738,1.0,7,False,all_validation
coco-rem,000000533493,/home/felix/fiftyone/coco-2017/validation/data/000000533493.jpg,validation,locked_confirmation,000000533493,4,0.26761565836298934,0.75,2,False,all_validation
coco-rem,000000533536,/home/felix/fiftyone/coco-2017/validation/data/000000533536.jpg,validation,locked_confirmation,000000533536,2,0.46236490885416665,1.0,2,False,all_validation
coco-rem,000000533816,/home/felix/fiftyone/coco-2017/validation/data/000000533816.jpg,validation,locked_confirmation,000000533816,66,0.003158010563380282,0.25757575757575757,3,False,all_validation
coco-rem,000000533855,/home/felix/fiftyone/coco-2017/validation/data/000000533855.jpg,validation,locked_confirmation,000000533855,1,0.23656542056074767,0.0,1,False,all_validation
coco-rem,000000533958,/home/felix/fiftyone/coco-2017/validation/data/000000533958.jpg,validation,locked_confirmation,000000533958,1,0.0396484375,0.0,1,False,all_validation
coco-rem,000000534041,/home/felix/fiftyone/coco-2017/validation/data/000000534041.jpg,validation,locked_confirmation,000000534041,15,0.015733333333333332,0.7333333333333333,8,False,all_validation
coco-rem,000000534270,/home/felix/fiftyone/coco-2017/validation/data/000000534270.jpg,validation,locked_confirmation,000000534270,11,0.013107444572606125,0.5454545454545454,4,False,all_validation
coco-rem,000000534394,/home/felix/fiftyone/coco-2017/validation/data/000000534394.jpg,validation,locked_confirmation,000000534394,15,0.007494777158774373,0.3333333333333333,2,True,all_validation
coco-rem,000000534601,/home/felix/fiftyone/coco-2017/validation/data/000000534601.jpg,validation,locked_confirmation,000000534601,1,0.572777108433735,0.0,1,False,all_validation
coco-rem,000000534605,/home/felix/fiftyone/coco-2017/validation/data/000000534605.jpg,validation,locked_confirmation,000000534605,7,0.09373333333333334,0.8571428571428571,2,False,all_validation
coco-rem,000000534639,/home/felix/fiftyone/coco-2017/validation/data/000000534639.jpg,validation,locked_confirmation,000000534639,5,0.0024342105263157896,0.8,3,False,all_validation
coco-rem,000000534664,/home/felix/fiftyone/coco-2017/validation/data/000000534664.jpg,validation,locked_confirmation,000000534664,7,0.13756188118811882,0.0,1,False,all_validation
coco-rem,000000534673,/home/felix/fiftyone/coco-2017/validation/data/000000534673.jpg,validation,locked_confirmation,000000534673,3,0.013212890625,0.6666666666666666,2,False,all_validation
coco-rem,000000534827,/home/felix/fiftyone/coco-2017/validation/data/000000534827.jpg,validation,locked_confirmation,000000534827,10,0.015721784356444102,0.9,3,False,all_validation
coco-rem,000000535094,/home/felix/fiftyone/coco-2017/validation/data/000000535094.jpg,validation,locked_confirmation,000000535094,3,0.1445038056206089,0.0,2,False,all_validation
coco-rem,000000535156,/home/felix/fiftyone/coco-2017/validation/data/000000535156.jpg,validation,locked_confirmation,000000535156,3,0.12646658415841583,0.6666666666666666,1,False,all_validation
coco-rem,000000535253,/home/felix/fiftyone/coco-2017/validation/data/000000535253.jpg,validation,locked_confirmation,000000535253,13,0.015250544662309368,0.38461538461538464,4,False,all_validation
coco-rem,000000535306,/home/felix/fiftyone/coco-2017/validation/data/000000535306.jpg,validation,locked_confirmation,000000535306,3,0.15866666666666668,0.6666666666666666,2,False,all_validation
coco-rem,000000535523,/home/felix/fiftyone/coco-2017/validation/data/000000535523.jpg,validation,locked_confirmation,000000535523,17,0.0012485397196261682,0.0,4,True,all_validation
coco-rem,000000535578,/home/felix/fiftyone/coco-2017/validation/data/000000535578.jpg,validation,locked_confirmation,000000535578,17,0.00039519906323185014,0.0,1,False,all_validation
coco-rem,000000535608,/home/felix/fiftyone/coco-2017/validation/data/000000535608.jpg,validation,locked_confirmation,000000535608,11,0.006404255319148936,0.45454545454545453,4,False,all_validation
coco-rem,000000535858,/home/felix/fiftyone/coco-2017/validation/data/000000535858.jpg,validation,locked_confirmation,000000535858,2,0.011652728873239437,0.0,2,False,all_validation
coco-rem,000000536038,/home/felix/fiftyone/coco-2017/validation/data/000000536038.jpg,validation,locked_confirmation,000000536038,4,0.3134471019553073,1.0,3,False,all_validation
coco-rem,000000536073,/home/felix/fiftyone/coco-2017/validation/data/000000536073.jpg,validation,locked_confirmation,000000536073,3,0.0726171875,0.0,3,False,all_validation
coco-rem,000000536343,/home/felix/fiftyone/coco-2017/validation/data/000000536343.jpg,validation,locked_confirmation,000000536343,0,,0.0,0,False,all_validation
coco-rem,000000536947,/home/felix/fiftyone/coco-2017/validation/data/000000536947.jpg,validation,locked_confirmation,000000536947,6,0.012508138020833334,0.0,4,False,all_validation
coco-rem,000000537053,/home/felix/fiftyone/coco-2017/validation/data/000000537053.jpg,validation,locked_confirmation,000000537053,1,0.4046875,0.0,1,False,all_validation
coco-rem,000000537153,/home/felix/fiftyone/coco-2017/validation/data/000000537153.jpg,validation,locked_confirmation,000000537153,3,0.0019333964646464647,1.0,2,False,all_validation
coco-rem,000000537241,/home/felix/fiftyone/coco-2017/validation/data/000000537241.jpg,validation,locked_confirmation,000000537241,1,0.5495316159250585,0.0,1,False,all_validation
coco-rem,000000537270,/home/felix/fiftyone/coco-2017/validation/data/000000537270.jpg,validation,locked_confirmation,000000537270,8,0.034493815104166665,1.0,4,False,all_validation
coco-rem,000000537355,/home/felix/fiftyone/coco-2017/validation/data/000000537355.jpg,validation,locked_confirmation,000000537355,1,0.004176401869158878,0.0,1,False,all_validation
coco-rem,000000537506,/home/felix/fiftyone/coco-2017/validation/data/000000537506.jpg,validation,locked_confirmation,000000537506,13,0.06736666666666667,0.38461538461538464,5,False,all_validation
coco-rem,000000537672,/home/felix/fiftyone/coco-2017/validation/data/000000537672.jpg,validation,locked_confirmation,000000537672,2,0.38679010538641684,0.0,2,False,all_validation
coco-rem,000000537802,/home/felix/fiftyone/coco-2017/validation/data/000000537802.jpg,validation,locked_confirmation,000000537802,6,0.106416015625,0.3333333333333333,2,False,all_validation
coco-rem,000000537812,/home/felix/fiftyone/coco-2017/validation/data/000000537812.jpg,validation,locked_confirmation,000000537812,2,0.15915690104166666,0.0,2,False,all_validation
coco-rem,000000537827,/home/felix/fiftyone/coco-2017/validation/data/000000537827.jpg,validation,locked_confirmation,000000537827,4,0.031828125,1.0,2,False,all_validation
coco-rem,000000537964,/home/felix/fiftyone/coco-2017/validation/data/000000537964.jpg,validation,locked_confirmation,000000537964,1,0.22963299418604652,0.0,1,False,all_validation
coco-rem,000000537991,/home/felix/fiftyone/coco-2017/validation/data/000000537991.jpg,validation,locked_confirmation,000000537991,7,0.0503125,0.8571428571428571,4,False,all_validation
coco-rem,000000538067,/home/felix/fiftyone/coco-2017/validation/data/000000538067.jpg,validation,locked_confirmation,000000538067,7,0.003328,0.2857142857142857,2,False,all_validation
coco-rem,000000538236,/home/felix/fiftyone/coco-2017/validation/data/000000538236.jpg,validation,locked_confirmation,000000538236,14,0.01906761098130841,0.42857142857142855,3,False,all_validation
coco-rem,000000538364,/home/felix/fiftyone/coco-2017/validation/data/000000538364.jpg,validation,locked_confirmation,000000538364,17,0.0055859375,0.5294117647058824,5,False,all_validation
coco-rem,000000538458,/home/felix/fiftyone/coco-2017/validation/data/000000538458.jpg,validation,locked_confirmation,000000538458,9,0.004742388758782201,0.5555555555555556,4,False,all_validation
coco-rem,000000539143,/home/felix/fiftyone/coco-2017/validation/data/000000539143.jpg,validation,locked_confirmation,000000539143,1,0.43624454148471614,0.0,1,False,all_validation
coco-rem,000000539445,/home/felix/fiftyone/coco-2017/validation/data/000000539445.jpg,validation,locked_confirmation,000000539445,4,0.0005099534367123756,0.0,2,False,all_validation
coco-rem,000000539883,/home/felix/fiftyone/coco-2017/validation/data/000000539883.jpg,validation,locked_confirmation,000000539883,9,0.006092652224824356,1.0,6,False,all_validation
coco-rem,000000539962,/home/felix/fiftyone/coco-2017/validation/data/000000539962.jpg,validation,locked_confirmation,000000539962,18,0.0013069661458333334,0.3333333333333333,5,False,all_validation
coco-rem,000000540280,/home/felix/fiftyone/coco-2017/validation/data/000000540280.jpg,validation,locked_confirmation,000000540280,3,0.006454918032786886,0.0,2,False,all_validation
coco-rem,000000540414,/home/felix/fiftyone/coco-2017/validation/data/000000540414.jpg,validation,locked_confirmation,000000540414,24,0.006422526041666667,0.25,7,True,all_validation
coco-rem,000000540466,/home/felix/fiftyone/coco-2017/validation/data/000000540466.jpg,validation,locked_confirmation,000000540466,2,0.15301888173302108,0.0,2,False,all_validation
coco-rem,000000540502,/home/felix/fiftyone/coco-2017/validation/data/000000540502.jpg,validation,locked_confirmation,000000540502,22,0.0009111533957845433,0.4090909090909091,13,False,all_validation
coco-rem,000000540928,/home/felix/fiftyone/coco-2017/validation/data/000000540928.jpg,validation,locked_confirmation,000000540928,2,0.5985302197802198,1.0,2,False,all_validation
coco-rem,000000540932,/home/felix/fiftyone/coco-2017/validation/data/000000540932.jpg,validation,locked_confirmation,000000540932,12,0.0017317708333333334,0.3333333333333333,3,False,all_validation
coco-rem,000000540962,/home/felix/fiftyone/coco-2017/validation/data/000000540962.jpg,validation,locked_confirmation,000000540962,4,0.0724875,0.0,3,False,all_validation
coco-rem,000000541055,/home/felix/fiftyone/coco-2017/validation/data/000000541055.jpg,validation,locked_confirmation,000000541055,15,0.011362847222222222,0.8,3,False,all_validation
coco-rem,000000541123,/home/felix/fiftyone/coco-2017/validation/data/000000541123.jpg,validation,locked_confirmation,000000541123,23,0.0015368852459016393,0.5217391304347826,4,True,all_validation
coco-rem,000000541291,/home/felix/fiftyone/coco-2017/validation/data/000000541291.jpg,validation,locked_confirmation,000000541291,2,0.056183978873239435,0.0,1,False,all_validation
coco-rem,000000541634,/home/felix/fiftyone/coco-2017/validation/data/000000541634.jpg,validation,locked_confirmation,000000541634,12,0.03593436285189457,1.0,5,False,all_validation
coco-rem,000000541664,/home/felix/fiftyone/coco-2017/validation/data/000000541664.jpg,validation,locked_confirmation,000000541664,2,0.48910933333333334,1.0,2,False,all_validation
coco-rem,000000541773,/home/felix/fiftyone/coco-2017/validation/data/000000541773.jpg,validation,locked_confirmation,000000541773,20,0.021036783854166668,0.85,5,False,all_validation
coco-rem,000000541952,/home/felix/fiftyone/coco-2017/validation/data/000000541952.jpg,validation,locked_confirmation,000000541952,1,0.018307291666666666,0.0,1,False,all_validation
coco-rem,000000542073,/home/felix/fiftyone/coco-2017/validation/data/000000542073.jpg,validation,locked_confirmation,000000542073,0,,0.0,0,False,all_validation
coco-rem,000000542089,/home/felix/fiftyone/coco-2017/validation/data/000000542089.jpg,validation,locked_confirmation,000000542089,1,0.027477333333333333,0.0,1,False,all_validation
coco-rem,000000542127,/home/felix/fiftyone/coco-2017/validation/data/000000542127.jpg,validation,locked_confirmation,000000542127,16,0.0023675909624413147,0.5,2,True,all_validation
coco-rem,000000542423,/home/felix/fiftyone/coco-2017/validation/data/000000542423.jpg,validation,locked_confirmation,000000542423,13,0.0005147058823529412,0.23076923076923078,4,False,all_validation
coco-rem,000000542625,/home/felix/fiftyone/coco-2017/validation/data/000000542625.jpg,validation,locked_confirmation,000000542625,16,0.0014973958333333334,0.5,6,False,all_validation
coco-rem,000000542776,/home/felix/fiftyone/coco-2017/validation/data/000000542776.jpg,validation,locked_confirmation,000000542776,4,0.2621992370892019,0.75,4,False,all_validation
coco-rem,000000542856,/home/felix/fiftyone/coco-2017/validation/data/000000542856.jpg,validation,locked_confirmation,000000542856,6,0.008868193793911006,0.8333333333333334,3,False,all_validation
coco-rem,000000543043,/home/felix/fiftyone/coco-2017/validation/data/000000543043.jpg,validation,locked_confirmation,000000543043,5,0.075078125,0.0,4,False,all_validation
coco-rem,000000543047,/home/felix/fiftyone/coco-2017/validation/data/000000543047.jpg,validation,locked_confirmation,000000543047,16,0.0026497395833333334,0.3125,9,False,all_validation
coco-rem,000000543300,/home/felix/fiftyone/coco-2017/validation/data/000000543300.jpg,validation,locked_confirmation,000000543300,1,0.22676432291666668,0.0,1,False,all_validation
coco-rem,000000543528,/home/felix/fiftyone/coco-2017/validation/data/000000543528.jpg,validation,locked_confirmation,000000543528,1,0.17455078125,0.0,1,False,all_validation
coco-rem,000000543581,/home/felix/fiftyone/coco-2017/validation/data/000000543581.jpg,validation,locked_confirmation,000000543581,19,0.000819672131147541,0.47368421052631576,7,False,all_validation
coco-rem,000000544052,/home/felix/fiftyone/coco-2017/validation/data/000000544052.jpg,validation,locked_confirmation,000000544052,2,0.072032470703125,0.0,1,False,all_validation
coco-rem,000000544306,/home/felix/fiftyone/coco-2017/validation/data/000000544306.jpg,validation,locked_confirmation,000000544306,2,0.012218858131487889,0.0,1,False,all_validation
coco-rem,000000544444,/home/felix/fiftyone/coco-2017/validation/data/000000544444.jpg,validation,locked_confirmation,000000544444,3,0.007903981264637002,0.0,2,False,all_validation
coco-rem,000000544519,/home/felix/fiftyone/coco-2017/validation/data/000000544519.jpg,validation,locked_confirmation,000000544519,2,0.5120151492974239,1.0,2,False,all_validation
coco-rem,000000544565,/home/felix/fiftyone/coco-2017/validation/data/000000544565.jpg,validation,locked_confirmation,000000544565,5,0.026123046875,1.0,4,False,all_validation
coco-rem,000000544605,/home/felix/fiftyone/coco-2017/validation/data/000000544605.jpg,validation,locked_confirmation,000000544605,1,0.008064,0.0,1,False,all_validation
coco-rem,000000544811,/home/felix/fiftyone/coco-2017/validation/data/000000544811.jpg,validation,locked_confirmation,000000544811,2,0.03749817890442891,0.0,1,False,all_validation
coco-rem,000000545007,/home/felix/fiftyone/coco-2017/validation/data/000000545007.jpg,validation,locked_confirmation,000000545007,3,0.093375,0.0,2,False,all_validation
coco-rem,000000545100,/home/felix/fiftyone/coco-2017/validation/data/000000545100.jpg,validation,locked_confirmation,000000545100,11,0.0019366197183098592,0.36363636363636365,4,False,all_validation
coco-rem,000000545129,/home/felix/fiftyone/coco-2017/validation/data/000000545129.jpg,validation,locked_confirmation,000000545129,3,0.1473029490616622,0.6666666666666666,1,False,all_validation
coco-rem,000000545219,/home/felix/fiftyone/coco-2017/validation/data/000000545219.jpg,validation,locked_confirmation,000000545219,8,0.04053385416666667,0.875,4,False,all_validation
coco-rem,000000545407,/home/felix/fiftyone/coco-2017/validation/data/000000545407.jpg,validation,locked_confirmation,000000545407,1,0.1331073113207547,0.0,1,False,all_validation
coco-rem,000000545594,/home/felix/fiftyone/coco-2017/validation/data/000000545594.jpg,validation,locked_confirmation,000000545594,9,0.04200439453125,0.6666666666666666,2,False,all_validation
coco-rem,000000545730,/home/felix/fiftyone/coco-2017/validation/data/000000545730.jpg,validation,locked_confirmation,000000545730,10,0.011632757611241218,0.4,1,False,all_validation
coco-rem,000000545826,/home/felix/fiftyone/coco-2017/validation/data/000000545826.jpg,validation,locked_confirmation,000000545826,2,0.45754354354354354,1.0,2,False,all_validation
coco-rem,000000545958,/home/felix/fiftyone/coco-2017/validation/data/000000545958.jpg,validation,locked_confirmation,000000545958,1,0.09294684579439252,0.0,1,False,all_validation
coco-rem,000000546011,/home/felix/fiftyone/coco-2017/validation/data/000000546011.jpg,validation,locked_confirmation,000000546011,4,0.1384191616766467,0.75,1,False,all_validation
coco-rem,000000546219,/home/felix/fiftyone/coco-2017/validation/data/000000546219.jpg,validation,locked_confirmation,000000546219,43,0.0022943501170960188,0.7906976744186046,11,True,all_validation
coco-rem,000000546325,/home/felix/fiftyone/coco-2017/validation/data/000000546325.jpg,validation,locked_confirmation,000000546325,3,0.07413411458333333,1.0,3,False,all_validation
coco-rem,000000546475,/home/felix/fiftyone/coco-2017/validation/data/000000546475.jpg,validation,locked_confirmation,000000546475,3,0.30548302872062666,1.0,2,False,all_validation
coco-rem,000000546556,/home/felix/fiftyone/coco-2017/validation/data/000000546556.jpg,validation,locked_confirmation,000000546556,4,0.0018324335548172757,1.0,1,False,all_validation
coco-rem,000000546626,/home/felix/fiftyone/coco-2017/validation/data/000000546626.jpg,validation,locked_confirmation,000000546626,4,0.0847,0.75,4,False,all_validation
coco-rem,000000546659,/home/felix/fiftyone/coco-2017/validation/data/000000546659.jpg,validation,locked_confirmation,000000546659,4,0.001015625,0.5,2,False,all_validation
coco-rem,000000546717,/home/felix/fiftyone/coco-2017/validation/data/000000546717.jpg,validation,locked_confirmation,000000546717,7,0.12669851380042463,1.0,7,False,all_validation
coco-rem,000000546823,/home/felix/fiftyone/coco-2017/validation/data/000000546823.jpg,validation,locked_confirmation,000000546823,29,0.0016829427083333334,0.4827586206896552,6,True,all_validation
coco-rem,000000546826,/home/felix/fiftyone/coco-2017/validation/data/000000546826.jpg,validation,locked_confirmation,000000546826,1,0.48804361979166666,0.0,1,False,all_validation
coco-rem,000000546829,/home/felix/fiftyone/coco-2017/validation/data/000000546829.jpg,validation,locked_confirmation,000000546829,2,0.1832279411764706,1.0,2,False,all_validation
coco-rem,000000546964,/home/felix/fiftyone/coco-2017/validation/data/000000546964.jpg,validation,locked_confirmation,000000546964,27,0.0054752876569037654,0.5925925925925926,6,False,all_validation
coco-rem,000000546976,/home/felix/fiftyone/coco-2017/validation/data/000000546976.jpg,validation,locked_confirmation,000000546976,3,0.5362186666666666,1.0,3,False,all_validation
coco-rem,000000547144,/home/felix/fiftyone/coco-2017/validation/data/000000547144.jpg,validation,locked_confirmation,000000547144,8,0.026803385416666665,0.0,4,False,all_validation
coco-rem,000000547336,/home/felix/fiftyone/coco-2017/validation/data/000000547336.jpg,validation,locked_confirmation,000000547336,7,0.012395833333333333,0.42857142857142855,6,False,all_validation
coco-rem,000000547383,/home/felix/fiftyone/coco-2017/validation/data/000000547383.jpg,validation,locked_confirmation,000000547383,3,0.2153462441314554,0.0,1,False,all_validation
coco-rem,000000547502,/home/felix/fiftyone/coco-2017/validation/data/000000547502.jpg,validation,locked_confirmation,000000547502,5,0.037135416666666664,0.4,2,False,all_validation
coco-rem,000000547519,/home/felix/fiftyone/coco-2017/validation/data/000000547519.jpg,validation,locked_confirmation,000000547519,1,0.19645588235294117,0.0,1,False,all_validation
coco-rem,000000547816,/home/felix/fiftyone/coco-2017/validation/data/000000547816.jpg,validation,locked_confirmation,000000547816,4,0.001600922131147541,0.0,3,False,all_validation
coco-rem,000000547854,/home/felix/fiftyone/coco-2017/validation/data/000000547854.jpg,validation,locked_confirmation,000000547854,7,0.04654541015625,0.5714285714285714,4,False,all_validation
coco-rem,000000547886,/home/felix/fiftyone/coco-2017/validation/data/000000547886.jpg,validation,locked_confirmation,000000547886,7,0.01756440281030445,0.8571428571428571,2,False,all_validation
coco-rem,000000548246,/home/felix/fiftyone/coco-2017/validation/data/000000548246.jpg,validation,locked_confirmation,000000548246,20,0.0009345794392523365,0.4,4,False,all_validation
coco-rem,000000548267,/home/felix/fiftyone/coco-2017/validation/data/000000548267.jpg,validation,locked_confirmation,000000548267,13,0.0015625,0.0,1,False,all_validation
coco-rem,000000548339,/home/felix/fiftyone/coco-2017/validation/data/000000548339.jpg,validation,locked_confirmation,000000548339,13,0.04201388888888889,0.9230769230769231,6,False,all_validation
coco-rem,000000548506,/home/felix/fiftyone/coco-2017/validation/data/000000548506.jpg,validation,locked_confirmation,000000548506,8,0.16608639705882353,0.875,2,False,all_validation
coco-rem,000000548524,/home/felix/fiftyone/coco-2017/validation/data/000000548524.jpg,validation,locked_confirmation,000000548524,4,0.0005616949648711944,0.5,2,False,all_validation
coco-rem,000000548555,/home/felix/fiftyone/coco-2017/validation/data/000000548555.jpg,validation,locked_confirmation,000000548555,2,0.7171599911971831,1.0,2,False,all_validation
coco-rem,000000548780,/home/felix/fiftyone/coco-2017/validation/data/000000548780.jpg,validation,locked_confirmation,000000548780,16,0.020155152224824356,0.75,6,False,all_validation
coco-rem,000000549055,/home/felix/fiftyone/coco-2017/validation/data/000000549055.jpg,validation,locked_confirmation,000000549055,2,0.13277909128289472,0.0,2,False,all_validation
coco-rem,000000549136,/home/felix/fiftyone/coco-2017/validation/data/000000549136.jpg,validation,locked_confirmation,000000549136,1,0.025651641705069124,0.0,1,False,all_validation
coco-rem,000000549167,/home/felix/fiftyone/coco-2017/validation/data/000000549167.jpg,validation,locked_confirmation,000000549167,7,0.013468309859154929,1.0,2,False,all_validation
coco-rem,000000549220,/home/felix/fiftyone/coco-2017/validation/data/000000549220.jpg,validation,locked_confirmation,000000549220,8,0.06557291666666666,1.0,5,False,all_validation
coco-rem,000000549390,/home/felix/fiftyone/coco-2017/validation/data/000000549390.jpg,validation,locked_confirmation,000000549390,19,0.002224824355971897,0.7894736842105263,3,False,all_validation
coco-rem,000000549674,/home/felix/fiftyone/coco-2017/validation/data/000000549674.jpg,validation,locked_confirmation,000000549674,8,0.020777994791666667,0.625,5,False,all_validation
coco-rem,000000549738,/home/felix/fiftyone/coco-2017/validation/data/000000549738.jpg,validation,locked_confirmation,000000549738,14,0.001248899647887324,0.0,3,False,all_validation
coco-rem,000000549930,/home/felix/fiftyone/coco-2017/validation/data/000000549930.jpg,validation,locked_confirmation,000000549930,21,0.0004256272401433692,0.38095238095238093,2,True,all_validation
coco-rem,000000550084,/home/felix/fiftyone/coco-2017/validation/data/000000550084.jpg,validation,locked_confirmation,000000550084,3,0.03136,0.0,1,False,all_validation
coco-rem,000000550322,/home/felix/fiftyone/coco-2017/validation/data/000000550322.jpg,validation,locked_confirmation,000000550322,6,0.10333174765807962,0.6666666666666666,4,False,all_validation
coco-rem,000000550349,/home/felix/fiftyone/coco-2017/validation/data/000000550349.jpg,validation,locked_confirmation,000000550349,9,0.029576822916666665,1.0,5,False,all_validation
coco-rem,000000550426,/home/felix/fiftyone/coco-2017/validation/data/000000550426.jpg,validation,locked_confirmation,000000550426,1,0.20542743389423077,0.0,1,False,all_validation
coco-rem,000000550471,/home/felix/fiftyone/coco-2017/validation/data/000000550471.jpg,validation,locked_confirmation,000000550471,2,0.15698529411764706,0.0,2,False,all_validation
coco-rem,000000550691,/home/felix/fiftyone/coco-2017/validation/data/000000550691.jpg,validation,locked_confirmation,000000550691,8,0.0028824869791666667,0.375,4,False,all_validation
coco-rem,000000550714,/home/felix/fiftyone/coco-2017/validation/data/000000550714.jpg,validation,locked_confirmation,000000550714,2,0.7976611328125,1.0,2,False,all_validation
coco-rem,000000550797,/home/felix/fiftyone/coco-2017/validation/data/000000550797.jpg,validation,locked_confirmation,000000550797,1,0.42049861495844876,0.0,1,False,all_validation
coco-rem,000000550939,/home/felix/fiftyone/coco-2017/validation/data/000000550939.jpg,validation,locked_confirmation,000000550939,0,,0.0,0,False,all_validation
coco-rem,000000551215,/home/felix/fiftyone/coco-2017/validation/data/000000551215.jpg,validation,locked_confirmation,000000551215,2,0.18246256510416667,1.0,2,False,all_validation
coco-rem,000000551304,/home/felix/fiftyone/coco-2017/validation/data/000000551304.jpg,validation,locked_confirmation,000000551304,1,0.3116373697916667,0.0,1,False,all_validation
coco-rem,000000551350,/home/felix/fiftyone/coco-2017/validation/data/000000551350.jpg,validation,locked_confirmation,000000551350,8,0.0025406901041666666,0.25,2,False,all_validation
coco-rem,000000551439,/home/felix/fiftyone/coco-2017/validation/data/000000551439.jpg,validation,locked_confirmation,000000551439,3,0.7538092798594848,1.0,3,False,all_validation
coco-rem,000000551660,/home/felix/fiftyone/coco-2017/validation/data/000000551660.jpg,validation,locked_confirmation,000000551660,12,0.03284013856132075,0.5833333333333334,6,False,all_validation
coco-rem,000000551780,/home/felix/fiftyone/coco-2017/validation/data/000000551780.jpg,validation,locked_confirmation,000000551780,2,0.11080403645833334,0.0,2,False,all_validation
coco-rem,000000551794,/home/felix/fiftyone/coco-2017/validation/data/000000551794.jpg,validation,locked_confirmation,000000551794,7,0.00205078125,0.7142857142857143,5,False,all_validation
coco-rem,000000551804,/home/felix/fiftyone/coco-2017/validation/data/000000551804.jpg,validation,locked_confirmation,000000551804,2,0.11958064988290398,1.0,2,False,all_validation
coco-rem,000000551815,/home/felix/fiftyone/coco-2017/validation/data/000000551815.jpg,validation,locked_confirmation,000000551815,3,0.6833333333333333,1.0,2,False,all_validation
coco-rem,000000551820,/home/felix/fiftyone/coco-2017/validation/data/000000551820.jpg,validation,locked_confirmation,000000551820,16,0.005294117647058823,0.75,2,True,all_validation
coco-rem,000000551822,/home/felix/fiftyone/coco-2017/validation/data/000000551822.jpg,validation,locked_confirmation,000000551822,7,0.08322985651214128,0.5714285714285714,5,False,all_validation
coco-rem,000000552371,/home/felix/fiftyone/coco-2017/validation/data/000000552371.jpg,validation,locked_confirmation,000000552371,2,0.39919490903755867,1.0,1,False,all_validation
coco-rem,000000552612,/home/felix/fiftyone/coco-2017/validation/data/000000552612.jpg,validation,locked_confirmation,000000552612,9,0.00631434491007732,0.0,1,False,all_validation
coco-rem,000000552775,/home/felix/fiftyone/coco-2017/validation/data/000000552775.jpg,validation,locked_confirmation,000000552775,11,0.007616,0.6363636363636364,7,False,all_validation
coco-rem,000000552842,/home/felix/fiftyone/coco-2017/validation/data/000000552842.jpg,validation,locked_confirmation,000000552842,2,0.02225190281030445,1.0,2,False,all_validation
coco-rem,000000552883,/home/felix/fiftyone/coco-2017/validation/data/000000552883.jpg,validation,locked_confirmation,000000552883,1,0.003301056338028169,0.0,1,False,all_validation
coco-rem,000000552902,/home/felix/fiftyone/coco-2017/validation/data/000000552902.jpg,validation,locked_confirmation,000000552902,1,0.2385831381733021,0.0,1,False,all_validation
coco-rem,000000553094,/home/felix/fiftyone/coco-2017/validation/data/000000553094.jpg,validation,locked_confirmation,000000553094,1,0.36561032863849763,0.0,1,False,all_validation
coco-rem,000000553221,/home/felix/fiftyone/coco-2017/validation/data/000000553221.jpg,validation,locked_confirmation,000000553221,20,0.0009056645199063232,0.0,3,False,all_validation
coco-rem,000000553339,/home/felix/fiftyone/coco-2017/validation/data/000000553339.jpg,validation,locked_confirmation,000000553339,7,0.00013333333333333334,0.0,2,False,all_validation
coco-rem,000000553511,/home/felix/fiftyone/coco-2017/validation/data/000000553511.jpg,validation,locked_confirmation,000000553511,15,0.0021141141141141143,0.13333333333333333,4,False,all_validation
coco-rem,000000553664,/home/felix/fiftyone/coco-2017/validation/data/000000553664.jpg,validation,locked_confirmation,000000553664,18,0.002147493961352657,0.3888888888888889,6,True,all_validation
coco-rem,000000553669,/home/felix/fiftyone/coco-2017/validation/data/000000553669.jpg,validation,locked_confirmation,000000553669,23,0.00703125,0.391304347826087,5,False,all_validation
coco-rem,000000553731,/home/felix/fiftyone/coco-2017/validation/data/000000553731.jpg,validation,locked_confirmation,000000553731,9,0.04514456775700935,0.8888888888888888,2,False,all_validation
coco-rem,000000553776,/home/felix/fiftyone/coco-2017/validation/data/000000553776.jpg,validation,locked_confirmation,000000553776,2,0.25714148773006135,1.0,2,False,all_validation
coco-rem,000000553788,/home/felix/fiftyone/coco-2017/validation/data/000000553788.jpg,validation,locked_confirmation,000000553788,4,0.27515926308539945,1.0,4,False,all_validation
coco-rem,000000553990,/home/felix/fiftyone/coco-2017/validation/data/000000553990.jpg,validation,locked_confirmation,000000553990,2,0.26190625,1.0,2,False,all_validation
coco-rem,000000554002,/home/felix/fiftyone/coco-2017/validation/data/000000554002.jpg,validation,locked_confirmation,000000554002,14,0.026878676470588236,0.21428571428571427,4,False,all_validation
coco-rem,000000554156,/home/felix/fiftyone/coco-2017/validation/data/000000554156.jpg,validation,locked_confirmation,000000554156,2,0.24196480724299066,0.0,2,False,all_validation
coco-rem,000000554266,/home/felix/fiftyone/coco-2017/validation/data/000000554266.jpg,validation,locked_confirmation,000000554266,4,0.11107028162055337,0.75,2,False,all_validation
coco-rem,000000554291,/home/felix/fiftyone/coco-2017/validation/data/000000554291.jpg,validation,locked_confirmation,000000554291,6,0.24011755257009346,0.6666666666666666,5,False,all_validation
coco-rem,000000554328,/home/felix/fiftyone/coco-2017/validation/data/000000554328.jpg,validation,locked_confirmation,000000554328,6,0.14499624248496995,1.0,3,False,all_validation
coco-rem,000000554579,/home/felix/fiftyone/coco-2017/validation/data/000000554579.jpg,validation,locked_confirmation,000000554579,7,0.17082806174089069,0.7142857142857143,4,False,all_validation
coco-rem,000000554595,/home/felix/fiftyone/coco-2017/validation/data/000000554595.jpg,validation,locked_confirmation,000000554595,2,0.08822606382978723,0.0,2,False,all_validation
coco-rem,000000554735,/home/felix/fiftyone/coco-2017/validation/data/000000554735.jpg,validation,locked_confirmation,000000554735,2,0.416318359375,0.0,2,False,all_validation
coco-rem,000000554838,/home/felix/fiftyone/coco-2017/validation/data/000000554838.jpg,validation,locked_confirmation,000000554838,4,0.0580810546875,0.0,2,False,all_validation
coco-rem,000000555005,/home/felix/fiftyone/coco-2017/validation/data/000000555005.jpg,validation,locked_confirmation,000000555005,11,0.007893880208333334,0.45454545454545453,3,False,all_validation
coco-rem,000000555009,/home/felix/fiftyone/coco-2017/validation/data/000000555009.jpg,validation,locked_confirmation,000000555009,9,0.057493333333333334,0.4444444444444444,6,False,all_validation
coco-rem,000000555012,/home/felix/fiftyone/coco-2017/validation/data/000000555012.jpg,validation,locked_confirmation,000000555012,1,0.11019659624413146,0.0,1,False,all_validation
coco-rem,000000555050,/home/felix/fiftyone/coco-2017/validation/data/000000555050.jpg,validation,locked_confirmation,000000555050,19,0.005043478260869565,0.3684210526315789,7,False,all_validation
coco-rem,000000555412,/home/felix/fiftyone/coco-2017/validation/data/000000555412.jpg,validation,locked_confirmation,000000555412,1,0.9953161592505855,0.0,1,False,all_validation
coco-rem,000000555597,/home/felix/fiftyone/coco-2017/validation/data/000000555597.jpg,validation,locked_confirmation,000000555597,16,0.006523513056092843,0.3125,4,False,all_validation
coco-rem,000000555705,/home/felix/fiftyone/coco-2017/validation/data/000000555705.jpg,validation,locked_confirmation,000000555705,2,0.36003200808625335,0.0,1,False,all_validation
coco-rem,000000555972,/home/felix/fiftyone/coco-2017/validation/data/000000555972.jpg,validation,locked_confirmation,000000555972,10,0.010745442708333334,0.5,5,False,all_validation
coco-rem,000000556000,/home/felix/fiftyone/coco-2017/validation/data/000000556000.jpg,validation,locked_confirmation,000000556000,12,0.03742870145631068,0.75,5,False,all_validation
coco-rem,000000556158,/home/felix/fiftyone/coco-2017/validation/data/000000556158.jpg,validation,locked_confirmation,000000556158,3,0.005208333333333333,1.0,2,False,all_validation
coco-rem,000000556193,/home/felix/fiftyone/coco-2017/validation/data/000000556193.jpg,validation,locked_confirmation,000000556193,6,0.018675675675675674,1.0,3,False,all_validation
coco-rem,000000556498,/home/felix/fiftyone/coco-2017/validation/data/000000556498.jpg,validation,locked_confirmation,000000556498,0,,0.0,0,False,all_validation
coco-rem,000000556765,/home/felix/fiftyone/coco-2017/validation/data/000000556765.jpg,validation,locked_confirmation,000000556765,1,0.3177570093457944,0.0,1,False,all_validation
coco-rem,000000556873,/home/felix/fiftyone/coco-2017/validation/data/000000556873.jpg,validation,locked_confirmation,000000556873,1,0.08054010538641686,0.0,1,False,all_validation
coco-rem,000000557172,/home/felix/fiftyone/coco-2017/validation/data/000000557172.jpg,validation,locked_confirmation,000000557172,4,0.004744466145833333,0.0,3,False,all_validation
coco-rem,000000557258,/home/felix/fiftyone/coco-2017/validation/data/000000557258.jpg,validation,locked_confirmation,000000557258,1,0.5141631419939577,0.0,1,False,all_validation
coco-rem,000000557501,/home/felix/fiftyone/coco-2017/validation/data/000000557501.jpg,validation,locked_confirmation,000000557501,2,0.017317708333333334,0.0,1,False,all_validation
coco-rem,000000557672,/home/felix/fiftyone/coco-2017/validation/data/000000557672.jpg,validation,locked_confirmation,000000557672,4,0.21162673210161662,0.75,2,False,all_validation
coco-rem,000000557884,/home/felix/fiftyone/coco-2017/validation/data/000000557884.jpg,validation,locked_confirmation,000000557884,1,0.15587890625,0.0,1,False,all_validation
coco-rem,000000557916,/home/felix/fiftyone/coco-2017/validation/data/000000557916.jpg,validation,locked_confirmation,000000557916,4,0.24781029929577464,1.0,4,False,all_validation
coco-rem,000000558073,/home/felix/fiftyone/coco-2017/validation/data/000000558073.jpg,validation,locked_confirmation,000000558073,1,0.25168,0.0,1,False,all_validation
coco-rem,000000558114,/home/felix/fiftyone/coco-2017/validation/data/000000558114.jpg,validation,locked_confirmation,000000558114,17,0.0032552083333333335,0.5882352941176471,5,True,all_validation
coco-rem,000000558213,/home/felix/fiftyone/coco-2017/validation/data/000000558213.jpg,validation,locked_confirmation,000000558213,7,0.006336805555555556,0.5714285714285714,4,False,all_validation
coco-rem,000000558421,/home/felix/fiftyone/coco-2017/validation/data/000000558421.jpg,validation,locked_confirmation,000000558421,14,8.050351288056206e-05,0.14285714285714285,3,True,all_validation
coco-rem,000000558558,/home/felix/fiftyone/coco-2017/validation/data/000000558558.jpg,validation,locked_confirmation,000000558558,5,0.002109375,0.0,2,False,all_validation
coco-rem,000000558854,/home/felix/fiftyone/coco-2017/validation/data/000000558854.jpg,validation,locked_confirmation,000000558854,7,0.12394666666666666,0.8571428571428571,6,False,all_validation
coco-rem,000000559099,/home/felix/fiftyone/coco-2017/validation/data/000000559099.jpg,validation,locked_confirmation,000000559099,29,0.0007378472222222222,0.13793103448275862,1,False,all_validation
coco-rem,000000559160,/home/felix/fiftyone/coco-2017/validation/data/000000559160.jpg,validation,locked_confirmation,000000559160,8,0.014191797785547786,1.0,3,False,all_validation
coco-rem,000000559348,/home/felix/fiftyone/coco-2017/validation/data/000000559348.jpg,validation,locked_confirmation,000000559348,15,0.0043294270833333336,0.13333333333333333,3,True,all_validation
coco-rem,000000559513,/home/felix/fiftyone/coco-2017/validation/data/000000559513.jpg,validation,locked_confirmation,000000559513,7,0.05891107482185273,0.2857142857142857,5,False,all_validation
coco-rem,000000559543,/home/felix/fiftyone/coco-2017/validation/data/000000559543.jpg,validation,locked_confirmation,000000559543,5,0.12852852852852853,0.4,4,False,all_validation
coco-rem,000000559547,/home/felix/fiftyone/coco-2017/validation/data/000000559547.jpg,validation,locked_confirmation,000000559547,6,0.1453825101832994,0.6666666666666666,4,False,all_validation
coco-rem,000000559707,/home/felix/fiftyone/coco-2017/validation/data/000000559707.jpg,validation,locked_confirmation,000000559707,5,0.10450444560669456,0.0,2,False,all_validation
coco-rem,000000559842,/home/felix/fiftyone/coco-2017/validation/data/000000559842.jpg,validation,locked_confirmation,000000559842,17,0.02136270491803279,0.5294117647058824,4,True,all_validation
coco-rem,000000559956,/home/felix/fiftyone/coco-2017/validation/data/000000559956.jpg,validation,locked_confirmation,000000559956,9,0.12033203125,0.7777777777777778,4,False,all_validation
coco-rem,000000560011,/home/felix/fiftyone/coco-2017/validation/data/000000560011.jpg,validation,locked_confirmation,000000560011,4,0.16044578313253013,0.5,3,False,all_validation
coco-rem,000000560178,/home/felix/fiftyone/coco-2017/validation/data/000000560178.jpg,validation,locked_confirmation,000000560178,4,0.06906575520833333,0.0,3,False,all_validation
coco-rem,000000560256,/home/felix/fiftyone/coco-2017/validation/data/000000560256.jpg,validation,locked_confirmation,000000560256,55,0.004814453125,0.509090909090909,3,True,all_validation
coco-rem,000000560266,/home/felix/fiftyone/coco-2017/validation/data/000000560266.jpg,validation,locked_confirmation,000000560266,2,0.2564375,0.0,1,False,all_validation
coco-rem,000000560279,/home/felix/fiftyone/coco-2017/validation/data/000000560279.jpg,validation,locked_confirmation,000000560279,2,0.15914151608355762,0.0,2,False,all_validation
coco-rem,000000560312,/home/felix/fiftyone/coco-2017/validation/data/000000560312.jpg,validation,locked_confirmation,000000560312,2,0.04069301470588235,0.0,2,False,all_validation
coco-rem,000000560371,/home/felix/fiftyone/coco-2017/validation/data/000000560371.jpg,validation,locked_confirmation,000000560371,0,,0.0,0,False,all_validation
coco-rem,000000560474,/home/felix/fiftyone/coco-2017/validation/data/000000560474.jpg,validation,locked_confirmation,000000560474,20,0.012815755208333333,0.55,4,False,all_validation
coco-rem,000000560880,/home/felix/fiftyone/coco-2017/validation/data/000000560880.jpg,validation,locked_confirmation,000000560880,4,0.013142839566929134,0.0,3,False,all_validation
coco-rem,000000560911,/home/felix/fiftyone/coco-2017/validation/data/000000560911.jpg,validation,locked_confirmation,000000560911,5,0.15689968814968816,0.8,4,False,all_validation
coco-rem,000000561009,/home/felix/fiftyone/coco-2017/validation/data/000000561009.jpg,validation,locked_confirmation,000000561009,1,0.1521516393442623,0.0,1,False,all_validation
coco-rem,000000561223,/home/felix/fiftyone/coco-2017/validation/data/000000561223.jpg,validation,locked_confirmation,000000561223,2,0.03765368852459016,0.0,2,False,all_validation
coco-rem,000000561256,/home/felix/fiftyone/coco-2017/validation/data/000000561256.jpg,validation,locked_confirmation,000000561256,3,0.016953125,1.0,2,False,all_validation
coco-rem,000000561335,/home/felix/fiftyone/coco-2017/validation/data/000000561335.jpg,validation,locked_confirmation,000000561335,2,0.08156648936170213,0.0,1,False,all_validation
coco-rem,000000561366,/home/felix/fiftyone/coco-2017/validation/data/000000561366.jpg,validation,locked_confirmation,000000561366,2,0.21145833333333333,0.0,2,False,all_validation
coco-rem,000000561465,/home/felix/fiftyone/coco-2017/validation/data/000000561465.jpg,validation,locked_confirmation,000000561465,10,0.027905933615276175,0.4,3,False,all_validation
coco-rem,000000561679,/home/felix/fiftyone/coco-2017/validation/data/000000561679.jpg,validation,locked_confirmation,000000561679,1,0.00404296875,0.0,1,False,all_validation
coco-rem,000000561889,/home/felix/fiftyone/coco-2017/validation/data/000000561889.jpg,validation,locked_confirmation,000000561889,9,0.0157421875,0.6666666666666666,4,False,all_validation
coco-rem,000000561958,/home/felix/fiftyone/coco-2017/validation/data/000000561958.jpg,validation,locked_confirmation,000000561958,26,0.004768880208333334,0.7307692307692307,3,True,all_validation
coco-rem,000000562059,/home/felix/fiftyone/coco-2017/validation/data/000000562059.jpg,validation,locked_confirmation,000000562059,6,0.15183511416861828,1.0,5,False,all_validation
coco-rem,000000562121,/home/felix/fiftyone/coco-2017/validation/data/000000562121.jpg,validation,locked_confirmation,000000562121,4,0.03470539647577092,0.5,1,False,all_validation
coco-rem,000000562197,/home/felix/fiftyone/coco-2017/validation/data/000000562197.jpg,validation,locked_confirmation,000000562197,1,0.214580078125,0.0,1,False,all_validation
coco-rem,000000562207,/home/felix/fiftyone/coco-2017/validation/data/000000562207.jpg,validation,locked_confirmation,000000562207,6,0.049494485294117645,1.0,4,False,all_validation
coco-rem,000000562229,/home/felix/fiftyone/coco-2017/validation/data/000000562229.jpg,validation,locked_confirmation,000000562229,6,0.000576171875,0.3333333333333333,2,False,all_validation
coco-rem,000000562243,/home/felix/fiftyone/coco-2017/validation/data/000000562243.jpg,validation,locked_confirmation,000000562243,2,0.367578125,1.0,2,False,all_validation
coco-rem,000000562443,/home/felix/fiftyone/coco-2017/validation/data/000000562443.jpg,validation,locked_confirmation,000000562443,3,0.39829427083333335,1.0,1,False,all_validation
coco-rem,000000562448,/home/felix/fiftyone/coco-2017/validation/data/000000562448.jpg,validation,locked_confirmation,000000562448,3,0.0021647135416666668,1.0,2,False,all_validation
coco-rem,000000562561,/home/felix/fiftyone/coco-2017/validation/data/000000562561.jpg,validation,locked_confirmation,000000562561,3,0.121923828125,0.6666666666666666,2,False,all_validation
coco-rem,000000562581,/home/felix/fiftyone/coco-2017/validation/data/000000562581.jpg,validation,locked_confirmation,000000562581,4,0.0016240850225225226,0.5,3,False,all_validation
coco-rem,000000562818,/home/felix/fiftyone/coco-2017/validation/data/000000562818.jpg,validation,locked_confirmation,000000562818,24,0.0001513671875,0.4166666666666667,4,True,all_validation
coco-rem,000000562843,/home/felix/fiftyone/coco-2017/validation/data/000000562843.jpg,validation,locked_confirmation,000000562843,3,0.2764373333333333,0.0,3,False,all_validation
coco-rem,000000563267,/home/felix/fiftyone/coco-2017/validation/data/000000563267.jpg,validation,locked_confirmation,000000563267,9,0.00448,0.7777777777777778,6,False,all_validation
coco-rem,000000563281,/home/felix/fiftyone/coco-2017/validation/data/000000563281.jpg,validation,locked_confirmation,000000563281,2,0.1754519427402863,1.0,2,False,all_validation
coco-rem,000000563349,/home/felix/fiftyone/coco-2017/validation/data/000000563349.jpg,validation,locked_confirmation,000000563349,2,0.05968603629976581,0.0,2,False,all_validation
coco-rem,000000563470,/home/felix/fiftyone/coco-2017/validation/data/000000563470.jpg,validation,locked_confirmation,000000563470,4,0.011678498243559718,1.0,3,False,all_validation
coco-rem,000000563603,/home/felix/fiftyone/coco-2017/validation/data/000000563603.jpg,validation,locked_confirmation,000000563603,7,0.030048338779956427,0.8571428571428571,1,False,all_validation
coco-rem,000000563604,/home/felix/fiftyone/coco-2017/validation/data/000000563604.jpg,validation,locked_confirmation,000000563604,15,0.0017027661795407099,0.5333333333333333,4,False,all_validation
coco-rem,000000563648,/home/felix/fiftyone/coco-2017/validation/data/000000563648.jpg,validation,locked_confirmation,000000563648,21,0.003973023504273504,0.38095238095238093,2,True,all_validation
coco-rem,000000563653,/home/felix/fiftyone/coco-2017/validation/data/000000563653.jpg,validation,locked_confirmation,000000563653,18,0.001838022041763341,0.2222222222222222,5,False,all_validation
coco-rem,000000563702,/home/felix/fiftyone/coco-2017/validation/data/000000563702.jpg,validation,locked_confirmation,000000563702,5,0.01563231850117096,0.4,2,False,all_validation
coco-rem,000000563758,/home/felix/fiftyone/coco-2017/validation/data/000000563758.jpg,validation,locked_confirmation,000000563758,1,0.9790428321678322,0.0,1,False,all_validation
coco-rem,000000563882,/home/felix/fiftyone/coco-2017/validation/data/000000563882.jpg,validation,locked_confirmation,000000563882,13,0.05073529411764706,0.8461538461538461,3,False,all_validation
coco-rem,000000564023,/home/felix/fiftyone/coco-2017/validation/data/000000564023.jpg,validation,locked_confirmation,000000564023,1,0.02671875,0.0,1,False,all_validation
coco-rem,000000564091,/home/felix/fiftyone/coco-2017/validation/data/000000564091.jpg,validation,locked_confirmation,000000564091,5,0.00974824355971897,0.8,4,False,all_validation
coco-rem,000000564127,/home/felix/fiftyone/coco-2017/validation/data/000000564127.jpg,validation,locked_confirmation,000000564127,1,0.24322429906542056,0.0,1,False,all_validation
coco-rem,000000564133,/home/felix/fiftyone/coco-2017/validation/data/000000564133.jpg,validation,locked_confirmation,000000564133,8,0.02008033608490566,0.5,1,False,all_validation
coco-rem,000000564280,/home/felix/fiftyone/coco-2017/validation/data/000000564280.jpg,validation,locked_confirmation,000000564280,4,0.3736433823529412,1.0,3,False,all_validation
coco-rem,000000564336,/home/felix/fiftyone/coco-2017/validation/data/000000564336.jpg,validation,locked_confirmation,000000564336,15,0.017413194444444443,0.4666666666666667,8,False,all_validation
coco-rem,000000565012,/home/felix/fiftyone/coco-2017/validation/data/000000565012.jpg,validation,locked_confirmation,000000565012,9,0.0015441176470588234,0.0,4,False,all_validation
coco-rem,000000565045,/home/felix/fiftyone/coco-2017/validation/data/000000565045.jpg,validation,locked_confirmation,000000565045,2,0.028744744744744744,1.0,2,False,all_validation
coco-rem,000000565153,/home/felix/fiftyone/coco-2017/validation/data/000000565153.jpg,validation,locked_confirmation,000000565153,2,0.014519788918205805,0.0,2,False,all_validation
coco-rem,000000565391,/home/felix/fiftyone/coco-2017/validation/data/000000565391.jpg,validation,locked_confirmation,000000565391,3,0.04443359375,1.0,3,False,all_validation
coco-rem,000000565469,/home/felix/fiftyone/coco-2017/validation/data/000000565469.jpg,validation,locked_confirmation,000000565469,1,0.006418720657276995,0.0,1,False,all_validation
coco-rem,000000565563,/home/felix/fiftyone/coco-2017/validation/data/000000565563.jpg,validation,locked_confirmation,000000565563,12,0.00228515625,0.5,3,False,all_validation
coco-rem,000000565597,/home/felix/fiftyone/coco-2017/validation/data/000000565597.jpg,validation,locked_confirmation,000000565597,5,0.22344076882845187,0.4,2,False,all_validation
coco-rem,000000565607,/home/felix/fiftyone/coco-2017/validation/data/000000565607.jpg,validation,locked_confirmation,000000565607,10,0.03240565095846645,0.0,2,False,all_validation
coco-rem,000000565624,/home/felix/fiftyone/coco-2017/validation/data/000000565624.jpg,validation,locked_confirmation,000000565624,2,0.18482083333333332,0.0,1,False,all_validation
coco-rem,000000565776,/home/felix/fiftyone/coco-2017/validation/data/000000565776.jpg,validation,locked_confirmation,000000565776,12,0.0019039489311163896,0.3333333333333333,9,False,all_validation
coco-rem,000000565778,/home/felix/fiftyone/coco-2017/validation/data/000000565778.jpg,validation,locked_confirmation,000000565778,7,0.000984375,1.0,3,False,all_validation
coco-rem,000000565853,/home/felix/fiftyone/coco-2017/validation/data/000000565853.jpg,validation,locked_confirmation,000000565853,11,0.008192,0.2727272727272727,6,False,all_validation
coco-rem,000000565877,/home/felix/fiftyone/coco-2017/validation/data/000000565877.jpg,validation,locked_confirmation,000000565877,5,0.16192183840749413,1.0,5,False,all_validation
coco-rem,000000565962,/home/felix/fiftyone/coco-2017/validation/data/000000565962.jpg,validation,locked_confirmation,000000565962,2,0.35160595962084573,0.0,2,False,all_validation
coco-rem,000000565989,/home/felix/fiftyone/coco-2017/validation/data/000000565989.jpg,validation,locked_confirmation,000000565989,2,0.0157421875,0.0,2,False,all_validation
coco-rem,000000566042,/home/felix/fiftyone/coco-2017/validation/data/000000566042.jpg,validation,locked_confirmation,000000566042,6,0.20055255255255255,0.5,1,False,all_validation
coco-rem,000000566282,/home/felix/fiftyone/coco-2017/validation/data/000000566282.jpg,validation,locked_confirmation,000000566282,10,0.005991417253521127,0.5,4,False,all_validation
coco-rem,000000566436,/home/felix/fiftyone/coco-2017/validation/data/000000566436.jpg,validation,locked_confirmation,000000566436,2,0.46762295081967215,1.0,2,False,all_validation
coco-rem,000000566524,/home/felix/fiftyone/coco-2017/validation/data/000000566524.jpg,validation,locked_confirmation,000000566524,7,0.0009375,0.5714285714285714,2,False,all_validation
coco-rem,000000566758,/home/felix/fiftyone/coco-2017/validation/data/000000566758.jpg,validation,locked_confirmation,000000566758,2,0.20384440104166668,0.0,2,False,all_validation
coco-rem,000000566923,/home/felix/fiftyone/coco-2017/validation/data/000000566923.jpg,validation,locked_confirmation,000000566923,12,0.0679137323943662,0.75,3,False,all_validation
coco-rem,000000567011,/home/felix/fiftyone/coco-2017/validation/data/000000567011.jpg,validation,locked_confirmation,000000567011,3,0.006631455399061033,0.0,3,False,all_validation
coco-rem,000000567197,/home/felix/fiftyone/coco-2017/validation/data/000000567197.jpg,validation,locked_confirmation,000000567197,9,0.003316953316953317,0.2222222222222222,3,False,all_validation
coco-rem,000000567432,/home/felix/fiftyone/coco-2017/validation/data/000000567432.jpg,validation,locked_confirmation,000000567432,1,0.13155955188679244,0.0,1,False,all_validation
coco-rem,000000567640,/home/felix/fiftyone/coco-2017/validation/data/000000567640.jpg,validation,locked_confirmation,000000567640,10,0.029755514705882353,0.9,4,False,all_validation
coco-rem,000000567740,/home/felix/fiftyone/coco-2017/validation/data/000000567740.jpg,validation,locked_confirmation,000000567740,8,0.035968424479166664,1.0,3,False,all_validation
coco-rem,000000567825,/home/felix/fiftyone/coco-2017/validation/data/000000567825.jpg,validation,locked_confirmation,000000567825,4,0.25380379098360656,0.5,4,False,all_validation
coco-rem,000000567886,/home/felix/fiftyone/coco-2017/validation/data/000000567886.jpg,validation,locked_confirmation,000000567886,12,0.0038373333333333332,0.6666666666666666,3,False,all_validation
coco-rem,000000567898,/home/felix/fiftyone/coco-2017/validation/data/000000567898.jpg,validation,locked_confirmation,000000567898,21,0.014988298458149779,1.0,4,False,all_validation
coco-rem,000000568147,/home/felix/fiftyone/coco-2017/validation/data/000000568147.jpg,validation,locked_confirmation,000000568147,7,0.003076171875,0.2857142857142857,3,False,all_validation
coco-rem,000000568195,/home/felix/fiftyone/coco-2017/validation/data/000000568195.jpg,validation,locked_confirmation,000000568195,13,0.0073953454332552696,0.6923076923076923,7,False,all_validation
coco-rem,000000568213,/home/felix/fiftyone/coco-2017/validation/data/000000568213.jpg,validation,locked_confirmation,000000568213,3,0.17076923076923076,0.0,2,False,all_validation
coco-rem,000000568290,/home/felix/fiftyone/coco-2017/validation/data/000000568290.jpg,validation,locked_confirmation,000000568290,10,0.0011563231850117096,0.6,5,False,all_validation
coco-rem,000000568439,/home/felix/fiftyone/coco-2017/validation/data/000000568439.jpg,validation,locked_confirmation,000000568439,25,0.001673858574610245,0.72,4,True,all_validation
coco-rem,000000568584,/home/felix/fiftyone/coco-2017/validation/data/000000568584.jpg,validation,locked_confirmation,000000568584,4,0.21527472124413147,0.5,4,False,all_validation
coco-rem,000000568690,/home/felix/fiftyone/coco-2017/validation/data/000000568690.jpg,validation,locked_confirmation,000000568690,2,0.213876953125,0.0,2,False,all_validation
coco-rem,000000568710,/home/felix/fiftyone/coco-2017/validation/data/000000568710.jpg,validation,locked_confirmation,000000568710,11,0.002254098360655738,0.7272727272727273,8,False,all_validation
coco-rem,000000568814,/home/felix/fiftyone/coco-2017/validation/data/000000568814.jpg,validation,locked_confirmation,000000568814,6,0.015707694986072423,1.0,4,False,all_validation
coco-rem,000000568981,/home/felix/fiftyone/coco-2017/validation/data/000000568981.jpg,validation,locked_confirmation,000000568981,4,0.03648767605633803,1.0,3,False,all_validation
coco-rem,000000569030,/home/felix/fiftyone/coco-2017/validation/data/000000569030.jpg,validation,locked_confirmation,000000569030,25,0.0032853333333333332,0.28,8,False,all_validation
coco-rem,000000569059,/home/felix/fiftyone/coco-2017/validation/data/000000569059.jpg,validation,locked_confirmation,000000569059,14,0.00205078125,0.5,6,False,all_validation
coco-rem,000000569273,/home/felix/fiftyone/coco-2017/validation/data/000000569273.jpg,validation,locked_confirmation,000000569273,6,0.0057470703125,0.0,2,False,all_validation
coco-rem,000000569565,/home/felix/fiftyone/coco-2017/validation/data/000000569565.jpg,validation,locked_confirmation,000000569565,2,0.09092505854800936,0.0,1,False,all_validation
coco-rem,000000569700,/home/felix/fiftyone/coco-2017/validation/data/000000569700.jpg,validation,locked_confirmation,000000569700,2,0.41898533724340176,1.0,2,False,all_validation
coco-rem,000000569825,/home/felix/fiftyone/coco-2017/validation/data/000000569825.jpg,validation,locked_confirmation,000000569825,6,0.016917159763313608,0.6666666666666666,2,False,all_validation
coco-rem,000000569917,/home/felix/fiftyone/coco-2017/validation/data/000000569917.jpg,validation,locked_confirmation,000000569917,5,0.011067708333333334,0.8,4,False,all_validation
coco-rem,000000569972,/home/felix/fiftyone/coco-2017/validation/data/000000569972.jpg,validation,locked_confirmation,000000569972,2,0.026860572735191636,0.0,2,False,all_validation
coco-rem,000000569976,/home/felix/fiftyone/coco-2017/validation/data/000000569976.jpg,validation,locked_confirmation,000000569976,7,0.09291015625,0.8571428571428571,3,False,all_validation
coco-rem,000000570169,/home/felix/fiftyone/coco-2017/validation/data/000000570169.jpg,validation,locked_confirmation,000000570169,1,0.4489878841607565,0.0,1,False,all_validation
coco-rem,000000570448,/home/felix/fiftyone/coco-2017/validation/data/000000570448.jpg,validation,locked_confirmation,000000570448,12,0.0009362086776859504,0.16666666666666666,2,False,all_validation
coco-rem,000000570456,/home/felix/fiftyone/coco-2017/validation/data/000000570456.jpg,validation,locked_confirmation,000000570456,15,0.0035188802083333335,0.4666666666666667,7,False,all_validation
coco-rem,000000570471,/home/felix/fiftyone/coco-2017/validation/data/000000570471.jpg,validation,locked_confirmation,000000570471,10,0.028498666666666665,0.7,6,False,all_validation
coco-rem,000000570539,/home/felix/fiftyone/coco-2017/validation/data/000000570539.jpg,validation,locked_confirmation,000000570539,8,0.04739247311827957,1.0,3,False,all_validation
coco-rem,000000570664,/home/felix/fiftyone/coco-2017/validation/data/000000570664.jpg,validation,locked_confirmation,000000570664,3,0.19353753753753752,0.0,2,False,all_validation
coco-rem,000000570688,/home/felix/fiftyone/coco-2017/validation/data/000000570688.jpg,validation,locked_confirmation,000000570688,48,0.001767578125,0.16666666666666666,3,True,all_validation
coco-rem,000000570736,/home/felix/fiftyone/coco-2017/validation/data/000000570736.jpg,validation,locked_confirmation,000000570736,2,0.0524626756440281,0.0,2,False,all_validation
coco-rem,000000570756,/home/felix/fiftyone/coco-2017/validation/data/000000570756.jpg,validation,locked_confirmation,000000570756,26,0.0006370473130841122,0.07692307692307693,2,True,all_validation
coco-rem,000000570782,/home/felix/fiftyone/coco-2017/validation/data/000000570782.jpg,validation,locked_confirmation,000000570782,8,0.03245389344262295,0.875,5,False,all_validation
coco-rem,000000570834,/home/felix/fiftyone/coco-2017/validation/data/000000570834.jpg,validation,locked_confirmation,000000570834,12,0.0061214192708333335,0.4166666666666667,2,False,all_validation
coco-rem,000000571008,/home/felix/fiftyone/coco-2017/validation/data/000000571008.jpg,validation,locked_confirmation,000000571008,1,0.41844117647058826,0.0,1,False,all_validation
coco-rem,000000571264,/home/felix/fiftyone/coco-2017/validation/data/000000571264.jpg,validation,locked_confirmation,000000571264,2,0.24858237969483568,0.0,2,False,all_validation
coco-rem,000000571313,/home/felix/fiftyone/coco-2017/validation/data/000000571313.jpg,validation,locked_confirmation,000000571313,7,0.03243489583333333,0.0,7,False,all_validation
coco-rem,000000571598,/home/felix/fiftyone/coco-2017/validation/data/000000571598.jpg,validation,locked_confirmation,000000571598,15,0.009798177083333333,1.0,3,False,all_validation
coco-rem,000000571718,/home/felix/fiftyone/coco-2017/validation/data/000000571718.jpg,validation,locked_confirmation,000000571718,34,0.008341261709601873,0.3235294117647059,5,True,all_validation
coco-rem,000000571804,/home/felix/fiftyone/coco-2017/validation/data/000000571804.jpg,validation,locked_confirmation,000000571804,9,0.023591549295774648,0.0,4,False,all_validation
coco-rem,000000571857,/home/felix/fiftyone/coco-2017/validation/data/000000571857.jpg,validation,locked_confirmation,000000571857,15,0.008318661971830985,1.0,6,False,all_validation
coco-rem,000000571893,/home/felix/fiftyone/coco-2017/validation/data/000000571893.jpg,validation,locked_confirmation,000000571893,17,0.005257009345794392,0.7058823529411765,4,True,all_validation
coco-rem,000000571943,/home/felix/fiftyone/coco-2017/validation/data/000000571943.jpg,validation,locked_confirmation,000000571943,2,0.124052734375,0.0,1,False,all_validation
coco-rem,000000572303,/home/felix/fiftyone/coco-2017/validation/data/000000572303.jpg,validation,locked_confirmation,000000572303,3,0.003841145833333333,0.6666666666666666,2,False,all_validation
coco-rem,000000572388,/home/felix/fiftyone/coco-2017/validation/data/000000572388.jpg,validation,locked_confirmation,000000572388,5,0.1015243553008596,0.0,2,False,all_validation
coco-rem,000000572408,/home/felix/fiftyone/coco-2017/validation/data/000000572408.jpg,validation,locked_confirmation,000000572408,4,0.03894641804245283,0.0,1,False,all_validation
coco-rem,000000572462,/home/felix/fiftyone/coco-2017/validation/data/000000572462.jpg,validation,locked_confirmation,000000572462,17,0.006386432568670169,0.5882352941176471,6,False,all_validation
coco-rem,000000572517,/home/felix/fiftyone/coco-2017/validation/data/000000572517.jpg,validation,locked_confirmation,000000572517,2,0.21203751474056604,0.0,2,False,all_validation
coco-rem,000000572555,/home/felix/fiftyone/coco-2017/validation/data/000000572555.jpg,validation,locked_confirmation,000000572555,8,0.0022058823529411764,0.25,2,False,all_validation
coco-rem,000000572620,/home/felix/fiftyone/coco-2017/validation/data/000000572620.jpg,validation,locked_confirmation,000000572620,16,0.00663788056206089,0.375,3,True,all_validation
coco-rem,000000572678,/home/felix/fiftyone/coco-2017/validation/data/000000572678.jpg,validation,locked_confirmation,000000572678,33,0.00375,0.8181818181818182,11,False,all_validation
coco-rem,000000572900,/home/felix/fiftyone/coco-2017/validation/data/000000572900.jpg,validation,locked_confirmation,000000572900,11,0.002734375,0.5454545454545454,4,False,all_validation
coco-rem,000000572956,/home/felix/fiftyone/coco-2017/validation/data/000000572956.jpg,validation,locked_confirmation,000000572956,8,0.171990990990991,0.5,1,False,all_validation
coco-rem,000000573008,/home/felix/fiftyone/coco-2017/validation/data/000000573008.jpg,validation,locked_confirmation,000000573008,1,0.01375,0.0,1,False,all_validation
coco-rem,000000573094,/home/felix/fiftyone/coco-2017/validation/data/000000573094.jpg,validation,locked_confirmation,000000573094,14,0.001648,0.42857142857142855,6,False,all_validation
coco-rem,000000573258,/home/felix/fiftyone/coco-2017/validation/data/000000573258.jpg,validation,locked_confirmation,000000573258,3,0.03619791666666667,0.6666666666666666,3,False,all_validation
coco-rem,000000573391,/home/felix/fiftyone/coco-2017/validation/data/000000573391.jpg,validation,locked_confirmation,000000573391,1,0.029814453125,0.0,1,False,all_validation
coco-rem,000000573626,/home/felix/fiftyone/coco-2017/validation/data/000000573626.jpg,validation,locked_confirmation,000000573626,2,0.01304,0.0,1,False,all_validation
coco-rem,000000573943,/home/felix/fiftyone/coco-2017/validation/data/000000573943.jpg,validation,locked_confirmation,000000573943,13,0.005660807291666667,0.0,1,True,all_validation
coco-rem,000000574297,/home/felix/fiftyone/coco-2017/validation/data/000000574297.jpg,validation,locked_confirmation,000000574297,2,0.17905993852459015,1.0,2,False,all_validation
coco-rem,000000574315,/home/felix/fiftyone/coco-2017/validation/data/000000574315.jpg,validation,locked_confirmation,000000574315,6,0.2927164713541667,1.0,6,False,all_validation
coco-rem,000000574425,/home/felix/fiftyone/coco-2017/validation/data/000000574425.jpg,validation,locked_confirmation,000000574425,2,0.3198811463270142,0.0,1,False,all_validation
coco-rem,000000574520,/home/felix/fiftyone/coco-2017/validation/data/000000574520.jpg,validation,locked_confirmation,000000574520,2,0.040110040726817044,0.0,2,False,all_validation
coco-rem,000000574702,/home/felix/fiftyone/coco-2017/validation/data/000000574702.jpg,validation,locked_confirmation,000000574702,25,0.0034834834834834836,0.56,3,False,all_validation
coco-rem,000000574810,/home/felix/fiftyone/coco-2017/validation/data/000000574810.jpg,validation,locked_confirmation,000000574810,1,0.4203501326259947,0.0,1,False,all_validation
coco-rem,000000574823,/home/felix/fiftyone/coco-2017/validation/data/000000574823.jpg,validation,locked_confirmation,000000574823,7,0.025584,0.8571428571428571,3,False,all_validation
coco-rem,000000575081,/home/felix/fiftyone/coco-2017/validation/data/000000575081.jpg,validation,locked_confirmation,000000575081,4,0.07733826112412177,0.5,3,False,all_validation
coco-rem,000000575187,/home/felix/fiftyone/coco-2017/validation/data/000000575187.jpg,validation,locked_confirmation,000000575187,3,0.167872,0.6666666666666666,3,False,all_validation
coco-rem,000000575205,/home/felix/fiftyone/coco-2017/validation/data/000000575205.jpg,validation,locked_confirmation,000000575205,1,0.13927107728337237,0.0,1,False,all_validation
coco-rem,000000575243,/home/felix/fiftyone/coco-2017/validation/data/000000575243.jpg,validation,locked_confirmation,000000575243,10,0.007382538056206089,0.2,4,False,all_validation
coco-rem,000000575357,/home/felix/fiftyone/coco-2017/validation/data/000000575357.jpg,validation,locked_confirmation,000000575357,2,0.13329194260485652,0.0,2,False,all_validation
coco-rem,000000575372,/home/felix/fiftyone/coco-2017/validation/data/000000575372.jpg,validation,locked_confirmation,000000575372,4,0.008743489583333333,0.0,1,False,all_validation
coco-rem,000000575500,/home/felix/fiftyone/coco-2017/validation/data/000000575500.jpg,validation,locked_confirmation,000000575500,40,0.002699530516431925,0.625,1,False,all_validation
coco-rem,000000575815,/home/felix/fiftyone/coco-2017/validation/data/000000575815.jpg,validation,locked_confirmation,000000575815,1,0.48803353658536586,0.0,1,False,all_validation
coco-rem,000000575970,/home/felix/fiftyone/coco-2017/validation/data/000000575970.jpg,validation,locked_confirmation,000000575970,30,0.0011702473958333333,0.5,12,False,all_validation
coco-rem,000000576031,/home/felix/fiftyone/coco-2017/validation/data/000000576031.jpg,validation,locked_confirmation,000000576031,6,0.0166259765625,0.8333333333333334,2,False,all_validation
coco-rem,000000576052,/home/felix/fiftyone/coco-2017/validation/data/000000576052.jpg,validation,locked_confirmation,000000576052,2,0.06095945550351288,0.0,2,False,all_validation
coco-rem,000000576566,/home/felix/fiftyone/coco-2017/validation/data/000000576566.jpg,validation,locked_confirmation,000000576566,5,0.017270788912579958,0.8,2,False,all_validation
coco-rem,000000576654,/home/felix/fiftyone/coco-2017/validation/data/000000576654.jpg,validation,locked_confirmation,000000576654,3,0.042264344262295084,0.0,2,False,all_validation
coco-rem,000000576955,/home/felix/fiftyone/coco-2017/validation/data/000000576955.jpg,validation,locked_confirmation,000000576955,3,0.07725409836065573,0.6666666666666666,2,False,all_validation
coco-rem,000000577149,/home/felix/fiftyone/coco-2017/validation/data/000000577149.jpg,validation,locked_confirmation,000000577149,4,0.040490693099273604,0.5,1,False,all_validation
coco-rem,000000577182,/home/felix/fiftyone/coco-2017/validation/data/000000577182.jpg,validation,locked_confirmation,000000577182,4,0.060200161007025764,0.5,2,False,all_validation
coco-rem,000000577539,/home/felix/fiftyone/coco-2017/validation/data/000000577539.jpg,validation,locked_confirmation,000000577539,5,0.03319760479041916,0.8,3,False,all_validation
coco-rem,000000577584,/home/felix/fiftyone/coco-2017/validation/data/000000577584.jpg,validation,locked_confirmation,000000577584,2,0.09016895933014354,0.0,2,False,all_validation
coco-rem,000000577735,/home/felix/fiftyone/coco-2017/validation/data/000000577735.jpg,validation,locked_confirmation,000000577735,2,0.4053011067708333,1.0,2,False,all_validation
coco-rem,000000577862,/home/felix/fiftyone/coco-2017/validation/data/000000577862.jpg,validation,locked_confirmation,000000577862,2,0.38482827240566037,1.0,1,False,all_validation
coco-rem,000000577864,/home/felix/fiftyone/coco-2017/validation/data/000000577864.jpg,validation,locked_confirmation,000000577864,4,0.0638699383802817,0.5,2,False,all_validation
coco-rem,000000577932,/home/felix/fiftyone/coco-2017/validation/data/000000577932.jpg,validation,locked_confirmation,000000577932,20,0.007081606813996316,0.2,7,False,all_validation
coco-rem,000000577959,/home/felix/fiftyone/coco-2017/validation/data/000000577959.jpg,validation,locked_confirmation,000000577959,2,0.020103922716627635,0.0,2,False,all_validation
coco-rem,000000577976,/home/felix/fiftyone/coco-2017/validation/data/000000577976.jpg,validation,locked_confirmation,000000577976,4,0.011103606892523364,0.0,2,False,all_validation
coco-rem,000000578093,/home/felix/fiftyone/coco-2017/validation/data/000000578093.jpg,validation,locked_confirmation,000000578093,5,0.00046875,0.0,2,False,all_validation
coco-rem,000000578236,/home/felix/fiftyone/coco-2017/validation/data/000000578236.jpg,validation,locked_confirmation,000000578236,3,0.0057692307692307696,0.0,1,False,all_validation
coco-rem,000000578489,/home/felix/fiftyone/coco-2017/validation/data/000000578489.jpg,validation,locked_confirmation,000000578489,12,0.07207682291666667,0.8333333333333334,4,False,all_validation
coco-rem,000000578500,/home/felix/fiftyone/coco-2017/validation/data/000000578500.jpg,validation,locked_confirmation,000000578500,14,0.004391163793103448,0.42857142857142855,5,False,all_validation
coco-rem,000000578545,/home/felix/fiftyone/coco-2017/validation/data/000000578545.jpg,validation,locked_confirmation,000000578545,4,0.12945839926160338,0.5,4,False,all_validation
coco-rem,000000578792,/home/felix/fiftyone/coco-2017/validation/data/000000578792.jpg,validation,locked_confirmation,000000578792,2,0.24032494145199063,1.0,2,False,all_validation
coco-rem,000000578871,/home/felix/fiftyone/coco-2017/validation/data/000000578871.jpg,validation,locked_confirmation,000000578871,12,0.03345377604166667,0.8333333333333334,6,False,all_validation
coco-rem,000000578922,/home/felix/fiftyone/coco-2017/validation/data/000000578922.jpg,validation,locked_confirmation,000000578922,8,0.023488451086956522,0.75,5,False,all_validation
coco-rem,000000578967,/home/felix/fiftyone/coco-2017/validation/data/000000578967.jpg,validation,locked_confirmation,000000578967,1,0.6725579690831557,0.0,1,False,all_validation
coco-rem,000000579070,/home/felix/fiftyone/coco-2017/validation/data/000000579070.jpg,validation,locked_confirmation,000000579070,31,0.007069672131147541,0.967741935483871,8,True,all_validation
coco-rem,000000579091,/home/felix/fiftyone/coco-2017/validation/data/000000579091.jpg,validation,locked_confirmation,000000579091,3,0.0725,0.0,1,False,all_validation
coco-rem,000000579158,/home/felix/fiftyone/coco-2017/validation/data/000000579158.jpg,validation,locked_confirmation,000000579158,15,0.001416015625,1.0,3,False,all_validation
coco-rem,000000579307,/home/felix/fiftyone/coco-2017/validation/data/000000579307.jpg,validation,locked_confirmation,000000579307,5,0.06741536458333333,0.6,3,False,all_validation
coco-rem,000000579321,/home/felix/fiftyone/coco-2017/validation/data/000000579321.jpg,validation,locked_confirmation,000000579321,2,0.2512471762048193,0.0,2,False,all_validation
coco-rem,000000579635,/home/felix/fiftyone/coco-2017/validation/data/000000579635.jpg,validation,locked_confirmation,000000579635,3,0.006097027972027972,0.0,3,False,all_validation
coco-rem,000000579655,/home/felix/fiftyone/coco-2017/validation/data/000000579655.jpg,validation,locked_confirmation,000000579655,16,0.012832863408521303,0.4375,5,False,all_validation
coco-rem,000000579818,/home/felix/fiftyone/coco-2017/validation/data/000000579818.jpg,validation,locked_confirmation,000000579818,3,0.006380208333333333,1.0,2,False,all_validation
coco-rem,000000579893,/home/felix/fiftyone/coco-2017/validation/data/000000579893.jpg,validation,locked_confirmation,000000579893,1,0.1716566265060241,0.0,1,False,all_validation
coco-rem,000000579900,/home/felix/fiftyone/coco-2017/validation/data/000000579900.jpg,validation,locked_confirmation,000000579900,13,0.0074986666666666665,1.0,2,True,all_validation
coco-rem,000000579902,/home/felix/fiftyone/coco-2017/validation/data/000000579902.jpg,validation,locked_confirmation,000000579902,8,0.05473667940647482,1.0,4,False,all_validation
coco-rem,000000579970,/home/felix/fiftyone/coco-2017/validation/data/000000579970.jpg,validation,locked_confirmation,000000579970,8,0.018419642857142857,0.75,5,False,all_validation
coco-rem,000000580197,/home/felix/fiftyone/coco-2017/validation/data/000000580197.jpg,validation,locked_confirmation,000000580197,5,0.14165364583333334,1.0,2,False,all_validation
coco-rem,000000580294,/home/felix/fiftyone/coco-2017/validation/data/000000580294.jpg,validation,locked_confirmation,000000580294,9,0.005763261851015802,0.8888888888888888,7,False,all_validation
coco-rem,000000580410,/home/felix/fiftyone/coco-2017/validation/data/000000580410.jpg,validation,locked_confirmation,000000580410,19,0.0009074941451990633,0.0,6,False,all_validation
coco-rem,000000580418,/home/felix/fiftyone/coco-2017/validation/data/000000580418.jpg,validation,locked_confirmation,000000580418,10,0.017362733644859813,0.5,4,False,all_validation
coco-rem,000000580757,/home/felix/fiftyone/coco-2017/validation/data/000000580757.jpg,validation,locked_confirmation,000000580757,1,0.29299632352941174,0.0,1,False,all_validation
coco-rem,000000581062,/home/felix/fiftyone/coco-2017/validation/data/000000581062.jpg,validation,locked_confirmation,000000581062,2,0.021210666666666666,1.0,2,False,all_validation
coco-rem,000000581100,/home/felix/fiftyone/coco-2017/validation/data/000000581100.jpg,validation,locked_confirmation,000000581100,4,0.0366357421875,0.0,2,False,all_validation
coco-rem,000000581206,/home/felix/fiftyone/coco-2017/validation/data/000000581206.jpg,validation,locked_confirmation,000000581206,3,0.27620041753653446,0.0,2,False,all_validation
coco-rem,000000581317,/home/felix/fiftyone/coco-2017/validation/data/000000581317.jpg,validation,locked_confirmation,000000581317,2,0.13271318855932204,1.0,2,False,all_validation
coco-rem,000000581357,/home/felix/fiftyone/coco-2017/validation/data/000000581357.jpg,validation,locked_confirmation,000000581357,15,0.00197840574138152,0.13333333333333333,3,False,all_validation
coco-rem,000000581482,/home/felix/fiftyone/coco-2017/validation/data/000000581482.jpg,validation,locked_confirmation,000000581482,2,0.020495462529274006,0.0,1,False,all_validation
coco-rem,000000581615,/home/felix/fiftyone/coco-2017/validation/data/000000581615.jpg,validation,locked_confirmation,000000581615,1,0.13596691945606695,0.0,1,False,all_validation
coco-rem,000000581781,/home/felix/fiftyone/coco-2017/validation/data/000000581781.jpg,validation,locked_confirmation,000000581781,51,0.010983263598326359,0.7647058823529411,1,False,all_validation
