dataset,image_id,filepath,source_split,partition,source_group_id
coco-2017,000000410972,/home/felix/fiftyone/coco-2017/train/data/000000410972.jpg,train,mllm_selection,train:000000410972
coco-2017,000000491958,/home/felix/fiftyone/coco-2017/train/data/000000491958.jpg,train,mllm_selection,train:000000491958
coco-2017,000000439392,/home/felix/fiftyone/coco-2017/train/data/000000439392.jpg,train,mllm_selection,train:000000439392
coco-2017,000000473060,/home/felix/fiftyone/coco-2017/train/data/000000473060.jpg,train,mllm_selection,train:000000473060
coco-2017,000000313481,/home/felix/fiftyone/coco-2017/train/data/000000313481.jpg,train,mllm_selection,train:000000313481
coco-2017,000000465824,/home/felix/fiftyone/coco-2017/train/data/000000465824.jpg,train,mllm_selection,train:000000465824
coco-2017,000000268921,/home/felix/fiftyone/coco-2017/train/data/000000268921.jpg,train,mllm_selection,train:000000268921
coco-2017,000000504540,/home/felix/fiftyone/coco-2017/train/data/000000504540.jpg,train,mllm_selection,train:000000504540
coco-2017,000000518659,/home/felix/fiftyone/coco-2017/train/data/000000518659.jpg,train,mllm_selection,train:000000518659
coco-2017,000000575096,/home/felix/fiftyone/coco-2017/train/data/000000575096.jpg,train,mllm_selection,train:000000575096
coco-2017,000000397094,/home/felix/fiftyone/coco-2017/train/data/000000397094.jpg,train,mllm_selection,train:000000397094
coco-2017,000000045573,/home/felix/fiftyone/coco-2017/train/data/000000045573.jpg,train,mllm_selection,train:000000045573
coco-2017,000000232344,/home/felix/fiftyone/coco-2017/train/data/000000232344.jpg,train,mllm_selection,train:000000232344
coco-2017,000000259149,/home/felix/fiftyone/coco-2017/train/data/000000259149.jpg,train,mllm_selection,train:000000259149
coco-2017,000000013639,/home/felix/fiftyone/coco-2017/train/data/000000013639.jpg,train,mllm_selection,train:000000013639
coco-2017,000000537860,/home/felix/fiftyone/coco-2017/train/data/000000537860.jpg,train,mllm_selection,train:000000537860
coco-2017,000000142350,/home/felix/fiftyone/coco-2017/train/data/000000142350.jpg,train,mllm_selection,train:000000142350
coco-2017,000000447744,/home/felix/fiftyone/coco-2017/train/data/000000447744.jpg,train,mllm_selection,train:000000447744
coco-2017,000000527464,/home/felix/fiftyone/coco-2017/train/data/000000527464.jpg,train,mllm_selection,train:000000527464
coco-2017,000000027252,/home/felix/fiftyone/coco-2017/train/data/000000027252.jpg,train,mllm_selection,train:000000027252
coco-2017,000000208649,/home/felix/fiftyone/coco-2017/train/data/000000208649.jpg,train,mllm_selection,train:000000208649
coco-2017,000000425480,/home/felix/fiftyone/coco-2017/train/data/000000425480.jpg,train,mllm_selection,train:000000425480
coco-2017,000000207051,/home/felix/fiftyone/coco-2017/train/data/000000207051.jpg,train,mllm_selection,train:000000207051
coco-2017,000000312388,/home/felix/fiftyone/coco-2017/train/data/000000312388.jpg,train,mllm_selection,train:000000312388
coco-2017,000000417597,/home/felix/fiftyone/coco-2017/train/data/000000417597.jpg,train,mllm_selection,train:000000417597
coco-2017,000000021206,/home/felix/fiftyone/coco-2017/train/data/000000021206.jpg,train,mllm_selection,train:000000021206
coco-2017,000000265313,/home/felix/fiftyone/coco-2017/train/data/000000265313.jpg,train,mllm_selection,train:000000265313
coco-2017,000000094097,/home/felix/fiftyone/coco-2017/train/data/000000094097.jpg,train,mllm_selection,train:000000094097
coco-2017,000000121779,/home/felix/fiftyone/coco-2017/train/data/000000121779.jpg,train,mllm_selection,train:000000121779
coco-2017,000000330439,/home/felix/fiftyone/coco-2017/train/data/000000330439.jpg,train,mllm_selection,train:000000330439
coco-2017,000000380258,/home/felix/fiftyone/coco-2017/train/data/000000380258.jpg,train,mllm_selection,train:000000380258
coco-2017,000000144251,/home/felix/fiftyone/coco-2017/train/data/000000144251.jpg,train,mllm_selection,train:000000144251
coco-2017,000000022462,/home/felix/fiftyone/coco-2017/train/data/000000022462.jpg,train,mllm_selection,train:000000022462
coco-2017,000000533454,/home/felix/fiftyone/coco-2017/train/data/000000533454.jpg,train,mllm_selection,train:000000533454
coco-2017,000000178620,/home/felix/fiftyone/coco-2017/train/data/000000178620.jpg,train,mllm_selection,train:000000178620
coco-2017,000000367716,/home/felix/fiftyone/coco-2017/train/data/000000367716.jpg,train,mllm_selection,train:000000367716
coco-2017,000000561823,/home/felix/fiftyone/coco-2017/train/data/000000561823.jpg,train,mllm_selection,train:000000561823
coco-2017,000000527248,/home/felix/fiftyone/coco-2017/train/data/000000527248.jpg,train,mllm_selection,train:000000527248
coco-2017,000000529041,/home/felix/fiftyone/coco-2017/train/data/000000529041.jpg,train,mllm_selection,train:000000529041
coco-2017,000000359851,/home/felix/fiftyone/coco-2017/train/data/000000359851.jpg,train,mllm_selection,train:000000359851
coco-2017,000000179209,/home/felix/fiftyone/coco-2017/train/data/000000179209.jpg,train,mllm_selection,train:000000179209
coco-2017,000000362189,/home/felix/fiftyone/coco-2017/train/data/000000362189.jpg,train,mllm_selection,train:000000362189
coco-2017,000000075643,/home/felix/fiftyone/coco-2017/train/data/000000075643.jpg,train,mllm_selection,train:000000075643
coco-2017,000000519874,/home/felix/fiftyone/coco-2017/train/data/000000519874.jpg,train,mllm_selection,train:000000519874
coco-2017,000000118051,/home/felix/fiftyone/coco-2017/train/data/000000118051.jpg,train,mllm_selection,train:000000118051
coco-2017,000000310369,/home/felix/fiftyone/coco-2017/train/data/000000310369.jpg,train,mllm_selection,train:000000310369
coco-2017,000000241211,/home/felix/fiftyone/coco-2017/train/data/000000241211.jpg,train,mllm_selection,train:000000241211
coco-2017,000000517636,/home/felix/fiftyone/coco-2017/train/data/000000517636.jpg,train,mllm_selection,train:000000517636
coco-2017,000000384420,/home/felix/fiftyone/coco-2017/train/data/000000384420.jpg,train,mllm_selection,train:000000384420
coco-2017,000000051620,/home/felix/fiftyone/coco-2017/train/data/000000051620.jpg,train,mllm_selection,train:000000051620
coco-2017,000000244596,/home/felix/fiftyone/coco-2017/train/data/000000244596.jpg,train,mllm_selection,train:000000244596
coco-2017,000000482479,/home/felix/fiftyone/coco-2017/train/data/000000482479.jpg,train,mllm_selection,train:000000482479
coco-2017,000000493741,/home/felix/fiftyone/coco-2017/train/data/000000493741.jpg,train,mllm_selection,train:000000493741
coco-2017,000000242807,/home/felix/fiftyone/coco-2017/train/data/000000242807.jpg,train,mllm_selection,train:000000242807
coco-2017,000000028463,/home/felix/fiftyone/coco-2017/train/data/000000028463.jpg,train,mllm_selection,train:000000028463
coco-2017,000000317756,/home/felix/fiftyone/coco-2017/train/data/000000317756.jpg,train,mllm_selection,train:000000317756
coco-2017,000000517632,/home/felix/fiftyone/coco-2017/train/data/000000517632.jpg,train,mllm_selection,train:000000517632
coco-2017,000000387601,/home/felix/fiftyone/coco-2017/train/data/000000387601.jpg,train,mllm_selection,train:000000387601
coco-2017,000000456035,/home/felix/fiftyone/coco-2017/train/data/000000456035.jpg,train,mllm_selection,train:000000456035
coco-2017,000000111612,/home/felix/fiftyone/coco-2017/train/data/000000111612.jpg,train,mllm_selection,train:000000111612
coco-2017,000000196365,/home/felix/fiftyone/coco-2017/train/data/000000196365.jpg,train,mllm_selection,train:000000196365
coco-2017,000000218368,/home/felix/fiftyone/coco-2017/train/data/000000218368.jpg,train,mllm_selection,train:000000218368
coco-2017,000000188062,/home/felix/fiftyone/coco-2017/train/data/000000188062.jpg,train,mllm_selection,train:000000188062
coco-2017,000000436164,/home/felix/fiftyone/coco-2017/train/data/000000436164.jpg,train,mllm_selection,train:000000436164
coco-2017,000000369596,/home/felix/fiftyone/coco-2017/train/data/000000369596.jpg,train,mllm_selection,train:000000369596
coco-2017,000000142761,/home/felix/fiftyone/coco-2017/train/data/000000142761.jpg,train,mllm_selection,train:000000142761
coco-2017,000000431742,/home/felix/fiftyone/coco-2017/train/data/000000431742.jpg,train,mllm_selection,train:000000431742
coco-2017,000000317015,/home/felix/fiftyone/coco-2017/train/data/000000317015.jpg,train,mllm_selection,train:000000317015
coco-2017,000000401140,/home/felix/fiftyone/coco-2017/train/data/000000401140.jpg,train,mllm_selection,train:000000401140
coco-2017,000000147192,/home/felix/fiftyone/coco-2017/train/data/000000147192.jpg,train,mllm_selection,train:000000147192
coco-2017,000000434634,/home/felix/fiftyone/coco-2017/train/data/000000434634.jpg,train,mllm_selection,train:000000434634
coco-2017,000000357635,/home/felix/fiftyone/coco-2017/train/data/000000357635.jpg,train,mllm_selection,train:000000357635
coco-2017,000000102159,/home/felix/fiftyone/coco-2017/train/data/000000102159.jpg,train,mllm_selection,train:000000102159
coco-2017,000000093031,/home/felix/fiftyone/coco-2017/train/data/000000093031.jpg,train,mllm_selection,train:000000093031
coco-2017,000000401169,/home/felix/fiftyone/coco-2017/train/data/000000401169.jpg,train,mllm_selection,train:000000401169
coco-2017,000000576513,/home/felix/fiftyone/coco-2017/train/data/000000576513.jpg,train,mllm_selection,train:000000576513
coco-2017,000000230129,/home/felix/fiftyone/coco-2017/train/data/000000230129.jpg,train,mllm_selection,train:000000230129
coco-2017,000000429580,/home/felix/fiftyone/coco-2017/train/data/000000429580.jpg,train,mllm_selection,train:000000429580
coco-2017,000000163615,/home/felix/fiftyone/coco-2017/train/data/000000163615.jpg,train,mllm_selection,train:000000163615
coco-2017,000000425945,/home/felix/fiftyone/coco-2017/train/data/000000425945.jpg,train,mllm_selection,train:000000425945
coco-2017,000000424641,/home/felix/fiftyone/coco-2017/train/data/000000424641.jpg,train,mllm_selection,train:000000424641
coco-2017,000000451983,/home/felix/fiftyone/coco-2017/train/data/000000451983.jpg,train,mllm_selection,train:000000451983
coco-2017,000000386638,/home/felix/fiftyone/coco-2017/train/data/000000386638.jpg,train,mllm_selection,train:000000386638
coco-2017,000000243341,/home/felix/fiftyone/coco-2017/train/data/000000243341.jpg,train,mllm_selection,train:000000243341
coco-2017,000000082052,/home/felix/fiftyone/coco-2017/train/data/000000082052.jpg,train,mllm_selection,train:000000082052
coco-2017,000000440928,/home/felix/fiftyone/coco-2017/train/data/000000440928.jpg,train,mllm_selection,train:000000440928
coco-2017,000000124525,/home/felix/fiftyone/coco-2017/train/data/000000124525.jpg,train,mllm_selection,train:000000124525
coco-2017,000000273732,/home/felix/fiftyone/coco-2017/train/data/000000273732.jpg,train,mllm_selection,train:000000273732
coco-2017,000000518855,/home/felix/fiftyone/coco-2017/train/data/000000518855.jpg,train,mllm_selection,train:000000518855
coco-2017,000000521150,/home/felix/fiftyone/coco-2017/train/data/000000521150.jpg,train,mllm_selection,train:000000521150
coco-2017,000000281382,/home/felix/fiftyone/coco-2017/train/data/000000281382.jpg,train,mllm_selection,train:000000281382
coco-2017,000000185606,/home/felix/fiftyone/coco-2017/train/data/000000185606.jpg,train,mllm_selection,train:000000185606
coco-2017,000000279129,/home/felix/fiftyone/coco-2017/train/data/000000279129.jpg,train,mllm_selection,train:000000279129
coco-2017,000000505627,/home/felix/fiftyone/coco-2017/train/data/000000505627.jpg,train,mllm_selection,train:000000505627
coco-2017,000000324663,/home/felix/fiftyone/coco-2017/train/data/000000324663.jpg,train,mllm_selection,train:000000324663
coco-2017,000000224974,/home/felix/fiftyone/coco-2017/train/data/000000224974.jpg,train,mllm_selection,train:000000224974
coco-2017,000000558824,/home/felix/fiftyone/coco-2017/train/data/000000558824.jpg,train,mllm_selection,train:000000558824
coco-2017,000000152019,/home/felix/fiftyone/coco-2017/train/data/000000152019.jpg,train,mllm_selection,train:000000152019
coco-2017,000000109488,/home/felix/fiftyone/coco-2017/train/data/000000109488.jpg,train,mllm_selection,train:000000109488
coco-2017,000000414068,/home/felix/fiftyone/coco-2017/train/data/000000414068.jpg,train,mllm_selection,train:000000414068
coco-2017,000000175126,/home/felix/fiftyone/coco-2017/train/data/000000175126.jpg,train,mllm_selection,train:000000175126
coco-2017,000000572991,/home/felix/fiftyone/coco-2017/train/data/000000572991.jpg,train,mllm_selection,train:000000572991
coco-2017,000000551701,/home/felix/fiftyone/coco-2017/train/data/000000551701.jpg,train,mllm_selection,train:000000551701
coco-2017,000000416960,/home/felix/fiftyone/coco-2017/train/data/000000416960.jpg,train,mllm_selection,train:000000416960
coco-2017,000000452468,/home/felix/fiftyone/coco-2017/train/data/000000452468.jpg,train,mllm_selection,train:000000452468
coco-2017,000000411841,/home/felix/fiftyone/coco-2017/train/data/000000411841.jpg,train,mllm_selection,train:000000411841
coco-2017,000000271401,/home/felix/fiftyone/coco-2017/train/data/000000271401.jpg,train,mllm_selection,train:000000271401
coco-2017,000000467411,/home/felix/fiftyone/coco-2017/train/data/000000467411.jpg,train,mllm_selection,train:000000467411
coco-2017,000000302241,/home/felix/fiftyone/coco-2017/train/data/000000302241.jpg,train,mllm_selection,train:000000302241
coco-2017,000000367275,/home/felix/fiftyone/coco-2017/train/data/000000367275.jpg,train,mllm_selection,train:000000367275
coco-2017,000000570902,/home/felix/fiftyone/coco-2017/train/data/000000570902.jpg,train,mllm_selection,train:000000570902
coco-2017,000000443254,/home/felix/fiftyone/coco-2017/train/data/000000443254.jpg,train,mllm_selection,train:000000443254
coco-2017,000000237245,/home/felix/fiftyone/coco-2017/train/data/000000237245.jpg,train,mllm_selection,train:000000237245
coco-2017,000000470046,/home/felix/fiftyone/coco-2017/train/data/000000470046.jpg,train,mllm_selection,train:000000470046
coco-2017,000000199881,/home/felix/fiftyone/coco-2017/train/data/000000199881.jpg,train,mllm_selection,train:000000199881
coco-2017,000000380742,/home/felix/fiftyone/coco-2017/train/data/000000380742.jpg,train,mllm_selection,train:000000380742
coco-2017,000000303197,/home/felix/fiftyone/coco-2017/train/data/000000303197.jpg,train,mllm_selection,train:000000303197
coco-2017,000000249836,/home/felix/fiftyone/coco-2017/train/data/000000249836.jpg,train,mllm_selection,train:000000249836
coco-2017,000000265840,/home/felix/fiftyone/coco-2017/train/data/000000265840.jpg,train,mllm_selection,train:000000265840
coco-2017,000000020018,/home/felix/fiftyone/coco-2017/train/data/000000020018.jpg,train,mllm_selection,train:000000020018
coco-2017,000000146850,/home/felix/fiftyone/coco-2017/train/data/000000146850.jpg,train,mllm_selection,train:000000146850
coco-2017,000000420702,/home/felix/fiftyone/coco-2017/train/data/000000420702.jpg,train,mllm_selection,train:000000420702
coco-2017,000000053958,/home/felix/fiftyone/coco-2017/train/data/000000053958.jpg,train,mllm_selection,train:000000053958
coco-2017,000000289535,/home/felix/fiftyone/coco-2017/train/data/000000289535.jpg,train,mllm_selection,train:000000289535
coco-2017,000000217183,/home/felix/fiftyone/coco-2017/train/data/000000217183.jpg,train,mllm_selection,train:000000217183
coco-2017,000000479134,/home/felix/fiftyone/coco-2017/train/data/000000479134.jpg,train,mllm_selection,train:000000479134
coco-2017,000000034114,/home/felix/fiftyone/coco-2017/train/data/000000034114.jpg,train,mllm_selection,train:000000034114
coco-2017,000000403518,/home/felix/fiftyone/coco-2017/train/data/000000403518.jpg,train,mllm_selection,train:000000403518
coco-2017,000000228330,/home/felix/fiftyone/coco-2017/train/data/000000228330.jpg,train,mllm_selection,train:000000228330
coco-2017,000000428896,/home/felix/fiftyone/coco-2017/train/data/000000428896.jpg,train,mllm_selection,train:000000428896
coco-2017,000000041818,/home/felix/fiftyone/coco-2017/train/data/000000041818.jpg,train,mllm_selection,train:000000041818
coco-2017,000000443564,/home/felix/fiftyone/coco-2017/train/data/000000443564.jpg,train,mllm_selection,train:000000443564
coco-2017,000000393905,/home/felix/fiftyone/coco-2017/train/data/000000393905.jpg,train,mllm_selection,train:000000393905
coco-2017,000000161929,/home/felix/fiftyone/coco-2017/train/data/000000161929.jpg,train,mllm_selection,train:000000161929
coco-2017,000000426996,/home/felix/fiftyone/coco-2017/train/data/000000426996.jpg,train,mllm_selection,train:000000426996
coco-2017,000000435902,/home/felix/fiftyone/coco-2017/train/data/000000435902.jpg,train,mllm_selection,train:000000435902
coco-2017,000000292829,/home/felix/fiftyone/coco-2017/train/data/000000292829.jpg,train,mllm_selection,train:000000292829
coco-2017,000000513978,/home/felix/fiftyone/coco-2017/train/data/000000513978.jpg,train,mllm_selection,train:000000513978
coco-2017,000000230296,/home/felix/fiftyone/coco-2017/train/data/000000230296.jpg,train,mllm_selection,train:000000230296
coco-2017,000000189330,/home/felix/fiftyone/coco-2017/train/data/000000189330.jpg,train,mllm_selection,train:000000189330
coco-2017,000000227512,/home/felix/fiftyone/coco-2017/train/data/000000227512.jpg,train,mllm_selection,train:000000227512
coco-2017,000000334658,/home/felix/fiftyone/coco-2017/train/data/000000334658.jpg,train,mllm_selection,train:000000334658
coco-2017,000000148827,/home/felix/fiftyone/coco-2017/train/data/000000148827.jpg,train,mllm_selection,train:000000148827
coco-2017,000000195993,/home/felix/fiftyone/coco-2017/train/data/000000195993.jpg,train,mllm_selection,train:000000195993
coco-2017,000000106750,/home/felix/fiftyone/coco-2017/train/data/000000106750.jpg,train,mllm_selection,train:000000106750
coco-2017,000000041199,/home/felix/fiftyone/coco-2017/train/data/000000041199.jpg,train,mllm_selection,train:000000041199
coco-2017,000000562100,/home/felix/fiftyone/coco-2017/train/data/000000562100.jpg,train,mllm_selection,train:000000562100
coco-2017,000000550870,/home/felix/fiftyone/coco-2017/train/data/000000550870.jpg,train,mllm_selection,train:000000550870
coco-2017,000000502979,/home/felix/fiftyone/coco-2017/train/data/000000502979.jpg,train,mllm_selection,train:000000502979
coco-2017,000000146640,/home/felix/fiftyone/coco-2017/train/data/000000146640.jpg,train,mllm_selection,train:000000146640
coco-2017,000000335799,/home/felix/fiftyone/coco-2017/train/data/000000335799.jpg,train,mllm_selection,train:000000335799
coco-2017,000000400347,/home/felix/fiftyone/coco-2017/train/data/000000400347.jpg,train,mllm_selection,train:000000400347
coco-2017,000000484332,/home/felix/fiftyone/coco-2017/train/data/000000484332.jpg,train,mllm_selection,train:000000484332
coco-2017,000000487692,/home/felix/fiftyone/coco-2017/train/data/000000487692.jpg,train,mllm_selection,train:000000487692
coco-2017,000000324809,/home/felix/fiftyone/coco-2017/train/data/000000324809.jpg,train,mllm_selection,train:000000324809
coco-2017,000000015802,/home/felix/fiftyone/coco-2017/train/data/000000015802.jpg,train,mllm_selection,train:000000015802
coco-2017,000000077854,/home/felix/fiftyone/coco-2017/train/data/000000077854.jpg,train,mllm_selection,train:000000077854
coco-2017,000000542129,/home/felix/fiftyone/coco-2017/train/data/000000542129.jpg,train,mllm_selection,train:000000542129
coco-2017,000000549599,/home/felix/fiftyone/coco-2017/train/data/000000549599.jpg,train,mllm_selection,train:000000549599
coco-2017,000000056519,/home/felix/fiftyone/coco-2017/train/data/000000056519.jpg,train,mllm_selection,train:000000056519
coco-2017,000000174890,/home/felix/fiftyone/coco-2017/train/data/000000174890.jpg,train,mllm_selection,train:000000174890
coco-2017,000000578221,/home/felix/fiftyone/coco-2017/train/data/000000578221.jpg,train,mllm_selection,train:000000578221
coco-2017,000000013175,/home/felix/fiftyone/coco-2017/train/data/000000013175.jpg,train,mllm_selection,train:000000013175
coco-2017,000000228133,/home/felix/fiftyone/coco-2017/train/data/000000228133.jpg,train,mllm_selection,train:000000228133
coco-2017,000000533224,/home/felix/fiftyone/coco-2017/train/data/000000533224.jpg,train,mllm_selection,train:000000533224
coco-2017,000000189239,/home/felix/fiftyone/coco-2017/train/data/000000189239.jpg,train,mllm_selection,train:000000189239
coco-2017,000000227549,/home/felix/fiftyone/coco-2017/train/data/000000227549.jpg,train,mllm_selection,train:000000227549
coco-2017,000000056435,/home/felix/fiftyone/coco-2017/train/data/000000056435.jpg,train,mllm_selection,train:000000056435
coco-2017,000000401381,/home/felix/fiftyone/coco-2017/train/data/000000401381.jpg,train,mllm_selection,train:000000401381
coco-2017,000000342696,/home/felix/fiftyone/coco-2017/train/data/000000342696.jpg,train,mllm_selection,train:000000342696
coco-2017,000000061582,/home/felix/fiftyone/coco-2017/train/data/000000061582.jpg,train,mllm_selection,train:000000061582
coco-2017,000000132265,/home/felix/fiftyone/coco-2017/train/data/000000132265.jpg,train,mllm_selection,train:000000132265
coco-2017,000000010545,/home/felix/fiftyone/coco-2017/train/data/000000010545.jpg,train,mllm_selection,train:000000010545
coco-2017,000000473057,/home/felix/fiftyone/coco-2017/train/data/000000473057.jpg,train,mllm_selection,train:000000473057
coco-2017,000000516986,/home/felix/fiftyone/coco-2017/train/data/000000516986.jpg,train,mllm_selection,train:000000516986
coco-2017,000000288569,/home/felix/fiftyone/coco-2017/train/data/000000288569.jpg,train,mllm_selection,train:000000288569
coco-2017,000000085847,/home/felix/fiftyone/coco-2017/train/data/000000085847.jpg,train,mllm_selection,train:000000085847
coco-2017,000000299838,/home/felix/fiftyone/coco-2017/train/data/000000299838.jpg,train,mllm_selection,train:000000299838
coco-2017,000000491273,/home/felix/fiftyone/coco-2017/train/data/000000491273.jpg,train,mllm_selection,train:000000491273
coco-2017,000000004394,/home/felix/fiftyone/coco-2017/train/data/000000004394.jpg,train,mllm_selection,train:000000004394
coco-2017,000000345005,/home/felix/fiftyone/coco-2017/train/data/000000345005.jpg,train,mllm_selection,train:000000345005
coco-2017,000000497788,/home/felix/fiftyone/coco-2017/train/data/000000497788.jpg,train,mllm_selection,train:000000497788
coco-2017,000000479176,/home/felix/fiftyone/coco-2017/train/data/000000479176.jpg,train,mllm_selection,train:000000479176
coco-2017,000000439427,/home/felix/fiftyone/coco-2017/train/data/000000439427.jpg,train,mllm_selection,train:000000439427
coco-2017,000000102872,/home/felix/fiftyone/coco-2017/train/data/000000102872.jpg,train,mllm_selection,train:000000102872
coco-2017,000000116402,/home/felix/fiftyone/coco-2017/train/data/000000116402.jpg,train,mllm_selection,train:000000116402
coco-2017,000000415354,/home/felix/fiftyone/coco-2017/train/data/000000415354.jpg,train,mllm_selection,train:000000415354
coco-2017,000000009353,/home/felix/fiftyone/coco-2017/train/data/000000009353.jpg,train,mllm_selection,train:000000009353
coco-2017,000000345265,/home/felix/fiftyone/coco-2017/train/data/000000345265.jpg,train,mllm_selection,train:000000345265
coco-2017,000000385969,/home/felix/fiftyone/coco-2017/train/data/000000385969.jpg,train,mllm_selection,train:000000385969
coco-2017,000000391320,/home/felix/fiftyone/coco-2017/train/data/000000391320.jpg,train,mllm_selection,train:000000391320
coco-2017,000000326781,/home/felix/fiftyone/coco-2017/train/data/000000326781.jpg,train,mllm_selection,train:000000326781
coco-2017,000000460115,/home/felix/fiftyone/coco-2017/train/data/000000460115.jpg,train,mllm_selection,train:000000460115
coco-2017,000000318585,/home/felix/fiftyone/coco-2017/train/data/000000318585.jpg,train,mllm_selection,train:000000318585
coco-2017,000000239047,/home/felix/fiftyone/coco-2017/train/data/000000239047.jpg,train,mllm_selection,train:000000239047
coco-2017,000000576622,/home/felix/fiftyone/coco-2017/train/data/000000576622.jpg,train,mllm_selection,train:000000576622
coco-2017,000000356937,/home/felix/fiftyone/coco-2017/train/data/000000356937.jpg,train,mllm_selection,train:000000356937
coco-2017,000000541290,/home/felix/fiftyone/coco-2017/train/data/000000541290.jpg,train,mllm_selection,train:000000541290
coco-2017,000000421544,/home/felix/fiftyone/coco-2017/train/data/000000421544.jpg,train,mllm_selection,train:000000421544
coco-2017,000000152514,/home/felix/fiftyone/coco-2017/train/data/000000152514.jpg,train,mllm_selection,train:000000152514
coco-2017,000000170173,/home/felix/fiftyone/coco-2017/train/data/000000170173.jpg,train,mllm_selection,train:000000170173
coco-2017,000000016254,/home/felix/fiftyone/coco-2017/train/data/000000016254.jpg,train,mllm_selection,train:000000016254
coco-2017,000000002585,/home/felix/fiftyone/coco-2017/train/data/000000002585.jpg,train,mllm_selection,train:000000002585
coco-2017,000000528786,/home/felix/fiftyone/coco-2017/train/data/000000528786.jpg,train,mllm_selection,train:000000528786
coco-2017,000000379159,/home/felix/fiftyone/coco-2017/train/data/000000379159.jpg,train,mllm_selection,train:000000379159
coco-2017,000000127337,/home/felix/fiftyone/coco-2017/train/data/000000127337.jpg,train,mllm_selection,train:000000127337
coco-2017,000000395865,/home/felix/fiftyone/coco-2017/train/data/000000395865.jpg,train,mllm_selection,train:000000395865
coco-2017,000000280674,/home/felix/fiftyone/coco-2017/train/data/000000280674.jpg,train,mllm_selection,train:000000280674
coco-2017,000000423036,/home/felix/fiftyone/coco-2017/train/data/000000423036.jpg,train,mllm_selection,train:000000423036
coco-2017,000000035032,/home/felix/fiftyone/coco-2017/train/data/000000035032.jpg,train,mllm_selection,train:000000035032
coco-2017,000000515656,/home/felix/fiftyone/coco-2017/train/data/000000515656.jpg,train,mllm_selection,train:000000515656
coco-2017,000000386299,/home/felix/fiftyone/coco-2017/train/data/000000386299.jpg,train,mllm_selection,train:000000386299
coco-2017,000000205280,/home/felix/fiftyone/coco-2017/train/data/000000205280.jpg,train,mllm_selection,train:000000205280
coco-2017,000000031919,/home/felix/fiftyone/coco-2017/train/data/000000031919.jpg,train,mllm_selection,train:000000031919
coco-2017,000000229574,/home/felix/fiftyone/coco-2017/train/data/000000229574.jpg,train,mllm_selection,train:000000229574
coco-2017,000000299444,/home/felix/fiftyone/coco-2017/train/data/000000299444.jpg,train,mllm_selection,train:000000299444
coco-2017,000000237735,/home/felix/fiftyone/coco-2017/train/data/000000237735.jpg,train,mllm_selection,train:000000237735
coco-2017,000000169340,/home/felix/fiftyone/coco-2017/train/data/000000169340.jpg,train,mllm_selection,train:000000169340
coco-2017,000000040813,/home/felix/fiftyone/coco-2017/train/data/000000040813.jpg,train,mllm_selection,train:000000040813
coco-2017,000000434128,/home/felix/fiftyone/coco-2017/train/data/000000434128.jpg,train,mllm_selection,train:000000434128
coco-2017,000000429092,/home/felix/fiftyone/coco-2017/train/data/000000429092.jpg,train,mllm_selection,train:000000429092
coco-2017,000000341205,/home/felix/fiftyone/coco-2017/train/data/000000341205.jpg,train,mllm_selection,train:000000341205
coco-2017,000000565807,/home/felix/fiftyone/coco-2017/train/data/000000565807.jpg,train,mllm_selection,train:000000565807
coco-2017,000000445327,/home/felix/fiftyone/coco-2017/train/data/000000445327.jpg,train,mllm_selection,train:000000445327
coco-2017,000000242257,/home/felix/fiftyone/coco-2017/train/data/000000242257.jpg,train,mllm_selection,train:000000242257
coco-2017,000000477646,/home/felix/fiftyone/coco-2017/train/data/000000477646.jpg,train,mllm_selection,train:000000477646
coco-2017,000000420546,/home/felix/fiftyone/coco-2017/train/data/000000420546.jpg,train,mllm_selection,train:000000420546
coco-2017,000000218224,/home/felix/fiftyone/coco-2017/train/data/000000218224.jpg,train,mllm_selection,train:000000218224
coco-2017,000000117931,/home/felix/fiftyone/coco-2017/train/data/000000117931.jpg,train,mllm_selection,train:000000117931
coco-2017,000000371260,/home/felix/fiftyone/coco-2017/train/data/000000371260.jpg,train,mllm_selection,train:000000371260
coco-2017,000000500718,/home/felix/fiftyone/coco-2017/train/data/000000500718.jpg,train,mllm_selection,train:000000500718
coco-2017,000000134386,/home/felix/fiftyone/coco-2017/train/data/000000134386.jpg,train,mllm_selection,train:000000134386
coco-2017,000000426631,/home/felix/fiftyone/coco-2017/train/data/000000426631.jpg,train,mllm_selection,train:000000426631
coco-2017,000000490890,/home/felix/fiftyone/coco-2017/train/data/000000490890.jpg,train,mllm_selection,train:000000490890
coco-2017,000000016706,/home/felix/fiftyone/coco-2017/train/data/000000016706.jpg,train,mllm_selection,train:000000016706
coco-2017,000000170053,/home/felix/fiftyone/coco-2017/train/data/000000170053.jpg,train,mllm_selection,train:000000170053
coco-2017,000000399556,/home/felix/fiftyone/coco-2017/train/data/000000399556.jpg,train,mllm_selection,train:000000399556
coco-2017,000000076460,/home/felix/fiftyone/coco-2017/train/data/000000076460.jpg,train,mllm_selection,train:000000076460
coco-2017,000000371595,/home/felix/fiftyone/coco-2017/train/data/000000371595.jpg,train,mllm_selection,train:000000371595
coco-2017,000000232231,/home/felix/fiftyone/coco-2017/train/data/000000232231.jpg,train,mllm_selection,train:000000232231
coco-2017,000000112272,/home/felix/fiftyone/coco-2017/train/data/000000112272.jpg,train,mllm_selection,train:000000112272
coco-2017,000000231426,/home/felix/fiftyone/coco-2017/train/data/000000231426.jpg,train,mllm_selection,train:000000231426
coco-2017,000000435218,/home/felix/fiftyone/coco-2017/train/data/000000435218.jpg,train,mllm_selection,train:000000435218
coco-2017,000000184834,/home/felix/fiftyone/coco-2017/train/data/000000184834.jpg,train,mllm_selection,train:000000184834
coco-2017,000000181619,/home/felix/fiftyone/coco-2017/train/data/000000181619.jpg,train,mllm_selection,train:000000181619
coco-2017,000000246677,/home/felix/fiftyone/coco-2017/train/data/000000246677.jpg,train,mllm_selection,train:000000246677
coco-2017,000000088605,/home/felix/fiftyone/coco-2017/train/data/000000088605.jpg,train,mllm_selection,train:000000088605
coco-2017,000000151537,/home/felix/fiftyone/coco-2017/train/data/000000151537.jpg,train,mllm_selection,train:000000151537
coco-2017,000000381199,/home/felix/fiftyone/coco-2017/train/data/000000381199.jpg,train,mllm_selection,train:000000381199
coco-2017,000000400046,/home/felix/fiftyone/coco-2017/train/data/000000400046.jpg,train,mllm_selection,train:000000400046
coco-2017,000000153559,/home/felix/fiftyone/coco-2017/train/data/000000153559.jpg,train,mllm_selection,train:000000153559
coco-2017,000000140487,/home/felix/fiftyone/coco-2017/train/data/000000140487.jpg,train,mllm_selection,train:000000140487
coco-2017,000000019665,/home/felix/fiftyone/coco-2017/train/data/000000019665.jpg,train,mllm_selection,train:000000019665
coco-2017,000000100770,/home/felix/fiftyone/coco-2017/train/data/000000100770.jpg,train,mllm_selection,train:000000100770
coco-2017,000000239352,/home/felix/fiftyone/coco-2017/train/data/000000239352.jpg,train,mllm_selection,train:000000239352
coco-2017,000000581309,/home/felix/fiftyone/coco-2017/train/data/000000581309.jpg,train,mllm_selection,train:000000581309
coco-2017,000000358717,/home/felix/fiftyone/coco-2017/train/data/000000358717.jpg,train,mllm_selection,train:000000358717
coco-2017,000000236272,/home/felix/fiftyone/coco-2017/train/data/000000236272.jpg,train,mllm_selection,train:000000236272
coco-2017,000000194195,/home/felix/fiftyone/coco-2017/train/data/000000194195.jpg,train,mllm_selection,train:000000194195
coco-2017,000000316444,/home/felix/fiftyone/coco-2017/train/data/000000316444.jpg,train,mllm_selection,train:000000316444
coco-2017,000000188747,/home/felix/fiftyone/coco-2017/train/data/000000188747.jpg,train,mllm_selection,train:000000188747
coco-2017,000000408266,/home/felix/fiftyone/coco-2017/train/data/000000408266.jpg,train,mllm_selection,train:000000408266
coco-2017,000000319581,/home/felix/fiftyone/coco-2017/train/data/000000319581.jpg,train,mllm_selection,train:000000319581
coco-2017,000000510460,/home/felix/fiftyone/coco-2017/train/data/000000510460.jpg,train,mllm_selection,train:000000510460
coco-2017,000000530713,/home/felix/fiftyone/coco-2017/train/data/000000530713.jpg,train,mllm_selection,train:000000530713
coco-2017,000000232663,/home/felix/fiftyone/coco-2017/train/data/000000232663.jpg,train,mllm_selection,train:000000232663
coco-2017,000000490872,/home/felix/fiftyone/coco-2017/train/data/000000490872.jpg,train,mllm_selection,train:000000490872
coco-2017,000000039925,/home/felix/fiftyone/coco-2017/train/data/000000039925.jpg,train,mllm_selection,train:000000039925
coco-2017,000000137028,/home/felix/fiftyone/coco-2017/train/data/000000137028.jpg,train,mllm_selection,train:000000137028
coco-2017,000000349621,/home/felix/fiftyone/coco-2017/train/data/000000349621.jpg,train,mllm_selection,train:000000349621
coco-2017,000000028658,/home/felix/fiftyone/coco-2017/train/data/000000028658.jpg,train,mllm_selection,train:000000028658
coco-2017,000000490337,/home/felix/fiftyone/coco-2017/train/data/000000490337.jpg,train,mllm_selection,train:000000490337
coco-2017,000000273436,/home/felix/fiftyone/coco-2017/train/data/000000273436.jpg,train,mllm_selection,train:000000273436
coco-2017,000000092205,/home/felix/fiftyone/coco-2017/train/data/000000092205.jpg,train,mllm_selection,train:000000092205
coco-2017,000000383884,/home/felix/fiftyone/coco-2017/train/data/000000383884.jpg,train,mllm_selection,train:000000383884
coco-2017,000000243825,/home/felix/fiftyone/coco-2017/train/data/000000243825.jpg,train,mllm_selection,train:000000243825
coco-2017,000000047101,/home/felix/fiftyone/coco-2017/train/data/000000047101.jpg,train,mllm_selection,train:000000047101
coco-2017,000000099922,/home/felix/fiftyone/coco-2017/train/data/000000099922.jpg,train,mllm_selection,train:000000099922
coco-2017,000000323813,/home/felix/fiftyone/coco-2017/train/data/000000323813.jpg,train,mllm_selection,train:000000323813
coco-2017,000000042860,/home/felix/fiftyone/coco-2017/train/data/000000042860.jpg,train,mllm_selection,train:000000042860
coco-2017,000000043997,/home/felix/fiftyone/coco-2017/train/data/000000043997.jpg,train,mllm_selection,train:000000043997
coco-2017,000000053289,/home/felix/fiftyone/coco-2017/train/data/000000053289.jpg,train,mllm_selection,train:000000053289
coco-2017,000000484434,/home/felix/fiftyone/coco-2017/train/data/000000484434.jpg,train,mllm_selection,train:000000484434
coco-2017,000000416325,/home/felix/fiftyone/coco-2017/train/data/000000416325.jpg,train,mllm_selection,train:000000416325
coco-2017,000000366204,/home/felix/fiftyone/coco-2017/train/data/000000366204.jpg,train,mllm_selection,train:000000366204
coco-2017,000000166865,/home/felix/fiftyone/coco-2017/train/data/000000166865.jpg,train,mllm_selection,train:000000166865
coco-2017,000000471884,/home/felix/fiftyone/coco-2017/train/data/000000471884.jpg,train,mllm_selection,train:000000471884
coco-2017,000000238045,/home/felix/fiftyone/coco-2017/train/data/000000238045.jpg,train,mllm_selection,train:000000238045
coco-2017,000000279621,/home/felix/fiftyone/coco-2017/train/data/000000279621.jpg,train,mllm_selection,train:000000279621
coco-2017,000000245161,/home/felix/fiftyone/coco-2017/train/data/000000245161.jpg,train,mllm_selection,train:000000245161
coco-2017,000000483742,/home/felix/fiftyone/coco-2017/train/data/000000483742.jpg,train,mllm_selection,train:000000483742
coco-2017,000000204775,/home/felix/fiftyone/coco-2017/train/data/000000204775.jpg,train,mllm_selection,train:000000204775
coco-2017,000000030822,/home/felix/fiftyone/coco-2017/train/data/000000030822.jpg,train,mllm_selection,train:000000030822
coco-2017,000000008080,/home/felix/fiftyone/coco-2017/train/data/000000008080.jpg,train,mllm_selection,train:000000008080
coco-2017,000000032151,/home/felix/fiftyone/coco-2017/train/data/000000032151.jpg,train,mllm_selection,train:000000032151
coco-2017,000000357526,/home/felix/fiftyone/coco-2017/train/data/000000357526.jpg,train,mllm_selection,train:000000357526
coco-2017,000000345903,/home/felix/fiftyone/coco-2017/train/data/000000345903.jpg,train,mllm_selection,train:000000345903
coco-2017,000000453602,/home/felix/fiftyone/coco-2017/train/data/000000453602.jpg,train,mllm_selection,train:000000453602
coco-2017,000000468284,/home/felix/fiftyone/coco-2017/train/data/000000468284.jpg,train,mllm_selection,train:000000468284
coco-2017,000000293169,/home/felix/fiftyone/coco-2017/train/data/000000293169.jpg,train,mllm_selection,train:000000293169
coco-2017,000000514602,/home/felix/fiftyone/coco-2017/train/data/000000514602.jpg,train,mllm_selection,train:000000514602
coco-2017,000000214447,/home/felix/fiftyone/coco-2017/train/data/000000214447.jpg,train,mllm_selection,train:000000214447
coco-2017,000000064796,/home/felix/fiftyone/coco-2017/train/data/000000064796.jpg,train,mllm_selection,train:000000064796
coco-2017,000000367442,/home/felix/fiftyone/coco-2017/train/data/000000367442.jpg,train,mllm_selection,train:000000367442
coco-2017,000000373748,/home/felix/fiftyone/coco-2017/train/data/000000373748.jpg,train,mllm_selection,train:000000373748
coco-2017,000000196117,/home/felix/fiftyone/coco-2017/train/data/000000196117.jpg,train,mllm_selection,train:000000196117
coco-2017,000000353562,/home/felix/fiftyone/coco-2017/train/data/000000353562.jpg,train,mllm_selection,train:000000353562
coco-2017,000000242823,/home/felix/fiftyone/coco-2017/train/data/000000242823.jpg,train,mllm_selection,train:000000242823
coco-2017,000000116026,/home/felix/fiftyone/coco-2017/train/data/000000116026.jpg,train,mllm_selection,train:000000116026
coco-2017,000000397042,/home/felix/fiftyone/coco-2017/train/data/000000397042.jpg,train,mllm_selection,train:000000397042
coco-2017,000000029432,/home/felix/fiftyone/coco-2017/train/data/000000029432.jpg,train,mllm_selection,train:000000029432
coco-2017,000000331937,/home/felix/fiftyone/coco-2017/train/data/000000331937.jpg,train,mllm_selection,train:000000331937
coco-2017,000000363581,/home/felix/fiftyone/coco-2017/train/data/000000363581.jpg,train,mllm_selection,train:000000363581
coco-2017,000000220189,/home/felix/fiftyone/coco-2017/train/data/000000220189.jpg,train,mllm_selection,train:000000220189
coco-2017,000000564958,/home/felix/fiftyone/coco-2017/train/data/000000564958.jpg,train,mllm_selection,train:000000564958
coco-2017,000000573513,/home/felix/fiftyone/coco-2017/train/data/000000573513.jpg,train,mllm_selection,train:000000573513
coco-2017,000000085254,/home/felix/fiftyone/coco-2017/train/data/000000085254.jpg,train,mllm_selection,train:000000085254
coco-2017,000000498860,/home/felix/fiftyone/coco-2017/train/data/000000498860.jpg,train,mllm_selection,train:000000498860
coco-2017,000000438301,/home/felix/fiftyone/coco-2017/train/data/000000438301.jpg,train,mllm_selection,train:000000438301
coco-2017,000000152328,/home/felix/fiftyone/coco-2017/train/data/000000152328.jpg,train,mllm_selection,train:000000152328
coco-2017,000000124804,/home/felix/fiftyone/coco-2017/train/data/000000124804.jpg,train,mllm_selection,train:000000124804
coco-2017,000000357385,/home/felix/fiftyone/coco-2017/train/data/000000357385.jpg,train,mllm_selection,train:000000357385
coco-2017,000000193853,/home/felix/fiftyone/coco-2017/train/data/000000193853.jpg,train,mllm_selection,train:000000193853
coco-2017,000000105195,/home/felix/fiftyone/coco-2017/train/data/000000105195.jpg,train,mllm_selection,train:000000105195
coco-2017,000000362558,/home/felix/fiftyone/coco-2017/train/data/000000362558.jpg,train,mllm_selection,train:000000362558
coco-2017,000000237201,/home/felix/fiftyone/coco-2017/train/data/000000237201.jpg,train,mllm_selection,train:000000237201
coco-2017,000000239808,/home/felix/fiftyone/coco-2017/train/data/000000239808.jpg,train,mllm_selection,train:000000239808
coco-2017,000000293704,/home/felix/fiftyone/coco-2017/train/data/000000293704.jpg,train,mllm_selection,train:000000293704
coco-2017,000000465670,/home/felix/fiftyone/coco-2017/train/data/000000465670.jpg,train,mllm_selection,train:000000465670
coco-2017,000000193049,/home/felix/fiftyone/coco-2017/train/data/000000193049.jpg,train,mllm_selection,train:000000193049
coco-2017,000000157107,/home/felix/fiftyone/coco-2017/train/data/000000157107.jpg,train,mllm_selection,train:000000157107
coco-2017,000000459787,/home/felix/fiftyone/coco-2017/train/data/000000459787.jpg,train,mllm_selection,train:000000459787
coco-2017,000000178557,/home/felix/fiftyone/coco-2017/train/data/000000178557.jpg,train,mllm_selection,train:000000178557
coco-2017,000000129159,/home/felix/fiftyone/coco-2017/train/data/000000129159.jpg,train,mllm_selection,train:000000129159
coco-2017,000000370805,/home/felix/fiftyone/coco-2017/train/data/000000370805.jpg,train,mllm_selection,train:000000370805
coco-2017,000000322710,/home/felix/fiftyone/coco-2017/train/data/000000322710.jpg,train,mllm_selection,train:000000322710
coco-2017,000000543557,/home/felix/fiftyone/coco-2017/train/data/000000543557.jpg,train,mllm_selection,train:000000543557
coco-2017,000000045494,/home/felix/fiftyone/coco-2017/train/data/000000045494.jpg,train,mllm_selection,train:000000045494
coco-2017,000000528720,/home/felix/fiftyone/coco-2017/train/data/000000528720.jpg,train,mllm_selection,train:000000528720
coco-2017,000000575585,/home/felix/fiftyone/coco-2017/train/data/000000575585.jpg,train,mllm_selection,train:000000575585
coco-2017,000000137579,/home/felix/fiftyone/coco-2017/train/data/000000137579.jpg,train,mllm_selection,train:000000137579
coco-2017,000000247223,/home/felix/fiftyone/coco-2017/train/data/000000247223.jpg,train,mllm_selection,train:000000247223
coco-2017,000000262336,/home/felix/fiftyone/coco-2017/train/data/000000262336.jpg,train,mllm_selection,train:000000262336
coco-2017,000000152431,/home/felix/fiftyone/coco-2017/train/data/000000152431.jpg,train,mllm_selection,train:000000152431
coco-2017,000000119214,/home/felix/fiftyone/coco-2017/train/data/000000119214.jpg,train,mllm_selection,train:000000119214
coco-2017,000000111714,/home/felix/fiftyone/coco-2017/train/data/000000111714.jpg,train,mllm_selection,train:000000111714
coco-2017,000000317798,/home/felix/fiftyone/coco-2017/train/data/000000317798.jpg,train,mllm_selection,train:000000317798
coco-2017,000000137243,/home/felix/fiftyone/coco-2017/train/data/000000137243.jpg,train,mllm_selection,train:000000137243
coco-2017,000000437948,/home/felix/fiftyone/coco-2017/train/data/000000437948.jpg,train,mllm_selection,train:000000437948
coco-2017,000000400175,/home/felix/fiftyone/coco-2017/train/data/000000400175.jpg,train,mllm_selection,train:000000400175
coco-2017,000000559464,/home/felix/fiftyone/coco-2017/train/data/000000559464.jpg,train,mllm_selection,train:000000559464
coco-2017,000000384242,/home/felix/fiftyone/coco-2017/train/data/000000384242.jpg,train,mllm_selection,train:000000384242
coco-2017,000000295836,/home/felix/fiftyone/coco-2017/train/data/000000295836.jpg,train,mllm_selection,train:000000295836
coco-2017,000000508557,/home/felix/fiftyone/coco-2017/train/data/000000508557.jpg,train,mllm_selection,train:000000508557
coco-2017,000000450570,/home/felix/fiftyone/coco-2017/train/data/000000450570.jpg,train,mllm_selection,train:000000450570
coco-2017,000000159133,/home/felix/fiftyone/coco-2017/train/data/000000159133.jpg,train,mllm_selection,train:000000159133
coco-2017,000000267555,/home/felix/fiftyone/coco-2017/train/data/000000267555.jpg,train,mllm_selection,train:000000267555
coco-2017,000000163818,/home/felix/fiftyone/coco-2017/train/data/000000163818.jpg,train,mllm_selection,train:000000163818
coco-2017,000000289782,/home/felix/fiftyone/coco-2017/train/data/000000289782.jpg,train,mllm_selection,train:000000289782
coco-2017,000000437554,/home/felix/fiftyone/coco-2017/train/data/000000437554.jpg,train,mllm_selection,train:000000437554
coco-2017,000000110769,/home/felix/fiftyone/coco-2017/train/data/000000110769.jpg,train,mllm_selection,train:000000110769
coco-2017,000000408795,/home/felix/fiftyone/coco-2017/train/data/000000408795.jpg,train,mllm_selection,train:000000408795
coco-2017,000000201342,/home/felix/fiftyone/coco-2017/train/data/000000201342.jpg,train,mllm_selection,train:000000201342
coco-2017,000000545213,/home/felix/fiftyone/coco-2017/train/data/000000545213.jpg,train,mllm_selection,train:000000545213
coco-2017,000000013468,/home/felix/fiftyone/coco-2017/train/data/000000013468.jpg,train,mllm_selection,train:000000013468
coco-2017,000000325012,/home/felix/fiftyone/coco-2017/train/data/000000325012.jpg,train,mllm_selection,train:000000325012
coco-2017,000000197111,/home/felix/fiftyone/coco-2017/train/data/000000197111.jpg,train,mllm_selection,train:000000197111
coco-2017,000000520924,/home/felix/fiftyone/coco-2017/train/data/000000520924.jpg,train,mllm_selection,train:000000520924
coco-2017,000000204004,/home/felix/fiftyone/coco-2017/train/data/000000204004.jpg,train,mllm_selection,train:000000204004
coco-2017,000000463226,/home/felix/fiftyone/coco-2017/train/data/000000463226.jpg,train,mllm_selection,train:000000463226
coco-2017,000000077990,/home/felix/fiftyone/coco-2017/train/data/000000077990.jpg,train,mllm_selection,train:000000077990
coco-2017,000000467182,/home/felix/fiftyone/coco-2017/train/data/000000467182.jpg,train,mllm_selection,train:000000467182
coco-2017,000000353223,/home/felix/fiftyone/coco-2017/train/data/000000353223.jpg,train,mllm_selection,train:000000353223
coco-2017,000000399932,/home/felix/fiftyone/coco-2017/train/data/000000399932.jpg,train,mllm_selection,train:000000399932
coco-2017,000000469471,/home/felix/fiftyone/coco-2017/train/data/000000469471.jpg,train,mllm_selection,train:000000469471
coco-2017,000000431510,/home/felix/fiftyone/coco-2017/train/data/000000431510.jpg,train,mllm_selection,train:000000431510
coco-2017,000000043227,/home/felix/fiftyone/coco-2017/train/data/000000043227.jpg,train,mllm_selection,train:000000043227
coco-2017,000000078880,/home/felix/fiftyone/coco-2017/train/data/000000078880.jpg,train,mllm_selection,train:000000078880
coco-2017,000000531995,/home/felix/fiftyone/coco-2017/train/data/000000531995.jpg,train,mllm_selection,train:000000531995
coco-2017,000000208251,/home/felix/fiftyone/coco-2017/train/data/000000208251.jpg,train,mllm_selection,train:000000208251
coco-2017,000000301508,/home/felix/fiftyone/coco-2017/train/data/000000301508.jpg,train,mllm_selection,train:000000301508
coco-2017,000000499460,/home/felix/fiftyone/coco-2017/train/data/000000499460.jpg,train,mllm_selection,train:000000499460
coco-2017,000000047905,/home/felix/fiftyone/coco-2017/train/data/000000047905.jpg,train,mllm_selection,train:000000047905
coco-2017,000000080010,/home/felix/fiftyone/coco-2017/train/data/000000080010.jpg,train,mllm_selection,train:000000080010
coco-2017,000000313093,/home/felix/fiftyone/coco-2017/train/data/000000313093.jpg,train,mllm_selection,train:000000313093
coco-2017,000000521440,/home/felix/fiftyone/coco-2017/train/data/000000521440.jpg,train,mllm_selection,train:000000521440
coco-2017,000000364701,/home/felix/fiftyone/coco-2017/train/data/000000364701.jpg,train,mllm_selection,train:000000364701
coco-2017,000000208586,/home/felix/fiftyone/coco-2017/train/data/000000208586.jpg,train,mllm_selection,train:000000208586
coco-2017,000000213790,/home/felix/fiftyone/coco-2017/train/data/000000213790.jpg,train,mllm_selection,train:000000213790
coco-2017,000000236057,/home/felix/fiftyone/coco-2017/train/data/000000236057.jpg,train,mllm_selection,train:000000236057
coco-2017,000000069270,/home/felix/fiftyone/coco-2017/train/data/000000069270.jpg,train,mllm_selection,train:000000069270
coco-2017,000000049502,/home/felix/fiftyone/coco-2017/train/data/000000049502.jpg,train,mllm_selection,train:000000049502
coco-2017,000000304374,/home/felix/fiftyone/coco-2017/train/data/000000304374.jpg,train,mllm_selection,train:000000304374
coco-2017,000000333819,/home/felix/fiftyone/coco-2017/train/data/000000333819.jpg,train,mllm_selection,train:000000333819
coco-2017,000000480977,/home/felix/fiftyone/coco-2017/train/data/000000480977.jpg,train,mllm_selection,train:000000480977
coco-2017,000000511285,/home/felix/fiftyone/coco-2017/train/data/000000511285.jpg,train,mllm_selection,train:000000511285
coco-2017,000000160415,/home/felix/fiftyone/coco-2017/train/data/000000160415.jpg,train,mllm_selection,train:000000160415
coco-2017,000000568238,/home/felix/fiftyone/coco-2017/train/data/000000568238.jpg,train,mllm_selection,train:000000568238
coco-2017,000000337420,/home/felix/fiftyone/coco-2017/train/data/000000337420.jpg,train,mllm_selection,train:000000337420
coco-2017,000000091973,/home/felix/fiftyone/coco-2017/train/data/000000091973.jpg,train,mllm_selection,train:000000091973
coco-2017,000000267216,/home/felix/fiftyone/coco-2017/train/data/000000267216.jpg,train,mllm_selection,train:000000267216
coco-2017,000000449718,/home/felix/fiftyone/coco-2017/train/data/000000449718.jpg,train,mllm_selection,train:000000449718
coco-2017,000000256713,/home/felix/fiftyone/coco-2017/train/data/000000256713.jpg,train,mllm_selection,train:000000256713
coco-2017,000000546622,/home/felix/fiftyone/coco-2017/train/data/000000546622.jpg,train,mllm_selection,train:000000546622
coco-2017,000000512572,/home/felix/fiftyone/coco-2017/train/data/000000512572.jpg,train,mllm_selection,train:000000512572
coco-2017,000000383512,/home/felix/fiftyone/coco-2017/train/data/000000383512.jpg,train,mllm_selection,train:000000383512
coco-2017,000000029648,/home/felix/fiftyone/coco-2017/train/data/000000029648.jpg,train,mllm_selection,train:000000029648
coco-2017,000000159457,/home/felix/fiftyone/coco-2017/train/data/000000159457.jpg,train,mllm_selection,train:000000159457
coco-2017,000000470308,/home/felix/fiftyone/coco-2017/train/data/000000470308.jpg,train,mllm_selection,train:000000470308
coco-2017,000000412000,/home/felix/fiftyone/coco-2017/train/data/000000412000.jpg,train,mllm_selection,train:000000412000
coco-2017,000000285743,/home/felix/fiftyone/coco-2017/train/data/000000285743.jpg,train,mllm_selection,train:000000285743
coco-2017,000000253432,/home/felix/fiftyone/coco-2017/train/data/000000253432.jpg,train,mllm_selection,train:000000253432
coco-2017,000000190187,/home/felix/fiftyone/coco-2017/train/data/000000190187.jpg,train,mllm_selection,train:000000190187
coco-2017,000000231450,/home/felix/fiftyone/coco-2017/train/data/000000231450.jpg,train,mllm_selection,train:000000231450
coco-2017,000000001688,/home/felix/fiftyone/coco-2017/train/data/000000001688.jpg,train,mllm_selection,train:000000001688
coco-2017,000000016977,/home/felix/fiftyone/coco-2017/train/data/000000016977.jpg,train,mllm_selection,train:000000016977
coco-2017,000000547774,/home/felix/fiftyone/coco-2017/train/data/000000547774.jpg,train,mllm_selection,train:000000547774
coco-2017,000000482196,/home/felix/fiftyone/coco-2017/train/data/000000482196.jpg,train,mllm_selection,train:000000482196
coco-2017,000000012690,/home/felix/fiftyone/coco-2017/train/data/000000012690.jpg,train,mllm_selection,train:000000012690
coco-2017,000000254864,/home/felix/fiftyone/coco-2017/train/data/000000254864.jpg,train,mllm_selection,train:000000254864
coco-2017,000000300690,/home/felix/fiftyone/coco-2017/train/data/000000300690.jpg,train,mllm_selection,train:000000300690
coco-2017,000000137516,/home/felix/fiftyone/coco-2017/train/data/000000137516.jpg,train,mllm_selection,train:000000137516
coco-2017,000000437303,/home/felix/fiftyone/coco-2017/train/data/000000437303.jpg,train,mllm_selection,train:000000437303
coco-2017,000000004719,/home/felix/fiftyone/coco-2017/train/data/000000004719.jpg,train,mllm_selection,train:000000004719
coco-2017,000000359403,/home/felix/fiftyone/coco-2017/train/data/000000359403.jpg,train,mllm_selection,train:000000359403
coco-2017,000000578238,/home/felix/fiftyone/coco-2017/train/data/000000578238.jpg,train,mllm_selection,train:000000578238
coco-2017,000000162645,/home/felix/fiftyone/coco-2017/train/data/000000162645.jpg,train,mllm_selection,train:000000162645
coco-2017,000000482062,/home/felix/fiftyone/coco-2017/train/data/000000482062.jpg,train,mllm_selection,train:000000482062
coco-2017,000000511325,/home/felix/fiftyone/coco-2017/train/data/000000511325.jpg,train,mllm_selection,train:000000511325
coco-2017,000000567990,/home/felix/fiftyone/coco-2017/train/data/000000567990.jpg,train,mllm_selection,train:000000567990
coco-2017,000000296455,/home/felix/fiftyone/coco-2017/train/data/000000296455.jpg,train,mllm_selection,train:000000296455
coco-2017,000000490347,/home/felix/fiftyone/coco-2017/train/data/000000490347.jpg,train,mllm_selection,train:000000490347
coco-2017,000000527163,/home/felix/fiftyone/coco-2017/train/data/000000527163.jpg,train,mllm_selection,train:000000527163
coco-2017,000000542751,/home/felix/fiftyone/coco-2017/train/data/000000542751.jpg,train,mllm_selection,train:000000542751
coco-2017,000000370233,/home/felix/fiftyone/coco-2017/train/data/000000370233.jpg,train,mllm_selection,train:000000370233
coco-2017,000000543194,/home/felix/fiftyone/coco-2017/train/data/000000543194.jpg,train,mllm_selection,train:000000543194
coco-2017,000000279931,/home/felix/fiftyone/coco-2017/train/data/000000279931.jpg,train,mllm_selection,train:000000279931
coco-2017,000000002377,/home/felix/fiftyone/coco-2017/train/data/000000002377.jpg,train,mllm_selection,train:000000002377
coco-2017,000000580264,/home/felix/fiftyone/coco-2017/train/data/000000580264.jpg,train,mllm_selection,train:000000580264
coco-2017,000000185243,/home/felix/fiftyone/coco-2017/train/data/000000185243.jpg,train,mllm_selection,train:000000185243
coco-2017,000000156216,/home/felix/fiftyone/coco-2017/train/data/000000156216.jpg,train,mllm_selection,train:000000156216
coco-2017,000000006428,/home/felix/fiftyone/coco-2017/train/data/000000006428.jpg,train,mllm_selection,train:000000006428
coco-2017,000000390190,/home/felix/fiftyone/coco-2017/train/data/000000390190.jpg,train,mllm_selection,train:000000390190
coco-2017,000000315218,/home/felix/fiftyone/coco-2017/train/data/000000315218.jpg,train,mllm_selection,train:000000315218
coco-2017,000000528466,/home/felix/fiftyone/coco-2017/train/data/000000528466.jpg,train,mllm_selection,train:000000528466
coco-2017,000000550972,/home/felix/fiftyone/coco-2017/train/data/000000550972.jpg,train,mllm_selection,train:000000550972
coco-2017,000000247407,/home/felix/fiftyone/coco-2017/train/data/000000247407.jpg,train,mllm_selection,train:000000247407
coco-2017,000000049382,/home/felix/fiftyone/coco-2017/train/data/000000049382.jpg,train,mllm_selection,train:000000049382
coco-2017,000000346724,/home/felix/fiftyone/coco-2017/train/data/000000346724.jpg,train,mllm_selection,train:000000346724
coco-2017,000000372250,/home/felix/fiftyone/coco-2017/train/data/000000372250.jpg,train,mllm_selection,train:000000372250
coco-2017,000000394992,/home/felix/fiftyone/coco-2017/train/data/000000394992.jpg,train,mllm_selection,train:000000394992
coco-2017,000000273885,/home/felix/fiftyone/coco-2017/train/data/000000273885.jpg,train,mllm_selection,train:000000273885
coco-2017,000000494785,/home/felix/fiftyone/coco-2017/train/data/000000494785.jpg,train,mllm_selection,train:000000494785
coco-2017,000000107979,/home/felix/fiftyone/coco-2017/train/data/000000107979.jpg,train,mllm_selection,train:000000107979
coco-2017,000000120333,/home/felix/fiftyone/coco-2017/train/data/000000120333.jpg,train,mllm_selection,train:000000120333
coco-2017,000000146492,/home/felix/fiftyone/coco-2017/train/data/000000146492.jpg,train,mllm_selection,train:000000146492
coco-2017,000000205022,/home/felix/fiftyone/coco-2017/train/data/000000205022.jpg,train,mllm_selection,train:000000205022
coco-2017,000000018930,/home/felix/fiftyone/coco-2017/train/data/000000018930.jpg,train,mllm_selection,train:000000018930
coco-2017,000000418070,/home/felix/fiftyone/coco-2017/train/data/000000418070.jpg,train,mllm_selection,train:000000418070
coco-2017,000000478406,/home/felix/fiftyone/coco-2017/train/data/000000478406.jpg,train,mllm_selection,train:000000478406
coco-2017,000000243773,/home/felix/fiftyone/coco-2017/train/data/000000243773.jpg,train,mllm_selection,train:000000243773
coco-2017,000000243875,/home/felix/fiftyone/coco-2017/train/data/000000243875.jpg,train,mllm_selection,train:000000243875
coco-2017,000000027009,/home/felix/fiftyone/coco-2017/train/data/000000027009.jpg,train,mllm_selection,train:000000027009
coco-2017,000000488156,/home/felix/fiftyone/coco-2017/train/data/000000488156.jpg,train,mllm_selection,train:000000488156
coco-2017,000000017328,/home/felix/fiftyone/coco-2017/train/data/000000017328.jpg,train,mllm_selection,train:000000017328
coco-2017,000000308599,/home/felix/fiftyone/coco-2017/train/data/000000308599.jpg,train,mllm_selection,train:000000308599
coco-2017,000000440675,/home/felix/fiftyone/coco-2017/train/data/000000440675.jpg,train,mllm_selection,train:000000440675
coco-2017,000000406932,/home/felix/fiftyone/coco-2017/train/data/000000406932.jpg,train,mllm_selection,train:000000406932
coco-2017,000000090331,/home/felix/fiftyone/coco-2017/train/data/000000090331.jpg,train,mllm_selection,train:000000090331
coco-2017,000000183330,/home/felix/fiftyone/coco-2017/train/data/000000183330.jpg,train,mllm_selection,train:000000183330
coco-2017,000000227855,/home/felix/fiftyone/coco-2017/train/data/000000227855.jpg,train,mllm_selection,train:000000227855
coco-2017,000000304447,/home/felix/fiftyone/coco-2017/train/data/000000304447.jpg,train,mllm_selection,train:000000304447
coco-2017,000000254183,/home/felix/fiftyone/coco-2017/train/data/000000254183.jpg,train,mllm_selection,train:000000254183
coco-2017,000000239953,/home/felix/fiftyone/coco-2017/train/data/000000239953.jpg,train,mllm_selection,train:000000239953
coco-2017,000000386089,/home/felix/fiftyone/coco-2017/train/data/000000386089.jpg,train,mllm_selection,train:000000386089
coco-2017,000000501889,/home/felix/fiftyone/coco-2017/train/data/000000501889.jpg,train,mllm_selection,train:000000501889
coco-2017,000000020069,/home/felix/fiftyone/coco-2017/train/data/000000020069.jpg,train,mllm_selection,train:000000020069
coco-2017,000000138891,/home/felix/fiftyone/coco-2017/train/data/000000138891.jpg,train,mllm_selection,train:000000138891
coco-2017,000000004694,/home/felix/fiftyone/coco-2017/train/data/000000004694.jpg,train,mllm_selection,train:000000004694
coco-2017,000000241882,/home/felix/fiftyone/coco-2017/train/data/000000241882.jpg,train,mllm_selection,train:000000241882
coco-2017,000000032712,/home/felix/fiftyone/coco-2017/train/data/000000032712.jpg,train,mllm_selection,train:000000032712
coco-2017,000000019358,/home/felix/fiftyone/coco-2017/train/data/000000019358.jpg,train,mllm_selection,train:000000019358
coco-2017,000000454789,/home/felix/fiftyone/coco-2017/train/data/000000454789.jpg,train,mllm_selection,train:000000454789
coco-2017,000000097540,/home/felix/fiftyone/coco-2017/train/data/000000097540.jpg,train,mllm_selection,train:000000097540
coco-2017,000000234006,/home/felix/fiftyone/coco-2017/train/data/000000234006.jpg,train,mllm_selection,train:000000234006
coco-2017,000000397736,/home/felix/fiftyone/coco-2017/train/data/000000397736.jpg,train,mllm_selection,train:000000397736
coco-2017,000000560627,/home/felix/fiftyone/coco-2017/train/data/000000560627.jpg,train,mllm_selection,train:000000560627
coco-2017,000000549612,/home/felix/fiftyone/coco-2017/train/data/000000549612.jpg,train,mllm_selection,train:000000549612
coco-2017,000000294491,/home/felix/fiftyone/coco-2017/train/data/000000294491.jpg,train,mllm_selection,train:000000294491
coco-2017,000000121366,/home/felix/fiftyone/coco-2017/train/data/000000121366.jpg,train,mllm_selection,train:000000121366
coco-2017,000000061567,/home/felix/fiftyone/coco-2017/train/data/000000061567.jpg,train,mllm_selection,train:000000061567
coco-2017,000000281534,/home/felix/fiftyone/coco-2017/train/data/000000281534.jpg,train,mllm_selection,train:000000281534
coco-2017,000000042057,/home/felix/fiftyone/coco-2017/train/data/000000042057.jpg,train,mllm_selection,train:000000042057
coco-2017,000000406073,/home/felix/fiftyone/coco-2017/train/data/000000406073.jpg,train,mllm_selection,train:000000406073
coco-2017,000000446391,/home/felix/fiftyone/coco-2017/train/data/000000446391.jpg,train,mllm_selection,train:000000446391
coco-2017,000000310457,/home/felix/fiftyone/coco-2017/train/data/000000310457.jpg,train,mllm_selection,train:000000310457
coco-2017,000000019532,/home/felix/fiftyone/coco-2017/train/data/000000019532.jpg,train,mllm_selection,train:000000019532
coco-2017,000000429791,/home/felix/fiftyone/coco-2017/train/data/000000429791.jpg,train,mllm_selection,train:000000429791
coco-2017,000000489879,/home/felix/fiftyone/coco-2017/train/data/000000489879.jpg,train,mllm_selection,train:000000489879
coco-2017,000000181009,/home/felix/fiftyone/coco-2017/train/data/000000181009.jpg,train,mllm_selection,train:000000181009
coco-2017,000000159957,/home/felix/fiftyone/coco-2017/train/data/000000159957.jpg,train,mllm_selection,train:000000159957
coco-2017,000000363353,/home/felix/fiftyone/coco-2017/train/data/000000363353.jpg,train,mllm_selection,train:000000363353
coco-2017,000000061959,/home/felix/fiftyone/coco-2017/train/data/000000061959.jpg,train,mllm_selection,train:000000061959
coco-2017,000000278032,/home/felix/fiftyone/coco-2017/train/data/000000278032.jpg,train,mllm_selection,train:000000278032
coco-2017,000000344597,/home/felix/fiftyone/coco-2017/train/data/000000344597.jpg,train,mllm_selection,train:000000344597
coco-2017,000000297244,/home/felix/fiftyone/coco-2017/train/data/000000297244.jpg,train,mllm_selection,train:000000297244
coco-2017,000000476874,/home/felix/fiftyone/coco-2017/train/data/000000476874.jpg,train,mllm_selection,train:000000476874
coco-2017,000000203299,/home/felix/fiftyone/coco-2017/train/data/000000203299.jpg,train,mllm_selection,train:000000203299
coco-2017,000000029909,/home/felix/fiftyone/coco-2017/train/data/000000029909.jpg,train,mllm_selection,train:000000029909
coco-2017,000000275929,/home/felix/fiftyone/coco-2017/train/data/000000275929.jpg,train,mllm_selection,train:000000275929
coco-2017,000000564503,/home/felix/fiftyone/coco-2017/train/data/000000564503.jpg,train,mllm_selection,train:000000564503
coco-2017,000000517945,/home/felix/fiftyone/coco-2017/train/data/000000517945.jpg,train,mllm_selection,train:000000517945
coco-2017,000000430345,/home/felix/fiftyone/coco-2017/train/data/000000430345.jpg,train,mllm_selection,train:000000430345
coco-2017,000000151934,/home/felix/fiftyone/coco-2017/train/data/000000151934.jpg,train,mllm_selection,train:000000151934
coco-2017,000000553862,/home/felix/fiftyone/coco-2017/train/data/000000553862.jpg,train,mllm_selection,train:000000553862
coco-2017,000000023875,/home/felix/fiftyone/coco-2017/train/data/000000023875.jpg,train,mllm_selection,train:000000023875
coco-2017,000000377427,/home/felix/fiftyone/coco-2017/train/data/000000377427.jpg,train,mllm_selection,train:000000377427
coco-2017,000000495797,/home/felix/fiftyone/coco-2017/train/data/000000495797.jpg,train,mllm_selection,train:000000495797
coco-2017,000000399512,/home/felix/fiftyone/coco-2017/train/data/000000399512.jpg,train,mllm_selection,train:000000399512
coco-2017,000000404981,/home/felix/fiftyone/coco-2017/train/data/000000404981.jpg,train,mllm_selection,train:000000404981
coco-2017,000000360555,/home/felix/fiftyone/coco-2017/train/data/000000360555.jpg,train,mllm_selection,train:000000360555
coco-2017,000000380932,/home/felix/fiftyone/coco-2017/train/data/000000380932.jpg,train,mllm_selection,train:000000380932
coco-2017,000000226691,/home/felix/fiftyone/coco-2017/train/data/000000226691.jpg,train,mllm_selection,train:000000226691
coco-2017,000000303986,/home/felix/fiftyone/coco-2017/train/data/000000303986.jpg,train,mllm_selection,train:000000303986
coco-2017,000000460005,/home/felix/fiftyone/coco-2017/train/data/000000460005.jpg,train,mllm_selection,train:000000460005
coco-2017,000000144027,/home/felix/fiftyone/coco-2017/train/data/000000144027.jpg,train,mllm_selection,train:000000144027
coco-2017,000000204683,/home/felix/fiftyone/coco-2017/train/data/000000204683.jpg,train,mllm_selection,train:000000204683
coco-2017,000000061072,/home/felix/fiftyone/coco-2017/train/data/000000061072.jpg,train,mllm_selection,train:000000061072
coco-2017,000000260363,/home/felix/fiftyone/coco-2017/train/data/000000260363.jpg,train,mllm_selection,train:000000260363
coco-2017,000000047837,/home/felix/fiftyone/coco-2017/train/data/000000047837.jpg,train,mllm_selection,train:000000047837
coco-2017,000000363126,/home/felix/fiftyone/coco-2017/train/data/000000363126.jpg,train,mllm_selection,train:000000363126
coco-2017,000000342592,/home/felix/fiftyone/coco-2017/train/data/000000342592.jpg,train,mllm_selection,train:000000342592
coco-2017,000000378183,/home/felix/fiftyone/coco-2017/train/data/000000378183.jpg,train,mllm_selection,train:000000378183
coco-2017,000000549508,/home/felix/fiftyone/coco-2017/train/data/000000549508.jpg,train,mllm_selection,train:000000549508
coco-2017,000000034810,/home/felix/fiftyone/coco-2017/train/data/000000034810.jpg,train,mllm_selection,train:000000034810
coco-2017,000000457791,/home/felix/fiftyone/coco-2017/train/data/000000457791.jpg,train,mllm_selection,train:000000457791
coco-2017,000000503283,/home/felix/fiftyone/coco-2017/train/data/000000503283.jpg,train,mllm_selection,train:000000503283
coco-2017,000000505633,/home/felix/fiftyone/coco-2017/train/data/000000505633.jpg,train,mllm_selection,train:000000505633
coco-2017,000000571219,/home/felix/fiftyone/coco-2017/train/data/000000571219.jpg,train,mllm_selection,train:000000571219
coco-2017,000000211201,/home/felix/fiftyone/coco-2017/train/data/000000211201.jpg,train,mllm_selection,train:000000211201
coco-2017,000000119750,/home/felix/fiftyone/coco-2017/train/data/000000119750.jpg,train,mllm_selection,train:000000119750
coco-2017,000000503164,/home/felix/fiftyone/coco-2017/train/data/000000503164.jpg,train,mllm_selection,train:000000503164
coco-2017,000000570601,/home/felix/fiftyone/coco-2017/train/data/000000570601.jpg,train,mllm_selection,train:000000570601
coco-2017,000000096679,/home/felix/fiftyone/coco-2017/train/data/000000096679.jpg,train,mllm_selection,train:000000096679
coco-2017,000000574215,/home/felix/fiftyone/coco-2017/train/data/000000574215.jpg,train,mllm_selection,train:000000574215
coco-2017,000000378048,/home/felix/fiftyone/coco-2017/train/data/000000378048.jpg,train,mllm_selection,train:000000378048
coco-2017,000000352241,/home/felix/fiftyone/coco-2017/train/data/000000352241.jpg,train,mllm_selection,train:000000352241
coco-2017,000000376479,/home/felix/fiftyone/coco-2017/train/data/000000376479.jpg,train,mllm_selection,train:000000376479
coco-2017,000000490509,/home/felix/fiftyone/coco-2017/train/data/000000490509.jpg,train,mllm_selection,train:000000490509
coco-2017,000000043753,/home/felix/fiftyone/coco-2017/train/data/000000043753.jpg,train,mllm_selection,train:000000043753
coco-2017,000000440110,/home/felix/fiftyone/coco-2017/train/data/000000440110.jpg,train,mllm_selection,train:000000440110
coco-2017,000000196244,/home/felix/fiftyone/coco-2017/train/data/000000196244.jpg,train,mllm_selection,train:000000196244
coco-2017,000000556073,/home/felix/fiftyone/coco-2017/train/data/000000556073.jpg,train,mllm_selection,train:000000556073
coco-2017,000000021475,/home/felix/fiftyone/coco-2017/train/data/000000021475.jpg,train,mllm_selection,train:000000021475
coco-2017,000000118683,/home/felix/fiftyone/coco-2017/train/data/000000118683.jpg,train,mllm_selection,train:000000118683
coco-2017,000000177809,/home/felix/fiftyone/coco-2017/train/data/000000177809.jpg,train,mllm_selection,train:000000177809
coco-2017,000000009968,/home/felix/fiftyone/coco-2017/train/data/000000009968.jpg,train,mllm_selection,train:000000009968
coco-2017,000000355092,/home/felix/fiftyone/coco-2017/train/data/000000355092.jpg,train,mllm_selection,train:000000355092
coco-2017,000000058841,/home/felix/fiftyone/coco-2017/train/data/000000058841.jpg,train,mllm_selection,train:000000058841
coco-2017,000000165147,/home/felix/fiftyone/coco-2017/train/data/000000165147.jpg,train,mllm_selection,train:000000165147
coco-2017,000000237363,/home/felix/fiftyone/coco-2017/train/data/000000237363.jpg,train,mllm_selection,train:000000237363
coco-2017,000000330868,/home/felix/fiftyone/coco-2017/train/data/000000330868.jpg,train,mllm_selection,train:000000330868
coco-2017,000000127573,/home/felix/fiftyone/coco-2017/train/data/000000127573.jpg,train,mllm_selection,train:000000127573
coco-2017,000000215012,/home/felix/fiftyone/coco-2017/train/data/000000215012.jpg,train,mllm_selection,train:000000215012
coco-2017,000000272391,/home/felix/fiftyone/coco-2017/train/data/000000272391.jpg,train,mllm_selection,train:000000272391
coco-2017,000000477887,/home/felix/fiftyone/coco-2017/train/data/000000477887.jpg,train,mllm_selection,train:000000477887
coco-2017,000000466681,/home/felix/fiftyone/coco-2017/train/data/000000466681.jpg,train,mllm_selection,train:000000466681
coco-2017,000000366353,/home/felix/fiftyone/coco-2017/train/data/000000366353.jpg,train,mllm_selection,train:000000366353
coco-2017,000000301484,/home/felix/fiftyone/coco-2017/train/data/000000301484.jpg,train,mllm_selection,train:000000301484
coco-2017,000000308806,/home/felix/fiftyone/coco-2017/train/data/000000308806.jpg,train,mllm_selection,train:000000308806
coco-2017,000000196977,/home/felix/fiftyone/coco-2017/train/data/000000196977.jpg,train,mllm_selection,train:000000196977
coco-2017,000000438073,/home/felix/fiftyone/coco-2017/train/data/000000438073.jpg,train,mllm_selection,train:000000438073
coco-2017,000000069968,/home/felix/fiftyone/coco-2017/train/data/000000069968.jpg,train,mllm_selection,train:000000069968
coco-2017,000000392229,/home/felix/fiftyone/coco-2017/train/data/000000392229.jpg,train,mllm_selection,train:000000392229
coco-2017,000000027030,/home/felix/fiftyone/coco-2017/train/data/000000027030.jpg,train,mllm_selection,train:000000027030
coco-2017,000000501578,/home/felix/fiftyone/coco-2017/train/data/000000501578.jpg,train,mllm_selection,train:000000501578
coco-2017,000000295006,/home/felix/fiftyone/coco-2017/train/data/000000295006.jpg,train,mllm_selection,train:000000295006
coco-2017,000000484214,/home/felix/fiftyone/coco-2017/train/data/000000484214.jpg,train,mllm_selection,train:000000484214
coco-2017,000000044358,/home/felix/fiftyone/coco-2017/train/data/000000044358.jpg,train,mllm_selection,train:000000044358
coco-2017,000000083586,/home/felix/fiftyone/coco-2017/train/data/000000083586.jpg,train,mllm_selection,train:000000083586
coco-2017,000000275741,/home/felix/fiftyone/coco-2017/train/data/000000275741.jpg,train,mllm_selection,train:000000275741
coco-2017,000000330136,/home/felix/fiftyone/coco-2017/train/data/000000330136.jpg,train,mllm_selection,train:000000330136
coco-2017,000000089174,/home/felix/fiftyone/coco-2017/train/data/000000089174.jpg,train,mllm_selection,train:000000089174
coco-2017,000000315812,/home/felix/fiftyone/coco-2017/train/data/000000315812.jpg,train,mllm_selection,train:000000315812
coco-2017,000000477470,/home/felix/fiftyone/coco-2017/train/data/000000477470.jpg,train,mllm_selection,train:000000477470
coco-2017,000000530047,/home/felix/fiftyone/coco-2017/train/data/000000530047.jpg,train,mllm_selection,train:000000530047
coco-2017,000000407291,/home/felix/fiftyone/coco-2017/train/data/000000407291.jpg,train,mllm_selection,train:000000407291
coco-2017,000000010822,/home/felix/fiftyone/coco-2017/train/data/000000010822.jpg,train,mllm_selection,train:000000010822
coco-2017,000000243027,/home/felix/fiftyone/coco-2017/train/data/000000243027.jpg,train,mllm_selection,train:000000243027
coco-2017,000000262752,/home/felix/fiftyone/coco-2017/train/data/000000262752.jpg,train,mllm_selection,train:000000262752
coco-2017,000000197458,/home/felix/fiftyone/coco-2017/train/data/000000197458.jpg,train,mllm_selection,train:000000197458
coco-2017,000000422810,/home/felix/fiftyone/coco-2017/train/data/000000422810.jpg,train,mllm_selection,train:000000422810
coco-2017,000000474434,/home/felix/fiftyone/coco-2017/train/data/000000474434.jpg,train,mllm_selection,train:000000474434
coco-2017,000000550093,/home/felix/fiftyone/coco-2017/train/data/000000550093.jpg,train,mllm_selection,train:000000550093
coco-2017,000000099025,/home/felix/fiftyone/coco-2017/train/data/000000099025.jpg,train,mllm_selection,train:000000099025
coco-2017,000000421995,/home/felix/fiftyone/coco-2017/train/data/000000421995.jpg,train,mllm_selection,train:000000421995
coco-2017,000000377756,/home/felix/fiftyone/coco-2017/train/data/000000377756.jpg,train,mllm_selection,train:000000377756
coco-2017,000000568240,/home/felix/fiftyone/coco-2017/train/data/000000568240.jpg,train,mllm_selection,train:000000568240
coco-2017,000000492321,/home/felix/fiftyone/coco-2017/train/data/000000492321.jpg,train,mllm_selection,train:000000492321
coco-2017,000000342085,/home/felix/fiftyone/coco-2017/train/data/000000342085.jpg,train,mllm_selection,train:000000342085
coco-2017,000000114352,/home/felix/fiftyone/coco-2017/train/data/000000114352.jpg,train,mllm_selection,train:000000114352
coco-2017,000000243207,/home/felix/fiftyone/coco-2017/train/data/000000243207.jpg,train,mllm_selection,train:000000243207
coco-2017,000000181861,/home/felix/fiftyone/coco-2017/train/data/000000181861.jpg,train,mllm_selection,train:000000181861
coco-2017,000000072895,/home/felix/fiftyone/coco-2017/train/data/000000072895.jpg,train,mllm_selection,train:000000072895
coco-2017,000000458175,/home/felix/fiftyone/coco-2017/train/data/000000458175.jpg,train,mllm_selection,train:000000458175
coco-2017,000000106151,/home/felix/fiftyone/coco-2017/train/data/000000106151.jpg,train,mllm_selection,train:000000106151
coco-2017,000000074429,/home/felix/fiftyone/coco-2017/train/data/000000074429.jpg,train,mllm_selection,train:000000074429
coco-2017,000000101348,/home/felix/fiftyone/coco-2017/train/data/000000101348.jpg,train,mllm_selection,train:000000101348
coco-2017,000000561097,/home/felix/fiftyone/coco-2017/train/data/000000561097.jpg,train,mllm_selection,train:000000561097
coco-2017,000000326113,/home/felix/fiftyone/coco-2017/train/data/000000326113.jpg,train,mllm_selection,train:000000326113
coco-2017,000000260399,/home/felix/fiftyone/coco-2017/train/data/000000260399.jpg,train,mllm_selection,train:000000260399
coco-2017,000000273188,/home/felix/fiftyone/coco-2017/train/data/000000273188.jpg,train,mllm_selection,train:000000273188
coco-2017,000000067414,/home/felix/fiftyone/coco-2017/train/data/000000067414.jpg,train,mllm_selection,train:000000067414
coco-2017,000000227840,/home/felix/fiftyone/coco-2017/train/data/000000227840.jpg,train,mllm_selection,train:000000227840
coco-2017,000000146591,/home/felix/fiftyone/coco-2017/train/data/000000146591.jpg,train,mllm_selection,train:000000146591
coco-2017,000000025421,/home/felix/fiftyone/coco-2017/train/data/000000025421.jpg,train,mllm_selection,train:000000025421
coco-2017,000000115749,/home/felix/fiftyone/coco-2017/train/data/000000115749.jpg,train,mllm_selection,train:000000115749
coco-2017,000000156192,/home/felix/fiftyone/coco-2017/train/data/000000156192.jpg,train,mllm_selection,train:000000156192
coco-2017,000000306940,/home/felix/fiftyone/coco-2017/train/data/000000306940.jpg,train,mllm_selection,train:000000306940
coco-2017,000000328101,/home/felix/fiftyone/coco-2017/train/data/000000328101.jpg,train,mllm_selection,train:000000328101
coco-2017,000000017761,/home/felix/fiftyone/coco-2017/train/data/000000017761.jpg,train,mllm_selection,train:000000017761
coco-2017,000000446881,/home/felix/fiftyone/coco-2017/train/data/000000446881.jpg,train,mllm_selection,train:000000446881
coco-2017,000000093089,/home/felix/fiftyone/coco-2017/train/data/000000093089.jpg,train,mllm_selection,train:000000093089
coco-2017,000000378098,/home/felix/fiftyone/coco-2017/train/data/000000378098.jpg,train,mllm_selection,train:000000378098
coco-2017,000000349144,/home/felix/fiftyone/coco-2017/train/data/000000349144.jpg,train,mllm_selection,train:000000349144
coco-2017,000000257955,/home/felix/fiftyone/coco-2017/train/data/000000257955.jpg,train,mllm_selection,train:000000257955
coco-2017,000000306931,/home/felix/fiftyone/coco-2017/train/data/000000306931.jpg,train,mllm_selection,train:000000306931
coco-2017,000000313228,/home/felix/fiftyone/coco-2017/train/data/000000313228.jpg,train,mllm_selection,train:000000313228
coco-2017,000000461506,/home/felix/fiftyone/coco-2017/train/data/000000461506.jpg,train,mllm_selection,train:000000461506
coco-2017,000000441655,/home/felix/fiftyone/coco-2017/train/data/000000441655.jpg,train,mllm_selection,train:000000441655
coco-2017,000000204375,/home/felix/fiftyone/coco-2017/train/data/000000204375.jpg,train,mllm_selection,train:000000204375
coco-2017,000000401518,/home/felix/fiftyone/coco-2017/train/data/000000401518.jpg,train,mllm_selection,train:000000401518
coco-2017,000000548861,/home/felix/fiftyone/coco-2017/train/data/000000548861.jpg,train,mllm_selection,train:000000548861
coco-2017,000000243446,/home/felix/fiftyone/coco-2017/train/data/000000243446.jpg,train,mllm_selection,train:000000243446
coco-2017,000000454858,/home/felix/fiftyone/coco-2017/train/data/000000454858.jpg,train,mllm_selection,train:000000454858
coco-2017,000000439881,/home/felix/fiftyone/coco-2017/train/data/000000439881.jpg,train,mllm_selection,train:000000439881
coco-2017,000000433402,/home/felix/fiftyone/coco-2017/train/data/000000433402.jpg,train,mllm_selection,train:000000433402
coco-2017,000000388696,/home/felix/fiftyone/coco-2017/train/data/000000388696.jpg,train,mllm_selection,train:000000388696
coco-2017,000000213649,/home/felix/fiftyone/coco-2017/train/data/000000213649.jpg,train,mllm_selection,train:000000213649
coco-2017,000000142637,/home/felix/fiftyone/coco-2017/train/data/000000142637.jpg,train,mllm_selection,train:000000142637
coco-2017,000000121453,/home/felix/fiftyone/coco-2017/train/data/000000121453.jpg,train,mllm_selection,train:000000121453
coco-2017,000000388853,/home/felix/fiftyone/coco-2017/train/data/000000388853.jpg,train,mllm_selection,train:000000388853
coco-2017,000000007596,/home/felix/fiftyone/coco-2017/train/data/000000007596.jpg,train,mllm_selection,train:000000007596
coco-2017,000000068637,/home/felix/fiftyone/coco-2017/train/data/000000068637.jpg,train,mllm_selection,train:000000068637
coco-2017,000000532408,/home/felix/fiftyone/coco-2017/train/data/000000532408.jpg,train,mllm_selection,train:000000532408
coco-2017,000000151576,/home/felix/fiftyone/coco-2017/train/data/000000151576.jpg,train,mllm_selection,train:000000151576
coco-2017,000000448868,/home/felix/fiftyone/coco-2017/train/data/000000448868.jpg,train,mllm_selection,train:000000448868
coco-2017,000000263734,/home/felix/fiftyone/coco-2017/train/data/000000263734.jpg,train,mllm_selection,train:000000263734
coco-2017,000000442818,/home/felix/fiftyone/coco-2017/train/data/000000442818.jpg,train,mllm_selection,train:000000442818
coco-2017,000000108898,/home/felix/fiftyone/coco-2017/train/data/000000108898.jpg,train,mllm_selection,train:000000108898
coco-2017,000000229478,/home/felix/fiftyone/coco-2017/train/data/000000229478.jpg,train,mllm_selection,train:000000229478
coco-2017,000000458481,/home/felix/fiftyone/coco-2017/train/data/000000458481.jpg,train,mllm_selection,train:000000458481
coco-2017,000000338515,/home/felix/fiftyone/coco-2017/train/data/000000338515.jpg,train,mllm_selection,train:000000338515
coco-2017,000000380524,/home/felix/fiftyone/coco-2017/train/data/000000380524.jpg,train,mllm_selection,train:000000380524
coco-2017,000000139049,/home/felix/fiftyone/coco-2017/train/data/000000139049.jpg,train,mllm_selection,train:000000139049
coco-2017,000000166993,/home/felix/fiftyone/coco-2017/train/data/000000166993.jpg,train,mllm_selection,train:000000166993
coco-2017,000000394159,/home/felix/fiftyone/coco-2017/train/data/000000394159.jpg,train,mllm_selection,train:000000394159
coco-2017,000000267540,/home/felix/fiftyone/coco-2017/train/data/000000267540.jpg,train,mllm_selection,train:000000267540
coco-2017,000000395290,/home/felix/fiftyone/coco-2017/train/data/000000395290.jpg,train,mllm_selection,train:000000395290
coco-2017,000000224522,/home/felix/fiftyone/coco-2017/train/data/000000224522.jpg,train,mllm_selection,train:000000224522
coco-2017,000000231337,/home/felix/fiftyone/coco-2017/train/data/000000231337.jpg,train,mllm_selection,train:000000231337
coco-2017,000000262118,/home/felix/fiftyone/coco-2017/train/data/000000262118.jpg,train,mllm_selection,train:000000262118
coco-2017,000000016773,/home/felix/fiftyone/coco-2017/train/data/000000016773.jpg,train,mllm_selection,train:000000016773
coco-2017,000000459827,/home/felix/fiftyone/coco-2017/train/data/000000459827.jpg,train,mllm_selection,train:000000459827
coco-2017,000000360129,/home/felix/fiftyone/coco-2017/train/data/000000360129.jpg,train,mllm_selection,train:000000360129
coco-2017,000000529632,/home/felix/fiftyone/coco-2017/train/data/000000529632.jpg,train,mllm_selection,train:000000529632
coco-2017,000000253217,/home/felix/fiftyone/coco-2017/train/data/000000253217.jpg,train,mllm_selection,train:000000253217
coco-2017,000000139930,/home/felix/fiftyone/coco-2017/train/data/000000139930.jpg,train,mllm_selection,train:000000139930
coco-2017,000000515249,/home/felix/fiftyone/coco-2017/train/data/000000515249.jpg,train,mllm_selection,train:000000515249
coco-2017,000000395978,/home/felix/fiftyone/coco-2017/train/data/000000395978.jpg,train,mllm_selection,train:000000395978
coco-2017,000000265208,/home/felix/fiftyone/coco-2017/train/data/000000265208.jpg,train,mllm_selection,train:000000265208
coco-2017,000000527720,/home/felix/fiftyone/coco-2017/train/data/000000527720.jpg,train,mllm_selection,train:000000527720
coco-2017,000000165919,/home/felix/fiftyone/coco-2017/train/data/000000165919.jpg,train,mllm_selection,train:000000165919
coco-2017,000000441900,/home/felix/fiftyone/coco-2017/train/data/000000441900.jpg,train,mllm_selection,train:000000441900
coco-2017,000000535981,/home/felix/fiftyone/coco-2017/train/data/000000535981.jpg,train,mllm_selection,train:000000535981
coco-2017,000000501758,/home/felix/fiftyone/coco-2017/train/data/000000501758.jpg,train,mllm_selection,train:000000501758
coco-2017,000000571747,/home/felix/fiftyone/coco-2017/train/data/000000571747.jpg,train,mllm_selection,train:000000571747
coco-2017,000000434502,/home/felix/fiftyone/coco-2017/train/data/000000434502.jpg,train,mllm_selection,train:000000434502
coco-2017,000000332096,/home/felix/fiftyone/coco-2017/train/data/000000332096.jpg,train,mllm_selection,train:000000332096
coco-2017,000000275969,/home/felix/fiftyone/coco-2017/train/data/000000275969.jpg,train,mllm_selection,train:000000275969
coco-2017,000000484100,/home/felix/fiftyone/coco-2017/train/data/000000484100.jpg,train,mllm_selection,train:000000484100
coco-2017,000000106641,/home/felix/fiftyone/coco-2017/train/data/000000106641.jpg,train,mllm_selection,train:000000106641
coco-2017,000000404933,/home/felix/fiftyone/coco-2017/train/data/000000404933.jpg,train,mllm_selection,train:000000404933
coco-2017,000000540978,/home/felix/fiftyone/coco-2017/train/data/000000540978.jpg,train,mllm_selection,train:000000540978
coco-2017,000000566427,/home/felix/fiftyone/coco-2017/train/data/000000566427.jpg,train,mllm_selection,train:000000566427
coco-2017,000000479035,/home/felix/fiftyone/coco-2017/train/data/000000479035.jpg,train,mllm_selection,train:000000479035
coco-2017,000000083872,/home/felix/fiftyone/coco-2017/train/data/000000083872.jpg,train,mllm_selection,train:000000083872
coco-2017,000000516633,/home/felix/fiftyone/coco-2017/train/data/000000516633.jpg,train,mllm_selection,train:000000516633
coco-2017,000000389384,/home/felix/fiftyone/coco-2017/train/data/000000389384.jpg,train,mllm_selection,train:000000389384
coco-2017,000000449676,/home/felix/fiftyone/coco-2017/train/data/000000449676.jpg,train,mllm_selection,train:000000449676
coco-2017,000000360896,/home/felix/fiftyone/coco-2017/train/data/000000360896.jpg,train,mllm_selection,train:000000360896
coco-2017,000000438220,/home/felix/fiftyone/coco-2017/train/data/000000438220.jpg,train,mllm_selection,train:000000438220
coco-2017,000000040055,/home/felix/fiftyone/coco-2017/train/data/000000040055.jpg,train,mllm_selection,train:000000040055
coco-2017,000000225571,/home/felix/fiftyone/coco-2017/train/data/000000225571.jpg,train,mllm_selection,train:000000225571
coco-2017,000000575664,/home/felix/fiftyone/coco-2017/train/data/000000575664.jpg,train,mllm_selection,train:000000575664
coco-2017,000000089268,/home/felix/fiftyone/coco-2017/train/data/000000089268.jpg,train,mllm_selection,train:000000089268
coco-2017,000000038186,/home/felix/fiftyone/coco-2017/train/data/000000038186.jpg,train,mllm_selection,train:000000038186
coco-2017,000000318184,/home/felix/fiftyone/coco-2017/train/data/000000318184.jpg,train,mllm_selection,train:000000318184
coco-2017,000000537041,/home/felix/fiftyone/coco-2017/train/data/000000537041.jpg,train,mllm_selection,train:000000537041
coco-2017,000000229569,/home/felix/fiftyone/coco-2017/train/data/000000229569.jpg,train,mllm_selection,train:000000229569
coco-2017,000000043771,/home/felix/fiftyone/coco-2017/train/data/000000043771.jpg,train,mllm_selection,train:000000043771
coco-2017,000000148099,/home/felix/fiftyone/coco-2017/train/data/000000148099.jpg,train,mllm_selection,train:000000148099
coco-2017,000000395203,/home/felix/fiftyone/coco-2017/train/data/000000395203.jpg,train,mllm_selection,train:000000395203
coco-2017,000000261942,/home/felix/fiftyone/coco-2017/train/data/000000261942.jpg,train,mllm_selection,train:000000261942
coco-2017,000000427864,/home/felix/fiftyone/coco-2017/train/data/000000427864.jpg,train,mllm_selection,train:000000427864
coco-2017,000000300867,/home/felix/fiftyone/coco-2017/train/data/000000300867.jpg,train,mllm_selection,train:000000300867
coco-2017,000000004032,/home/felix/fiftyone/coco-2017/train/data/000000004032.jpg,train,mllm_selection,train:000000004032
coco-2017,000000484563,/home/felix/fiftyone/coco-2017/train/data/000000484563.jpg,train,mllm_selection,train:000000484563
coco-2017,000000507535,/home/felix/fiftyone/coco-2017/train/data/000000507535.jpg,train,mllm_selection,train:000000507535
coco-2017,000000480243,/home/felix/fiftyone/coco-2017/train/data/000000480243.jpg,train,mllm_selection,train:000000480243
coco-2017,000000341592,/home/felix/fiftyone/coco-2017/train/data/000000341592.jpg,train,mllm_selection,train:000000341592
coco-2017,000000186608,/home/felix/fiftyone/coco-2017/train/data/000000186608.jpg,train,mllm_selection,train:000000186608
coco-2017,000000100159,/home/felix/fiftyone/coco-2017/train/data/000000100159.jpg,train,mllm_selection,train:000000100159
coco-2017,000000289329,/home/felix/fiftyone/coco-2017/train/data/000000289329.jpg,train,mllm_selection,train:000000289329
coco-2017,000000374453,/home/felix/fiftyone/coco-2017/train/data/000000374453.jpg,train,mllm_selection,train:000000374453
coco-2017,000000445338,/home/felix/fiftyone/coco-2017/train/data/000000445338.jpg,train,mllm_selection,train:000000445338
coco-2017,000000150158,/home/felix/fiftyone/coco-2017/train/data/000000150158.jpg,train,mllm_selection,train:000000150158
coco-2017,000000468393,/home/felix/fiftyone/coco-2017/train/data/000000468393.jpg,train,mllm_selection,train:000000468393
coco-2017,000000516339,/home/felix/fiftyone/coco-2017/train/data/000000516339.jpg,train,mllm_selection,train:000000516339
coco-2017,000000443319,/home/felix/fiftyone/coco-2017/train/data/000000443319.jpg,train,mllm_selection,train:000000443319
coco-2017,000000574951,/home/felix/fiftyone/coco-2017/train/data/000000574951.jpg,train,mllm_selection,train:000000574951
coco-2017,000000173196,/home/felix/fiftyone/coco-2017/train/data/000000173196.jpg,train,mllm_selection,train:000000173196
coco-2017,000000421531,/home/felix/fiftyone/coco-2017/train/data/000000421531.jpg,train,mllm_selection,train:000000421531
coco-2017,000000414954,/home/felix/fiftyone/coco-2017/train/data/000000414954.jpg,train,mllm_selection,train:000000414954
coco-2017,000000388830,/home/felix/fiftyone/coco-2017/train/data/000000388830.jpg,train,mllm_selection,train:000000388830
coco-2017,000000540330,/home/felix/fiftyone/coco-2017/train/data/000000540330.jpg,train,mllm_selection,train:000000540330
coco-2017,000000499611,/home/felix/fiftyone/coco-2017/train/data/000000499611.jpg,train,mllm_selection,train:000000499611
coco-2017,000000359853,/home/felix/fiftyone/coco-2017/train/data/000000359853.jpg,train,mllm_selection,train:000000359853
coco-2017,000000371143,/home/felix/fiftyone/coco-2017/train/data/000000371143.jpg,train,mllm_selection,train:000000371143
coco-2017,000000031288,/home/felix/fiftyone/coco-2017/train/data/000000031288.jpg,train,mllm_selection,train:000000031288
coco-2017,000000472309,/home/felix/fiftyone/coco-2017/train/data/000000472309.jpg,train,mllm_selection,train:000000472309
coco-2017,000000183329,/home/felix/fiftyone/coco-2017/train/data/000000183329.jpg,train,mllm_selection,train:000000183329
coco-2017,000000043345,/home/felix/fiftyone/coco-2017/train/data/000000043345.jpg,train,mllm_selection,train:000000043345
coco-2017,000000494404,/home/felix/fiftyone/coco-2017/train/data/000000494404.jpg,train,mllm_selection,train:000000494404
coco-2017,000000019675,/home/felix/fiftyone/coco-2017/train/data/000000019675.jpg,train,mllm_selection,train:000000019675
coco-2017,000000547227,/home/felix/fiftyone/coco-2017/train/data/000000547227.jpg,train,mllm_selection,train:000000547227
coco-2017,000000490535,/home/felix/fiftyone/coco-2017/train/data/000000490535.jpg,train,mllm_selection,train:000000490535
coco-2017,000000005123,/home/felix/fiftyone/coco-2017/train/data/000000005123.jpg,train,mllm_selection,train:000000005123
coco-2017,000000085584,/home/felix/fiftyone/coco-2017/train/data/000000085584.jpg,train,mllm_selection,train:000000085584
coco-2017,000000542488,/home/felix/fiftyone/coco-2017/train/data/000000542488.jpg,train,mllm_selection,train:000000542488
coco-2017,000000292428,/home/felix/fiftyone/coco-2017/train/data/000000292428.jpg,train,mllm_selection,train:000000292428
coco-2017,000000066005,/home/felix/fiftyone/coco-2017/train/data/000000066005.jpg,train,mllm_selection,train:000000066005
coco-2017,000000152459,/home/felix/fiftyone/coco-2017/train/data/000000152459.jpg,train,mllm_selection,train:000000152459
coco-2017,000000389948,/home/felix/fiftyone/coco-2017/train/data/000000389948.jpg,train,mllm_selection,train:000000389948
coco-2017,000000225931,/home/felix/fiftyone/coco-2017/train/data/000000225931.jpg,train,mllm_selection,train:000000225931
coco-2017,000000337164,/home/felix/fiftyone/coco-2017/train/data/000000337164.jpg,train,mllm_selection,train:000000337164
coco-2017,000000351431,/home/felix/fiftyone/coco-2017/train/data/000000351431.jpg,train,mllm_selection,train:000000351431
coco-2017,000000335774,/home/felix/fiftyone/coco-2017/train/data/000000335774.jpg,train,mllm_selection,train:000000335774
coco-2017,000000490570,/home/felix/fiftyone/coco-2017/train/data/000000490570.jpg,train,mllm_selection,train:000000490570
coco-2017,000000124169,/home/felix/fiftyone/coco-2017/train/data/000000124169.jpg,train,mllm_selection,train:000000124169
coco-2017,000000219291,/home/felix/fiftyone/coco-2017/train/data/000000219291.jpg,train,mllm_selection,train:000000219291
coco-2017,000000441407,/home/felix/fiftyone/coco-2017/train/data/000000441407.jpg,train,mllm_selection,train:000000441407
coco-2017,000000395402,/home/felix/fiftyone/coco-2017/train/data/000000395402.jpg,train,mllm_selection,train:000000395402
coco-2017,000000304408,/home/felix/fiftyone/coco-2017/train/data/000000304408.jpg,train,mllm_selection,train:000000304408
coco-2017,000000265566,/home/felix/fiftyone/coco-2017/train/data/000000265566.jpg,train,mllm_selection,train:000000265566
coco-2017,000000375481,/home/felix/fiftyone/coco-2017/train/data/000000375481.jpg,train,mllm_selection,train:000000375481
coco-2017,000000066046,/home/felix/fiftyone/coco-2017/train/data/000000066046.jpg,train,mllm_selection,train:000000066046
coco-2017,000000269038,/home/felix/fiftyone/coco-2017/train/data/000000269038.jpg,train,mllm_selection,train:000000269038
coco-2017,000000242427,/home/felix/fiftyone/coco-2017/train/data/000000242427.jpg,train,mllm_selection,train:000000242427
coco-2017,000000392727,/home/felix/fiftyone/coco-2017/train/data/000000392727.jpg,train,mllm_selection,train:000000392727
coco-2017,000000283867,/home/felix/fiftyone/coco-2017/train/data/000000283867.jpg,train,mllm_selection,train:000000283867
coco-2017,000000474233,/home/felix/fiftyone/coco-2017/train/data/000000474233.jpg,train,mllm_selection,train:000000474233
coco-2017,000000079486,/home/felix/fiftyone/coco-2017/train/data/000000079486.jpg,train,mllm_selection,train:000000079486
coco-2017,000000309953,/home/felix/fiftyone/coco-2017/train/data/000000309953.jpg,train,mllm_selection,train:000000309953
coco-2017,000000322858,/home/felix/fiftyone/coco-2017/train/data/000000322858.jpg,train,mllm_selection,train:000000322858
coco-2017,000000042408,/home/felix/fiftyone/coco-2017/train/data/000000042408.jpg,train,mllm_selection,train:000000042408
coco-2017,000000193401,/home/felix/fiftyone/coco-2017/train/data/000000193401.jpg,train,mllm_selection,train:000000193401
coco-2017,000000540670,/home/felix/fiftyone/coco-2017/train/data/000000540670.jpg,train,mllm_selection,train:000000540670
coco-2017,000000116397,/home/felix/fiftyone/coco-2017/train/data/000000116397.jpg,train,mllm_selection,train:000000116397
coco-2017,000000198972,/home/felix/fiftyone/coco-2017/train/data/000000198972.jpg,train,mllm_selection,train:000000198972
coco-2017,000000233642,/home/felix/fiftyone/coco-2017/train/data/000000233642.jpg,train,mllm_selection,train:000000233642
coco-2017,000000497139,/home/felix/fiftyone/coco-2017/train/data/000000497139.jpg,train,mllm_selection,train:000000497139
coco-2017,000000254347,/home/felix/fiftyone/coco-2017/train/data/000000254347.jpg,train,mllm_selection,train:000000254347
coco-2017,000000442321,/home/felix/fiftyone/coco-2017/train/data/000000442321.jpg,train,mllm_selection,train:000000442321
coco-2017,000000343849,/home/felix/fiftyone/coco-2017/train/data/000000343849.jpg,train,mllm_selection,train:000000343849
coco-2017,000000078477,/home/felix/fiftyone/coco-2017/train/data/000000078477.jpg,train,mllm_selection,train:000000078477
coco-2017,000000237247,/home/felix/fiftyone/coco-2017/train/data/000000237247.jpg,train,mllm_selection,train:000000237247
coco-2017,000000301218,/home/felix/fiftyone/coco-2017/train/data/000000301218.jpg,train,mllm_selection,train:000000301218
coco-2017,000000553501,/home/felix/fiftyone/coco-2017/train/data/000000553501.jpg,train,mllm_selection,train:000000553501
coco-2017,000000299371,/home/felix/fiftyone/coco-2017/train/data/000000299371.jpg,train,mllm_selection,train:000000299371
coco-2017,000000171639,/home/felix/fiftyone/coco-2017/train/data/000000171639.jpg,train,mllm_selection,train:000000171639
coco-2017,000000233102,/home/felix/fiftyone/coco-2017/train/data/000000233102.jpg,train,mllm_selection,train:000000233102
coco-2017,000000265237,/home/felix/fiftyone/coco-2017/train/data/000000265237.jpg,train,mllm_selection,train:000000265237
coco-2017,000000101456,/home/felix/fiftyone/coco-2017/train/data/000000101456.jpg,train,mllm_selection,train:000000101456
coco-2017,000000418623,/home/felix/fiftyone/coco-2017/train/data/000000418623.jpg,train,mllm_selection,train:000000418623
coco-2017,000000115266,/home/felix/fiftyone/coco-2017/train/data/000000115266.jpg,train,mllm_selection,train:000000115266
coco-2017,000000567801,/home/felix/fiftyone/coco-2017/train/data/000000567801.jpg,train,mllm_selection,train:000000567801
coco-2017,000000109950,/home/felix/fiftyone/coco-2017/train/data/000000109950.jpg,train,mllm_selection,train:000000109950
coco-2017,000000009759,/home/felix/fiftyone/coco-2017/train/data/000000009759.jpg,train,mllm_selection,train:000000009759
coco-2017,000000483806,/home/felix/fiftyone/coco-2017/train/data/000000483806.jpg,train,mllm_selection,train:000000483806
coco-2017,000000322080,/home/felix/fiftyone/coco-2017/train/data/000000322080.jpg,train,mllm_selection,train:000000322080
coco-2017,000000441752,/home/felix/fiftyone/coco-2017/train/data/000000441752.jpg,train,mllm_selection,train:000000441752
coco-2017,000000454359,/home/felix/fiftyone/coco-2017/train/data/000000454359.jpg,train,mllm_selection,train:000000454359
coco-2017,000000367063,/home/felix/fiftyone/coco-2017/train/data/000000367063.jpg,train,mllm_selection,train:000000367063
coco-2017,000000033698,/home/felix/fiftyone/coco-2017/train/data/000000033698.jpg,train,mllm_selection,train:000000033698
coco-2017,000000113561,/home/felix/fiftyone/coco-2017/train/data/000000113561.jpg,train,mllm_selection,train:000000113561
coco-2017,000000100448,/home/felix/fiftyone/coco-2017/train/data/000000100448.jpg,train,mllm_selection,train:000000100448
coco-2017,000000499592,/home/felix/fiftyone/coco-2017/train/data/000000499592.jpg,train,mllm_selection,train:000000499592
coco-2017,000000269229,/home/felix/fiftyone/coco-2017/train/data/000000269229.jpg,train,mllm_selection,train:000000269229
coco-2017,000000081259,/home/felix/fiftyone/coco-2017/train/data/000000081259.jpg,train,mllm_selection,train:000000081259
coco-2017,000000505485,/home/felix/fiftyone/coco-2017/train/data/000000505485.jpg,train,mllm_selection,train:000000505485
coco-2017,000000044814,/home/felix/fiftyone/coco-2017/train/data/000000044814.jpg,train,mllm_selection,train:000000044814
coco-2017,000000011802,/home/felix/fiftyone/coco-2017/train/data/000000011802.jpg,train,mllm_selection,train:000000011802
coco-2017,000000490462,/home/felix/fiftyone/coco-2017/train/data/000000490462.jpg,train,mllm_selection,train:000000490462
coco-2017,000000450526,/home/felix/fiftyone/coco-2017/train/data/000000450526.jpg,train,mllm_selection,train:000000450526
coco-2017,000000554805,/home/felix/fiftyone/coco-2017/train/data/000000554805.jpg,train,mllm_selection,train:000000554805
coco-2017,000000418512,/home/felix/fiftyone/coco-2017/train/data/000000418512.jpg,train,mllm_selection,train:000000418512
coco-2017,000000166979,/home/felix/fiftyone/coco-2017/train/data/000000166979.jpg,train,mllm_selection,train:000000166979
coco-2017,000000536553,/home/felix/fiftyone/coco-2017/train/data/000000536553.jpg,train,mllm_selection,train:000000536553
coco-2017,000000061826,/home/felix/fiftyone/coco-2017/train/data/000000061826.jpg,train,mllm_selection,train:000000061826
coco-2017,000000506735,/home/felix/fiftyone/coco-2017/train/data/000000506735.jpg,train,mllm_selection,train:000000506735
coco-2017,000000568276,/home/felix/fiftyone/coco-2017/train/data/000000568276.jpg,train,mllm_selection,train:000000568276
coco-2017,000000213669,/home/felix/fiftyone/coco-2017/train/data/000000213669.jpg,train,mllm_selection,train:000000213669
coco-2017,000000138025,/home/felix/fiftyone/coco-2017/train/data/000000138025.jpg,train,mllm_selection,train:000000138025
coco-2017,000000121414,/home/felix/fiftyone/coco-2017/train/data/000000121414.jpg,train,mllm_selection,train:000000121414
coco-2017,000000447724,/home/felix/fiftyone/coco-2017/train/data/000000447724.jpg,train,mllm_selection,train:000000447724
coco-2017,000000391033,/home/felix/fiftyone/coco-2017/train/data/000000391033.jpg,train,mllm_selection,train:000000391033
coco-2017,000000468009,/home/felix/fiftyone/coco-2017/train/data/000000468009.jpg,train,mllm_selection,train:000000468009
coco-2017,000000362145,/home/felix/fiftyone/coco-2017/train/data/000000362145.jpg,train,mllm_selection,train:000000362145
coco-2017,000000067420,/home/felix/fiftyone/coco-2017/train/data/000000067420.jpg,train,mllm_selection,train:000000067420
coco-2017,000000056715,/home/felix/fiftyone/coco-2017/train/data/000000056715.jpg,train,mllm_selection,train:000000056715
coco-2017,000000157592,/home/felix/fiftyone/coco-2017/train/data/000000157592.jpg,train,mllm_selection,train:000000157592
coco-2017,000000321701,/home/felix/fiftyone/coco-2017/train/data/000000321701.jpg,train,mllm_selection,train:000000321701
coco-2017,000000381641,/home/felix/fiftyone/coco-2017/train/data/000000381641.jpg,train,mllm_selection,train:000000381641
coco-2017,000000056800,/home/felix/fiftyone/coco-2017/train/data/000000056800.jpg,train,mllm_selection,train:000000056800
coco-2017,000000222346,/home/felix/fiftyone/coco-2017/train/data/000000222346.jpg,train,mllm_selection,train:000000222346
coco-2017,000000455290,/home/felix/fiftyone/coco-2017/train/data/000000455290.jpg,train,mllm_selection,train:000000455290
coco-2017,000000339918,/home/felix/fiftyone/coco-2017/train/data/000000339918.jpg,train,mllm_selection,train:000000339918
coco-2017,000000477104,/home/felix/fiftyone/coco-2017/train/data/000000477104.jpg,train,mllm_selection,train:000000477104
coco-2017,000000574282,/home/felix/fiftyone/coco-2017/train/data/000000574282.jpg,train,mllm_selection,train:000000574282
coco-2017,000000017629,/home/felix/fiftyone/coco-2017/train/data/000000017629.jpg,train,mllm_selection,train:000000017629
coco-2017,000000070921,/home/felix/fiftyone/coco-2017/train/data/000000070921.jpg,train,mllm_selection,train:000000070921
coco-2017,000000443870,/home/felix/fiftyone/coco-2017/train/data/000000443870.jpg,train,mllm_selection,train:000000443870
coco-2017,000000343818,/home/felix/fiftyone/coco-2017/train/data/000000343818.jpg,train,mllm_selection,train:000000343818
coco-2017,000000015097,/home/felix/fiftyone/coco-2017/train/data/000000015097.jpg,train,mllm_selection,train:000000015097
coco-2017,000000010867,/home/felix/fiftyone/coco-2017/train/data/000000010867.jpg,train,mllm_selection,train:000000010867
coco-2017,000000518355,/home/felix/fiftyone/coco-2017/train/data/000000518355.jpg,train,mllm_selection,train:000000518355
coco-2017,000000461835,/home/felix/fiftyone/coco-2017/train/data/000000461835.jpg,train,mllm_selection,train:000000461835
coco-2017,000000364284,/home/felix/fiftyone/coco-2017/train/data/000000364284.jpg,train,mllm_selection,train:000000364284
coco-2017,000000151778,/home/felix/fiftyone/coco-2017/train/data/000000151778.jpg,train,mllm_selection,train:000000151778
coco-2017,000000306047,/home/felix/fiftyone/coco-2017/train/data/000000306047.jpg,train,mllm_selection,train:000000306047
coco-2017,000000138591,/home/felix/fiftyone/coco-2017/train/data/000000138591.jpg,train,mllm_selection,train:000000138591
coco-2017,000000116892,/home/felix/fiftyone/coco-2017/train/data/000000116892.jpg,train,mllm_selection,train:000000116892
coco-2017,000000263620,/home/felix/fiftyone/coco-2017/train/data/000000263620.jpg,train,mllm_selection,train:000000263620
coco-2017,000000167642,/home/felix/fiftyone/coco-2017/train/data/000000167642.jpg,train,mllm_selection,train:000000167642
coco-2017,000000040165,/home/felix/fiftyone/coco-2017/train/data/000000040165.jpg,train,mllm_selection,train:000000040165
coco-2017,000000038919,/home/felix/fiftyone/coco-2017/train/data/000000038919.jpg,train,mllm_selection,train:000000038919
coco-2017,000000041924,/home/felix/fiftyone/coco-2017/train/data/000000041924.jpg,train,mllm_selection,train:000000041924
coco-2017,000000076746,/home/felix/fiftyone/coco-2017/train/data/000000076746.jpg,train,mllm_selection,train:000000076746
coco-2017,000000248518,/home/felix/fiftyone/coco-2017/train/data/000000248518.jpg,train,mllm_selection,train:000000248518
coco-2017,000000368659,/home/felix/fiftyone/coco-2017/train/data/000000368659.jpg,train,mllm_selection,train:000000368659
coco-2017,000000475185,/home/felix/fiftyone/coco-2017/train/data/000000475185.jpg,train,mllm_selection,train:000000475185
coco-2017,000000107758,/home/felix/fiftyone/coco-2017/train/data/000000107758.jpg,train,mllm_selection,train:000000107758
coco-2017,000000393176,/home/felix/fiftyone/coco-2017/train/data/000000393176.jpg,train,mllm_selection,train:000000393176
coco-2017,000000552962,/home/felix/fiftyone/coco-2017/train/data/000000552962.jpg,train,mllm_selection,train:000000552962
coco-2017,000000480447,/home/felix/fiftyone/coco-2017/train/data/000000480447.jpg,train,mllm_selection,train:000000480447
coco-2017,000000178285,/home/felix/fiftyone/coco-2017/train/data/000000178285.jpg,train,mllm_selection,train:000000178285
coco-2017,000000137794,/home/felix/fiftyone/coco-2017/train/data/000000137794.jpg,train,mllm_selection,train:000000137794
coco-2017,000000581815,/home/felix/fiftyone/coco-2017/train/data/000000581815.jpg,train,mllm_selection,train:000000581815
coco-2017,000000265084,/home/felix/fiftyone/coco-2017/train/data/000000265084.jpg,train,mllm_selection,train:000000265084
coco-2017,000000225834,/home/felix/fiftyone/coco-2017/train/data/000000225834.jpg,train,mllm_selection,train:000000225834
coco-2017,000000326290,/home/felix/fiftyone/coco-2017/train/data/000000326290.jpg,train,mllm_selection,train:000000326290
coco-2017,000000550315,/home/felix/fiftyone/coco-2017/train/data/000000550315.jpg,train,mllm_selection,train:000000550315
coco-2017,000000049901,/home/felix/fiftyone/coco-2017/train/data/000000049901.jpg,train,mllm_selection,train:000000049901
coco-2017,000000560615,/home/felix/fiftyone/coco-2017/train/data/000000560615.jpg,train,mllm_selection,train:000000560615
coco-2017,000000224190,/home/felix/fiftyone/coco-2017/train/data/000000224190.jpg,train,mllm_selection,train:000000224190
coco-2017,000000483213,/home/felix/fiftyone/coco-2017/train/data/000000483213.jpg,train,mllm_selection,train:000000483213
coco-2017,000000272059,/home/felix/fiftyone/coco-2017/train/data/000000272059.jpg,train,mllm_selection,train:000000272059
coco-2017,000000179017,/home/felix/fiftyone/coco-2017/train/data/000000179017.jpg,train,mllm_selection,train:000000179017
coco-2017,000000067143,/home/felix/fiftyone/coco-2017/train/data/000000067143.jpg,train,mllm_selection,train:000000067143
coco-2017,000000335284,/home/felix/fiftyone/coco-2017/train/data/000000335284.jpg,train,mllm_selection,train:000000335284
coco-2017,000000350360,/home/felix/fiftyone/coco-2017/train/data/000000350360.jpg,train,mllm_selection,train:000000350360
coco-2017,000000191159,/home/felix/fiftyone/coco-2017/train/data/000000191159.jpg,train,mllm_selection,train:000000191159
coco-2017,000000223410,/home/felix/fiftyone/coco-2017/train/data/000000223410.jpg,train,mllm_selection,train:000000223410
coco-2017,000000395606,/home/felix/fiftyone/coco-2017/train/data/000000395606.jpg,train,mllm_selection,train:000000395606
coco-2017,000000301236,/home/felix/fiftyone/coco-2017/train/data/000000301236.jpg,train,mllm_selection,train:000000301236
coco-2017,000000259192,/home/felix/fiftyone/coco-2017/train/data/000000259192.jpg,train,mllm_selection,train:000000259192
coco-2017,000000359897,/home/felix/fiftyone/coco-2017/train/data/000000359897.jpg,train,mllm_selection,train:000000359897
coco-2017,000000576449,/home/felix/fiftyone/coco-2017/train/data/000000576449.jpg,train,mllm_selection,train:000000576449
coco-2017,000000555869,/home/felix/fiftyone/coco-2017/train/data/000000555869.jpg,train,mllm_selection,train:000000555869
coco-2017,000000104758,/home/felix/fiftyone/coco-2017/train/data/000000104758.jpg,train,mllm_selection,train:000000104758
coco-2017,000000267111,/home/felix/fiftyone/coco-2017/train/data/000000267111.jpg,train,mllm_selection,train:000000267111
coco-2017,000000295956,/home/felix/fiftyone/coco-2017/train/data/000000295956.jpg,train,mllm_selection,train:000000295956
coco-2017,000000530439,/home/felix/fiftyone/coco-2017/train/data/000000530439.jpg,train,mllm_selection,train:000000530439
coco-2017,000000157981,/home/felix/fiftyone/coco-2017/train/data/000000157981.jpg,train,mllm_selection,train:000000157981
coco-2017,000000509009,/home/felix/fiftyone/coco-2017/train/data/000000509009.jpg,train,mllm_selection,train:000000509009
coco-2017,000000331370,/home/felix/fiftyone/coco-2017/train/data/000000331370.jpg,train,mllm_selection,train:000000331370
coco-2017,000000465926,/home/felix/fiftyone/coco-2017/train/data/000000465926.jpg,train,mllm_selection,train:000000465926
coco-2017,000000273782,/home/felix/fiftyone/coco-2017/train/data/000000273782.jpg,train,mllm_selection,train:000000273782
coco-2017,000000497930,/home/felix/fiftyone/coco-2017/train/data/000000497930.jpg,train,mllm_selection,train:000000497930
coco-2017,000000316826,/home/felix/fiftyone/coco-2017/train/data/000000316826.jpg,train,mllm_selection,train:000000316826
coco-2017,000000255937,/home/felix/fiftyone/coco-2017/train/data/000000255937.jpg,train,mllm_selection,train:000000255937
coco-2017,000000198943,/home/felix/fiftyone/coco-2017/train/data/000000198943.jpg,train,mllm_selection,train:000000198943
coco-2017,000000074013,/home/felix/fiftyone/coco-2017/train/data/000000074013.jpg,train,mllm_selection,train:000000074013
coco-2017,000000168884,/home/felix/fiftyone/coco-2017/train/data/000000168884.jpg,train,mllm_selection,train:000000168884
coco-2017,000000289027,/home/felix/fiftyone/coco-2017/train/data/000000289027.jpg,train,mllm_selection,train:000000289027
coco-2017,000000052087,/home/felix/fiftyone/coco-2017/train/data/000000052087.jpg,train,mllm_selection,train:000000052087
coco-2017,000000477892,/home/felix/fiftyone/coco-2017/train/data/000000477892.jpg,train,mllm_selection,train:000000477892
coco-2017,000000345578,/home/felix/fiftyone/coco-2017/train/data/000000345578.jpg,train,mllm_selection,train:000000345578
coco-2017,000000189919,/home/felix/fiftyone/coco-2017/train/data/000000189919.jpg,train,mllm_selection,train:000000189919
coco-2017,000000302397,/home/felix/fiftyone/coco-2017/train/data/000000302397.jpg,train,mllm_selection,train:000000302397
coco-2017,000000153475,/home/felix/fiftyone/coco-2017/train/data/000000153475.jpg,train,mllm_selection,train:000000153475
coco-2017,000000365251,/home/felix/fiftyone/coco-2017/train/data/000000365251.jpg,train,mllm_selection,train:000000365251
coco-2017,000000089931,/home/felix/fiftyone/coco-2017/train/data/000000089931.jpg,train,mllm_selection,train:000000089931
coco-2017,000000350242,/home/felix/fiftyone/coco-2017/train/data/000000350242.jpg,train,mllm_selection,train:000000350242
coco-2017,000000164587,/home/felix/fiftyone/coco-2017/train/data/000000164587.jpg,train,mllm_selection,train:000000164587
coco-2017,000000138078,/home/felix/fiftyone/coco-2017/train/data/000000138078.jpg,train,mllm_selection,train:000000138078
coco-2017,000000286058,/home/felix/fiftyone/coco-2017/train/data/000000286058.jpg,train,mllm_selection,train:000000286058
coco-2017,000000501210,/home/felix/fiftyone/coco-2017/train/data/000000501210.jpg,train,mllm_selection,train:000000501210
coco-2017,000000092951,/home/felix/fiftyone/coco-2017/train/data/000000092951.jpg,train,mllm_selection,train:000000092951
coco-2017,000000074001,/home/felix/fiftyone/coco-2017/train/data/000000074001.jpg,train,mllm_selection,train:000000074001
coco-2017,000000368845,/home/felix/fiftyone/coco-2017/train/data/000000368845.jpg,train,mllm_selection,train:000000368845
coco-2017,000000234748,/home/felix/fiftyone/coco-2017/train/data/000000234748.jpg,train,mllm_selection,train:000000234748
coco-2017,000000456666,/home/felix/fiftyone/coco-2017/train/data/000000456666.jpg,train,mllm_selection,train:000000456666
coco-2017,000000507744,/home/felix/fiftyone/coco-2017/train/data/000000507744.jpg,train,mllm_selection,train:000000507744
coco-2017,000000528621,/home/felix/fiftyone/coco-2017/train/data/000000528621.jpg,train,mllm_selection,train:000000528621
coco-2017,000000404507,/home/felix/fiftyone/coco-2017/train/data/000000404507.jpg,train,mllm_selection,train:000000404507
coco-2017,000000193062,/home/felix/fiftyone/coco-2017/train/data/000000193062.jpg,train,mllm_selection,train:000000193062
coco-2017,000000243782,/home/felix/fiftyone/coco-2017/train/data/000000243782.jpg,train,mllm_selection,train:000000243782
coco-2017,000000022004,/home/felix/fiftyone/coco-2017/train/data/000000022004.jpg,train,mllm_selection,train:000000022004
coco-2017,000000171011,/home/felix/fiftyone/coco-2017/train/data/000000171011.jpg,train,mllm_selection,train:000000171011
coco-2017,000000143490,/home/felix/fiftyone/coco-2017/train/data/000000143490.jpg,train,mllm_selection,train:000000143490
coco-2017,000000047191,/home/felix/fiftyone/coco-2017/train/data/000000047191.jpg,train,mllm_selection,train:000000047191
coco-2017,000000281917,/home/felix/fiftyone/coco-2017/train/data/000000281917.jpg,train,mllm_selection,train:000000281917
coco-2017,000000029406,/home/felix/fiftyone/coco-2017/train/data/000000029406.jpg,train,mllm_selection,train:000000029406
coco-2017,000000140627,/home/felix/fiftyone/coco-2017/train/data/000000140627.jpg,train,mllm_selection,train:000000140627
coco-2017,000000016547,/home/felix/fiftyone/coco-2017/train/data/000000016547.jpg,train,mllm_selection,train:000000016547
coco-2017,000000075791,/home/felix/fiftyone/coco-2017/train/data/000000075791.jpg,train,mllm_selection,train:000000075791
coco-2017,000000113052,/home/felix/fiftyone/coco-2017/train/data/000000113052.jpg,train,mllm_selection,train:000000113052
coco-2017,000000515485,/home/felix/fiftyone/coco-2017/train/data/000000515485.jpg,train,mllm_selection,train:000000515485
coco-2017,000000301467,/home/felix/fiftyone/coco-2017/train/data/000000301467.jpg,train,mllm_selection,train:000000301467
coco-2017,000000366162,/home/felix/fiftyone/coco-2017/train/data/000000366162.jpg,train,mllm_selection,train:000000366162
coco-2017,000000420372,/home/felix/fiftyone/coco-2017/train/data/000000420372.jpg,train,mllm_selection,train:000000420372
coco-2017,000000454887,/home/felix/fiftyone/coco-2017/train/data/000000454887.jpg,train,mllm_selection,train:000000454887
coco-2017,000000173062,/home/felix/fiftyone/coco-2017/train/data/000000173062.jpg,train,mllm_selection,train:000000173062
coco-2017,000000167273,/home/felix/fiftyone/coco-2017/train/data/000000167273.jpg,train,mllm_selection,train:000000167273
coco-2017,000000091257,/home/felix/fiftyone/coco-2017/train/data/000000091257.jpg,train,mllm_selection,train:000000091257
coco-2017,000000077903,/home/felix/fiftyone/coco-2017/train/data/000000077903.jpg,train,mllm_selection,train:000000077903
coco-2017,000000515241,/home/felix/fiftyone/coco-2017/train/data/000000515241.jpg,train,mllm_selection,train:000000515241
coco-2017,000000266010,/home/felix/fiftyone/coco-2017/train/data/000000266010.jpg,train,mllm_selection,train:000000266010
coco-2017,000000358206,/home/felix/fiftyone/coco-2017/train/data/000000358206.jpg,train,mllm_selection,train:000000358206
coco-2017,000000526522,/home/felix/fiftyone/coco-2017/train/data/000000526522.jpg,train,mllm_selection,train:000000526522
coco-2017,000000523186,/home/felix/fiftyone/coco-2017/train/data/000000523186.jpg,train,mllm_selection,train:000000523186
coco-2017,000000342380,/home/felix/fiftyone/coco-2017/train/data/000000342380.jpg,train,mllm_selection,train:000000342380
coco-2017,000000001036,/home/felix/fiftyone/coco-2017/train/data/000000001036.jpg,train,mllm_selection,train:000000001036
coco-2017,000000498669,/home/felix/fiftyone/coco-2017/train/data/000000498669.jpg,train,mllm_selection,train:000000498669
coco-2017,000000529823,/home/felix/fiftyone/coco-2017/train/data/000000529823.jpg,train,mllm_selection,train:000000529823
coco-2017,000000071090,/home/felix/fiftyone/coco-2017/train/data/000000071090.jpg,train,mllm_selection,train:000000071090
coco-2017,000000145631,/home/felix/fiftyone/coco-2017/train/data/000000145631.jpg,train,mllm_selection,train:000000145631
coco-2017,000000064823,/home/felix/fiftyone/coco-2017/train/data/000000064823.jpg,train,mllm_selection,train:000000064823
coco-2017,000000199960,/home/felix/fiftyone/coco-2017/train/data/000000199960.jpg,train,mllm_selection,train:000000199960
coco-2017,000000137206,/home/felix/fiftyone/coco-2017/train/data/000000137206.jpg,train,mllm_selection,train:000000137206
coco-2017,000000284464,/home/felix/fiftyone/coco-2017/train/data/000000284464.jpg,train,mllm_selection,train:000000284464
coco-2017,000000274894,/home/felix/fiftyone/coco-2017/train/data/000000274894.jpg,train,mllm_selection,train:000000274894
coco-2017,000000015486,/home/felix/fiftyone/coco-2017/train/data/000000015486.jpg,train,mllm_selection,train:000000015486
coco-2017,000000463716,/home/felix/fiftyone/coco-2017/train/data/000000463716.jpg,train,mllm_selection,train:000000463716
coco-2017,000000516598,/home/felix/fiftyone/coco-2017/train/data/000000516598.jpg,train,mllm_selection,train:000000516598
coco-2017,000000548906,/home/felix/fiftyone/coco-2017/train/data/000000548906.jpg,train,mllm_selection,train:000000548906
coco-2017,000000337784,/home/felix/fiftyone/coco-2017/train/data/000000337784.jpg,train,mllm_selection,train:000000337784
coco-2017,000000096702,/home/felix/fiftyone/coco-2017/train/data/000000096702.jpg,train,mllm_selection,train:000000096702
coco-2017,000000512630,/home/felix/fiftyone/coco-2017/train/data/000000512630.jpg,train,mllm_selection,train:000000512630
coco-2017,000000435897,/home/felix/fiftyone/coco-2017/train/data/000000435897.jpg,train,mllm_selection,train:000000435897
coco-2017,000000178460,/home/felix/fiftyone/coco-2017/train/data/000000178460.jpg,train,mllm_selection,train:000000178460
coco-2017,000000464030,/home/felix/fiftyone/coco-2017/train/data/000000464030.jpg,train,mllm_selection,train:000000464030
coco-2017,000000095951,/home/felix/fiftyone/coco-2017/train/data/000000095951.jpg,train,mllm_selection,train:000000095951
coco-2017,000000543276,/home/felix/fiftyone/coco-2017/train/data/000000543276.jpg,train,mllm_selection,train:000000543276
coco-2017,000000418684,/home/felix/fiftyone/coco-2017/train/data/000000418684.jpg,train,mllm_selection,train:000000418684
coco-2017,000000201919,/home/felix/fiftyone/coco-2017/train/data/000000201919.jpg,train,mllm_selection,train:000000201919
coco-2017,000000337104,/home/felix/fiftyone/coco-2017/train/data/000000337104.jpg,train,mllm_selection,train:000000337104
coco-2017,000000273704,/home/felix/fiftyone/coco-2017/train/data/000000273704.jpg,train,mllm_selection,train:000000273704
coco-2017,000000313520,/home/felix/fiftyone/coco-2017/train/data/000000313520.jpg,train,mllm_selection,train:000000313520
coco-2017,000000406451,/home/felix/fiftyone/coco-2017/train/data/000000406451.jpg,train,mllm_selection,train:000000406451
coco-2017,000000099336,/home/felix/fiftyone/coco-2017/train/data/000000099336.jpg,train,mllm_selection,train:000000099336
coco-2017,000000063325,/home/felix/fiftyone/coco-2017/train/data/000000063325.jpg,train,mllm_selection,train:000000063325
coco-2017,000000476893,/home/felix/fiftyone/coco-2017/train/data/000000476893.jpg,train,mllm_selection,train:000000476893
coco-2017,000000262386,/home/felix/fiftyone/coco-2017/train/data/000000262386.jpg,train,mllm_selection,train:000000262386
coco-2017,000000478227,/home/felix/fiftyone/coco-2017/train/data/000000478227.jpg,train,mllm_selection,train:000000478227
coco-2017,000000304027,/home/felix/fiftyone/coco-2017/train/data/000000304027.jpg,train,mllm_selection,train:000000304027
coco-2017,000000077754,/home/felix/fiftyone/coco-2017/train/data/000000077754.jpg,train,mllm_selection,train:000000077754
coco-2017,000000370013,/home/felix/fiftyone/coco-2017/train/data/000000370013.jpg,train,mllm_selection,train:000000370013
coco-2017,000000154614,/home/felix/fiftyone/coco-2017/train/data/000000154614.jpg,train,mllm_selection,train:000000154614
coco-2017,000000495419,/home/felix/fiftyone/coco-2017/train/data/000000495419.jpg,train,mllm_selection,train:000000495419
coco-2017,000000335507,/home/felix/fiftyone/coco-2017/train/data/000000335507.jpg,train,mllm_selection,train:000000335507
coco-2017,000000005435,/home/felix/fiftyone/coco-2017/train/data/000000005435.jpg,train,mllm_selection,train:000000005435
coco-2017,000000249922,/home/felix/fiftyone/coco-2017/train/data/000000249922.jpg,train,mllm_selection,train:000000249922
coco-2017,000000028981,/home/felix/fiftyone/coco-2017/train/data/000000028981.jpg,train,mllm_selection,train:000000028981
coco-2017,000000280160,/home/felix/fiftyone/coco-2017/train/data/000000280160.jpg,train,mllm_selection,train:000000280160
coco-2017,000000027298,/home/felix/fiftyone/coco-2017/train/data/000000027298.jpg,train,mllm_selection,train:000000027298
coco-2017,000000121087,/home/felix/fiftyone/coco-2017/train/data/000000121087.jpg,train,mllm_selection,train:000000121087
coco-2017,000000050061,/home/felix/fiftyone/coco-2017/train/data/000000050061.jpg,train,mllm_selection,train:000000050061
coco-2017,000000505831,/home/felix/fiftyone/coco-2017/train/data/000000505831.jpg,train,mllm_selection,train:000000505831
coco-2017,000000568668,/home/felix/fiftyone/coco-2017/train/data/000000568668.jpg,train,mllm_selection,train:000000568668
coco-2017,000000184435,/home/felix/fiftyone/coco-2017/train/data/000000184435.jpg,train,mllm_selection,train:000000184435
coco-2017,000000174391,/home/felix/fiftyone/coco-2017/train/data/000000174391.jpg,train,mllm_selection,train:000000174391
coco-2017,000000360409,/home/felix/fiftyone/coco-2017/train/data/000000360409.jpg,train,mllm_selection,train:000000360409
coco-2017,000000447424,/home/felix/fiftyone/coco-2017/train/data/000000447424.jpg,train,mllm_selection,train:000000447424
coco-2017,000000122350,/home/felix/fiftyone/coco-2017/train/data/000000122350.jpg,train,mllm_selection,train:000000122350
coco-2017,000000177253,/home/felix/fiftyone/coco-2017/train/data/000000177253.jpg,train,mllm_selection,train:000000177253
coco-2017,000000549746,/home/felix/fiftyone/coco-2017/train/data/000000549746.jpg,train,mllm_selection,train:000000549746
coco-2017,000000164170,/home/felix/fiftyone/coco-2017/train/data/000000164170.jpg,train,mllm_selection,train:000000164170
coco-2017,000000267457,/home/felix/fiftyone/coco-2017/train/data/000000267457.jpg,train,mllm_selection,train:000000267457
coco-2017,000000107800,/home/felix/fiftyone/coco-2017/train/data/000000107800.jpg,train,mllm_selection,train:000000107800
coco-2017,000000183379,/home/felix/fiftyone/coco-2017/train/data/000000183379.jpg,train,mllm_selection,train:000000183379
coco-2017,000000309104,/home/felix/fiftyone/coco-2017/train/data/000000309104.jpg,train,mllm_selection,train:000000309104
coco-2017,000000280951,/home/felix/fiftyone/coco-2017/train/data/000000280951.jpg,train,mllm_selection,train:000000280951
coco-2017,000000459219,/home/felix/fiftyone/coco-2017/train/data/000000459219.jpg,train,mllm_selection,train:000000459219
coco-2017,000000513968,/home/felix/fiftyone/coco-2017/train/data/000000513968.jpg,train,mllm_selection,train:000000513968
coco-2017,000000052773,/home/felix/fiftyone/coco-2017/train/data/000000052773.jpg,train,mllm_selection,train:000000052773
coco-2017,000000428029,/home/felix/fiftyone/coco-2017/train/data/000000428029.jpg,train,mllm_selection,train:000000428029
coco-2017,000000532285,/home/felix/fiftyone/coco-2017/train/data/000000532285.jpg,train,mllm_selection,train:000000532285
coco-2017,000000489442,/home/felix/fiftyone/coco-2017/train/data/000000489442.jpg,train,mllm_selection,train:000000489442
coco-2017,000000430092,/home/felix/fiftyone/coco-2017/train/data/000000430092.jpg,train,mllm_selection,train:000000430092
coco-2017,000000087286,/home/felix/fiftyone/coco-2017/train/data/000000087286.jpg,train,mllm_selection,train:000000087286
coco-2017,000000371997,/home/felix/fiftyone/coco-2017/train/data/000000371997.jpg,train,mllm_selection,train:000000371997
coco-2017,000000510706,/home/felix/fiftyone/coco-2017/train/data/000000510706.jpg,train,mllm_selection,train:000000510706
coco-2017,000000077063,/home/felix/fiftyone/coco-2017/train/data/000000077063.jpg,train,mllm_selection,train:000000077063
coco-2017,000000284350,/home/felix/fiftyone/coco-2017/train/data/000000284350.jpg,train,mllm_selection,train:000000284350
coco-2017,000000498319,/home/felix/fiftyone/coco-2017/train/data/000000498319.jpg,train,mllm_selection,train:000000498319
coco-2017,000000506736,/home/felix/fiftyone/coco-2017/train/data/000000506736.jpg,train,mllm_selection,train:000000506736
coco-2017,000000165874,/home/felix/fiftyone/coco-2017/train/data/000000165874.jpg,train,mllm_selection,train:000000165874
coco-2017,000000149233,/home/felix/fiftyone/coco-2017/train/data/000000149233.jpg,train,mllm_selection,train:000000149233
coco-2017,000000147105,/home/felix/fiftyone/coco-2017/train/data/000000147105.jpg,train,mllm_selection,train:000000147105
coco-2017,000000251888,/home/felix/fiftyone/coco-2017/train/data/000000251888.jpg,train,mllm_selection,train:000000251888
coco-2017,000000404257,/home/felix/fiftyone/coco-2017/train/data/000000404257.jpg,train,mllm_selection,train:000000404257
coco-2017,000000231568,/home/felix/fiftyone/coco-2017/train/data/000000231568.jpg,train,mllm_selection,train:000000231568
coco-2017,000000278435,/home/felix/fiftyone/coco-2017/train/data/000000278435.jpg,train,mllm_selection,train:000000278435
coco-2017,000000423341,/home/felix/fiftyone/coco-2017/train/data/000000423341.jpg,train,mllm_selection,train:000000423341
coco-2017,000000094828,/home/felix/fiftyone/coco-2017/train/data/000000094828.jpg,train,mllm_selection,train:000000094828
coco-2017,000000043099,/home/felix/fiftyone/coco-2017/train/data/000000043099.jpg,train,mllm_selection,train:000000043099
coco-2017,000000546846,/home/felix/fiftyone/coco-2017/train/data/000000546846.jpg,train,mllm_selection,train:000000546846
coco-2017,000000578089,/home/felix/fiftyone/coco-2017/train/data/000000578089.jpg,train,mllm_selection,train:000000578089
coco-2017,000000122825,/home/felix/fiftyone/coco-2017/train/data/000000122825.jpg,train,mllm_selection,train:000000122825
coco-2017,000000011316,/home/felix/fiftyone/coco-2017/train/data/000000011316.jpg,train,mllm_selection,train:000000011316
coco-2017,000000409367,/home/felix/fiftyone/coco-2017/train/data/000000409367.jpg,train,mllm_selection,train:000000409367
coco-2017,000000122362,/home/felix/fiftyone/coco-2017/train/data/000000122362.jpg,train,mllm_selection,train:000000122362
coco-2017,000000133142,/home/felix/fiftyone/coco-2017/train/data/000000133142.jpg,train,mllm_selection,train:000000133142
coco-2017,000000542570,/home/felix/fiftyone/coco-2017/train/data/000000542570.jpg,train,mllm_selection,train:000000542570
coco-2017,000000487421,/home/felix/fiftyone/coco-2017/train/data/000000487421.jpg,train,mllm_selection,train:000000487421
coco-2017,000000542487,/home/felix/fiftyone/coco-2017/train/data/000000542487.jpg,train,mllm_selection,train:000000542487
coco-2017,000000418535,/home/felix/fiftyone/coco-2017/train/data/000000418535.jpg,train,mllm_selection,train:000000418535
coco-2017,000000293749,/home/felix/fiftyone/coco-2017/train/data/000000293749.jpg,train,mllm_selection,train:000000293749
coco-2017,000000117508,/home/felix/fiftyone/coco-2017/train/data/000000117508.jpg,train,mllm_selection,train:000000117508
coco-2017,000000252359,/home/felix/fiftyone/coco-2017/train/data/000000252359.jpg,train,mllm_selection,train:000000252359
coco-2017,000000425254,/home/felix/fiftyone/coco-2017/train/data/000000425254.jpg,train,mllm_selection,train:000000425254
coco-2017,000000140289,/home/felix/fiftyone/coco-2017/train/data/000000140289.jpg,train,mllm_selection,train:000000140289
coco-2017,000000169863,/home/felix/fiftyone/coco-2017/train/data/000000169863.jpg,train,mllm_selection,train:000000169863
coco-2017,000000506126,/home/felix/fiftyone/coco-2017/train/data/000000506126.jpg,train,mllm_selection,train:000000506126
coco-2017,000000186442,/home/felix/fiftyone/coco-2017/train/data/000000186442.jpg,train,mllm_selection,train:000000186442
coco-2017,000000478071,/home/felix/fiftyone/coco-2017/train/data/000000478071.jpg,train,mllm_selection,train:000000478071
coco-2017,000000350089,/home/felix/fiftyone/coco-2017/train/data/000000350089.jpg,train,mllm_selection,train:000000350089
coco-2017,000000370503,/home/felix/fiftyone/coco-2017/train/data/000000370503.jpg,train,mllm_selection,train:000000370503
coco-2017,000000234794,/home/felix/fiftyone/coco-2017/train/data/000000234794.jpg,train,mllm_selection,train:000000234794
coco-2017,000000276204,/home/felix/fiftyone/coco-2017/train/data/000000276204.jpg,train,mllm_selection,train:000000276204
coco-2017,000000144941,/home/felix/fiftyone/coco-2017/train/data/000000144941.jpg,train,mllm_selection,train:000000144941
coco-2017,000000370043,/home/felix/fiftyone/coco-2017/train/data/000000370043.jpg,train,mllm_selection,train:000000370043
coco-2017,000000530649,/home/felix/fiftyone/coco-2017/train/data/000000530649.jpg,train,mllm_selection,train:000000530649
coco-2017,000000039004,/home/felix/fiftyone/coco-2017/train/data/000000039004.jpg,train,mllm_selection,train:000000039004
coco-2017,000000454749,/home/felix/fiftyone/coco-2017/train/data/000000454749.jpg,train,mllm_selection,train:000000454749
coco-2017,000000348680,/home/felix/fiftyone/coco-2017/train/data/000000348680.jpg,train,mllm_selection,train:000000348680
coco-2017,000000048118,/home/felix/fiftyone/coco-2017/train/data/000000048118.jpg,train,mllm_selection,train:000000048118
coco-2017,000000542154,/home/felix/fiftyone/coco-2017/train/data/000000542154.jpg,train,mllm_selection,train:000000542154
coco-2017,000000221000,/home/felix/fiftyone/coco-2017/train/data/000000221000.jpg,train,mllm_selection,train:000000221000
coco-2017,000000385646,/home/felix/fiftyone/coco-2017/train/data/000000385646.jpg,train,mllm_selection,train:000000385646
coco-2017,000000060370,/home/felix/fiftyone/coco-2017/train/data/000000060370.jpg,train,mllm_selection,train:000000060370
coco-2017,000000190646,/home/felix/fiftyone/coco-2017/train/data/000000190646.jpg,train,mllm_selection,train:000000190646
coco-2017,000000379754,/home/felix/fiftyone/coco-2017/train/data/000000379754.jpg,train,mllm_selection,train:000000379754
coco-2017,000000067917,/home/felix/fiftyone/coco-2017/train/data/000000067917.jpg,train,mllm_selection,train:000000067917
coco-2017,000000456519,/home/felix/fiftyone/coco-2017/train/data/000000456519.jpg,train,mllm_selection,train:000000456519
coco-2017,000000038666,/home/felix/fiftyone/coco-2017/train/data/000000038666.jpg,train,mllm_selection,train:000000038666
coco-2017,000000535997,/home/felix/fiftyone/coco-2017/train/data/000000535997.jpg,train,mllm_selection,train:000000535997
coco-2017,000000334251,/home/felix/fiftyone/coco-2017/train/data/000000334251.jpg,train,mllm_selection,train:000000334251
coco-2017,000000456656,/home/felix/fiftyone/coco-2017/train/data/000000456656.jpg,train,mllm_selection,train:000000456656
coco-2017,000000477587,/home/felix/fiftyone/coco-2017/train/data/000000477587.jpg,train,mllm_selection,train:000000477587
coco-2017,000000026171,/home/felix/fiftyone/coco-2017/train/data/000000026171.jpg,train,mllm_selection,train:000000026171
coco-2017,000000380447,/home/felix/fiftyone/coco-2017/train/data/000000380447.jpg,train,mllm_selection,train:000000380447
coco-2017,000000027662,/home/felix/fiftyone/coco-2017/train/data/000000027662.jpg,train,mllm_selection,train:000000027662
coco-2017,000000546114,/home/felix/fiftyone/coco-2017/train/data/000000546114.jpg,train,mllm_selection,train:000000546114
coco-2017,000000328917,/home/felix/fiftyone/coco-2017/train/data/000000328917.jpg,train,mllm_selection,train:000000328917
coco-2017,000000350457,/home/felix/fiftyone/coco-2017/train/data/000000350457.jpg,train,mllm_selection,train:000000350457
coco-2017,000000037968,/home/felix/fiftyone/coco-2017/train/data/000000037968.jpg,train,mllm_selection,train:000000037968
coco-2017,000000349804,/home/felix/fiftyone/coco-2017/train/data/000000349804.jpg,train,mllm_selection,train:000000349804
coco-2017,000000146805,/home/felix/fiftyone/coco-2017/train/data/000000146805.jpg,train,mllm_selection,train:000000146805
coco-2017,000000150754,/home/felix/fiftyone/coco-2017/train/data/000000150754.jpg,train,mllm_selection,train:000000150754
coco-2017,000000184201,/home/felix/fiftyone/coco-2017/train/data/000000184201.jpg,train,mllm_selection,train:000000184201
coco-2017,000000293586,/home/felix/fiftyone/coco-2017/train/data/000000293586.jpg,train,mllm_selection,train:000000293586
coco-2017,000000419700,/home/felix/fiftyone/coco-2017/train/data/000000419700.jpg,train,mllm_selection,train:000000419700
coco-2017,000000208919,/home/felix/fiftyone/coco-2017/train/data/000000208919.jpg,train,mllm_selection,train:000000208919
coco-2017,000000540783,/home/felix/fiftyone/coco-2017/train/data/000000540783.jpg,train,mllm_selection,train:000000540783
coco-2017,000000466557,/home/felix/fiftyone/coco-2017/train/data/000000466557.jpg,train,mllm_selection,train:000000466557
coco-2017,000000565570,/home/felix/fiftyone/coco-2017/train/data/000000565570.jpg,train,mllm_selection,train:000000565570
coco-2017,000000269664,/home/felix/fiftyone/coco-2017/train/data/000000269664.jpg,train,mllm_selection,train:000000269664
coco-2017,000000012209,/home/felix/fiftyone/coco-2017/train/data/000000012209.jpg,train,mllm_selection,train:000000012209
coco-2017,000000570538,/home/felix/fiftyone/coco-2017/train/data/000000570538.jpg,train,mllm_selection,train:000000570538
coco-2017,000000088723,/home/felix/fiftyone/coco-2017/train/data/000000088723.jpg,train,mllm_selection,train:000000088723
coco-2017,000000205846,/home/felix/fiftyone/coco-2017/train/data/000000205846.jpg,train,mllm_selection,train:000000205846
coco-2017,000000518335,/home/felix/fiftyone/coco-2017/train/data/000000518335.jpg,train,mllm_selection,train:000000518335
coco-2017,000000218832,/home/felix/fiftyone/coco-2017/train/data/000000218832.jpg,train,mllm_selection,train:000000218832
coco-2017,000000169250,/home/felix/fiftyone/coco-2017/train/data/000000169250.jpg,train,mllm_selection,train:000000169250
coco-2017,000000230135,/home/felix/fiftyone/coco-2017/train/data/000000230135.jpg,train,mllm_selection,train:000000230135
coco-2017,000000272876,/home/felix/fiftyone/coco-2017/train/data/000000272876.jpg,train,mllm_selection,train:000000272876
coco-2017,000000008043,/home/felix/fiftyone/coco-2017/train/data/000000008043.jpg,train,mllm_selection,train:000000008043
coco-2017,000000279697,/home/felix/fiftyone/coco-2017/train/data/000000279697.jpg,train,mllm_selection,train:000000279697
coco-2017,000000053591,/home/felix/fiftyone/coco-2017/train/data/000000053591.jpg,train,mllm_selection,train:000000053591
coco-2017,000000078413,/home/felix/fiftyone/coco-2017/train/data/000000078413.jpg,train,mllm_selection,train:000000078413
coco-2017,000000247576,/home/felix/fiftyone/coco-2017/train/data/000000247576.jpg,train,mllm_selection,train:000000247576
coco-2017,000000040894,/home/felix/fiftyone/coco-2017/train/data/000000040894.jpg,train,mllm_selection,train:000000040894
coco-2017,000000328454,/home/felix/fiftyone/coco-2017/train/data/000000328454.jpg,train,mllm_selection,train:000000328454
coco-2017,000000013452,/home/felix/fiftyone/coco-2017/train/data/000000013452.jpg,train,mllm_selection,train:000000013452
coco-2017,000000546342,/home/felix/fiftyone/coco-2017/train/data/000000546342.jpg,train,mllm_selection,train:000000546342
coco-2017,000000031912,/home/felix/fiftyone/coco-2017/train/data/000000031912.jpg,train,mllm_selection,train:000000031912
coco-2017,000000005011,/home/felix/fiftyone/coco-2017/train/data/000000005011.jpg,train,mllm_selection,train:000000005011
coco-2017,000000135202,/home/felix/fiftyone/coco-2017/train/data/000000135202.jpg,train,mllm_selection,train:000000135202
coco-2017,000000488203,/home/felix/fiftyone/coco-2017/train/data/000000488203.jpg,train,mllm_selection,train:000000488203
coco-2017,000000193031,/home/felix/fiftyone/coco-2017/train/data/000000193031.jpg,train,mllm_selection,train:000000193031
coco-2017,000000145749,/home/felix/fiftyone/coco-2017/train/data/000000145749.jpg,train,mllm_selection,train:000000145749
coco-2017,000000112250,/home/felix/fiftyone/coco-2017/train/data/000000112250.jpg,train,mllm_selection,train:000000112250
coco-2017,000000323717,/home/felix/fiftyone/coco-2017/train/data/000000323717.jpg,train,mllm_selection,train:000000323717
coco-2017,000000377395,/home/felix/fiftyone/coco-2017/train/data/000000377395.jpg,train,mllm_selection,train:000000377395
coco-2017,000000253686,/home/felix/fiftyone/coco-2017/train/data/000000253686.jpg,train,mllm_selection,train:000000253686
coco-2017,000000099382,/home/felix/fiftyone/coco-2017/train/data/000000099382.jpg,train,mllm_selection,train:000000099382
coco-2017,000000347612,/home/felix/fiftyone/coco-2017/train/data/000000347612.jpg,train,mllm_selection,train:000000347612
coco-2017,000000233193,/home/felix/fiftyone/coco-2017/train/data/000000233193.jpg,train,mllm_selection,train:000000233193
coco-2017,000000539068,/home/felix/fiftyone/coco-2017/train/data/000000539068.jpg,train,mllm_selection,train:000000539068
coco-2017,000000303020,/home/felix/fiftyone/coco-2017/train/data/000000303020.jpg,train,mllm_selection,train:000000303020
coco-2017,000000035413,/home/felix/fiftyone/coco-2017/train/data/000000035413.jpg,train,mllm_selection,train:000000035413
coco-2017,000000424137,/home/felix/fiftyone/coco-2017/train/data/000000424137.jpg,train,mllm_selection,train:000000424137
coco-2017,000000395124,/home/felix/fiftyone/coco-2017/train/data/000000395124.jpg,train,mllm_selection,train:000000395124
coco-2017,000000484456,/home/felix/fiftyone/coco-2017/train/data/000000484456.jpg,train,mllm_selection,train:000000484456
coco-2017,000000526104,/home/felix/fiftyone/coco-2017/train/data/000000526104.jpg,train,mllm_selection,train:000000526104
coco-2017,000000574930,/home/felix/fiftyone/coco-2017/train/data/000000574930.jpg,train,mllm_selection,train:000000574930
coco-2017,000000055527,/home/felix/fiftyone/coco-2017/train/data/000000055527.jpg,train,mllm_selection,train:000000055527
coco-2017,000000505814,/home/felix/fiftyone/coco-2017/train/data/000000505814.jpg,train,mllm_selection,train:000000505814
coco-2017,000000310526,/home/felix/fiftyone/coco-2017/train/data/000000310526.jpg,train,mllm_selection,train:000000310526
coco-2017,000000439932,/home/felix/fiftyone/coco-2017/train/data/000000439932.jpg,train,mllm_selection,train:000000439932
coco-2017,000000038586,/home/felix/fiftyone/coco-2017/train/data/000000038586.jpg,train,mllm_selection,train:000000038586
coco-2017,000000335395,/home/felix/fiftyone/coco-2017/train/data/000000335395.jpg,train,mllm_selection,train:000000335395
coco-2017,000000292289,/home/felix/fiftyone/coco-2017/train/data/000000292289.jpg,train,mllm_selection,train:000000292289
coco-2017,000000519490,/home/felix/fiftyone/coco-2017/train/data/000000519490.jpg,train,mllm_selection,train:000000519490
coco-2017,000000163928,/home/felix/fiftyone/coco-2017/train/data/000000163928.jpg,train,mllm_selection,train:000000163928
coco-2017,000000285568,/home/felix/fiftyone/coco-2017/train/data/000000285568.jpg,train,mllm_selection,train:000000285568
coco-2017,000000014352,/home/felix/fiftyone/coco-2017/train/data/000000014352.jpg,train,mllm_selection,train:000000014352
coco-2017,000000447233,/home/felix/fiftyone/coco-2017/train/data/000000447233.jpg,train,mllm_selection,train:000000447233
coco-2017,000000381251,/home/felix/fiftyone/coco-2017/train/data/000000381251.jpg,train,mllm_selection,train:000000381251
coco-2017,000000388466,/home/felix/fiftyone/coco-2017/train/data/000000388466.jpg,train,mllm_selection,train:000000388466
coco-2017,000000273035,/home/felix/fiftyone/coco-2017/train/data/000000273035.jpg,train,mllm_selection,train:000000273035
coco-2017,000000047172,/home/felix/fiftyone/coco-2017/train/data/000000047172.jpg,train,mllm_selection,train:000000047172
coco-2017,000000056104,/home/felix/fiftyone/coco-2017/train/data/000000056104.jpg,train,mllm_selection,train:000000056104
coco-2017,000000262262,/home/felix/fiftyone/coco-2017/train/data/000000262262.jpg,train,mllm_selection,train:000000262262
coco-2017,000000006347,/home/felix/fiftyone/coco-2017/train/data/000000006347.jpg,train,mllm_selection,train:000000006347
coco-2017,000000424816,/home/felix/fiftyone/coco-2017/train/data/000000424816.jpg,train,mllm_selection,train:000000424816
coco-2017,000000103223,/home/felix/fiftyone/coco-2017/train/data/000000103223.jpg,train,mllm_selection,train:000000103223
coco-2017,000000285307,/home/felix/fiftyone/coco-2017/train/data/000000285307.jpg,train,mllm_selection,train:000000285307
coco-2017,000000562801,/home/felix/fiftyone/coco-2017/train/data/000000562801.jpg,train,mllm_selection,train:000000562801
coco-2017,000000220850,/home/felix/fiftyone/coco-2017/train/data/000000220850.jpg,train,mllm_selection,train:000000220850
coco-2017,000000354888,/home/felix/fiftyone/coco-2017/train/data/000000354888.jpg,train,mllm_selection,train:000000354888
coco-2017,000000456699,/home/felix/fiftyone/coco-2017/train/data/000000456699.jpg,train,mllm_selection,train:000000456699
coco-2017,000000413278,/home/felix/fiftyone/coco-2017/train/data/000000413278.jpg,train,mllm_selection,train:000000413278
coco-2017,000000438762,/home/felix/fiftyone/coco-2017/train/data/000000438762.jpg,train,mllm_selection,train:000000438762
coco-2017,000000118785,/home/felix/fiftyone/coco-2017/train/data/000000118785.jpg,train,mllm_selection,train:000000118785
coco-2017,000000460188,/home/felix/fiftyone/coco-2017/train/data/000000460188.jpg,train,mllm_selection,train:000000460188
coco-2017,000000124766,/home/felix/fiftyone/coco-2017/train/data/000000124766.jpg,train,mllm_selection,train:000000124766
coco-2017,000000408950,/home/felix/fiftyone/coco-2017/train/data/000000408950.jpg,train,mllm_selection,train:000000408950
coco-2017,000000363298,/home/felix/fiftyone/coco-2017/train/data/000000363298.jpg,train,mllm_selection,train:000000363298
coco-2017,000000169054,/home/felix/fiftyone/coco-2017/train/data/000000169054.jpg,train,mllm_selection,train:000000169054
coco-2017,000000293909,/home/felix/fiftyone/coco-2017/train/data/000000293909.jpg,train,mllm_selection,train:000000293909
coco-2017,000000556551,/home/felix/fiftyone/coco-2017/train/data/000000556551.jpg,train,mllm_selection,train:000000556551
coco-2017,000000344255,/home/felix/fiftyone/coco-2017/train/data/000000344255.jpg,train,mllm_selection,train:000000344255
coco-2017,000000366630,/home/felix/fiftyone/coco-2017/train/data/000000366630.jpg,train,mllm_selection,train:000000366630
coco-2017,000000214574,/home/felix/fiftyone/coco-2017/train/data/000000214574.jpg,train,mllm_selection,train:000000214574
coco-2017,000000320563,/home/felix/fiftyone/coco-2017/train/data/000000320563.jpg,train,mllm_selection,train:000000320563
coco-2017,000000265187,/home/felix/fiftyone/coco-2017/train/data/000000265187.jpg,train,mllm_selection,train:000000265187
coco-2017,000000400655,/home/felix/fiftyone/coco-2017/train/data/000000400655.jpg,train,mllm_selection,train:000000400655
coco-2017,000000517018,/home/felix/fiftyone/coco-2017/train/data/000000517018.jpg,train,mllm_selection,train:000000517018
coco-2017,000000579277,/home/felix/fiftyone/coco-2017/train/data/000000579277.jpg,train,mllm_selection,train:000000579277
coco-2017,000000493307,/home/felix/fiftyone/coco-2017/train/data/000000493307.jpg,train,mllm_selection,train:000000493307
coco-2017,000000023594,/home/felix/fiftyone/coco-2017/train/data/000000023594.jpg,train,mllm_selection,train:000000023594
coco-2017,000000105015,/home/felix/fiftyone/coco-2017/train/data/000000105015.jpg,train,mllm_selection,train:000000105015
coco-2017,000000523183,/home/felix/fiftyone/coco-2017/train/data/000000523183.jpg,train,mllm_selection,train:000000523183
coco-2017,000000505788,/home/felix/fiftyone/coco-2017/train/data/000000505788.jpg,train,mllm_selection,train:000000505788
coco-2017,000000404385,/home/felix/fiftyone/coco-2017/train/data/000000404385.jpg,train,mllm_selection,train:000000404385
coco-2017,000000254644,/home/felix/fiftyone/coco-2017/train/data/000000254644.jpg,train,mllm_selection,train:000000254644
coco-2017,000000560131,/home/felix/fiftyone/coco-2017/train/data/000000560131.jpg,train,mllm_selection,train:000000560131
coco-2017,000000559395,/home/felix/fiftyone/coco-2017/train/data/000000559395.jpg,train,mllm_selection,train:000000559395
coco-2017,000000085926,/home/felix/fiftyone/coco-2017/train/data/000000085926.jpg,train,mllm_selection,train:000000085926
coco-2017,000000208342,/home/felix/fiftyone/coco-2017/train/data/000000208342.jpg,train,mllm_selection,train:000000208342
coco-2017,000000145746,/home/felix/fiftyone/coco-2017/train/data/000000145746.jpg,train,mllm_selection,train:000000145746
coco-2017,000000436990,/home/felix/fiftyone/coco-2017/train/data/000000436990.jpg,train,mllm_selection,train:000000436990
coco-2017,000000543026,/home/felix/fiftyone/coco-2017/train/data/000000543026.jpg,train,mllm_selection,train:000000543026
coco-2017,000000140826,/home/felix/fiftyone/coco-2017/train/data/000000140826.jpg,train,mllm_selection,train:000000140826
coco-2017,000000268468,/home/felix/fiftyone/coco-2017/train/data/000000268468.jpg,train,mllm_selection,train:000000268468
coco-2017,000000191881,/home/felix/fiftyone/coco-2017/train/data/000000191881.jpg,train,mllm_selection,train:000000191881
coco-2017,000000307196,/home/felix/fiftyone/coco-2017/train/data/000000307196.jpg,train,mllm_selection,train:000000307196
coco-2017,000000501289,/home/felix/fiftyone/coco-2017/train/data/000000501289.jpg,train,mllm_selection,train:000000501289
coco-2017,000000566083,/home/felix/fiftyone/coco-2017/train/data/000000566083.jpg,train,mllm_selection,train:000000566083
coco-2017,000000523677,/home/felix/fiftyone/coco-2017/train/data/000000523677.jpg,train,mllm_selection,train:000000523677
coco-2017,000000113638,/home/felix/fiftyone/coco-2017/train/data/000000113638.jpg,train,mllm_selection,train:000000113638
coco-2017,000000356028,/home/felix/fiftyone/coco-2017/train/data/000000356028.jpg,train,mllm_selection,train:000000356028
coco-2017,000000538480,/home/felix/fiftyone/coco-2017/train/data/000000538480.jpg,train,mllm_selection,train:000000538480
coco-2017,000000420826,/home/felix/fiftyone/coco-2017/train/data/000000420826.jpg,train,mllm_selection,train:000000420826
coco-2017,000000150769,/home/felix/fiftyone/coco-2017/train/data/000000150769.jpg,train,mllm_selection,train:000000150769
coco-2017,000000533201,/home/felix/fiftyone/coco-2017/train/data/000000533201.jpg,train,mllm_selection,train:000000533201
coco-2017,000000519827,/home/felix/fiftyone/coco-2017/train/data/000000519827.jpg,train,mllm_selection,train:000000519827
coco-2017,000000165969,/home/felix/fiftyone/coco-2017/train/data/000000165969.jpg,train,mllm_selection,train:000000165969
coco-2017,000000463110,/home/felix/fiftyone/coco-2017/train/data/000000463110.jpg,train,mllm_selection,train:000000463110
coco-2017,000000158292,/home/felix/fiftyone/coco-2017/train/data/000000158292.jpg,train,mllm_selection,train:000000158292
coco-2017,000000268681,/home/felix/fiftyone/coco-2017/train/data/000000268681.jpg,train,mllm_selection,train:000000268681
coco-2017,000000285217,/home/felix/fiftyone/coco-2017/train/data/000000285217.jpg,train,mllm_selection,train:000000285217
coco-2017,000000034811,/home/felix/fiftyone/coco-2017/train/data/000000034811.jpg,train,mllm_selection,train:000000034811
coco-2017,000000214106,/home/felix/fiftyone/coco-2017/train/data/000000214106.jpg,train,mllm_selection,train:000000214106
coco-2017,000000575020,/home/felix/fiftyone/coco-2017/train/data/000000575020.jpg,train,mllm_selection,train:000000575020
coco-2017,000000151589,/home/felix/fiftyone/coco-2017/train/data/000000151589.jpg,train,mllm_selection,train:000000151589
coco-2017,000000326332,/home/felix/fiftyone/coco-2017/train/data/000000326332.jpg,train,mllm_selection,train:000000326332
coco-2017,000000311783,/home/felix/fiftyone/coco-2017/train/data/000000311783.jpg,train,mllm_selection,train:000000311783
coco-2017,000000080480,/home/felix/fiftyone/coco-2017/train/data/000000080480.jpg,train,mllm_selection,train:000000080480
coco-2017,000000279237,/home/felix/fiftyone/coco-2017/train/data/000000279237.jpg,train,mllm_selection,train:000000279237
coco-2017,000000352831,/home/felix/fiftyone/coco-2017/train/data/000000352831.jpg,train,mllm_selection,train:000000352831
coco-2017,000000036841,/home/felix/fiftyone/coco-2017/train/data/000000036841.jpg,train,mllm_selection,train:000000036841
coco-2017,000000064751,/home/felix/fiftyone/coco-2017/train/data/000000064751.jpg,train,mllm_selection,train:000000064751
coco-2017,000000323930,/home/felix/fiftyone/coco-2017/train/data/000000323930.jpg,train,mllm_selection,train:000000323930
coco-2017,000000050206,/home/felix/fiftyone/coco-2017/train/data/000000050206.jpg,train,mllm_selection,train:000000050206
coco-2017,000000558784,/home/felix/fiftyone/coco-2017/train/data/000000558784.jpg,train,mllm_selection,train:000000558784
coco-2017,000000474764,/home/felix/fiftyone/coco-2017/train/data/000000474764.jpg,train,mllm_selection,train:000000474764
coco-2017,000000489093,/home/felix/fiftyone/coco-2017/train/data/000000489093.jpg,train,mllm_selection,train:000000489093
coco-2017,000000173392,/home/felix/fiftyone/coco-2017/train/data/000000173392.jpg,train,mllm_selection,train:000000173392
coco-2017,000000240904,/home/felix/fiftyone/coco-2017/train/data/000000240904.jpg,train,mllm_selection,train:000000240904
coco-2017,000000554182,/home/felix/fiftyone/coco-2017/train/data/000000554182.jpg,train,mllm_selection,train:000000554182
coco-2017,000000379584,/home/felix/fiftyone/coco-2017/train/data/000000379584.jpg,train,mllm_selection,train:000000379584
coco-2017,000000290183,/home/felix/fiftyone/coco-2017/train/data/000000290183.jpg,train,mllm_selection,train:000000290183
coco-2017,000000390348,/home/felix/fiftyone/coco-2017/train/data/000000390348.jpg,train,mllm_selection,train:000000390348
coco-2017,000000534292,/home/felix/fiftyone/coco-2017/train/data/000000534292.jpg,train,mllm_selection,train:000000534292
coco-2017,000000381858,/home/felix/fiftyone/coco-2017/train/data/000000381858.jpg,train,mllm_selection,train:000000381858
coco-2017,000000239499,/home/felix/fiftyone/coco-2017/train/data/000000239499.jpg,train,mllm_selection,train:000000239499
coco-2017,000000518894,/home/felix/fiftyone/coco-2017/train/data/000000518894.jpg,train,mllm_selection,train:000000518894
coco-2017,000000257767,/home/felix/fiftyone/coco-2017/train/data/000000257767.jpg,train,mllm_selection,train:000000257767
coco-2017,000000458640,/home/felix/fiftyone/coco-2017/train/data/000000458640.jpg,train,mllm_selection,train:000000458640
coco-2017,000000358391,/home/felix/fiftyone/coco-2017/train/data/000000358391.jpg,train,mllm_selection,train:000000358391
coco-2017,000000436349,/home/felix/fiftyone/coco-2017/train/data/000000436349.jpg,train,mllm_selection,train:000000436349
coco-2017,000000527064,/home/felix/fiftyone/coco-2017/train/data/000000527064.jpg,train,mllm_selection,train:000000527064
coco-2017,000000504621,/home/felix/fiftyone/coco-2017/train/data/000000504621.jpg,train,mllm_selection,train:000000504621
coco-2017,000000524366,/home/felix/fiftyone/coco-2017/train/data/000000524366.jpg,train,mllm_selection,train:000000524366
coco-2017,000000331129,/home/felix/fiftyone/coco-2017/train/data/000000331129.jpg,train,mllm_selection,train:000000331129
coco-2017,000000095535,/home/felix/fiftyone/coco-2017/train/data/000000095535.jpg,train,mllm_selection,train:000000095535
coco-2017,000000264362,/home/felix/fiftyone/coco-2017/train/data/000000264362.jpg,train,mllm_selection,train:000000264362
coco-2017,000000359066,/home/felix/fiftyone/coco-2017/train/data/000000359066.jpg,train,mllm_selection,train:000000359066
coco-2017,000000489849,/home/felix/fiftyone/coco-2017/train/data/000000489849.jpg,train,mllm_selection,train:000000489849
coco-2017,000000161840,/home/felix/fiftyone/coco-2017/train/data/000000161840.jpg,train,mllm_selection,train:000000161840
coco-2017,000000431827,/home/felix/fiftyone/coco-2017/train/data/000000431827.jpg,train,mllm_selection,train:000000431827
coco-2017,000000444626,/home/felix/fiftyone/coco-2017/train/data/000000444626.jpg,train,mllm_selection,train:000000444626
coco-2017,000000063835,/home/felix/fiftyone/coco-2017/train/data/000000063835.jpg,train,mllm_selection,train:000000063835
coco-2017,000000157037,/home/felix/fiftyone/coco-2017/train/data/000000157037.jpg,train,mllm_selection,train:000000157037
coco-2017,000000062038,/home/felix/fiftyone/coco-2017/train/data/000000062038.jpg,train,mllm_selection,train:000000062038
coco-2017,000000571051,/home/felix/fiftyone/coco-2017/train/data/000000571051.jpg,train,mllm_selection,train:000000571051
coco-2017,000000257813,/home/felix/fiftyone/coco-2017/train/data/000000257813.jpg,train,mllm_selection,train:000000257813
coco-2017,000000021294,/home/felix/fiftyone/coco-2017/train/data/000000021294.jpg,train,mllm_selection,train:000000021294
coco-2017,000000224554,/home/felix/fiftyone/coco-2017/train/data/000000224554.jpg,train,mllm_selection,train:000000224554
coco-2017,000000158726,/home/felix/fiftyone/coco-2017/train/data/000000158726.jpg,train,mllm_selection,train:000000158726
coco-2017,000000568961,/home/felix/fiftyone/coco-2017/train/data/000000568961.jpg,train,mllm_selection,train:000000568961
coco-2017,000000141710,/home/felix/fiftyone/coco-2017/train/data/000000141710.jpg,train,mllm_selection,train:000000141710
coco-2017,000000331349,/home/felix/fiftyone/coco-2017/train/data/000000331349.jpg,train,mllm_selection,train:000000331349
coco-2017,000000570588,/home/felix/fiftyone/coco-2017/train/data/000000570588.jpg,train,mllm_selection,train:000000570588
coco-2017,000000560361,/home/felix/fiftyone/coco-2017/train/data/000000560361.jpg,train,mllm_selection,train:000000560361
coco-2017,000000322112,/home/felix/fiftyone/coco-2017/train/data/000000322112.jpg,train,mllm_selection,train:000000322112
coco-2017,000000455667,/home/felix/fiftyone/coco-2017/train/data/000000455667.jpg,train,mllm_selection,train:000000455667
coco-2017,000000459923,/home/felix/fiftyone/coco-2017/train/data/000000459923.jpg,train,mllm_selection,train:000000459923
coco-2017,000000161586,/home/felix/fiftyone/coco-2017/train/data/000000161586.jpg,train,mllm_selection,train:000000161586
coco-2017,000000103059,/home/felix/fiftyone/coco-2017/train/data/000000103059.jpg,train,mllm_selection,train:000000103059
coco-2017,000000449936,/home/felix/fiftyone/coco-2017/train/data/000000449936.jpg,train,mllm_selection,train:000000449936
coco-2017,000000027149,/home/felix/fiftyone/coco-2017/train/data/000000027149.jpg,train,mllm_selection,train:000000027149
coco-2017,000000546646,/home/felix/fiftyone/coco-2017/train/data/000000546646.jpg,train,mllm_selection,train:000000546646
coco-2017,000000578951,/home/felix/fiftyone/coco-2017/train/data/000000578951.jpg,train,mllm_selection,train:000000578951
coco-2017,000000409031,/home/felix/fiftyone/coco-2017/train/data/000000409031.jpg,train,mllm_selection,train:000000409031
coco-2017,000000181462,/home/felix/fiftyone/coco-2017/train/data/000000181462.jpg,train,mllm_selection,train:000000181462
coco-2017,000000536960,/home/felix/fiftyone/coco-2017/train/data/000000536960.jpg,train,mllm_selection,train:000000536960
coco-2017,000000269338,/home/felix/fiftyone/coco-2017/train/data/000000269338.jpg,train,mllm_selection,train:000000269338
coco-2017,000000274022,/home/felix/fiftyone/coco-2017/train/data/000000274022.jpg,train,mllm_selection,train:000000274022
coco-2017,000000104290,/home/felix/fiftyone/coco-2017/train/data/000000104290.jpg,train,mllm_selection,train:000000104290
coco-2017,000000331444,/home/felix/fiftyone/coco-2017/train/data/000000331444.jpg,train,mllm_selection,train:000000331444
coco-2017,000000250922,/home/felix/fiftyone/coco-2017/train/data/000000250922.jpg,train,mllm_selection,train:000000250922
coco-2017,000000246124,/home/felix/fiftyone/coco-2017/train/data/000000246124.jpg,train,mllm_selection,train:000000246124
coco-2017,000000109516,/home/felix/fiftyone/coco-2017/train/data/000000109516.jpg,train,mllm_selection,train:000000109516
coco-2017,000000460503,/home/felix/fiftyone/coco-2017/train/data/000000460503.jpg,train,mllm_selection,train:000000460503
coco-2017,000000341534,/home/felix/fiftyone/coco-2017/train/data/000000341534.jpg,train,mllm_selection,train:000000341534
coco-2017,000000192656,/home/felix/fiftyone/coco-2017/train/data/000000192656.jpg,train,mllm_selection,train:000000192656
coco-2017,000000431818,/home/felix/fiftyone/coco-2017/train/data/000000431818.jpg,train,mllm_selection,train:000000431818
coco-2017,000000112590,/home/felix/fiftyone/coco-2017/train/data/000000112590.jpg,train,mllm_selection,train:000000112590
coco-2017,000000111759,/home/felix/fiftyone/coco-2017/train/data/000000111759.jpg,train,mllm_selection,train:000000111759
coco-2017,000000407699,/home/felix/fiftyone/coco-2017/train/data/000000407699.jpg,train,mllm_selection,train:000000407699
coco-2017,000000063650,/home/felix/fiftyone/coco-2017/train/data/000000063650.jpg,train,mllm_selection,train:000000063650
coco-2017,000000279838,/home/felix/fiftyone/coco-2017/train/data/000000279838.jpg,train,mllm_selection,train:000000279838
coco-2017,000000152965,/home/felix/fiftyone/coco-2017/train/data/000000152965.jpg,train,mllm_selection,train:000000152965
coco-2017,000000153909,/home/felix/fiftyone/coco-2017/train/data/000000153909.jpg,train,mllm_selection,train:000000153909
coco-2017,000000004318,/home/felix/fiftyone/coco-2017/train/data/000000004318.jpg,train,mllm_selection,train:000000004318
coco-2017,000000054996,/home/felix/fiftyone/coco-2017/train/data/000000054996.jpg,train,mllm_selection,train:000000054996
coco-2017,000000380115,/home/felix/fiftyone/coco-2017/train/data/000000380115.jpg,train,mllm_selection,train:000000380115
coco-2017,000000320173,/home/felix/fiftyone/coco-2017/train/data/000000320173.jpg,train,mllm_selection,train:000000320173
coco-2017,000000214589,/home/felix/fiftyone/coco-2017/train/data/000000214589.jpg,train,mllm_selection,train:000000214589
coco-2017,000000277642,/home/felix/fiftyone/coco-2017/train/data/000000277642.jpg,train,mllm_selection,train:000000277642
coco-2017,000000058614,/home/felix/fiftyone/coco-2017/train/data/000000058614.jpg,train,mllm_selection,train:000000058614
coco-2017,000000454917,/home/felix/fiftyone/coco-2017/train/data/000000454917.jpg,train,mllm_selection,train:000000454917
coco-2017,000000053491,/home/felix/fiftyone/coco-2017/train/data/000000053491.jpg,train,mllm_selection,train:000000053491
coco-2017,000000516116,/home/felix/fiftyone/coco-2017/train/data/000000516116.jpg,train,mllm_selection,train:000000516116
coco-2017,000000532926,/home/felix/fiftyone/coco-2017/train/data/000000532926.jpg,train,mllm_selection,train:000000532926
coco-2017,000000004140,/home/felix/fiftyone/coco-2017/train/data/000000004140.jpg,train,mllm_selection,train:000000004140
coco-2017,000000099211,/home/felix/fiftyone/coco-2017/train/data/000000099211.jpg,train,mllm_selection,train:000000099211
coco-2017,000000495433,/home/felix/fiftyone/coco-2017/train/data/000000495433.jpg,train,mllm_selection,train:000000495433
coco-2017,000000389180,/home/felix/fiftyone/coco-2017/train/data/000000389180.jpg,train,mllm_selection,train:000000389180
coco-2017,000000127809,/home/felix/fiftyone/coco-2017/train/data/000000127809.jpg,train,mllm_selection,train:000000127809
coco-2017,000000354976,/home/felix/fiftyone/coco-2017/train/data/000000354976.jpg,train,mllm_selection,train:000000354976
coco-2017,000000000623,/home/felix/fiftyone/coco-2017/train/data/000000000623.jpg,train,mllm_selection,train:000000000623
coco-2017,000000396366,/home/felix/fiftyone/coco-2017/train/data/000000396366.jpg,train,mllm_selection,train:000000396366
coco-2017,000000359659,/home/felix/fiftyone/coco-2017/train/data/000000359659.jpg,train,mllm_selection,train:000000359659
coco-2017,000000468159,/home/felix/fiftyone/coco-2017/train/data/000000468159.jpg,train,mllm_selection,train:000000468159
coco-2017,000000257020,/home/felix/fiftyone/coco-2017/train/data/000000257020.jpg,train,mllm_selection,train:000000257020
coco-2017,000000459935,/home/felix/fiftyone/coco-2017/train/data/000000459935.jpg,train,mllm_selection,train:000000459935
coco-2017,000000079143,/home/felix/fiftyone/coco-2017/train/data/000000079143.jpg,train,mllm_selection,train:000000079143
coco-2017,000000443562,/home/felix/fiftyone/coco-2017/train/data/000000443562.jpg,train,mllm_selection,train:000000443562
coco-2017,000000318056,/home/felix/fiftyone/coco-2017/train/data/000000318056.jpg,train,mllm_selection,train:000000318056
coco-2017,000000342279,/home/felix/fiftyone/coco-2017/train/data/000000342279.jpg,train,mllm_selection,train:000000342279
coco-2017,000000345870,/home/felix/fiftyone/coco-2017/train/data/000000345870.jpg,train,mllm_selection,train:000000345870
coco-2017,000000252443,/home/felix/fiftyone/coco-2017/train/data/000000252443.jpg,train,mllm_selection,train:000000252443
coco-2017,000000413999,/home/felix/fiftyone/coco-2017/train/data/000000413999.jpg,train,mllm_selection,train:000000413999
coco-2017,000000092355,/home/felix/fiftyone/coco-2017/train/data/000000092355.jpg,train,mllm_selection,train:000000092355
coco-2017,000000369763,/home/felix/fiftyone/coco-2017/train/data/000000369763.jpg,train,mllm_selection,train:000000369763
coco-2017,000000541938,/home/felix/fiftyone/coco-2017/train/data/000000541938.jpg,train,mllm_selection,train:000000541938
coco-2017,000000200611,/home/felix/fiftyone/coco-2017/train/data/000000200611.jpg,train,mllm_selection,train:000000200611
coco-2017,000000013517,/home/felix/fiftyone/coco-2017/train/data/000000013517.jpg,train,mllm_selection,train:000000013517
coco-2017,000000498980,/home/felix/fiftyone/coco-2017/train/data/000000498980.jpg,train,mllm_selection,train:000000498980
coco-2017,000000458721,/home/felix/fiftyone/coco-2017/train/data/000000458721.jpg,train,mllm_selection,train:000000458721
coco-2017,000000287953,/home/felix/fiftyone/coco-2017/train/data/000000287953.jpg,train,mllm_selection,train:000000287953
coco-2017,000000005673,/home/felix/fiftyone/coco-2017/train/data/000000005673.jpg,train,mllm_selection,train:000000005673
coco-2017,000000097936,/home/felix/fiftyone/coco-2017/train/data/000000097936.jpg,train,mllm_selection,train:000000097936
coco-2017,000000158130,/home/felix/fiftyone/coco-2017/train/data/000000158130.jpg,train,mllm_selection,train:000000158130
coco-2017,000000218784,/home/felix/fiftyone/coco-2017/train/data/000000218784.jpg,train,mllm_selection,train:000000218784
coco-2017,000000509047,/home/felix/fiftyone/coco-2017/train/data/000000509047.jpg,train,mllm_selection,train:000000509047
coco-2017,000000130000,/home/felix/fiftyone/coco-2017/train/data/000000130000.jpg,train,mllm_selection,train:000000130000
coco-2017,000000288076,/home/felix/fiftyone/coco-2017/train/data/000000288076.jpg,train,mllm_selection,train:000000288076
coco-2017,000000392998,/home/felix/fiftyone/coco-2017/train/data/000000392998.jpg,train,mllm_selection,train:000000392998
coco-2017,000000560967,/home/felix/fiftyone/coco-2017/train/data/000000560967.jpg,train,mllm_selection,train:000000560967
coco-2017,000000160013,/home/felix/fiftyone/coco-2017/train/data/000000160013.jpg,train,mllm_selection,train:000000160013
coco-2017,000000134857,/home/felix/fiftyone/coco-2017/train/data/000000134857.jpg,train,mllm_selection,train:000000134857
coco-2017,000000064089,/home/felix/fiftyone/coco-2017/train/data/000000064089.jpg,train,mllm_selection,train:000000064089
coco-2017,000000379911,/home/felix/fiftyone/coco-2017/train/data/000000379911.jpg,train,mllm_selection,train:000000379911
coco-2017,000000034938,/home/felix/fiftyone/coco-2017/train/data/000000034938.jpg,train,mllm_selection,train:000000034938
coco-2017,000000042416,/home/felix/fiftyone/coco-2017/train/data/000000042416.jpg,train,mllm_selection,train:000000042416
coco-2017,000000436174,/home/felix/fiftyone/coco-2017/train/data/000000436174.jpg,train,mllm_selection,train:000000436174
coco-2017,000000314050,/home/felix/fiftyone/coco-2017/train/data/000000314050.jpg,train,mllm_selection,train:000000314050
coco-2017,000000471737,/home/felix/fiftyone/coco-2017/train/data/000000471737.jpg,train,mllm_selection,train:000000471737
coco-2017,000000449865,/home/felix/fiftyone/coco-2017/train/data/000000449865.jpg,train,mllm_selection,train:000000449865
coco-2017,000000438095,/home/felix/fiftyone/coco-2017/train/data/000000438095.jpg,train,mllm_selection,train:000000438095
coco-2017,000000312439,/home/felix/fiftyone/coco-2017/train/data/000000312439.jpg,train,mllm_selection,train:000000312439
coco-2017,000000101485,/home/felix/fiftyone/coco-2017/train/data/000000101485.jpg,train,mllm_selection,train:000000101485
coco-2017,000000428175,/home/felix/fiftyone/coco-2017/train/data/000000428175.jpg,train,mllm_selection,train:000000428175
coco-2017,000000382307,/home/felix/fiftyone/coco-2017/train/data/000000382307.jpg,train,mllm_selection,train:000000382307
coco-2017,000000128826,/home/felix/fiftyone/coco-2017/train/data/000000128826.jpg,train,mllm_selection,train:000000128826
coco-2017,000000262204,/home/felix/fiftyone/coco-2017/train/data/000000262204.jpg,train,mllm_selection,train:000000262204
coco-2017,000000434118,/home/felix/fiftyone/coco-2017/train/data/000000434118.jpg,train,mllm_selection,train:000000434118
coco-2017,000000050096,/home/felix/fiftyone/coco-2017/train/data/000000050096.jpg,train,mllm_selection,train:000000050096
coco-2017,000000247871,/home/felix/fiftyone/coco-2017/train/data/000000247871.jpg,train,mllm_selection,train:000000247871
coco-2017,000000322820,/home/felix/fiftyone/coco-2017/train/data/000000322820.jpg,train,mllm_selection,train:000000322820
coco-2017,000000277393,/home/felix/fiftyone/coco-2017/train/data/000000277393.jpg,train,mllm_selection,train:000000277393
coco-2017,000000384675,/home/felix/fiftyone/coco-2017/train/data/000000384675.jpg,train,mllm_selection,train:000000384675
coco-2017,000000527139,/home/felix/fiftyone/coco-2017/train/data/000000527139.jpg,train,mllm_selection,train:000000527139
coco-2017,000000364159,/home/felix/fiftyone/coco-2017/train/data/000000364159.jpg,train,mllm_selection,train:000000364159
coco-2017,000000314574,/home/felix/fiftyone/coco-2017/train/data/000000314574.jpg,train,mllm_selection,train:000000314574
coco-2017,000000037039,/home/felix/fiftyone/coco-2017/train/data/000000037039.jpg,train,mllm_selection,train:000000037039
coco-2017,000000321194,/home/felix/fiftyone/coco-2017/train/data/000000321194.jpg,train,mllm_selection,train:000000321194
coco-2017,000000170931,/home/felix/fiftyone/coco-2017/train/data/000000170931.jpg,train,mllm_selection,train:000000170931
coco-2017,000000049005,/home/felix/fiftyone/coco-2017/train/data/000000049005.jpg,train,mllm_selection,train:000000049005
coco-2017,000000190499,/home/felix/fiftyone/coco-2017/train/data/000000190499.jpg,train,mllm_selection,train:000000190499
coco-2017,000000306060,/home/felix/fiftyone/coco-2017/train/data/000000306060.jpg,train,mllm_selection,train:000000306060
coco-2017,000000235809,/home/felix/fiftyone/coco-2017/train/data/000000235809.jpg,train,mllm_selection,train:000000235809
coco-2017,000000546105,/home/felix/fiftyone/coco-2017/train/data/000000546105.jpg,train,mllm_selection,train:000000546105
coco-2017,000000201059,/home/felix/fiftyone/coco-2017/train/data/000000201059.jpg,train,mllm_selection,train:000000201059
coco-2017,000000347023,/home/felix/fiftyone/coco-2017/train/data/000000347023.jpg,train,mllm_selection,train:000000347023
coco-2017,000000224282,/home/felix/fiftyone/coco-2017/train/data/000000224282.jpg,train,mllm_selection,train:000000224282
coco-2017,000000033924,/home/felix/fiftyone/coco-2017/train/data/000000033924.jpg,train,mllm_selection,train:000000033924
coco-2017,000000366096,/home/felix/fiftyone/coco-2017/train/data/000000366096.jpg,train,mllm_selection,train:000000366096
coco-2017,000000297415,/home/felix/fiftyone/coco-2017/train/data/000000297415.jpg,train,mllm_selection,train:000000297415
coco-2017,000000322031,/home/felix/fiftyone/coco-2017/train/data/000000322031.jpg,train,mllm_selection,train:000000322031
coco-2017,000000110251,/home/felix/fiftyone/coco-2017/train/data/000000110251.jpg,train,mllm_selection,train:000000110251
coco-2017,000000573932,/home/felix/fiftyone/coco-2017/train/data/000000573932.jpg,train,mllm_selection,train:000000573932
coco-2017,000000534771,/home/felix/fiftyone/coco-2017/train/data/000000534771.jpg,train,mllm_selection,train:000000534771
coco-2017,000000320039,/home/felix/fiftyone/coco-2017/train/data/000000320039.jpg,train,mllm_selection,train:000000320039
coco-2017,000000069809,/home/felix/fiftyone/coco-2017/train/data/000000069809.jpg,train,mllm_selection,train:000000069809
coco-2017,000000324203,/home/felix/fiftyone/coco-2017/train/data/000000324203.jpg,train,mllm_selection,train:000000324203
coco-2017,000000002197,/home/felix/fiftyone/coco-2017/train/data/000000002197.jpg,train,mllm_selection,train:000000002197
coco-2017,000000134075,/home/felix/fiftyone/coco-2017/train/data/000000134075.jpg,train,mllm_selection,train:000000134075
coco-2017,000000396105,/home/felix/fiftyone/coco-2017/train/data/000000396105.jpg,train,mllm_selection,train:000000396105
coco-2017,000000509540,/home/felix/fiftyone/coco-2017/train/data/000000509540.jpg,train,mllm_selection,train:000000509540
coco-2017,000000449919,/home/felix/fiftyone/coco-2017/train/data/000000449919.jpg,train,mllm_selection,train:000000449919
coco-2017,000000069308,/home/felix/fiftyone/coco-2017/train/data/000000069308.jpg,train,mllm_selection,train:000000069308
coco-2017,000000263382,/home/felix/fiftyone/coco-2017/train/data/000000263382.jpg,train,mllm_selection,train:000000263382
coco-2017,000000528984,/home/felix/fiftyone/coco-2017/train/data/000000528984.jpg,train,mllm_selection,train:000000528984
coco-2017,000000056433,/home/felix/fiftyone/coco-2017/train/data/000000056433.jpg,train,mllm_selection,train:000000056433
coco-2017,000000372683,/home/felix/fiftyone/coco-2017/train/data/000000372683.jpg,train,mllm_selection,train:000000372683
coco-2017,000000219984,/home/felix/fiftyone/coco-2017/train/data/000000219984.jpg,train,mllm_selection,train:000000219984
coco-2017,000000333863,/home/felix/fiftyone/coco-2017/train/data/000000333863.jpg,train,mllm_selection,train:000000333863
coco-2017,000000491664,/home/felix/fiftyone/coco-2017/train/data/000000491664.jpg,train,mllm_selection,train:000000491664
coco-2017,000000292789,/home/felix/fiftyone/coco-2017/train/data/000000292789.jpg,train,mllm_selection,train:000000292789
coco-2017,000000484583,/home/felix/fiftyone/coco-2017/train/data/000000484583.jpg,train,mllm_selection,train:000000484583
coco-2017,000000140963,/home/felix/fiftyone/coco-2017/train/data/000000140963.jpg,train,mllm_selection,train:000000140963
coco-2017,000000188225,/home/felix/fiftyone/coco-2017/train/data/000000188225.jpg,train,mllm_selection,train:000000188225
coco-2017,000000170371,/home/felix/fiftyone/coco-2017/train/data/000000170371.jpg,train,mllm_selection,train:000000170371
coco-2017,000000161917,/home/felix/fiftyone/coco-2017/train/data/000000161917.jpg,train,mllm_selection,train:000000161917
coco-2017,000000030535,/home/felix/fiftyone/coco-2017/train/data/000000030535.jpg,train,mllm_selection,train:000000030535
coco-2017,000000223560,/home/felix/fiftyone/coco-2017/train/data/000000223560.jpg,train,mllm_selection,train:000000223560
coco-2017,000000404101,/home/felix/fiftyone/coco-2017/train/data/000000404101.jpg,train,mllm_selection,train:000000404101
coco-2017,000000269947,/home/felix/fiftyone/coco-2017/train/data/000000269947.jpg,train,mllm_selection,train:000000269947
coco-2017,000000063240,/home/felix/fiftyone/coco-2017/train/data/000000063240.jpg,train,mllm_selection,train:000000063240
coco-2017,000000001525,/home/felix/fiftyone/coco-2017/train/data/000000001525.jpg,train,mllm_selection,train:000000001525
coco-2017,000000134846,/home/felix/fiftyone/coco-2017/train/data/000000134846.jpg,train,mllm_selection,train:000000134846
coco-2017,000000545670,/home/felix/fiftyone/coco-2017/train/data/000000545670.jpg,train,mllm_selection,train:000000545670
coco-2017,000000207545,/home/felix/fiftyone/coco-2017/train/data/000000207545.jpg,train,mllm_selection,train:000000207545
coco-2017,000000348759,/home/felix/fiftyone/coco-2017/train/data/000000348759.jpg,train,mllm_selection,train:000000348759
coco-2017,000000555911,/home/felix/fiftyone/coco-2017/train/data/000000555911.jpg,train,mllm_selection,train:000000555911
coco-2017,000000179088,/home/felix/fiftyone/coco-2017/train/data/000000179088.jpg,train,mllm_selection,train:000000179088
coco-2017,000000335725,/home/felix/fiftyone/coco-2017/train/data/000000335725.jpg,train,mllm_selection,train:000000335725
coco-2017,000000306890,/home/felix/fiftyone/coco-2017/train/data/000000306890.jpg,train,mllm_selection,train:000000306890
coco-2017,000000363165,/home/felix/fiftyone/coco-2017/train/data/000000363165.jpg,train,mllm_selection,train:000000363165
coco-2017,000000420620,/home/felix/fiftyone/coco-2017/train/data/000000420620.jpg,train,mllm_selection,train:000000420620
coco-2017,000000027777,/home/felix/fiftyone/coco-2017/train/data/000000027777.jpg,train,mllm_selection,train:000000027777
coco-2017,000000472654,/home/felix/fiftyone/coco-2017/train/data/000000472654.jpg,train,mllm_selection,train:000000472654
coco-2017,000000252502,/home/felix/fiftyone/coco-2017/train/data/000000252502.jpg,train,mllm_selection,train:000000252502
coco-2017,000000013969,/home/felix/fiftyone/coco-2017/train/data/000000013969.jpg,train,mllm_selection,train:000000013969
coco-2017,000000016616,/home/felix/fiftyone/coco-2017/train/data/000000016616.jpg,train,mllm_selection,train:000000016616
coco-2017,000000452873,/home/felix/fiftyone/coco-2017/train/data/000000452873.jpg,train,mllm_selection,train:000000452873
coco-2017,000000303617,/home/felix/fiftyone/coco-2017/train/data/000000303617.jpg,train,mllm_selection,train:000000303617
coco-2017,000000508130,/home/felix/fiftyone/coco-2017/train/data/000000508130.jpg,train,mllm_selection,train:000000508130
coco-2017,000000361831,/home/felix/fiftyone/coco-2017/train/data/000000361831.jpg,train,mllm_selection,train:000000361831
coco-2017,000000355826,/home/felix/fiftyone/coco-2017/train/data/000000355826.jpg,train,mllm_selection,train:000000355826
coco-2017,000000204700,/home/felix/fiftyone/coco-2017/train/data/000000204700.jpg,train,mllm_selection,train:000000204700
coco-2017,000000365306,/home/felix/fiftyone/coco-2017/train/data/000000365306.jpg,train,mllm_selection,train:000000365306
coco-2017,000000390675,/home/felix/fiftyone/coco-2017/train/data/000000390675.jpg,train,mllm_selection,train:000000390675
coco-2017,000000053573,/home/felix/fiftyone/coco-2017/train/data/000000053573.jpg,train,mllm_selection,train:000000053573
coco-2017,000000179914,/home/felix/fiftyone/coco-2017/train/data/000000179914.jpg,train,mllm_selection,train:000000179914
coco-2017,000000184745,/home/felix/fiftyone/coco-2017/train/data/000000184745.jpg,train,mllm_selection,train:000000184745
coco-2017,000000478726,/home/felix/fiftyone/coco-2017/train/data/000000478726.jpg,train,mllm_selection,train:000000478726
coco-2017,000000080853,/home/felix/fiftyone/coco-2017/train/data/000000080853.jpg,train,mllm_selection,train:000000080853
coco-2017,000000307873,/home/felix/fiftyone/coco-2017/train/data/000000307873.jpg,train,mllm_selection,train:000000307873
coco-2017,000000161990,/home/felix/fiftyone/coco-2017/train/data/000000161990.jpg,train,mllm_selection,train:000000161990
coco-2017,000000163992,/home/felix/fiftyone/coco-2017/train/data/000000163992.jpg,train,mllm_selection,train:000000163992
coco-2017,000000464888,/home/felix/fiftyone/coco-2017/train/data/000000464888.jpg,train,mllm_selection,train:000000464888
coco-2017,000000097610,/home/felix/fiftyone/coco-2017/train/data/000000097610.jpg,train,mllm_selection,train:000000097610
coco-2017,000000351534,/home/felix/fiftyone/coco-2017/train/data/000000351534.jpg,train,mllm_selection,train:000000351534
coco-2017,000000413172,/home/felix/fiftyone/coco-2017/train/data/000000413172.jpg,train,mllm_selection,train:000000413172
coco-2017,000000054517,/home/felix/fiftyone/coco-2017/train/data/000000054517.jpg,train,mllm_selection,train:000000054517
coco-2017,000000025566,/home/felix/fiftyone/coco-2017/train/data/000000025566.jpg,train,mllm_selection,train:000000025566
coco-2017,000000536317,/home/felix/fiftyone/coco-2017/train/data/000000536317.jpg,train,mllm_selection,train:000000536317
coco-2017,000000115574,/home/felix/fiftyone/coco-2017/train/data/000000115574.jpg,train,mllm_selection,train:000000115574
coco-2017,000000030080,/home/felix/fiftyone/coco-2017/train/data/000000030080.jpg,train,mllm_selection,train:000000030080
coco-2017,000000397166,/home/felix/fiftyone/coco-2017/train/data/000000397166.jpg,train,mllm_selection,train:000000397166
coco-2017,000000062257,/home/felix/fiftyone/coco-2017/train/data/000000062257.jpg,train,mllm_selection,train:000000062257
coco-2017,000000474230,/home/felix/fiftyone/coco-2017/train/data/000000474230.jpg,train,mllm_selection,train:000000474230
coco-2017,000000548420,/home/felix/fiftyone/coco-2017/train/data/000000548420.jpg,train,mllm_selection,train:000000548420
coco-2017,000000120179,/home/felix/fiftyone/coco-2017/train/data/000000120179.jpg,train,mllm_selection,train:000000120179
coco-2017,000000532852,/home/felix/fiftyone/coco-2017/train/data/000000532852.jpg,train,mllm_selection,train:000000532852
coco-2017,000000215972,/home/felix/fiftyone/coco-2017/train/data/000000215972.jpg,train,mllm_selection,train:000000215972
coco-2017,000000542969,/home/felix/fiftyone/coco-2017/train/data/000000542969.jpg,train,mllm_selection,train:000000542969
coco-2017,000000501624,/home/felix/fiftyone/coco-2017/train/data/000000501624.jpg,train,mllm_selection,train:000000501624
coco-2017,000000405246,/home/felix/fiftyone/coco-2017/train/data/000000405246.jpg,train,mllm_selection,train:000000405246
coco-2017,000000021639,/home/felix/fiftyone/coco-2017/train/data/000000021639.jpg,train,mllm_selection,train:000000021639
coco-2017,000000112816,/home/felix/fiftyone/coco-2017/train/data/000000112816.jpg,train,mllm_selection,train:000000112816
coco-2017,000000308026,/home/felix/fiftyone/coco-2017/train/data/000000308026.jpg,train,mllm_selection,train:000000308026
coco-2017,000000291475,/home/felix/fiftyone/coco-2017/train/data/000000291475.jpg,train,mllm_selection,train:000000291475
coco-2017,000000445982,/home/felix/fiftyone/coco-2017/train/data/000000445982.jpg,train,mllm_selection,train:000000445982
coco-2017,000000519635,/home/felix/fiftyone/coco-2017/train/data/000000519635.jpg,train,mllm_selection,train:000000519635
coco-2017,000000360350,/home/felix/fiftyone/coco-2017/train/data/000000360350.jpg,train,mllm_selection,train:000000360350
coco-2017,000000167510,/home/felix/fiftyone/coco-2017/train/data/000000167510.jpg,train,mllm_selection,train:000000167510
coco-2017,000000448732,/home/felix/fiftyone/coco-2017/train/data/000000448732.jpg,train,mllm_selection,train:000000448732
coco-2017,000000559282,/home/felix/fiftyone/coco-2017/train/data/000000559282.jpg,train,mllm_selection,train:000000559282
coco-2017,000000276721,/home/felix/fiftyone/coco-2017/train/data/000000276721.jpg,train,mllm_selection,train:000000276721
coco-2017,000000547164,/home/felix/fiftyone/coco-2017/train/data/000000547164.jpg,train,mllm_selection,train:000000547164
coco-2017,000000428518,/home/felix/fiftyone/coco-2017/train/data/000000428518.jpg,train,mllm_selection,train:000000428518
coco-2017,000000098447,/home/felix/fiftyone/coco-2017/train/data/000000098447.jpg,train,mllm_selection,train:000000098447
coco-2017,000000149890,/home/felix/fiftyone/coco-2017/train/data/000000149890.jpg,train,mllm_selection,train:000000149890
coco-2017,000000305661,/home/felix/fiftyone/coco-2017/train/data/000000305661.jpg,train,mllm_selection,train:000000305661
coco-2017,000000034214,/home/felix/fiftyone/coco-2017/train/data/000000034214.jpg,train,mllm_selection,train:000000034214
coco-2017,000000315136,/home/felix/fiftyone/coco-2017/train/data/000000315136.jpg,train,mllm_selection,train:000000315136
coco-2017,000000057362,/home/felix/fiftyone/coco-2017/train/data/000000057362.jpg,train,mllm_selection,train:000000057362
coco-2017,000000524536,/home/felix/fiftyone/coco-2017/train/data/000000524536.jpg,train,mllm_selection,train:000000524536
coco-2017,000000046004,/home/felix/fiftyone/coco-2017/train/data/000000046004.jpg,train,mllm_selection,train:000000046004
coco-2017,000000342160,/home/felix/fiftyone/coco-2017/train/data/000000342160.jpg,train,mllm_selection,train:000000342160
coco-2017,000000207686,/home/felix/fiftyone/coco-2017/train/data/000000207686.jpg,train,mllm_selection,train:000000207686
coco-2017,000000231812,/home/felix/fiftyone/coco-2017/train/data/000000231812.jpg,train,mllm_selection,train:000000231812
coco-2017,000000190921,/home/felix/fiftyone/coco-2017/train/data/000000190921.jpg,train,mllm_selection,train:000000190921
coco-2017,000000455435,/home/felix/fiftyone/coco-2017/train/data/000000455435.jpg,train,mllm_selection,train:000000455435
coco-2017,000000241312,/home/felix/fiftyone/coco-2017/train/data/000000241312.jpg,train,mllm_selection,train:000000241312
coco-2017,000000552966,/home/felix/fiftyone/coco-2017/train/data/000000552966.jpg,train,mllm_selection,train:000000552966
coco-2017,000000360017,/home/felix/fiftyone/coco-2017/train/data/000000360017.jpg,train,mllm_selection,train:000000360017
coco-2017,000000405838,/home/felix/fiftyone/coco-2017/train/data/000000405838.jpg,train,mllm_selection,train:000000405838
coco-2017,000000279256,/home/felix/fiftyone/coco-2017/train/data/000000279256.jpg,train,mllm_selection,train:000000279256
coco-2017,000000335072,/home/felix/fiftyone/coco-2017/train/data/000000335072.jpg,train,mllm_selection,train:000000335072
coco-2017,000000000397,/home/felix/fiftyone/coco-2017/train/data/000000000397.jpg,train,mllm_selection,train:000000000397
coco-2017,000000556955,/home/felix/fiftyone/coco-2017/train/data/000000556955.jpg,train,mllm_selection,train:000000556955
coco-2017,000000443634,/home/felix/fiftyone/coco-2017/train/data/000000443634.jpg,train,mllm_selection,train:000000443634
coco-2017,000000537475,/home/felix/fiftyone/coco-2017/train/data/000000537475.jpg,train,mllm_selection,train:000000537475
coco-2017,000000354834,/home/felix/fiftyone/coco-2017/train/data/000000354834.jpg,train,mllm_selection,train:000000354834
coco-2017,000000084193,/home/felix/fiftyone/coco-2017/train/data/000000084193.jpg,train,mllm_selection,train:000000084193
coco-2017,000000113967,/home/felix/fiftyone/coco-2017/train/data/000000113967.jpg,train,mllm_selection,train:000000113967
coco-2017,000000264214,/home/felix/fiftyone/coco-2017/train/data/000000264214.jpg,train,mllm_selection,train:000000264214
coco-2017,000000010114,/home/felix/fiftyone/coco-2017/train/data/000000010114.jpg,train,mllm_selection,train:000000010114
coco-2017,000000518774,/home/felix/fiftyone/coco-2017/train/data/000000518774.jpg,train,mllm_selection,train:000000518774
coco-2017,000000034138,/home/felix/fiftyone/coco-2017/train/data/000000034138.jpg,train,mllm_selection,train:000000034138
coco-2017,000000365121,/home/felix/fiftyone/coco-2017/train/data/000000365121.jpg,train,mllm_selection,train:000000365121
coco-2017,000000218924,/home/felix/fiftyone/coco-2017/train/data/000000218924.jpg,train,mllm_selection,train:000000218924
coco-2017,000000028503,/home/felix/fiftyone/coco-2017/train/data/000000028503.jpg,train,mllm_selection,train:000000028503
coco-2017,000000244720,/home/felix/fiftyone/coco-2017/train/data/000000244720.jpg,train,mllm_selection,train:000000244720
coco-2017,000000541319,/home/felix/fiftyone/coco-2017/train/data/000000541319.jpg,train,mllm_selection,train:000000541319
coco-2017,000000147846,/home/felix/fiftyone/coco-2017/train/data/000000147846.jpg,train,mllm_selection,train:000000147846
coco-2017,000000269920,/home/felix/fiftyone/coco-2017/train/data/000000269920.jpg,train,mllm_selection,train:000000269920
coco-2017,000000425200,/home/felix/fiftyone/coco-2017/train/data/000000425200.jpg,train,mllm_selection,train:000000425200
coco-2017,000000422967,/home/felix/fiftyone/coco-2017/train/data/000000422967.jpg,train,mllm_selection,train:000000422967
coco-2017,000000210981,/home/felix/fiftyone/coco-2017/train/data/000000210981.jpg,train,mllm_selection,train:000000210981
coco-2017,000000529411,/home/felix/fiftyone/coco-2017/train/data/000000529411.jpg,train,mllm_selection,train:000000529411
coco-2017,000000440964,/home/felix/fiftyone/coco-2017/train/data/000000440964.jpg,train,mllm_selection,train:000000440964
coco-2017,000000330609,/home/felix/fiftyone/coco-2017/train/data/000000330609.jpg,train,mllm_selection,train:000000330609
coco-2017,000000311412,/home/felix/fiftyone/coco-2017/train/data/000000311412.jpg,train,mllm_selection,train:000000311412
coco-2017,000000253521,/home/felix/fiftyone/coco-2017/train/data/000000253521.jpg,train,mllm_selection,train:000000253521
coco-2017,000000317237,/home/felix/fiftyone/coco-2017/train/data/000000317237.jpg,train,mllm_selection,train:000000317237
coco-2017,000000185773,/home/felix/fiftyone/coco-2017/train/data/000000185773.jpg,train,mllm_selection,train:000000185773
coco-2017,000000406734,/home/felix/fiftyone/coco-2017/train/data/000000406734.jpg,train,mllm_selection,train:000000406734
coco-2017,000000216332,/home/felix/fiftyone/coco-2017/train/data/000000216332.jpg,train,mllm_selection,train:000000216332
coco-2017,000000268715,/home/felix/fiftyone/coco-2017/train/data/000000268715.jpg,train,mllm_selection,train:000000268715
coco-2017,000000324521,/home/felix/fiftyone/coco-2017/train/data/000000324521.jpg,train,mllm_selection,train:000000324521
coco-2017,000000010442,/home/felix/fiftyone/coco-2017/train/data/000000010442.jpg,train,mllm_selection,train:000000010442
coco-2017,000000491269,/home/felix/fiftyone/coco-2017/train/data/000000491269.jpg,train,mllm_selection,train:000000491269
coco-2017,000000086836,/home/felix/fiftyone/coco-2017/train/data/000000086836.jpg,train,mllm_selection,train:000000086836
coco-2017,000000556363,/home/felix/fiftyone/coco-2017/train/data/000000556363.jpg,train,mllm_selection,train:000000556363
coco-2017,000000091171,/home/felix/fiftyone/coco-2017/train/data/000000091171.jpg,train,mllm_selection,train:000000091171
coco-2017,000000382958,/home/felix/fiftyone/coco-2017/train/data/000000382958.jpg,train,mllm_selection,train:000000382958
coco-2017,000000202387,/home/felix/fiftyone/coco-2017/train/data/000000202387.jpg,train,mllm_selection,train:000000202387
coco-2017,000000347467,/home/felix/fiftyone/coco-2017/train/data/000000347467.jpg,train,mllm_selection,train:000000347467
coco-2017,000000475982,/home/felix/fiftyone/coco-2017/train/data/000000475982.jpg,train,mllm_selection,train:000000475982
coco-2017,000000452198,/home/felix/fiftyone/coco-2017/train/data/000000452198.jpg,train,mllm_selection,train:000000452198
coco-2017,000000581486,/home/felix/fiftyone/coco-2017/train/data/000000581486.jpg,train,mllm_selection,train:000000581486
coco-2017,000000108210,/home/felix/fiftyone/coco-2017/train/data/000000108210.jpg,train,mllm_selection,train:000000108210
coco-2017,000000017463,/home/felix/fiftyone/coco-2017/train/data/000000017463.jpg,train,mllm_selection,train:000000017463
coco-2017,000000042967,/home/felix/fiftyone/coco-2017/train/data/000000042967.jpg,train,mllm_selection,train:000000042967
coco-2017,000000065095,/home/felix/fiftyone/coco-2017/train/data/000000065095.jpg,train,mllm_selection,train:000000065095
coco-2017,000000237044,/home/felix/fiftyone/coco-2017/train/data/000000237044.jpg,train,mllm_selection,train:000000237044
coco-2017,000000331076,/home/felix/fiftyone/coco-2017/train/data/000000331076.jpg,train,mllm_selection,train:000000331076
coco-2017,000000112860,/home/felix/fiftyone/coco-2017/train/data/000000112860.jpg,train,mllm_selection,train:000000112860
coco-2017,000000289640,/home/felix/fiftyone/coco-2017/train/data/000000289640.jpg,train,mllm_selection,train:000000289640
coco-2017,000000144033,/home/felix/fiftyone/coco-2017/train/data/000000144033.jpg,train,mllm_selection,train:000000144033
coco-2017,000000511328,/home/felix/fiftyone/coco-2017/train/data/000000511328.jpg,train,mllm_selection,train:000000511328
coco-2017,000000249357,/home/felix/fiftyone/coco-2017/train/data/000000249357.jpg,train,mllm_selection,train:000000249357
coco-2017,000000221004,/home/felix/fiftyone/coco-2017/train/data/000000221004.jpg,train,mllm_selection,train:000000221004
coco-2017,000000361604,/home/felix/fiftyone/coco-2017/train/data/000000361604.jpg,train,mllm_selection,train:000000361604
coco-2017,000000204536,/home/felix/fiftyone/coco-2017/train/data/000000204536.jpg,train,mllm_selection,train:000000204536
coco-2017,000000238604,/home/felix/fiftyone/coco-2017/train/data/000000238604.jpg,train,mllm_selection,train:000000238604
coco-2017,000000026152,/home/felix/fiftyone/coco-2017/train/data/000000026152.jpg,train,mllm_selection,train:000000026152
coco-2017,000000080471,/home/felix/fiftyone/coco-2017/train/data/000000080471.jpg,train,mllm_selection,train:000000080471
coco-2017,000000327610,/home/felix/fiftyone/coco-2017/train/data/000000327610.jpg,train,mllm_selection,train:000000327610
coco-2017,000000573485,/home/felix/fiftyone/coco-2017/train/data/000000573485.jpg,train,mllm_selection,train:000000573485
coco-2017,000000170227,/home/felix/fiftyone/coco-2017/train/data/000000170227.jpg,train,mllm_selection,train:000000170227
coco-2017,000000012321,/home/felix/fiftyone/coco-2017/train/data/000000012321.jpg,train,mllm_selection,train:000000012321
coco-2017,000000543747,/home/felix/fiftyone/coco-2017/train/data/000000543747.jpg,train,mllm_selection,train:000000543747
coco-2017,000000349719,/home/felix/fiftyone/coco-2017/train/data/000000349719.jpg,train,mllm_selection,train:000000349719
coco-2017,000000516503,/home/felix/fiftyone/coco-2017/train/data/000000516503.jpg,train,mllm_selection,train:000000516503
coco-2017,000000208955,/home/felix/fiftyone/coco-2017/train/data/000000208955.jpg,train,mllm_selection,train:000000208955
coco-2017,000000496090,/home/felix/fiftyone/coco-2017/train/data/000000496090.jpg,train,mllm_selection,train:000000496090
coco-2017,000000268151,/home/felix/fiftyone/coco-2017/train/data/000000268151.jpg,train,mllm_selection,train:000000268151
coco-2017,000000358660,/home/felix/fiftyone/coco-2017/train/data/000000358660.jpg,train,mllm_selection,train:000000358660
coco-2017,000000435187,/home/felix/fiftyone/coco-2017/train/data/000000435187.jpg,train,mllm_selection,train:000000435187
coco-2017,000000449171,/home/felix/fiftyone/coco-2017/train/data/000000449171.jpg,train,mllm_selection,train:000000449171
coco-2017,000000512282,/home/felix/fiftyone/coco-2017/train/data/000000512282.jpg,train,mllm_selection,train:000000512282
coco-2017,000000221615,/home/felix/fiftyone/coco-2017/train/data/000000221615.jpg,train,mllm_selection,train:000000221615
coco-2017,000000548550,/home/felix/fiftyone/coco-2017/train/data/000000548550.jpg,train,mllm_selection,train:000000548550
coco-2017,000000359354,/home/felix/fiftyone/coco-2017/train/data/000000359354.jpg,train,mllm_selection,train:000000359354
coco-2017,000000191964,/home/felix/fiftyone/coco-2017/train/data/000000191964.jpg,train,mllm_selection,train:000000191964
coco-2017,000000361233,/home/felix/fiftyone/coco-2017/train/data/000000361233.jpg,train,mllm_selection,train:000000361233
coco-2017,000000097682,/home/felix/fiftyone/coco-2017/train/data/000000097682.jpg,train,mllm_selection,train:000000097682
coco-2017,000000074017,/home/felix/fiftyone/coco-2017/train/data/000000074017.jpg,train,mllm_selection,train:000000074017
coco-2017,000000215546,/home/felix/fiftyone/coco-2017/train/data/000000215546.jpg,train,mllm_selection,train:000000215546
coco-2017,000000558454,/home/felix/fiftyone/coco-2017/train/data/000000558454.jpg,train,mllm_selection,train:000000558454
coco-2017,000000510684,/home/felix/fiftyone/coco-2017/train/data/000000510684.jpg,train,mllm_selection,train:000000510684
coco-2017,000000092627,/home/felix/fiftyone/coco-2017/train/data/000000092627.jpg,train,mllm_selection,train:000000092627
coco-2017,000000551338,/home/felix/fiftyone/coco-2017/train/data/000000551338.jpg,train,mllm_selection,train:000000551338
coco-2017,000000198785,/home/felix/fiftyone/coco-2017/train/data/000000198785.jpg,train,mllm_selection,train:000000198785
coco-2017,000000397859,/home/felix/fiftyone/coco-2017/train/data/000000397859.jpg,train,mllm_selection,train:000000397859
coco-2017,000000390963,/home/felix/fiftyone/coco-2017/train/data/000000390963.jpg,train,mllm_selection,train:000000390963
coco-2017,000000247700,/home/felix/fiftyone/coco-2017/train/data/000000247700.jpg,train,mllm_selection,train:000000247700
coco-2017,000000433705,/home/felix/fiftyone/coco-2017/train/data/000000433705.jpg,train,mllm_selection,train:000000433705
coco-2017,000000522280,/home/felix/fiftyone/coco-2017/train/data/000000522280.jpg,train,mllm_selection,train:000000522280
coco-2017,000000113144,/home/felix/fiftyone/coco-2017/train/data/000000113144.jpg,train,mllm_selection,train:000000113144
coco-2017,000000417248,/home/felix/fiftyone/coco-2017/train/data/000000417248.jpg,train,mllm_selection,train:000000417248
coco-2017,000000439676,/home/felix/fiftyone/coco-2017/train/data/000000439676.jpg,train,mllm_selection,train:000000439676
coco-2017,000000433723,/home/felix/fiftyone/coco-2017/train/data/000000433723.jpg,train,mllm_selection,train:000000433723
coco-2017,000000402335,/home/felix/fiftyone/coco-2017/train/data/000000402335.jpg,train,mllm_selection,train:000000402335
coco-2017,000000401400,/home/felix/fiftyone/coco-2017/train/data/000000401400.jpg,train,mllm_selection,train:000000401400
coco-2017,000000154567,/home/felix/fiftyone/coco-2017/train/data/000000154567.jpg,train,mllm_selection,train:000000154567
coco-2017,000000196839,/home/felix/fiftyone/coco-2017/train/data/000000196839.jpg,train,mllm_selection,train:000000196839
coco-2017,000000473323,/home/felix/fiftyone/coco-2017/train/data/000000473323.jpg,train,mllm_selection,train:000000473323
coco-2017,000000559364,/home/felix/fiftyone/coco-2017/train/data/000000559364.jpg,train,mllm_selection,train:000000559364
coco-2017,000000161758,/home/felix/fiftyone/coco-2017/train/data/000000161758.jpg,train,mllm_selection,train:000000161758
coco-2017,000000387083,/home/felix/fiftyone/coco-2017/train/data/000000387083.jpg,train,mllm_selection,train:000000387083
coco-2017,000000382472,/home/felix/fiftyone/coco-2017/train/data/000000382472.jpg,train,mllm_selection,train:000000382472
coco-2017,000000425691,/home/felix/fiftyone/coco-2017/train/data/000000425691.jpg,train,mllm_selection,train:000000425691
coco-2017,000000191251,/home/felix/fiftyone/coco-2017/train/data/000000191251.jpg,train,mllm_selection,train:000000191251
coco-2017,000000577451,/home/felix/fiftyone/coco-2017/train/data/000000577451.jpg,train,mllm_selection,train:000000577451
coco-2017,000000465267,/home/felix/fiftyone/coco-2017/train/data/000000465267.jpg,train,mllm_selection,train:000000465267
coco-2017,000000325992,/home/felix/fiftyone/coco-2017/train/data/000000325992.jpg,train,mllm_selection,train:000000325992
coco-2017,000000169360,/home/felix/fiftyone/coco-2017/train/data/000000169360.jpg,train,mllm_selection,train:000000169360
coco-2017,000000485081,/home/felix/fiftyone/coco-2017/train/data/000000485081.jpg,train,mllm_selection,train:000000485081
coco-2017,000000028389,/home/felix/fiftyone/coco-2017/train/data/000000028389.jpg,train,mllm_selection,train:000000028389
coco-2017,000000573406,/home/felix/fiftyone/coco-2017/train/data/000000573406.jpg,train,mllm_selection,train:000000573406
coco-2017,000000449660,/home/felix/fiftyone/coco-2017/train/data/000000449660.jpg,train,mllm_selection,train:000000449660
coco-2017,000000396811,/home/felix/fiftyone/coco-2017/train/data/000000396811.jpg,train,mllm_selection,train:000000396811
coco-2017,000000533532,/home/felix/fiftyone/coco-2017/train/data/000000533532.jpg,train,mllm_selection,train:000000533532
coco-2017,000000310804,/home/felix/fiftyone/coco-2017/train/data/000000310804.jpg,train,mllm_selection,train:000000310804
coco-2017,000000039438,/home/felix/fiftyone/coco-2017/train/data/000000039438.jpg,train,mllm_selection,train:000000039438
coco-2017,000000336667,/home/felix/fiftyone/coco-2017/train/data/000000336667.jpg,train,mllm_selection,train:000000336667
coco-2017,000000165451,/home/felix/fiftyone/coco-2017/train/data/000000165451.jpg,train,mllm_selection,train:000000165451
coco-2017,000000348982,/home/felix/fiftyone/coco-2017/train/data/000000348982.jpg,train,mllm_selection,train:000000348982
coco-2017,000000527193,/home/felix/fiftyone/coco-2017/train/data/000000527193.jpg,train,mllm_selection,train:000000527193
coco-2017,000000130413,/home/felix/fiftyone/coco-2017/train/data/000000130413.jpg,train,mllm_selection,train:000000130413
coco-2017,000000050552,/home/felix/fiftyone/coco-2017/train/data/000000050552.jpg,train,mllm_selection,train:000000050552
coco-2017,000000217676,/home/felix/fiftyone/coco-2017/train/data/000000217676.jpg,train,mllm_selection,train:000000217676
coco-2017,000000107051,/home/felix/fiftyone/coco-2017/train/data/000000107051.jpg,train,mllm_selection,train:000000107051
coco-2017,000000255934,/home/felix/fiftyone/coco-2017/train/data/000000255934.jpg,train,mllm_selection,train:000000255934
coco-2017,000000010037,/home/felix/fiftyone/coco-2017/train/data/000000010037.jpg,train,mllm_selection,train:000000010037
coco-2017,000000272635,/home/felix/fiftyone/coco-2017/train/data/000000272635.jpg,train,mllm_selection,train:000000272635
coco-2017,000000447376,/home/felix/fiftyone/coco-2017/train/data/000000447376.jpg,train,mllm_selection,train:000000447376
coco-2017,000000291574,/home/felix/fiftyone/coco-2017/train/data/000000291574.jpg,train,mllm_selection,train:000000291574
coco-2017,000000346093,/home/felix/fiftyone/coco-2017/train/data/000000346093.jpg,train,mllm_selection,train:000000346093
coco-2017,000000058241,/home/felix/fiftyone/coco-2017/train/data/000000058241.jpg,train,mllm_selection,train:000000058241
coco-2017,000000274547,/home/felix/fiftyone/coco-2017/train/data/000000274547.jpg,train,mllm_selection,train:000000274547
coco-2017,000000310227,/home/felix/fiftyone/coco-2017/train/data/000000310227.jpg,train,mllm_selection,train:000000310227
coco-2017,000000428148,/home/felix/fiftyone/coco-2017/train/data/000000428148.jpg,train,mllm_selection,train:000000428148
coco-2017,000000276956,/home/felix/fiftyone/coco-2017/train/data/000000276956.jpg,train,mllm_selection,train:000000276956
coco-2017,000000359772,/home/felix/fiftyone/coco-2017/train/data/000000359772.jpg,train,mllm_selection,train:000000359772
coco-2017,000000386400,/home/felix/fiftyone/coco-2017/train/data/000000386400.jpg,train,mllm_selection,train:000000386400
coco-2017,000000302312,/home/felix/fiftyone/coco-2017/train/data/000000302312.jpg,train,mllm_selection,train:000000302312
coco-2017,000000512785,/home/felix/fiftyone/coco-2017/train/data/000000512785.jpg,train,mllm_selection,train:000000512785
coco-2017,000000462381,/home/felix/fiftyone/coco-2017/train/data/000000462381.jpg,train,mllm_selection,train:000000462381
coco-2017,000000299134,/home/felix/fiftyone/coco-2017/train/data/000000299134.jpg,train,mllm_selection,train:000000299134
coco-2017,000000045197,/home/felix/fiftyone/coco-2017/train/data/000000045197.jpg,train,mllm_selection,train:000000045197
coco-2017,000000149657,/home/felix/fiftyone/coco-2017/train/data/000000149657.jpg,train,mllm_selection,train:000000149657
coco-2017,000000237897,/home/felix/fiftyone/coco-2017/train/data/000000237897.jpg,train,mllm_selection,train:000000237897
coco-2017,000000262092,/home/felix/fiftyone/coco-2017/train/data/000000262092.jpg,train,mllm_selection,train:000000262092
coco-2017,000000471880,/home/felix/fiftyone/coco-2017/train/data/000000471880.jpg,train,mllm_selection,train:000000471880
coco-2017,000000207676,/home/felix/fiftyone/coco-2017/train/data/000000207676.jpg,train,mllm_selection,train:000000207676
coco-2017,000000345952,/home/felix/fiftyone/coco-2017/train/data/000000345952.jpg,train,mllm_selection,train:000000345952
coco-2017,000000016233,/home/felix/fiftyone/coco-2017/train/data/000000016233.jpg,train,mllm_selection,train:000000016233
coco-2017,000000491450,/home/felix/fiftyone/coco-2017/train/data/000000491450.jpg,train,mllm_selection,train:000000491450
coco-2017,000000248833,/home/felix/fiftyone/coco-2017/train/data/000000248833.jpg,train,mllm_selection,train:000000248833
coco-2017,000000548965,/home/felix/fiftyone/coco-2017/train/data/000000548965.jpg,train,mllm_selection,train:000000548965
coco-2017,000000432998,/home/felix/fiftyone/coco-2017/train/data/000000432998.jpg,train,mllm_selection,train:000000432998
coco-2017,000000070480,/home/felix/fiftyone/coco-2017/train/data/000000070480.jpg,train,mllm_selection,train:000000070480
coco-2017,000000098550,/home/felix/fiftyone/coco-2017/train/data/000000098550.jpg,train,mllm_selection,train:000000098550
coco-2017,000000149371,/home/felix/fiftyone/coco-2017/train/data/000000149371.jpg,train,mllm_selection,train:000000149371
coco-2017,000000124004,/home/felix/fiftyone/coco-2017/train/data/000000124004.jpg,train,mllm_selection,train:000000124004
coco-2017,000000446603,/home/felix/fiftyone/coco-2017/train/data/000000446603.jpg,train,mllm_selection,train:000000446603
coco-2017,000000550968,/home/felix/fiftyone/coco-2017/train/data/000000550968.jpg,train,mllm_selection,train:000000550968
coco-2017,000000288827,/home/felix/fiftyone/coco-2017/train/data/000000288827.jpg,train,mllm_selection,train:000000288827
coco-2017,000000560721,/home/felix/fiftyone/coco-2017/train/data/000000560721.jpg,train,mllm_selection,train:000000560721
coco-2017,000000007762,/home/felix/fiftyone/coco-2017/train/data/000000007762.jpg,train,mllm_selection,train:000000007762
coco-2017,000000440124,/home/felix/fiftyone/coco-2017/train/data/000000440124.jpg,train,mllm_selection,train:000000440124
coco-2017,000000259793,/home/felix/fiftyone/coco-2017/train/data/000000259793.jpg,train,mllm_selection,train:000000259793
coco-2017,000000348134,/home/felix/fiftyone/coco-2017/train/data/000000348134.jpg,train,mllm_selection,train:000000348134
coco-2017,000000539376,/home/felix/fiftyone/coco-2017/train/data/000000539376.jpg,train,mllm_selection,train:000000539376
coco-2017,000000263178,/home/felix/fiftyone/coco-2017/train/data/000000263178.jpg,train,mllm_selection,train:000000263178
coco-2017,000000294051,/home/felix/fiftyone/coco-2017/train/data/000000294051.jpg,train,mllm_selection,train:000000294051
coco-2017,000000478328,/home/felix/fiftyone/coco-2017/train/data/000000478328.jpg,train,mllm_selection,train:000000478328
coco-2017,000000195724,/home/felix/fiftyone/coco-2017/train/data/000000195724.jpg,train,mllm_selection,train:000000195724
coco-2017,000000282768,/home/felix/fiftyone/coco-2017/train/data/000000282768.jpg,train,mllm_selection,train:000000282768
coco-2017,000000027538,/home/felix/fiftyone/coco-2017/train/data/000000027538.jpg,train,mllm_selection,train:000000027538
coco-2017,000000458862,/home/felix/fiftyone/coco-2017/train/data/000000458862.jpg,train,mllm_selection,train:000000458862
coco-2017,000000063938,/home/felix/fiftyone/coco-2017/train/data/000000063938.jpg,train,mllm_selection,train:000000063938
coco-2017,000000473952,/home/felix/fiftyone/coco-2017/train/data/000000473952.jpg,train,mllm_selection,train:000000473952
coco-2017,000000361029,/home/felix/fiftyone/coco-2017/train/data/000000361029.jpg,train,mllm_selection,train:000000361029
coco-2017,000000504338,/home/felix/fiftyone/coco-2017/train/data/000000504338.jpg,train,mllm_selection,train:000000504338
coco-2017,000000068595,/home/felix/fiftyone/coco-2017/train/data/000000068595.jpg,train,mllm_selection,train:000000068595
coco-2017,000000168259,/home/felix/fiftyone/coco-2017/train/data/000000168259.jpg,train,mllm_selection,train:000000168259
coco-2017,000000290684,/home/felix/fiftyone/coco-2017/train/data/000000290684.jpg,train,mllm_selection,train:000000290684
coco-2017,000000219462,/home/felix/fiftyone/coco-2017/train/data/000000219462.jpg,train,mllm_selection,train:000000219462
coco-2017,000000182164,/home/felix/fiftyone/coco-2017/train/data/000000182164.jpg,train,mllm_selection,train:000000182164
coco-2017,000000471839,/home/felix/fiftyone/coco-2017/train/data/000000471839.jpg,train,mllm_selection,train:000000471839
coco-2017,000000569946,/home/felix/fiftyone/coco-2017/train/data/000000569946.jpg,train,mllm_selection,train:000000569946
coco-2017,000000425219,/home/felix/fiftyone/coco-2017/train/data/000000425219.jpg,train,mllm_selection,train:000000425219
coco-2017,000000571311,/home/felix/fiftyone/coco-2017/train/data/000000571311.jpg,train,mllm_selection,train:000000571311
coco-2017,000000375220,/home/felix/fiftyone/coco-2017/train/data/000000375220.jpg,train,mllm_selection,train:000000375220
coco-2017,000000057107,/home/felix/fiftyone/coco-2017/train/data/000000057107.jpg,train,mllm_selection,train:000000057107
coco-2017,000000093644,/home/felix/fiftyone/coco-2017/train/data/000000093644.jpg,train,mllm_selection,train:000000093644
coco-2017,000000156152,/home/felix/fiftyone/coco-2017/train/data/000000156152.jpg,train,mllm_selection,train:000000156152
coco-2017,000000161337,/home/felix/fiftyone/coco-2017/train/data/000000161337.jpg,train,mllm_selection,train:000000161337
coco-2017,000000225383,/home/felix/fiftyone/coco-2017/train/data/000000225383.jpg,train,mllm_selection,train:000000225383
coco-2017,000000438053,/home/felix/fiftyone/coco-2017/train/data/000000438053.jpg,train,mllm_selection,train:000000438053
coco-2017,000000299649,/home/felix/fiftyone/coco-2017/train/data/000000299649.jpg,train,mllm_selection,train:000000299649
coco-2017,000000336081,/home/felix/fiftyone/coco-2017/train/data/000000336081.jpg,train,mllm_selection,train:000000336081
coco-2017,000000511554,/home/felix/fiftyone/coco-2017/train/data/000000511554.jpg,train,mllm_selection,train:000000511554
coco-2017,000000209266,/home/felix/fiftyone/coco-2017/train/data/000000209266.jpg,train,mllm_selection,train:000000209266
coco-2017,000000546126,/home/felix/fiftyone/coco-2017/train/data/000000546126.jpg,train,mllm_selection,train:000000546126
coco-2017,000000390086,/home/felix/fiftyone/coco-2017/train/data/000000390086.jpg,train,mllm_selection,train:000000390086
coco-2017,000000144049,/home/felix/fiftyone/coco-2017/train/data/000000144049.jpg,train,mllm_selection,train:000000144049
coco-2017,000000447991,/home/felix/fiftyone/coco-2017/train/data/000000447991.jpg,train,mllm_selection,train:000000447991
coco-2017,000000420354,/home/felix/fiftyone/coco-2017/train/data/000000420354.jpg,train,mllm_selection,train:000000420354
coco-2017,000000022575,/home/felix/fiftyone/coco-2017/train/data/000000022575.jpg,train,mllm_selection,train:000000022575
coco-2017,000000172366,/home/felix/fiftyone/coco-2017/train/data/000000172366.jpg,train,mllm_selection,train:000000172366
coco-2017,000000132591,/home/felix/fiftyone/coco-2017/train/data/000000132591.jpg,train,mllm_selection,train:000000132591
coco-2017,000000565849,/home/felix/fiftyone/coco-2017/train/data/000000565849.jpg,train,mllm_selection,train:000000565849
coco-2017,000000142240,/home/felix/fiftyone/coco-2017/train/data/000000142240.jpg,train,mllm_selection,train:000000142240
coco-2017,000000276531,/home/felix/fiftyone/coco-2017/train/data/000000276531.jpg,train,mllm_selection,train:000000276531
coco-2017,000000514099,/home/felix/fiftyone/coco-2017/train/data/000000514099.jpg,train,mllm_selection,train:000000514099
coco-2017,000000568156,/home/felix/fiftyone/coco-2017/train/data/000000568156.jpg,train,mllm_selection,train:000000568156
coco-2017,000000554621,/home/felix/fiftyone/coco-2017/train/data/000000554621.jpg,train,mllm_selection,train:000000554621
coco-2017,000000022056,/home/felix/fiftyone/coco-2017/train/data/000000022056.jpg,train,mllm_selection,train:000000022056
coco-2017,000000084801,/home/felix/fiftyone/coco-2017/train/data/000000084801.jpg,train,mllm_selection,train:000000084801
coco-2017,000000437370,/home/felix/fiftyone/coco-2017/train/data/000000437370.jpg,train,mllm_selection,train:000000437370
coco-2017,000000253710,/home/felix/fiftyone/coco-2017/train/data/000000253710.jpg,train,mllm_selection,train:000000253710
coco-2017,000000387900,/home/felix/fiftyone/coco-2017/train/data/000000387900.jpg,train,mllm_selection,train:000000387900
coco-2017,000000216044,/home/felix/fiftyone/coco-2017/train/data/000000216044.jpg,train,mllm_selection,train:000000216044
coco-2017,000000204272,/home/felix/fiftyone/coco-2017/train/data/000000204272.jpg,train,mllm_selection,train:000000204272
coco-2017,000000503501,/home/felix/fiftyone/coco-2017/train/data/000000503501.jpg,train,mllm_selection,train:000000503501
coco-2017,000000047857,/home/felix/fiftyone/coco-2017/train/data/000000047857.jpg,train,mllm_selection,train:000000047857
coco-2017,000000361190,/home/felix/fiftyone/coco-2017/train/data/000000361190.jpg,train,mllm_selection,train:000000361190
coco-2017,000000356586,/home/felix/fiftyone/coco-2017/train/data/000000356586.jpg,train,mllm_selection,train:000000356586
coco-2017,000000449152,/home/felix/fiftyone/coco-2017/train/data/000000449152.jpg,train,mllm_selection,train:000000449152
coco-2017,000000455182,/home/felix/fiftyone/coco-2017/train/data/000000455182.jpg,train,mllm_selection,train:000000455182
coco-2017,000000423962,/home/felix/fiftyone/coco-2017/train/data/000000423962.jpg,train,mllm_selection,train:000000423962
coco-2017,000000278512,/home/felix/fiftyone/coco-2017/train/data/000000278512.jpg,train,mllm_selection,train:000000278512
coco-2017,000000552198,/home/felix/fiftyone/coco-2017/train/data/000000552198.jpg,train,mllm_selection,train:000000552198
coco-2017,000000530777,/home/felix/fiftyone/coco-2017/train/data/000000530777.jpg,train,mllm_selection,train:000000530777
coco-2017,000000522054,/home/felix/fiftyone/coco-2017/train/data/000000522054.jpg,train,mllm_selection,train:000000522054
coco-2017,000000448439,/home/felix/fiftyone/coco-2017/train/data/000000448439.jpg,train,mllm_selection,train:000000448439
coco-2017,000000541391,/home/felix/fiftyone/coco-2017/train/data/000000541391.jpg,train,mllm_selection,train:000000541391
coco-2017,000000277681,/home/felix/fiftyone/coco-2017/train/data/000000277681.jpg,train,mllm_selection,train:000000277681
coco-2017,000000305703,/home/felix/fiftyone/coco-2017/train/data/000000305703.jpg,train,mllm_selection,train:000000305703
coco-2017,000000533258,/home/felix/fiftyone/coco-2017/train/data/000000533258.jpg,train,mllm_selection,train:000000533258
coco-2017,000000388616,/home/felix/fiftyone/coco-2017/train/data/000000388616.jpg,train,mllm_selection,train:000000388616
coco-2017,000000348841,/home/felix/fiftyone/coco-2017/train/data/000000348841.jpg,train,mllm_selection,train:000000348841
coco-2017,000000109776,/home/felix/fiftyone/coco-2017/train/data/000000109776.jpg,train,mllm_selection,train:000000109776
coco-2017,000000010138,/home/felix/fiftyone/coco-2017/train/data/000000010138.jpg,train,mllm_selection,train:000000010138
coco-2017,000000465005,/home/felix/fiftyone/coco-2017/train/data/000000465005.jpg,train,mllm_selection,train:000000465005
coco-2017,000000400740,/home/felix/fiftyone/coco-2017/train/data/000000400740.jpg,train,mllm_selection,train:000000400740
coco-2017,000000522270,/home/felix/fiftyone/coco-2017/train/data/000000522270.jpg,train,mllm_selection,train:000000522270
coco-2017,000000105605,/home/felix/fiftyone/coco-2017/train/data/000000105605.jpg,train,mllm_selection,train:000000105605
coco-2017,000000512183,/home/felix/fiftyone/coco-2017/train/data/000000512183.jpg,train,mllm_selection,train:000000512183
coco-2017,000000520701,/home/felix/fiftyone/coco-2017/train/data/000000520701.jpg,train,mllm_selection,train:000000520701
coco-2017,000000070745,/home/felix/fiftyone/coco-2017/train/data/000000070745.jpg,train,mllm_selection,train:000000070745
coco-2017,000000238505,/home/felix/fiftyone/coco-2017/train/data/000000238505.jpg,train,mllm_selection,train:000000238505
coco-2017,000000174573,/home/felix/fiftyone/coco-2017/train/data/000000174573.jpg,train,mllm_selection,train:000000174573
coco-2017,000000387576,/home/felix/fiftyone/coco-2017/train/data/000000387576.jpg,train,mllm_selection,train:000000387576
coco-2017,000000197713,/home/felix/fiftyone/coco-2017/train/data/000000197713.jpg,train,mllm_selection,train:000000197713
coco-2017,000000476950,/home/felix/fiftyone/coco-2017/train/data/000000476950.jpg,train,mllm_selection,train:000000476950
coco-2017,000000278853,/home/felix/fiftyone/coco-2017/train/data/000000278853.jpg,train,mllm_selection,train:000000278853
coco-2017,000000094795,/home/felix/fiftyone/coco-2017/train/data/000000094795.jpg,train,mllm_selection,train:000000094795
coco-2017,000000007276,/home/felix/fiftyone/coco-2017/train/data/000000007276.jpg,train,mllm_selection,train:000000007276
coco-2017,000000301334,/home/felix/fiftyone/coco-2017/train/data/000000301334.jpg,train,mllm_selection,train:000000301334
coco-2017,000000493395,/home/felix/fiftyone/coco-2017/train/data/000000493395.jpg,train,mllm_selection,train:000000493395
coco-2017,000000172979,/home/felix/fiftyone/coco-2017/train/data/000000172979.jpg,train,mllm_selection,train:000000172979
coco-2017,000000090125,/home/felix/fiftyone/coco-2017/train/data/000000090125.jpg,train,mllm_selection,train:000000090125
coco-2017,000000403710,/home/felix/fiftyone/coco-2017/train/data/000000403710.jpg,train,mllm_selection,train:000000403710
coco-2017,000000107565,/home/felix/fiftyone/coco-2017/train/data/000000107565.jpg,train,mllm_selection,train:000000107565
coco-2017,000000280260,/home/felix/fiftyone/coco-2017/train/data/000000280260.jpg,train,mllm_selection,train:000000280260
coco-2017,000000545361,/home/felix/fiftyone/coco-2017/train/data/000000545361.jpg,train,mllm_selection,train:000000545361
coco-2017,000000146315,/home/felix/fiftyone/coco-2017/train/data/000000146315.jpg,train,mllm_selection,train:000000146315
coco-2017,000000115404,/home/felix/fiftyone/coco-2017/train/data/000000115404.jpg,train,mllm_selection,train:000000115404
coco-2017,000000116735,/home/felix/fiftyone/coco-2017/train/data/000000116735.jpg,train,mllm_selection,train:000000116735
coco-2017,000000063478,/home/felix/fiftyone/coco-2017/train/data/000000063478.jpg,train,mllm_selection,train:000000063478
coco-2017,000000126027,/home/felix/fiftyone/coco-2017/train/data/000000126027.jpg,train,mllm_selection,train:000000126027
coco-2017,000000016730,/home/felix/fiftyone/coco-2017/train/data/000000016730.jpg,train,mllm_selection,train:000000016730
coco-2017,000000290192,/home/felix/fiftyone/coco-2017/train/data/000000290192.jpg,train,mllm_selection,train:000000290192
coco-2017,000000104495,/home/felix/fiftyone/coco-2017/train/data/000000104495.jpg,train,mllm_selection,train:000000104495
coco-2017,000000579261,/home/felix/fiftyone/coco-2017/train/data/000000579261.jpg,train,mllm_selection,train:000000579261
coco-2017,000000091842,/home/felix/fiftyone/coco-2017/train/data/000000091842.jpg,train,mllm_selection,train:000000091842
coco-2017,000000384030,/home/felix/fiftyone/coco-2017/train/data/000000384030.jpg,train,mllm_selection,train:000000384030
coco-2017,000000201115,/home/felix/fiftyone/coco-2017/train/data/000000201115.jpg,train,mllm_selection,train:000000201115
coco-2017,000000176925,/home/felix/fiftyone/coco-2017/train/data/000000176925.jpg,train,mllm_selection,train:000000176925
coco-2017,000000345275,/home/felix/fiftyone/coco-2017/train/data/000000345275.jpg,train,mllm_selection,train:000000345275
coco-2017,000000078633,/home/felix/fiftyone/coco-2017/train/data/000000078633.jpg,train,mllm_selection,train:000000078633
coco-2017,000000389595,/home/felix/fiftyone/coco-2017/train/data/000000389595.jpg,train,mllm_selection,train:000000389595
coco-2017,000000264282,/home/felix/fiftyone/coco-2017/train/data/000000264282.jpg,train,mllm_selection,train:000000264282
coco-2017,000000376623,/home/felix/fiftyone/coco-2017/train/data/000000376623.jpg,train,mllm_selection,train:000000376623
coco-2017,000000446494,/home/felix/fiftyone/coco-2017/train/data/000000446494.jpg,train,mllm_selection,train:000000446494
coco-2017,000000242301,/home/felix/fiftyone/coco-2017/train/data/000000242301.jpg,train,mllm_selection,train:000000242301
coco-2017,000000025854,/home/felix/fiftyone/coco-2017/train/data/000000025854.jpg,train,mllm_selection,train:000000025854
coco-2017,000000428291,/home/felix/fiftyone/coco-2017/train/data/000000428291.jpg,train,mllm_selection,train:000000428291
coco-2017,000000491742,/home/felix/fiftyone/coco-2017/train/data/000000491742.jpg,train,mllm_selection,train:000000491742
coco-2017,000000139130,/home/felix/fiftyone/coco-2017/train/data/000000139130.jpg,train,mllm_selection,train:000000139130
coco-2017,000000355950,/home/felix/fiftyone/coco-2017/train/data/000000355950.jpg,train,mllm_selection,train:000000355950
coco-2017,000000378604,/home/felix/fiftyone/coco-2017/train/data/000000378604.jpg,train,mllm_selection,train:000000378604
coco-2017,000000080686,/home/felix/fiftyone/coco-2017/train/data/000000080686.jpg,train,mllm_selection,train:000000080686
coco-2017,000000048199,/home/felix/fiftyone/coco-2017/train/data/000000048199.jpg,train,mllm_selection,train:000000048199
coco-2017,000000366934,/home/felix/fiftyone/coco-2017/train/data/000000366934.jpg,train,mllm_selection,train:000000366934
coco-2017,000000263104,/home/felix/fiftyone/coco-2017/train/data/000000263104.jpg,train,mllm_selection,train:000000263104
coco-2017,000000459401,/home/felix/fiftyone/coco-2017/train/data/000000459401.jpg,train,mllm_selection,train:000000459401
coco-2017,000000097369,/home/felix/fiftyone/coco-2017/train/data/000000097369.jpg,train,mllm_selection,train:000000097369
coco-2017,000000566076,/home/felix/fiftyone/coco-2017/train/data/000000566076.jpg,train,mllm_selection,train:000000566076
coco-2017,000000475523,/home/felix/fiftyone/coco-2017/train/data/000000475523.jpg,train,mllm_selection,train:000000475523
coco-2017,000000474369,/home/felix/fiftyone/coco-2017/train/data/000000474369.jpg,train,mllm_selection,train:000000474369
coco-2017,000000011233,/home/felix/fiftyone/coco-2017/train/data/000000011233.jpg,train,mllm_selection,train:000000011233
coco-2017,000000227732,/home/felix/fiftyone/coco-2017/train/data/000000227732.jpg,train,mllm_selection,train:000000227732
coco-2017,000000426803,/home/felix/fiftyone/coco-2017/train/data/000000426803.jpg,train,mllm_selection,train:000000426803
coco-2017,000000506315,/home/felix/fiftyone/coco-2017/train/data/000000506315.jpg,train,mllm_selection,train:000000506315
coco-2017,000000194896,/home/felix/fiftyone/coco-2017/train/data/000000194896.jpg,train,mllm_selection,train:000000194896
coco-2017,000000104796,/home/felix/fiftyone/coco-2017/train/data/000000104796.jpg,train,mllm_selection,train:000000104796
coco-2017,000000184143,/home/felix/fiftyone/coco-2017/train/data/000000184143.jpg,train,mllm_selection,train:000000184143
coco-2017,000000261720,/home/felix/fiftyone/coco-2017/train/data/000000261720.jpg,train,mllm_selection,train:000000261720
coco-2017,000000461286,/home/felix/fiftyone/coco-2017/train/data/000000461286.jpg,train,mllm_selection,train:000000461286
coco-2017,000000364815,/home/felix/fiftyone/coco-2017/train/data/000000364815.jpg,train,mllm_selection,train:000000364815
coco-2017,000000100482,/home/felix/fiftyone/coco-2017/train/data/000000100482.jpg,train,mllm_selection,train:000000100482
coco-2017,000000285325,/home/felix/fiftyone/coco-2017/train/data/000000285325.jpg,train,mllm_selection,train:000000285325
coco-2017,000000538879,/home/felix/fiftyone/coco-2017/train/data/000000538879.jpg,train,mllm_selection,train:000000538879
coco-2017,000000565269,/home/felix/fiftyone/coco-2017/train/data/000000565269.jpg,train,mllm_selection,train:000000565269
coco-2017,000000127491,/home/felix/fiftyone/coco-2017/train/data/000000127491.jpg,train,mllm_selection,train:000000127491
coco-2017,000000498061,/home/felix/fiftyone/coco-2017/train/data/000000498061.jpg,train,mllm_selection,train:000000498061
coco-2017,000000242001,/home/felix/fiftyone/coco-2017/train/data/000000242001.jpg,train,mllm_selection,train:000000242001
coco-2017,000000008944,/home/felix/fiftyone/coco-2017/train/data/000000008944.jpg,train,mllm_selection,train:000000008944
coco-2017,000000444928,/home/felix/fiftyone/coco-2017/train/data/000000444928.jpg,train,mllm_selection,train:000000444928
coco-2017,000000382615,/home/felix/fiftyone/coco-2017/train/data/000000382615.jpg,train,mllm_selection,train:000000382615
coco-2017,000000287781,/home/felix/fiftyone/coco-2017/train/data/000000287781.jpg,train,mllm_selection,train:000000287781
coco-2017,000000150773,/home/felix/fiftyone/coco-2017/train/data/000000150773.jpg,train,mllm_selection,train:000000150773
coco-2017,000000320217,/home/felix/fiftyone/coco-2017/train/data/000000320217.jpg,train,mllm_selection,train:000000320217
coco-2017,000000479202,/home/felix/fiftyone/coco-2017/train/data/000000479202.jpg,train,mllm_selection,train:000000479202
coco-2017,000000253958,/home/felix/fiftyone/coco-2017/train/data/000000253958.jpg,train,mllm_selection,train:000000253958
coco-2017,000000548951,/home/felix/fiftyone/coco-2017/train/data/000000548951.jpg,train,mllm_selection,train:000000548951
coco-2017,000000221883,/home/felix/fiftyone/coco-2017/train/data/000000221883.jpg,train,mllm_selection,train:000000221883
coco-2017,000000129379,/home/felix/fiftyone/coco-2017/train/data/000000129379.jpg,train,mllm_selection,train:000000129379
coco-2017,000000374734,/home/felix/fiftyone/coco-2017/train/data/000000374734.jpg,train,mllm_selection,train:000000374734
coco-2017,000000381186,/home/felix/fiftyone/coco-2017/train/data/000000381186.jpg,train,mllm_selection,train:000000381186
coco-2017,000000431240,/home/felix/fiftyone/coco-2017/train/data/000000431240.jpg,train,mllm_selection,train:000000431240
coco-2017,000000483182,/home/felix/fiftyone/coco-2017/train/data/000000483182.jpg,train,mllm_selection,train:000000483182
coco-2017,000000113054,/home/felix/fiftyone/coco-2017/train/data/000000113054.jpg,train,mllm_selection,train:000000113054
coco-2017,000000383807,/home/felix/fiftyone/coco-2017/train/data/000000383807.jpg,train,mllm_selection,train:000000383807
coco-2017,000000255124,/home/felix/fiftyone/coco-2017/train/data/000000255124.jpg,train,mllm_selection,train:000000255124
coco-2017,000000324740,/home/felix/fiftyone/coco-2017/train/data/000000324740.jpg,train,mllm_selection,train:000000324740
coco-2017,000000090778,/home/felix/fiftyone/coco-2017/train/data/000000090778.jpg,train,mllm_selection,train:000000090778
coco-2017,000000356201,/home/felix/fiftyone/coco-2017/train/data/000000356201.jpg,train,mllm_selection,train:000000356201
coco-2017,000000192181,/home/felix/fiftyone/coco-2017/train/data/000000192181.jpg,train,mllm_selection,train:000000192181
coco-2017,000000480487,/home/felix/fiftyone/coco-2017/train/data/000000480487.jpg,train,mllm_selection,train:000000480487
coco-2017,000000409030,/home/felix/fiftyone/coco-2017/train/data/000000409030.jpg,train,mllm_selection,train:000000409030
coco-2017,000000061911,/home/felix/fiftyone/coco-2017/train/data/000000061911.jpg,train,mllm_selection,train:000000061911
coco-2017,000000565429,/home/felix/fiftyone/coco-2017/train/data/000000565429.jpg,train,mllm_selection,train:000000565429
coco-2017,000000104166,/home/felix/fiftyone/coco-2017/train/data/000000104166.jpg,train,mllm_selection,train:000000104166
coco-2017,000000376233,/home/felix/fiftyone/coco-2017/train/data/000000376233.jpg,train,mllm_selection,train:000000376233
coco-2017,000000546292,/home/felix/fiftyone/coco-2017/train/data/000000546292.jpg,train,mllm_selection,train:000000546292
coco-2017,000000538285,/home/felix/fiftyone/coco-2017/train/data/000000538285.jpg,train,mllm_selection,train:000000538285
coco-2017,000000259811,/home/felix/fiftyone/coco-2017/train/data/000000259811.jpg,train,mllm_selection,train:000000259811
coco-2017,000000560148,/home/felix/fiftyone/coco-2017/train/data/000000560148.jpg,train,mllm_selection,train:000000560148
coco-2017,000000431452,/home/felix/fiftyone/coco-2017/train/data/000000431452.jpg,train,mllm_selection,train:000000431452
coco-2017,000000502152,/home/felix/fiftyone/coco-2017/train/data/000000502152.jpg,train,mllm_selection,train:000000502152
coco-2017,000000468280,/home/felix/fiftyone/coco-2017/train/data/000000468280.jpg,train,mllm_selection,train:000000468280
coco-2017,000000333922,/home/felix/fiftyone/coco-2017/train/data/000000333922.jpg,train,mllm_selection,train:000000333922
coco-2017,000000410082,/home/felix/fiftyone/coco-2017/train/data/000000410082.jpg,train,mllm_selection,train:000000410082
coco-2017,000000128838,/home/felix/fiftyone/coco-2017/train/data/000000128838.jpg,train,mllm_selection,train:000000128838
coco-2017,000000280469,/home/felix/fiftyone/coco-2017/train/data/000000280469.jpg,train,mllm_selection,train:000000280469
coco-2017,000000012059,/home/felix/fiftyone/coco-2017/train/data/000000012059.jpg,train,mllm_selection,train:000000012059
coco-2017,000000566771,/home/felix/fiftyone/coco-2017/train/data/000000566771.jpg,train,mllm_selection,train:000000566771
coco-2017,000000498381,/home/felix/fiftyone/coco-2017/train/data/000000498381.jpg,train,mllm_selection,train:000000498381
coco-2017,000000086584,/home/felix/fiftyone/coco-2017/train/data/000000086584.jpg,train,mllm_selection,train:000000086584
coco-2017,000000548291,/home/felix/fiftyone/coco-2017/train/data/000000548291.jpg,train,mllm_selection,train:000000548291
coco-2017,000000219434,/home/felix/fiftyone/coco-2017/train/data/000000219434.jpg,train,mllm_selection,train:000000219434
coco-2017,000000534093,/home/felix/fiftyone/coco-2017/train/data/000000534093.jpg,train,mllm_selection,train:000000534093
coco-2017,000000134085,/home/felix/fiftyone/coco-2017/train/data/000000134085.jpg,train,mllm_selection,train:000000134085
coco-2017,000000449835,/home/felix/fiftyone/coco-2017/train/data/000000449835.jpg,train,mllm_selection,train:000000449835
coco-2017,000000217191,/home/felix/fiftyone/coco-2017/train/data/000000217191.jpg,train,mllm_selection,train:000000217191
coco-2017,000000396213,/home/felix/fiftyone/coco-2017/train/data/000000396213.jpg,train,mllm_selection,train:000000396213
coco-2017,000000024591,/home/felix/fiftyone/coco-2017/train/data/000000024591.jpg,train,mllm_selection,train:000000024591
coco-2017,000000009708,/home/felix/fiftyone/coco-2017/train/data/000000009708.jpg,train,mllm_selection,train:000000009708
coco-2017,000000438157,/home/felix/fiftyone/coco-2017/train/data/000000438157.jpg,train,mllm_selection,train:000000438157
coco-2017,000000034471,/home/felix/fiftyone/coco-2017/train/data/000000034471.jpg,train,mllm_selection,train:000000034471
coco-2017,000000126239,/home/felix/fiftyone/coco-2017/train/data/000000126239.jpg,train,mllm_selection,train:000000126239
coco-2017,000000069052,/home/felix/fiftyone/coco-2017/train/data/000000069052.jpg,train,mllm_selection,train:000000069052
coco-2017,000000511700,/home/felix/fiftyone/coco-2017/train/data/000000511700.jpg,train,mllm_selection,train:000000511700
coco-2017,000000224838,/home/felix/fiftyone/coco-2017/train/data/000000224838.jpg,train,mllm_selection,train:000000224838
coco-2017,000000539718,/home/felix/fiftyone/coco-2017/train/data/000000539718.jpg,train,mllm_selection,train:000000539718
coco-2017,000000077154,/home/felix/fiftyone/coco-2017/train/data/000000077154.jpg,train,mllm_selection,train:000000077154
coco-2017,000000411912,/home/felix/fiftyone/coco-2017/train/data/000000411912.jpg,train,mllm_selection,train:000000411912
coco-2017,000000411624,/home/felix/fiftyone/coco-2017/train/data/000000411624.jpg,train,mllm_selection,train:000000411624
coco-2017,000000135486,/home/felix/fiftyone/coco-2017/train/data/000000135486.jpg,train,mllm_selection,train:000000135486
coco-2017,000000355956,/home/felix/fiftyone/coco-2017/train/data/000000355956.jpg,train,mllm_selection,train:000000355956
coco-2017,000000183672,/home/felix/fiftyone/coco-2017/train/data/000000183672.jpg,train,mllm_selection,train:000000183672
coco-2017,000000391141,/home/felix/fiftyone/coco-2017/train/data/000000391141.jpg,train,mllm_selection,train:000000391141
coco-2017,000000427972,/home/felix/fiftyone/coco-2017/train/data/000000427972.jpg,train,mllm_selection,train:000000427972
coco-2017,000000517586,/home/felix/fiftyone/coco-2017/train/data/000000517586.jpg,train,mllm_selection,train:000000517586
coco-2017,000000364448,/home/felix/fiftyone/coco-2017/train/data/000000364448.jpg,train,mllm_selection,train:000000364448
coco-2017,000000183519,/home/felix/fiftyone/coco-2017/train/data/000000183519.jpg,train,mllm_selection,train:000000183519
coco-2017,000000560646,/home/felix/fiftyone/coco-2017/train/data/000000560646.jpg,train,mllm_selection,train:000000560646
coco-2017,000000090628,/home/felix/fiftyone/coco-2017/train/data/000000090628.jpg,train,mllm_selection,train:000000090628
coco-2017,000000083755,/home/felix/fiftyone/coco-2017/train/data/000000083755.jpg,train,mllm_selection,train:000000083755
coco-2017,000000296933,/home/felix/fiftyone/coco-2017/train/data/000000296933.jpg,train,mllm_selection,train:000000296933
coco-2017,000000533276,/home/felix/fiftyone/coco-2017/train/data/000000533276.jpg,train,mllm_selection,train:000000533276
coco-2017,000000224108,/home/felix/fiftyone/coco-2017/train/data/000000224108.jpg,train,mllm_selection,train:000000224108
coco-2017,000000545491,/home/felix/fiftyone/coco-2017/train/data/000000545491.jpg,train,mllm_selection,train:000000545491
coco-2017,000000273371,/home/felix/fiftyone/coco-2017/train/data/000000273371.jpg,train,mllm_selection,train:000000273371
coco-2017,000000156606,/home/felix/fiftyone/coco-2017/train/data/000000156606.jpg,train,mllm_selection,train:000000156606
coco-2017,000000507273,/home/felix/fiftyone/coco-2017/train/data/000000507273.jpg,train,mllm_selection,train:000000507273
coco-2017,000000080835,/home/felix/fiftyone/coco-2017/train/data/000000080835.jpg,train,mllm_selection,train:000000080835
coco-2017,000000376858,/home/felix/fiftyone/coco-2017/train/data/000000376858.jpg,train,mllm_selection,train:000000376858
coco-2017,000000458932,/home/felix/fiftyone/coco-2017/train/data/000000458932.jpg,train,mllm_selection,train:000000458932
coco-2017,000000237098,/home/felix/fiftyone/coco-2017/train/data/000000237098.jpg,train,mllm_selection,train:000000237098
coco-2017,000000549939,/home/felix/fiftyone/coco-2017/train/data/000000549939.jpg,train,mllm_selection,train:000000549939
coco-2017,000000220402,/home/felix/fiftyone/coco-2017/train/data/000000220402.jpg,train,mllm_selection,train:000000220402
coco-2017,000000008594,/home/felix/fiftyone/coco-2017/train/data/000000008594.jpg,train,mllm_selection,train:000000008594
coco-2017,000000489778,/home/felix/fiftyone/coco-2017/train/data/000000489778.jpg,train,mllm_selection,train:000000489778
coco-2017,000000354309,/home/felix/fiftyone/coco-2017/train/data/000000354309.jpg,train,mllm_selection,train:000000354309
coco-2017,000000363119,/home/felix/fiftyone/coco-2017/train/data/000000363119.jpg,train,mllm_selection,train:000000363119
coco-2017,000000219832,/home/felix/fiftyone/coco-2017/train/data/000000219832.jpg,train,mllm_selection,train:000000219832
coco-2017,000000000661,/home/felix/fiftyone/coco-2017/train/data/000000000661.jpg,train,mllm_selection,train:000000000661
coco-2017,000000458599,/home/felix/fiftyone/coco-2017/train/data/000000458599.jpg,train,mllm_selection,train:000000458599
coco-2017,000000182927,/home/felix/fiftyone/coco-2017/train/data/000000182927.jpg,train,mllm_selection,train:000000182927
coco-2017,000000221932,/home/felix/fiftyone/coco-2017/train/data/000000221932.jpg,train,mllm_selection,train:000000221932
coco-2017,000000025616,/home/felix/fiftyone/coco-2017/train/data/000000025616.jpg,train,mllm_selection,train:000000025616
coco-2017,000000045954,/home/felix/fiftyone/coco-2017/train/data/000000045954.jpg,train,mllm_selection,train:000000045954
coco-2017,000000250240,/home/felix/fiftyone/coco-2017/train/data/000000250240.jpg,train,mllm_selection,train:000000250240
coco-2017,000000404243,/home/felix/fiftyone/coco-2017/train/data/000000404243.jpg,train,mllm_selection,train:000000404243
coco-2017,000000418565,/home/felix/fiftyone/coco-2017/train/data/000000418565.jpg,train,mllm_selection,train:000000418565
coco-2017,000000142545,/home/felix/fiftyone/coco-2017/train/data/000000142545.jpg,train,mllm_selection,train:000000142545
coco-2017,000000463013,/home/felix/fiftyone/coco-2017/train/data/000000463013.jpg,train,mllm_selection,train:000000463013
coco-2017,000000432607,/home/felix/fiftyone/coco-2017/train/data/000000432607.jpg,train,mllm_selection,train:000000432607
coco-2017,000000107638,/home/felix/fiftyone/coco-2017/train/data/000000107638.jpg,train,mllm_selection,train:000000107638
coco-2017,000000013284,/home/felix/fiftyone/coco-2017/train/data/000000013284.jpg,train,mllm_selection,train:000000013284
coco-2017,000000209940,/home/felix/fiftyone/coco-2017/train/data/000000209940.jpg,train,mllm_selection,train:000000209940
coco-2017,000000561426,/home/felix/fiftyone/coco-2017/train/data/000000561426.jpg,train,mllm_selection,train:000000561426
coco-2017,000000272957,/home/felix/fiftyone/coco-2017/train/data/000000272957.jpg,train,mllm_selection,train:000000272957
coco-2017,000000340699,/home/felix/fiftyone/coco-2017/train/data/000000340699.jpg,train,mllm_selection,train:000000340699
coco-2017,000000337728,/home/felix/fiftyone/coco-2017/train/data/000000337728.jpg,train,mllm_selection,train:000000337728
coco-2017,000000270758,/home/felix/fiftyone/coco-2017/train/data/000000270758.jpg,train,mllm_selection,train:000000270758
coco-2017,000000371705,/home/felix/fiftyone/coco-2017/train/data/000000371705.jpg,train,mllm_selection,train:000000371705
coco-2017,000000332875,/home/felix/fiftyone/coco-2017/train/data/000000332875.jpg,train,mllm_selection,train:000000332875
coco-2017,000000284703,/home/felix/fiftyone/coco-2017/train/data/000000284703.jpg,train,mllm_selection,train:000000284703
coco-2017,000000426421,/home/felix/fiftyone/coco-2017/train/data/000000426421.jpg,train,mllm_selection,train:000000426421
coco-2017,000000155219,/home/felix/fiftyone/coco-2017/train/data/000000155219.jpg,train,mllm_selection,train:000000155219
coco-2017,000000415991,/home/felix/fiftyone/coco-2017/train/data/000000415991.jpg,train,mllm_selection,train:000000415991
coco-2017,000000366469,/home/felix/fiftyone/coco-2017/train/data/000000366469.jpg,train,mllm_selection,train:000000366469
coco-2017,000000447941,/home/felix/fiftyone/coco-2017/train/data/000000447941.jpg,train,mllm_selection,train:000000447941
coco-2017,000000398623,/home/felix/fiftyone/coco-2017/train/data/000000398623.jpg,train,mllm_selection,train:000000398623
coco-2017,000000089158,/home/felix/fiftyone/coco-2017/train/data/000000089158.jpg,train,mllm_selection,train:000000089158
coco-2017,000000195203,/home/felix/fiftyone/coco-2017/train/data/000000195203.jpg,train,mllm_selection,train:000000195203
coco-2017,000000107367,/home/felix/fiftyone/coco-2017/train/data/000000107367.jpg,train,mllm_selection,train:000000107367
coco-2017,000000253607,/home/felix/fiftyone/coco-2017/train/data/000000253607.jpg,train,mllm_selection,train:000000253607
coco-2017,000000404565,/home/felix/fiftyone/coco-2017/train/data/000000404565.jpg,train,mllm_selection,train:000000404565
coco-2017,000000150208,/home/felix/fiftyone/coco-2017/train/data/000000150208.jpg,train,mllm_selection,train:000000150208
coco-2017,000000302372,/home/felix/fiftyone/coco-2017/train/data/000000302372.jpg,train,mllm_selection,train:000000302372
coco-2017,000000101895,/home/felix/fiftyone/coco-2017/train/data/000000101895.jpg,train,mllm_selection,train:000000101895
coco-2017,000000515098,/home/felix/fiftyone/coco-2017/train/data/000000515098.jpg,train,mllm_selection,train:000000515098
coco-2017,000000142357,/home/felix/fiftyone/coco-2017/train/data/000000142357.jpg,train,mllm_selection,train:000000142357
coco-2017,000000500323,/home/felix/fiftyone/coco-2017/train/data/000000500323.jpg,train,mllm_selection,train:000000500323
coco-2017,000000138494,/home/felix/fiftyone/coco-2017/train/data/000000138494.jpg,train,mllm_selection,train:000000138494
coco-2017,000000460022,/home/felix/fiftyone/coco-2017/train/data/000000460022.jpg,train,mllm_selection,train:000000460022
coco-2017,000000486581,/home/felix/fiftyone/coco-2017/train/data/000000486581.jpg,train,mllm_selection,train:000000486581
coco-2017,000000248441,/home/felix/fiftyone/coco-2017/train/data/000000248441.jpg,train,mllm_selection,train:000000248441
coco-2017,000000313927,/home/felix/fiftyone/coco-2017/train/data/000000313927.jpg,train,mllm_selection,train:000000313927
coco-2017,000000325545,/home/felix/fiftyone/coco-2017/train/data/000000325545.jpg,train,mllm_selection,train:000000325545
coco-2017,000000320627,/home/felix/fiftyone/coco-2017/train/data/000000320627.jpg,train,mllm_selection,train:000000320627
coco-2017,000000008547,/home/felix/fiftyone/coco-2017/train/data/000000008547.jpg,train,mllm_selection,train:000000008547
coco-2017,000000574014,/home/felix/fiftyone/coco-2017/train/data/000000574014.jpg,train,mllm_selection,train:000000574014
coco-2017,000000288560,/home/felix/fiftyone/coco-2017/train/data/000000288560.jpg,train,mllm_selection,train:000000288560
coco-2017,000000356060,/home/felix/fiftyone/coco-2017/train/data/000000356060.jpg,train,mllm_selection,train:000000356060
coco-2017,000000469119,/home/felix/fiftyone/coco-2017/train/data/000000469119.jpg,train,mllm_selection,train:000000469119
coco-2017,000000510611,/home/felix/fiftyone/coco-2017/train/data/000000510611.jpg,train,mllm_selection,train:000000510611
coco-2017,000000426133,/home/felix/fiftyone/coco-2017/train/data/000000426133.jpg,train,mllm_selection,train:000000426133
coco-2017,000000367610,/home/felix/fiftyone/coco-2017/train/data/000000367610.jpg,train,mllm_selection,train:000000367610
coco-2017,000000377019,/home/felix/fiftyone/coco-2017/train/data/000000377019.jpg,train,mllm_selection,train:000000377019
coco-2017,000000313799,/home/felix/fiftyone/coco-2017/train/data/000000313799.jpg,train,mllm_selection,train:000000313799
coco-2017,000000229270,/home/felix/fiftyone/coco-2017/train/data/000000229270.jpg,train,mllm_selection,train:000000229270
coco-2017,000000287171,/home/felix/fiftyone/coco-2017/train/data/000000287171.jpg,train,mllm_selection,train:000000287171
coco-2017,000000042979,/home/felix/fiftyone/coco-2017/train/data/000000042979.jpg,train,mllm_selection,train:000000042979
coco-2017,000000114954,/home/felix/fiftyone/coco-2017/train/data/000000114954.jpg,train,mllm_selection,train:000000114954
coco-2017,000000466223,/home/felix/fiftyone/coco-2017/train/data/000000466223.jpg,train,mllm_selection,train:000000466223
coco-2017,000000309371,/home/felix/fiftyone/coco-2017/train/data/000000309371.jpg,train,mllm_selection,train:000000309371
coco-2017,000000135538,/home/felix/fiftyone/coco-2017/train/data/000000135538.jpg,train,mllm_selection,train:000000135538
coco-2017,000000532662,/home/felix/fiftyone/coco-2017/train/data/000000532662.jpg,train,mllm_selection,train:000000532662
coco-2017,000000025316,/home/felix/fiftyone/coco-2017/train/data/000000025316.jpg,train,mllm_selection,train:000000025316
coco-2017,000000561953,/home/felix/fiftyone/coco-2017/train/data/000000561953.jpg,train,mllm_selection,train:000000561953
coco-2017,000000414709,/home/felix/fiftyone/coco-2017/train/data/000000414709.jpg,train,mllm_selection,train:000000414709
coco-2017,000000263677,/home/felix/fiftyone/coco-2017/train/data/000000263677.jpg,train,mllm_selection,train:000000263677
coco-2017,000000026938,/home/felix/fiftyone/coco-2017/train/data/000000026938.jpg,train,mllm_selection,train:000000026938
coco-2017,000000006715,/home/felix/fiftyone/coco-2017/train/data/000000006715.jpg,train,mllm_selection,train:000000006715
coco-2017,000000442416,/home/felix/fiftyone/coco-2017/train/data/000000442416.jpg,train,mllm_selection,train:000000442416
coco-2017,000000399573,/home/felix/fiftyone/coco-2017/train/data/000000399573.jpg,train,mllm_selection,train:000000399573
coco-2017,000000431236,/home/felix/fiftyone/coco-2017/train/data/000000431236.jpg,train,mllm_selection,train:000000431236
coco-2017,000000115260,/home/felix/fiftyone/coco-2017/train/data/000000115260.jpg,train,mllm_selection,train:000000115260
coco-2017,000000509490,/home/felix/fiftyone/coco-2017/train/data/000000509490.jpg,train,mllm_selection,train:000000509490
coco-2017,000000350852,/home/felix/fiftyone/coco-2017/train/data/000000350852.jpg,train,mllm_selection,train:000000350852
coco-2017,000000062344,/home/felix/fiftyone/coco-2017/train/data/000000062344.jpg,train,mllm_selection,train:000000062344
coco-2017,000000413374,/home/felix/fiftyone/coco-2017/train/data/000000413374.jpg,train,mllm_selection,train:000000413374
coco-2017,000000204241,/home/felix/fiftyone/coco-2017/train/data/000000204241.jpg,train,mllm_selection,train:000000204241
coco-2017,000000295620,/home/felix/fiftyone/coco-2017/train/data/000000295620.jpg,train,mllm_selection,train:000000295620
coco-2017,000000449901,/home/felix/fiftyone/coco-2017/train/data/000000449901.jpg,train,mllm_selection,train:000000449901
coco-2017,000000127100,/home/felix/fiftyone/coco-2017/train/data/000000127100.jpg,train,mllm_selection,train:000000127100
coco-2017,000000319322,/home/felix/fiftyone/coco-2017/train/data/000000319322.jpg,train,mllm_selection,train:000000319322
coco-2017,000000371186,/home/felix/fiftyone/coco-2017/train/data/000000371186.jpg,train,mllm_selection,train:000000371186
coco-2017,000000533159,/home/felix/fiftyone/coco-2017/train/data/000000533159.jpg,train,mllm_selection,train:000000533159
coco-2017,000000491515,/home/felix/fiftyone/coco-2017/train/data/000000491515.jpg,train,mllm_selection,train:000000491515
coco-2017,000000049257,/home/felix/fiftyone/coco-2017/train/data/000000049257.jpg,train,mllm_selection,train:000000049257
coco-2017,000000294970,/home/felix/fiftyone/coco-2017/train/data/000000294970.jpg,train,mllm_selection,train:000000294970
coco-2017,000000386436,/home/felix/fiftyone/coco-2017/train/data/000000386436.jpg,train,mllm_selection,train:000000386436
coco-2017,000000402213,/home/felix/fiftyone/coco-2017/train/data/000000402213.jpg,train,mllm_selection,train:000000402213
coco-2017,000000080397,/home/felix/fiftyone/coco-2017/train/data/000000080397.jpg,train,mllm_selection,train:000000080397
coco-2017,000000518509,/home/felix/fiftyone/coco-2017/train/data/000000518509.jpg,train,mllm_selection,train:000000518509
coco-2017,000000292001,/home/felix/fiftyone/coco-2017/train/data/000000292001.jpg,train,mllm_selection,train:000000292001
coco-2017,000000160163,/home/felix/fiftyone/coco-2017/train/data/000000160163.jpg,train,mllm_selection,train:000000160163
coco-2017,000000249659,/home/felix/fiftyone/coco-2017/train/data/000000249659.jpg,train,mllm_selection,train:000000249659
coco-2017,000000032193,/home/felix/fiftyone/coco-2017/train/data/000000032193.jpg,train,mllm_selection,train:000000032193
coco-2017,000000377518,/home/felix/fiftyone/coco-2017/train/data/000000377518.jpg,train,mllm_selection,train:000000377518
coco-2017,000000207937,/home/felix/fiftyone/coco-2017/train/data/000000207937.jpg,train,mllm_selection,train:000000207937
coco-2017,000000543090,/home/felix/fiftyone/coco-2017/train/data/000000543090.jpg,train,mllm_selection,train:000000543090
coco-2017,000000066348,/home/felix/fiftyone/coco-2017/train/data/000000066348.jpg,train,mllm_selection,train:000000066348
voc-2007,001730,/home/felix/fiftyone/voc-2007/train/data/001730.jpg,train,mllm_selection,train:001730
voc-2007,000309,/home/felix/fiftyone/voc-2007/train/data/000309.jpg,train,mllm_selection,train:000309
voc-2007,001423,/home/felix/fiftyone/voc-2007/train/data/001423.jpg,train,mllm_selection,train:001423
voc-2007,001786,/home/felix/fiftyone/voc-2007/train/data/001786.jpg,train,mllm_selection,train:001786
voc-2007,001768,/home/felix/fiftyone/voc-2007/train/data/001768.jpg,train,mllm_selection,train:001768
voc-2007,002235,/home/felix/fiftyone/voc-2007/train/data/002235.jpg,train,mllm_selection,train:002235
voc-2007,002043,/home/felix/fiftyone/voc-2007/train/data/002043.jpg,train,mllm_selection,train:002043
voc-2007,000582,/home/felix/fiftyone/voc-2007/train/data/000582.jpg,train,mllm_selection,train:000582
voc-2007,002456,/home/felix/fiftyone/voc-2007/train/data/002456.jpg,train,mllm_selection,train:002456
voc-2007,001781,/home/felix/fiftyone/voc-2007/train/data/001781.jpg,train,mllm_selection,train:001781
voc-2007,001957,/home/felix/fiftyone/voc-2007/train/data/001957.jpg,train,mllm_selection,train:001957
voc-2007,000866,/home/felix/fiftyone/voc-2007/train/data/000866.jpg,train,mllm_selection,train:000866
voc-2007,002217,/home/felix/fiftyone/voc-2007/train/data/002217.jpg,train,mllm_selection,train:002217
voc-2007,001211,/home/felix/fiftyone/voc-2007/train/data/001211.jpg,train,mllm_selection,train:001211
voc-2007,002270,/home/felix/fiftyone/voc-2007/train/data/002270.jpg,train,mllm_selection,train:002270
voc-2007,002488,/home/felix/fiftyone/voc-2007/train/data/002488.jpg,train,mllm_selection,train:002488
voc-2007,000331,/home/felix/fiftyone/voc-2007/train/data/000331.jpg,train,mllm_selection,train:000331
voc-2007,002150,/home/felix/fiftyone/voc-2007/train/data/002150.jpg,train,mllm_selection,train:002150
voc-2007,001915,/home/felix/fiftyone/voc-2007/train/data/001915.jpg,train,mllm_selection,train:001915
voc-2007,001660,/home/felix/fiftyone/voc-2007/train/data/001660.jpg,train,mllm_selection,train:001660
voc-2007,002159,/home/felix/fiftyone/voc-2007/train/data/002159.jpg,train,mllm_selection,train:002159
voc-2007,001113,/home/felix/fiftyone/voc-2007/train/data/001113.jpg,train,mllm_selection,train:001113
voc-2007,000965,/home/felix/fiftyone/voc-2007/train/data/000965.jpg,train,mllm_selection,train:000965
voc-2007,002338,/home/felix/fiftyone/voc-2007/train/data/002338.jpg,train,mllm_selection,train:002338
voc-2007,002314,/home/felix/fiftyone/voc-2007/train/data/002314.jpg,train,mllm_selection,train:002314
voc-2007,001519,/home/felix/fiftyone/voc-2007/train/data/001519.jpg,train,mllm_selection,train:001519
voc-2007,000598,/home/felix/fiftyone/voc-2007/train/data/000598.jpg,train,mllm_selection,train:000598
voc-2007,000016,/home/felix/fiftyone/voc-2007/train/data/000016.jpg,train,mllm_selection,train:000016
voc-2007,001809,/home/felix/fiftyone/voc-2007/train/data/001809.jpg,train,mllm_selection,train:001809
voc-2007,000619,/home/felix/fiftyone/voc-2007/train/data/000619.jpg,train,mllm_selection,train:000619
voc-2007,002362,/home/felix/fiftyone/voc-2007/train/data/002362.jpg,train,mllm_selection,train:002362
voc-2007,001469,/home/felix/fiftyone/voc-2007/train/data/001469.jpg,train,mllm_selection,train:001469
voc-2007,000535,/home/felix/fiftyone/voc-2007/train/data/000535.jpg,train,mllm_selection,train:000535
voc-2007,001012,/home/felix/fiftyone/voc-2007/train/data/001012.jpg,train,mllm_selection,train:001012
voc-2007,002412,/home/felix/fiftyone/voc-2007/train/data/002412.jpg,train,mllm_selection,train:002412
voc-2007,000873,/home/felix/fiftyone/voc-2007/train/data/000873.jpg,train,mllm_selection,train:000873
voc-2007,001117,/home/felix/fiftyone/voc-2007/train/data/001117.jpg,train,mllm_selection,train:001117
voc-2007,002259,/home/felix/fiftyone/voc-2007/train/data/002259.jpg,train,mllm_selection,train:002259
voc-2007,000843,/home/felix/fiftyone/voc-2007/train/data/000843.jpg,train,mllm_selection,train:000843
voc-2007,002058,/home/felix/fiftyone/voc-2007/train/data/002058.jpg,train,mllm_selection,train:002058
voc-2007,001434,/home/felix/fiftyone/voc-2007/train/data/001434.jpg,train,mllm_selection,train:001434
voc-2007,000294,/home/felix/fiftyone/voc-2007/train/data/000294.jpg,train,mllm_selection,train:000294
voc-2007,001008,/home/felix/fiftyone/voc-2007/train/data/001008.jpg,train,mllm_selection,train:001008
voc-2007,001059,/home/felix/fiftyone/voc-2007/train/data/001059.jpg,train,mllm_selection,train:001059
voc-2007,000979,/home/felix/fiftyone/voc-2007/train/data/000979.jpg,train,mllm_selection,train:000979
voc-2007,001629,/home/felix/fiftyone/voc-2007/train/data/001629.jpg,train,mllm_selection,train:001629
voc-2007,001943,/home/felix/fiftyone/voc-2007/train/data/001943.jpg,train,mllm_selection,train:001943
voc-2007,001854,/home/felix/fiftyone/voc-2007/train/data/001854.jpg,train,mllm_selection,train:001854
voc-2007,002291,/home/felix/fiftyone/voc-2007/train/data/002291.jpg,train,mllm_selection,train:002291
voc-2007,000767,/home/felix/fiftyone/voc-2007/train/data/000767.jpg,train,mllm_selection,train:000767
voc-2007,002442,/home/felix/fiftyone/voc-2007/train/data/002442.jpg,train,mllm_selection,train:002442
voc-2007,001452,/home/felix/fiftyone/voc-2007/train/data/001452.jpg,train,mllm_selection,train:001452
voc-2007,000998,/home/felix/fiftyone/voc-2007/train/data/000998.jpg,train,mllm_selection,train:000998
voc-2007,000038,/home/felix/fiftyone/voc-2007/train/data/000038.jpg,train,mllm_selection,train:000038
voc-2007,002207,/home/felix/fiftyone/voc-2007/train/data/002207.jpg,train,mllm_selection,train:002207
voc-2007,001176,/home/felix/fiftyone/voc-2007/train/data/001176.jpg,train,mllm_selection,train:001176
voc-2007,001480,/home/felix/fiftyone/voc-2007/train/data/001480.jpg,train,mllm_selection,train:001480
voc-2007,000985,/home/felix/fiftyone/voc-2007/train/data/000985.jpg,train,mllm_selection,train:000985
voc-2007,000424,/home/felix/fiftyone/voc-2007/train/data/000424.jpg,train,mllm_selection,train:000424
voc-2007,001106,/home/felix/fiftyone/voc-2007/train/data/001106.jpg,train,mllm_selection,train:001106
voc-2007,000632,/home/felix/fiftyone/voc-2007/train/data/000632.jpg,train,mllm_selection,train:000632
voc-2007,000785,/home/felix/fiftyone/voc-2007/train/data/000785.jpg,train,mllm_selection,train:000785
voc-2007,002086,/home/felix/fiftyone/voc-2007/train/data/002086.jpg,train,mllm_selection,train:002086
voc-2007,001039,/home/felix/fiftyone/voc-2007/train/data/001039.jpg,train,mllm_selection,train:001039
voc-2007,000554,/home/felix/fiftyone/voc-2007/train/data/000554.jpg,train,mllm_selection,train:000554
voc-2007,001316,/home/felix/fiftyone/voc-2007/train/data/001316.jpg,train,mllm_selection,train:001316
voc-2007,000111,/home/felix/fiftyone/voc-2007/train/data/000111.jpg,train,mllm_selection,train:000111
voc-2007,000202,/home/felix/fiftyone/voc-2007/train/data/000202.jpg,train,mllm_selection,train:000202
voc-2007,001178,/home/felix/fiftyone/voc-2007/train/data/001178.jpg,train,mllm_selection,train:001178
voc-2007,000743,/home/felix/fiftyone/voc-2007/train/data/000743.jpg,train,mllm_selection,train:000743
voc-2007,001394,/home/felix/fiftyone/voc-2007/train/data/001394.jpg,train,mllm_selection,train:001394
voc-2007,001186,/home/felix/fiftyone/voc-2007/train/data/001186.jpg,train,mllm_selection,train:001186
voc-2007,000263,/home/felix/fiftyone/voc-2007/train/data/000263.jpg,train,mllm_selection,train:000263
voc-2007,000609,/home/felix/fiftyone/voc-2007/train/data/000609.jpg,train,mllm_selection,train:000609
voc-2007,000825,/home/felix/fiftyone/voc-2007/train/data/000825.jpg,train,mllm_selection,train:000825
voc-2007,000908,/home/felix/fiftyone/voc-2007/train/data/000908.jpg,train,mllm_selection,train:000908
voc-2007,001717,/home/felix/fiftyone/voc-2007/train/data/001717.jpg,train,mllm_selection,train:001717
voc-2007,000618,/home/felix/fiftyone/voc-2007/train/data/000618.jpg,train,mllm_selection,train:000618
voc-2007,002131,/home/felix/fiftyone/voc-2007/train/data/002131.jpg,train,mllm_selection,train:002131
voc-2007,001722,/home/felix/fiftyone/voc-2007/train/data/001722.jpg,train,mllm_selection,train:001722
voc-2007,000215,/home/felix/fiftyone/voc-2007/train/data/000215.jpg,train,mllm_selection,train:000215
voc-2007,002189,/home/felix/fiftyone/voc-2007/train/data/002189.jpg,train,mllm_selection,train:002189
voc-2007,000667,/home/felix/fiftyone/voc-2007/train/data/000667.jpg,train,mllm_selection,train:000667
voc-2007,000193,/home/felix/fiftyone/voc-2007/train/data/000193.jpg,train,mllm_selection,train:000193
voc-2007,001788,/home/felix/fiftyone/voc-2007/train/data/001788.jpg,train,mllm_selection,train:001788
voc-2007,001902,/home/felix/fiftyone/voc-2007/train/data/001902.jpg,train,mllm_selection,train:001902
voc-2007,001392,/home/felix/fiftyone/voc-2007/train/data/001392.jpg,train,mllm_selection,train:001392
voc-2007,000477,/home/felix/fiftyone/voc-2007/train/data/000477.jpg,train,mllm_selection,train:000477
voc-2007,000880,/home/felix/fiftyone/voc-2007/train/data/000880.jpg,train,mllm_selection,train:000880
voc-2007,000495,/home/felix/fiftyone/voc-2007/train/data/000495.jpg,train,mllm_selection,train:000495
voc-2007,000208,/home/felix/fiftyone/voc-2007/train/data/000208.jpg,train,mllm_selection,train:000208
voc-2007,000466,/home/felix/fiftyone/voc-2007/train/data/000466.jpg,train,mllm_selection,train:000466
voc-2007,000797,/home/felix/fiftyone/voc-2007/train/data/000797.jpg,train,mllm_selection,train:000797
voc-2007,000411,/home/felix/fiftyone/voc-2007/train/data/000411.jpg,train,mllm_selection,train:000411
voc-2007,001318,/home/felix/fiftyone/voc-2007/train/data/001318.jpg,train,mllm_selection,train:001318
voc-2007,001616,/home/felix/fiftyone/voc-2007/train/data/001616.jpg,train,mllm_selection,train:001616
voc-2007,001378,/home/felix/fiftyone/voc-2007/train/data/001378.jpg,train,mllm_selection,train:001378
voc-2007,002232,/home/felix/fiftyone/voc-2007/train/data/002232.jpg,train,mllm_selection,train:002232
voc-2007,000766,/home/felix/fiftyone/voc-2007/train/data/000766.jpg,train,mllm_selection,train:000766
voc-2007,001165,/home/felix/fiftyone/voc-2007/train/data/001165.jpg,train,mllm_selection,train:001165
voc-2007,001442,/home/felix/fiftyone/voc-2007/train/data/001442.jpg,train,mllm_selection,train:001442
voc-2007,000840,/home/felix/fiftyone/voc-2007/train/data/000840.jpg,train,mllm_selection,train:000840
voc-2007,001443,/home/felix/fiftyone/voc-2007/train/data/001443.jpg,train,mllm_selection,train:001443
voc-2007,000004,/home/felix/fiftyone/voc-2007/train/data/000004.jpg,train,mllm_selection,train:000004
voc-2007,001021,/home/felix/fiftyone/voc-2007/train/data/001021.jpg,train,mllm_selection,train:001021
voc-2007,000279,/home/felix/fiftyone/voc-2007/train/data/000279.jpg,train,mllm_selection,train:000279
voc-2007,002154,/home/felix/fiftyone/voc-2007/train/data/002154.jpg,train,mllm_selection,train:002154
voc-2007,001996,/home/felix/fiftyone/voc-2007/train/data/001996.jpg,train,mllm_selection,train:001996
voc-2007,002078,/home/felix/fiftyone/voc-2007/train/data/002078.jpg,train,mllm_selection,train:002078
voc-2007,002001,/home/felix/fiftyone/voc-2007/train/data/002001.jpg,train,mllm_selection,train:002001
voc-2007,002469,/home/felix/fiftyone/voc-2007/train/data/002469.jpg,train,mllm_selection,train:002469
voc-2007,000402,/home/felix/fiftyone/voc-2007/train/data/000402.jpg,train,mllm_selection,train:000402
voc-2007,000934,/home/felix/fiftyone/voc-2007/train/data/000934.jpg,train,mllm_selection,train:000934
voc-2007,000177,/home/felix/fiftyone/voc-2007/train/data/000177.jpg,train,mllm_selection,train:000177
voc-2007,002129,/home/felix/fiftyone/voc-2007/train/data/002129.jpg,train,mllm_selection,train:002129
voc-2007,001749,/home/felix/fiftyone/voc-2007/train/data/001749.jpg,train,mllm_selection,train:001749
voc-2007,000470,/home/felix/fiftyone/voc-2007/train/data/000470.jpg,train,mllm_selection,train:000470
voc-2007,001934,/home/felix/fiftyone/voc-2007/train/data/001934.jpg,train,mllm_selection,train:001934
voc-2007,001882,/home/felix/fiftyone/voc-2007/train/data/001882.jpg,train,mllm_selection,train:001882
voc-2007,001921,/home/felix/fiftyone/voc-2007/train/data/001921.jpg,train,mllm_selection,train:001921
voc-2007,000356,/home/felix/fiftyone/voc-2007/train/data/000356.jpg,train,mllm_selection,train:000356
voc-2007,000700,/home/felix/fiftyone/voc-2007/train/data/000700.jpg,train,mllm_selection,train:000700
voc-2007,000754,/home/felix/fiftyone/voc-2007/train/data/000754.jpg,train,mllm_selection,train:000754
voc-2007,000392,/home/felix/fiftyone/voc-2007/train/data/000392.jpg,train,mllm_selection,train:000392
voc-2007,001849,/home/felix/fiftyone/voc-2007/train/data/001849.jpg,train,mllm_selection,train:001849
voc-2007,000246,/home/felix/fiftyone/voc-2007/train/data/000246.jpg,train,mllm_selection,train:000246
voc-2007,000780,/home/felix/fiftyone/voc-2007/train/data/000780.jpg,train,mllm_selection,train:000780
voc-2007,000373,/home/felix/fiftyone/voc-2007/train/data/000373.jpg,train,mllm_selection,train:000373
voc-2007,000143,/home/felix/fiftyone/voc-2007/train/data/000143.jpg,train,mllm_selection,train:000143
voc-2007,000996,/home/felix/fiftyone/voc-2007/train/data/000996.jpg,train,mllm_selection,train:000996
voc-2007,000181,/home/felix/fiftyone/voc-2007/train/data/000181.jpg,train,mllm_selection,train:000181
voc-2007,000287,/home/felix/fiftyone/voc-2007/train/data/000287.jpg,train,mllm_selection,train:000287
voc-2007,000726,/home/felix/fiftyone/voc-2007/train/data/000726.jpg,train,mllm_selection,train:000726
voc-2007,000818,/home/felix/fiftyone/voc-2007/train/data/000818.jpg,train,mllm_selection,train:000818
voc-2007,001607,/home/felix/fiftyone/voc-2007/train/data/001607.jpg,train,mllm_selection,train:001607
voc-2007,000695,/home/felix/fiftyone/voc-2007/train/data/000695.jpg,train,mllm_selection,train:000695
voc-2007,002472,/home/felix/fiftyone/voc-2007/train/data/002472.jpg,train,mllm_selection,train:002472
voc-2007,001143,/home/felix/fiftyone/voc-2007/train/data/001143.jpg,train,mllm_selection,train:001143
voc-2007,001014,/home/felix/fiftyone/voc-2007/train/data/001014.jpg,train,mllm_selection,train:001014
voc-2007,000640,/home/felix/fiftyone/voc-2007/train/data/000640.jpg,train,mllm_selection,train:000640
voc-2007,000303,/home/felix/fiftyone/voc-2007/train/data/000303.jpg,train,mllm_selection,train:000303
voc-2007,001814,/home/felix/fiftyone/voc-2007/train/data/001814.jpg,train,mllm_selection,train:001814
voc-2007,002272,/home/felix/fiftyone/voc-2007/train/data/002272.jpg,train,mllm_selection,train:002272
voc-2007,001324,/home/felix/fiftyone/voc-2007/train/data/001324.jpg,train,mllm_selection,train:001324
voc-2007,000156,/home/felix/fiftyone/voc-2007/train/data/000156.jpg,train,mllm_selection,train:000156
voc-2007,000080,/home/felix/fiftyone/voc-2007/train/data/000080.jpg,train,mllm_selection,train:000080
voc-2007,001031,/home/felix/fiftyone/voc-2007/train/data/001031.jpg,train,mllm_selection,train:001031
voc-2007,000327,/home/felix/fiftyone/voc-2007/train/data/000327.jpg,train,mllm_selection,train:000327
voc-2007,001104,/home/felix/fiftyone/voc-2007/train/data/001104.jpg,train,mllm_selection,train:001104
voc-2007,002211,/home/felix/fiftyone/voc-2007/train/data/002211.jpg,train,mllm_selection,train:002211
voc-2007,002225,/home/felix/fiftyone/voc-2007/train/data/002225.jpg,train,mllm_selection,train:002225
voc-2007,000044,/home/felix/fiftyone/voc-2007/train/data/000044.jpg,train,mllm_selection,train:000044
voc-2007,000989,/home/felix/fiftyone/voc-2007/train/data/000989.jpg,train,mllm_selection,train:000989
voc-2007,000777,/home/felix/fiftyone/voc-2007/train/data/000777.jpg,train,mllm_selection,train:000777
voc-2007,001966,/home/felix/fiftyone/voc-2007/train/data/001966.jpg,train,mllm_selection,train:001966
voc-2007,000907,/home/felix/fiftyone/voc-2007/train/data/000907.jpg,train,mllm_selection,train:000907
voc-2007,001941,/home/felix/fiftyone/voc-2007/train/data/001941.jpg,train,mllm_selection,train:001941
voc-2007,001197,/home/felix/fiftyone/voc-2007/train/data/001197.jpg,train,mllm_selection,train:001197
voc-2007,001673,/home/felix/fiftyone/voc-2007/train/data/001673.jpg,train,mllm_selection,train:001673
voc-2007,002498,/home/felix/fiftyone/voc-2007/train/data/002498.jpg,train,mllm_selection,train:002498
voc-2007,001051,/home/felix/fiftyone/voc-2007/train/data/001051.jpg,train,mllm_selection,train:001051
voc-2007,000544,/home/felix/fiftyone/voc-2007/train/data/000544.jpg,train,mllm_selection,train:000544
voc-2007,000120,/home/felix/fiftyone/voc-2007/train/data/000120.jpg,train,mllm_selection,train:000120
voc-2007,002357,/home/felix/fiftyone/voc-2007/train/data/002357.jpg,train,mllm_selection,train:002357
voc-2007,001876,/home/felix/fiftyone/voc-2007/train/data/001876.jpg,train,mllm_selection,train:001876
voc-2007,000617,/home/felix/fiftyone/voc-2007/train/data/000617.jpg,train,mllm_selection,train:000617
voc-2007,000068,/home/felix/fiftyone/voc-2007/train/data/000068.jpg,train,mllm_selection,train:000068
voc-2007,002375,/home/felix/fiftyone/voc-2007/train/data/002375.jpg,train,mllm_selection,train:002375
voc-2007,000862,/home/felix/fiftyone/voc-2007/train/data/000862.jpg,train,mllm_selection,train:000862
voc-2007,002321,/home/felix/fiftyone/voc-2007/train/data/002321.jpg,train,mllm_selection,train:002321
voc-2007,000469,/home/felix/fiftyone/voc-2007/train/data/000469.jpg,train,mllm_selection,train:000469
voc-2007,002345,/home/felix/fiftyone/voc-2007/train/data/002345.jpg,train,mllm_selection,train:002345
voc-2007,000811,/home/felix/fiftyone/voc-2007/train/data/000811.jpg,train,mllm_selection,train:000811
voc-2007,001579,/home/felix/fiftyone/voc-2007/train/data/001579.jpg,train,mllm_selection,train:001579
voc-2007,000995,/home/felix/fiftyone/voc-2007/train/data/000995.jpg,train,mllm_selection,train:000995
voc-2007,001190,/home/felix/fiftyone/voc-2007/train/data/001190.jpg,train,mllm_selection,train:001190
voc-2007,001983,/home/felix/fiftyone/voc-2007/train/data/001983.jpg,train,mllm_selection,train:001983
voc-2007,001831,/home/felix/fiftyone/voc-2007/train/data/001831.jpg,train,mllm_selection,train:001831
voc-2007,001635,/home/felix/fiftyone/voc-2007/train/data/001635.jpg,train,mllm_selection,train:001635
voc-2007,001312,/home/felix/fiftyone/voc-2007/train/data/001312.jpg,train,mllm_selection,train:001312
voc-2007,001589,/home/felix/fiftyone/voc-2007/train/data/001589.jpg,train,mllm_selection,train:001589
voc-2007,002365,/home/felix/fiftyone/voc-2007/train/data/002365.jpg,train,mllm_selection,train:002365
voc-2007,000684,/home/felix/fiftyone/voc-2007/train/data/000684.jpg,train,mllm_selection,train:000684
voc-2007,000403,/home/felix/fiftyone/voc-2007/train/data/000403.jpg,train,mllm_selection,train:000403
voc-2007,001498,/home/felix/fiftyone/voc-2007/train/data/001498.jpg,train,mllm_selection,train:001498
voc-2007,000307,/home/felix/fiftyone/voc-2007/train/data/000307.jpg,train,mllm_selection,train:000307
voc-2007,001038,/home/felix/fiftyone/voc-2007/train/data/001038.jpg,train,mllm_selection,train:001038
voc-2007,002039,/home/felix/fiftyone/voc-2007/train/data/002039.jpg,train,mllm_selection,train:002039
voc-2007,000298,/home/felix/fiftyone/voc-2007/train/data/000298.jpg,train,mllm_selection,train:000298
voc-2007,001587,/home/felix/fiftyone/voc-2007/train/data/001587.jpg,train,mllm_selection,train:001587
voc-2007,001383,/home/felix/fiftyone/voc-2007/train/data/001383.jpg,train,mllm_selection,train:001383
voc-2007,001835,/home/felix/fiftyone/voc-2007/train/data/001835.jpg,train,mllm_selection,train:001835
voc-2007,001214,/home/felix/fiftyone/voc-2007/train/data/001214.jpg,train,mllm_selection,train:001214
voc-2007,000299,/home/felix/fiftyone/voc-2007/train/data/000299.jpg,train,mllm_selection,train:000299
voc-2007,001823,/home/felix/fiftyone/voc-2007/train/data/001823.jpg,train,mllm_selection,train:001823
voc-2007,001935,/home/felix/fiftyone/voc-2007/train/data/001935.jpg,train,mllm_selection,train:001935
voc-2007,002021,/home/felix/fiftyone/voc-2007/train/data/002021.jpg,train,mllm_selection,train:002021
voc-2007,002167,/home/felix/fiftyone/voc-2007/train/data/002167.jpg,train,mllm_selection,train:002167
voc-2007,000249,/home/felix/fiftyone/voc-2007/train/data/000249.jpg,train,mllm_selection,train:000249
voc-2007,000293,/home/felix/fiftyone/voc-2007/train/data/000293.jpg,train,mllm_selection,train:000293
voc-2007,001962,/home/felix/fiftyone/voc-2007/train/data/001962.jpg,train,mllm_selection,train:001962
voc-2007,001264,/home/felix/fiftyone/voc-2007/train/data/001264.jpg,train,mllm_selection,train:001264
voc-2007,000366,/home/felix/fiftyone/voc-2007/train/data/000366.jpg,train,mllm_selection,train:000366
voc-2007,000484,/home/felix/fiftyone/voc-2007/train/data/000484.jpg,train,mllm_selection,train:000484
voc-2007,001462,/home/felix/fiftyone/voc-2007/train/data/001462.jpg,train,mllm_selection,train:001462
voc-2007,000407,/home/felix/fiftyone/voc-2007/train/data/000407.jpg,train,mllm_selection,train:000407
voc-2007,000213,/home/felix/fiftyone/voc-2007/train/data/000213.jpg,train,mllm_selection,train:000213
voc-2007,002224,/home/felix/fiftyone/voc-2007/train/data/002224.jpg,train,mllm_selection,train:002224
voc-2007,001592,/home/felix/fiftyone/voc-2007/train/data/001592.jpg,train,mllm_selection,train:001592
voc-2007,001221,/home/felix/fiftyone/voc-2007/train/data/001221.jpg,train,mllm_selection,train:001221
voc-2007,000745,/home/felix/fiftyone/voc-2007/train/data/000745.jpg,train,mllm_selection,train:000745
voc-2007,002448,/home/felix/fiftyone/voc-2007/train/data/002448.jpg,train,mllm_selection,train:002448
voc-2007,000879,/home/felix/fiftyone/voc-2007/train/data/000879.jpg,train,mllm_selection,train:000879
voc-2007,000739,/home/felix/fiftyone/voc-2007/train/data/000739.jpg,train,mllm_selection,train:000739
voc-2007,000557,/home/felix/fiftyone/voc-2007/train/data/000557.jpg,train,mllm_selection,train:000557
voc-2007,000991,/home/felix/fiftyone/voc-2007/train/data/000991.jpg,train,mllm_selection,train:000991
voc-2007,000384,/home/felix/fiftyone/voc-2007/train/data/000384.jpg,train,mllm_selection,train:000384
voc-2007,001913,/home/felix/fiftyone/voc-2007/train/data/001913.jpg,train,mllm_selection,train:001913
voc-2007,000586,/home/felix/fiftyone/voc-2007/train/data/000586.jpg,train,mllm_selection,train:000586
voc-2007,000251,/home/felix/fiftyone/voc-2007/train/data/000251.jpg,train,mllm_selection,train:000251
voc-2007,002046,/home/felix/fiftyone/voc-2007/train/data/002046.jpg,train,mllm_selection,train:002046
voc-2007,002124,/home/felix/fiftyone/voc-2007/train/data/002124.jpg,train,mllm_selection,train:002124
voc-2007,000459,/home/felix/fiftyone/voc-2007/train/data/000459.jpg,train,mllm_selection,train:000459
voc-2007,000674,/home/felix/fiftyone/voc-2007/train/data/000674.jpg,train,mllm_selection,train:000674
voc-2007,002405,/home/felix/fiftyone/voc-2007/train/data/002405.jpg,train,mllm_selection,train:002405
voc-2007,000759,/home/felix/fiftyone/voc-2007/train/data/000759.jpg,train,mllm_selection,train:000759
voc-2007,000760,/home/felix/fiftyone/voc-2007/train/data/000760.jpg,train,mllm_selection,train:000760
voc-2007,001450,/home/felix/fiftyone/voc-2007/train/data/001450.jpg,train,mllm_selection,train:001450
voc-2007,000696,/home/felix/fiftyone/voc-2007/train/data/000696.jpg,train,mllm_selection,train:000696
voc-2007,001598,/home/felix/fiftyone/voc-2007/train/data/001598.jpg,train,mllm_selection,train:001598
voc-2007,001924,/home/felix/fiftyone/voc-2007/train/data/001924.jpg,train,mllm_selection,train:001924
voc-2007,002426,/home/felix/fiftyone/voc-2007/train/data/002426.jpg,train,mllm_selection,train:002426
voc-2007,000511,/home/felix/fiftyone/voc-2007/train/data/000511.jpg,train,mllm_selection,train:000511
voc-2007,001750,/home/felix/fiftyone/voc-2007/train/data/001750.jpg,train,mllm_selection,train:001750
voc-2007,001573,/home/felix/fiftyone/voc-2007/train/data/001573.jpg,train,mllm_selection,train:001573
voc-2007,001720,/home/felix/fiftyone/voc-2007/train/data/001720.jpg,train,mllm_selection,train:001720
voc-2007,002062,/home/felix/fiftyone/voc-2007/train/data/002062.jpg,train,mllm_selection,train:002062
voc-2007,000063,/home/felix/fiftyone/voc-2007/train/data/000063.jpg,train,mllm_selection,train:000063
voc-2007,000836,/home/felix/fiftyone/voc-2007/train/data/000836.jpg,train,mllm_selection,train:000836
voc-2007,000788,/home/felix/fiftyone/voc-2007/train/data/000788.jpg,train,mllm_selection,train:000788
voc-2007,000161,/home/felix/fiftyone/voc-2007/train/data/000161.jpg,train,mllm_selection,train:000161
voc-2007,002146,/home/felix/fiftyone/voc-2007/train/data/002146.jpg,train,mllm_selection,train:002146
voc-2007,001795,/home/felix/fiftyone/voc-2007/train/data/001795.jpg,train,mllm_selection,train:001795
voc-2007,002430,/home/felix/fiftyone/voc-2007/train/data/002430.jpg,train,mllm_selection,train:002430
voc-2007,001270,/home/felix/fiftyone/voc-2007/train/data/001270.jpg,train,mllm_selection,train:001270
voc-2007,000898,/home/felix/fiftyone/voc-2007/train/data/000898.jpg,train,mllm_selection,train:000898
voc-2007,001461,/home/felix/fiftyone/voc-2007/train/data/001461.jpg,train,mllm_selection,train:001461
voc-2007,000001,/home/felix/fiftyone/voc-2007/train/data/000001.jpg,train,mllm_selection,train:000001
voc-2007,000933,/home/felix/fiftyone/voc-2007/train/data/000933.jpg,train,mllm_selection,train:000933
voc-2007,002184,/home/felix/fiftyone/voc-2007/train/data/002184.jpg,train,mllm_selection,train:002184
voc-2007,001770,/home/felix/fiftyone/voc-2007/train/data/001770.jpg,train,mllm_selection,train:001770
voc-2007,001582,/home/felix/fiftyone/voc-2007/train/data/001582.jpg,train,mllm_selection,train:001582
voc-2007,000423,/home/felix/fiftyone/voc-2007/train/data/000423.jpg,train,mllm_selection,train:000423
voc-2007,001968,/home/felix/fiftyone/voc-2007/train/data/001968.jpg,train,mllm_selection,train:001968
voc-2007,000176,/home/felix/fiftyone/voc-2007/train/data/000176.jpg,train,mllm_selection,train:000176
voc-2007,001368,/home/felix/fiftyone/voc-2007/train/data/001368.jpg,train,mllm_selection,train:001368
voc-2007,000326,/home/felix/fiftyone/voc-2007/train/data/000326.jpg,train,mllm_selection,train:000326
voc-2007,001229,/home/felix/fiftyone/voc-2007/train/data/001229.jpg,train,mllm_selection,train:001229
voc-2007,000839,/home/felix/fiftyone/voc-2007/train/data/000839.jpg,train,mllm_selection,train:000839
voc-2007,000451,/home/felix/fiftyone/voc-2007/train/data/000451.jpg,train,mllm_selection,train:000451
voc-2007,001971,/home/felix/fiftyone/voc-2007/train/data/001971.jpg,train,mllm_selection,train:001971
voc-2007,000056,/home/felix/fiftyone/voc-2007/train/data/000056.jpg,train,mllm_selection,train:000056
voc-2007,002358,/home/felix/fiftyone/voc-2007/train/data/002358.jpg,train,mllm_selection,train:002358
voc-2007,000475,/home/felix/fiftyone/voc-2007/train/data/000475.jpg,train,mllm_selection,train:000475
voc-2007,001184,/home/felix/fiftyone/voc-2007/train/data/001184.jpg,train,mllm_selection,train:001184
voc-2007,001626,/home/felix/fiftyone/voc-2007/train/data/001626.jpg,train,mllm_selection,train:001626
voc-2007,001179,/home/felix/fiftyone/voc-2007/train/data/001179.jpg,train,mllm_selection,train:001179
voc-2007,001444,/home/felix/fiftyone/voc-2007/train/data/001444.jpg,train,mllm_selection,train:001444
voc-2007,001509,/home/felix/fiftyone/voc-2007/train/data/001509.jpg,train,mllm_selection,train:001509
voc-2007,001478,/home/felix/fiftyone/voc-2007/train/data/001478.jpg,train,mllm_selection,train:001478
voc-2007,000959,/home/felix/fiftyone/voc-2007/train/data/000959.jpg,train,mllm_selection,train:000959
voc-2007,001504,/home/felix/fiftyone/voc-2007/train/data/001504.jpg,train,mllm_selection,train:001504
voc-2007,001936,/home/felix/fiftyone/voc-2007/train/data/001936.jpg,train,mllm_selection,train:001936
voc-2007,000664,/home/felix/fiftyone/voc-2007/train/data/000664.jpg,train,mllm_selection,train:000664
voc-2007,000212,/home/felix/fiftyone/voc-2007/train/data/000212.jpg,train,mllm_selection,train:000212
voc-2007,000445,/home/felix/fiftyone/voc-2007/train/data/000445.jpg,train,mllm_selection,train:000445
voc-2007,001391,/home/felix/fiftyone/voc-2007/train/data/001391.jpg,train,mllm_selection,train:001391
voc-2007,000355,/home/felix/fiftyone/voc-2007/train/data/000355.jpg,train,mllm_selection,train:000355
voc-2007,000472,/home/felix/fiftyone/voc-2007/train/data/000472.jpg,train,mllm_selection,train:000472
voc-2007,000262,/home/felix/fiftyone/voc-2007/train/data/000262.jpg,train,mllm_selection,train:000262
voc-2007,000713,/home/felix/fiftyone/voc-2007/train/data/000713.jpg,train,mllm_selection,train:000713
voc-2007,001251,/home/felix/fiftyone/voc-2007/train/data/001251.jpg,train,mllm_selection,train:001251
voc-2007,000400,/home/felix/fiftyone/voc-2007/train/data/000400.jpg,train,mllm_selection,train:000400
voc-2007,001986,/home/felix/fiftyone/voc-2007/train/data/001986.jpg,train,mllm_selection,train:001986
voc-2007,001092,/home/felix/fiftyone/voc-2007/train/data/001092.jpg,train,mllm_selection,train:001092
voc-2007,002102,/home/felix/fiftyone/voc-2007/train/data/002102.jpg,train,mllm_selection,train:002102
voc-2007,000425,/home/felix/fiftyone/voc-2007/train/data/000425.jpg,train,mllm_selection,train:000425
voc-2007,001373,/home/felix/fiftyone/voc-2007/train/data/001373.jpg,train,mllm_selection,train:001373
voc-2007,001838,/home/felix/fiftyone/voc-2007/train/data/001838.jpg,train,mllm_selection,train:001838
voc-2007,000813,/home/felix/fiftyone/voc-2007/train/data/000813.jpg,train,mllm_selection,train:000813
voc-2007,001610,/home/felix/fiftyone/voc-2007/train/data/001610.jpg,train,mllm_selection,train:001610
voc-2007,001836,/home/felix/fiftyone/voc-2007/train/data/001836.jpg,train,mllm_selection,train:001836
voc-2007,001041,/home/felix/fiftyone/voc-2007/train/data/001041.jpg,train,mllm_selection,train:001041
voc-2007,001110,/home/felix/fiftyone/voc-2007/train/data/001110.jpg,train,mllm_selection,train:001110
voc-2007,000710,/home/felix/fiftyone/voc-2007/train/data/000710.jpg,train,mllm_selection,train:000710
voc-2007,001878,/home/felix/fiftyone/voc-2007/train/data/001878.jpg,train,mllm_selection,train:001878
voc-2007,000047,/home/felix/fiftyone/voc-2007/train/data/000047.jpg,train,mllm_selection,train:000047
voc-2007,002471,/home/felix/fiftyone/voc-2007/train/data/002471.jpg,train,mllm_selection,train:002471
voc-2007,000357,/home/felix/fiftyone/voc-2007/train/data/000357.jpg,train,mllm_selection,train:000357
voc-2007,001000,/home/felix/fiftyone/voc-2007/train/data/001000.jpg,train,mllm_selection,train:001000
voc-2007,001591,/home/felix/fiftyone/voc-2007/train/data/001591.jpg,train,mllm_selection,train:001591
voc-2007,002301,/home/felix/fiftyone/voc-2007/train/data/002301.jpg,train,mllm_selection,train:002301
voc-2007,000852,/home/felix/fiftyone/voc-2007/train/data/000852.jpg,train,mllm_selection,train:000852
voc-2007,001436,/home/felix/fiftyone/voc-2007/train/data/001436.jpg,train,mllm_selection,train:001436
voc-2007,001583,/home/felix/fiftyone/voc-2007/train/data/001583.jpg,train,mllm_selection,train:001583
voc-2007,001649,/home/felix/fiftyone/voc-2007/train/data/001649.jpg,train,mllm_selection,train:001649
voc-2007,001624,/home/felix/fiftyone/voc-2007/train/data/001624.jpg,train,mllm_selection,train:001624
voc-2007,000964,/home/felix/fiftyone/voc-2007/train/data/000964.jpg,train,mllm_selection,train:000964
voc-2007,001406,/home/felix/fiftyone/voc-2007/train/data/001406.jpg,train,mllm_selection,train:001406
voc-2007,000157,/home/felix/fiftyone/voc-2007/train/data/000157.jpg,train,mllm_selection,train:000157
voc-2007,000744,/home/felix/fiftyone/voc-2007/train/data/000744.jpg,train,mllm_selection,train:000744
voc-2007,002419,/home/felix/fiftyone/voc-2007/train/data/002419.jpg,train,mllm_selection,train:002419
voc-2007,000539,/home/felix/fiftyone/voc-2007/train/data/000539.jpg,train,mllm_selection,train:000539
voc-2007,002110,/home/felix/fiftyone/voc-2007/train/data/002110.jpg,train,mllm_selection,train:002110
voc-2007,001894,/home/felix/fiftyone/voc-2007/train/data/001894.jpg,train,mllm_selection,train:001894
voc-2007,000122,/home/felix/fiftyone/voc-2007/train/data/000122.jpg,train,mllm_selection,train:000122
voc-2007,002304,/home/felix/fiftyone/voc-2007/train/data/002304.jpg,train,mllm_selection,train:002304
voc-2007,000362,/home/felix/fiftyone/voc-2007/train/data/000362.jpg,train,mllm_selection,train:000362
voc-2007,000573,/home/felix/fiftyone/voc-2007/train/data/000573.jpg,train,mllm_selection,train:000573
voc-2007,001017,/home/felix/fiftyone/voc-2007/train/data/001017.jpg,train,mllm_selection,train:001017
voc-2007,002199,/home/felix/fiftyone/voc-2007/train/data/002199.jpg,train,mllm_selection,train:002199
voc-2007,000666,/home/felix/fiftyone/voc-2007/train/data/000666.jpg,train,mllm_selection,train:000666
voc-2007,000449,/home/felix/fiftyone/voc-2007/train/data/000449.jpg,train,mllm_selection,train:000449
voc-2007,000503,/home/felix/fiftyone/voc-2007/train/data/000503.jpg,train,mllm_selection,train:000503
voc-2007,001956,/home/felix/fiftyone/voc-2007/train/data/001956.jpg,train,mllm_selection,train:001956
voc-2007,000550,/home/felix/fiftyone/voc-2007/train/data/000550.jpg,train,mllm_selection,train:000550
voc-2007,001990,/home/felix/fiftyone/voc-2007/train/data/001990.jpg,train,mllm_selection,train:001990
voc-2007,000258,/home/felix/fiftyone/voc-2007/train/data/000258.jpg,train,mllm_selection,train:000258
voc-2007,001555,/home/felix/fiftyone/voc-2007/train/data/001555.jpg,train,mllm_selection,train:001555
voc-2007,000878,/home/felix/fiftyone/voc-2007/train/data/000878.jpg,train,mllm_selection,train:000878
voc-2007,002411,/home/felix/fiftyone/voc-2007/train/data/002411.jpg,train,mllm_selection,train:002411
voc-2007,001191,/home/felix/fiftyone/voc-2007/train/data/001191.jpg,train,mllm_selection,train:001191
voc-2007,000457,/home/felix/fiftyone/voc-2007/train/data/000457.jpg,train,mllm_selection,train:000457
voc-2007,001167,/home/felix/fiftyone/voc-2007/train/data/001167.jpg,train,mllm_selection,train:001167
voc-2007,000113,/home/felix/fiftyone/voc-2007/train/data/000113.jpg,train,mllm_selection,train:000113
voc-2007,001360,/home/felix/fiftyone/voc-2007/train/data/001360.jpg,train,mllm_selection,train:001360
voc-2007,001159,/home/felix/fiftyone/voc-2007/train/data/001159.jpg,train,mllm_selection,train:001159
voc-2007,001703,/home/felix/fiftyone/voc-2007/train/data/001703.jpg,train,mllm_selection,train:001703
voc-2007,001733,/home/felix/fiftyone/voc-2007/train/data/001733.jpg,train,mllm_selection,train:001733
voc-2007,000199,/home/felix/fiftyone/voc-2007/train/data/000199.jpg,train,mllm_selection,train:000199
voc-2007,002347,/home/felix/fiftyone/voc-2007/train/data/002347.jpg,train,mllm_selection,train:002347
voc-2007,000781,/home/felix/fiftyone/voc-2007/train/data/000781.jpg,train,mllm_selection,train:000781
voc-2007,002210,/home/felix/fiftyone/voc-2007/train/data/002210.jpg,train,mllm_selection,train:002210
voc-2007,000505,/home/felix/fiftyone/voc-2007/train/data/000505.jpg,train,mllm_selection,train:000505
voc-2007,000190,/home/felix/fiftyone/voc-2007/train/data/000190.jpg,train,mllm_selection,train:000190
voc-2007,000669,/home/felix/fiftyone/voc-2007/train/data/000669.jpg,train,mllm_selection,train:000669
voc-2007,002395,/home/felix/fiftyone/voc-2007/train/data/002395.jpg,train,mllm_selection,train:002395
voc-2007,002133,/home/felix/fiftyone/voc-2007/train/data/002133.jpg,train,mllm_selection,train:002133
voc-2007,001652,/home/felix/fiftyone/voc-2007/train/data/001652.jpg,train,mllm_selection,train:001652
voc-2007,000027,/home/felix/fiftyone/voc-2007/train/data/000027.jpg,train,mllm_selection,train:000027
voc-2007,000319,/home/felix/fiftyone/voc-2007/train/data/000319.jpg,train,mllm_selection,train:000319
voc-2007,000858,/home/felix/fiftyone/voc-2007/train/data/000858.jpg,train,mllm_selection,train:000858
voc-2007,000757,/home/felix/fiftyone/voc-2007/train/data/000757.jpg,train,mllm_selection,train:000757
voc-2007,002219,/home/felix/fiftyone/voc-2007/train/data/002219.jpg,train,mllm_selection,train:002219
voc-2007,000740,/home/felix/fiftyone/voc-2007/train/data/000740.jpg,train,mllm_selection,train:000740
voc-2007,001766,/home/felix/fiftyone/voc-2007/train/data/001766.jpg,train,mllm_selection,train:001766
voc-2007,001890,/home/felix/fiftyone/voc-2007/train/data/001890.jpg,train,mllm_selection,train:001890
voc-2007,000259,/home/felix/fiftyone/voc-2007/train/data/000259.jpg,train,mllm_selection,train:000259
voc-2007,001216,/home/felix/fiftyone/voc-2007/train/data/001216.jpg,train,mllm_selection,train:001216
voc-2007,000155,/home/felix/fiftyone/voc-2007/train/data/000155.jpg,train,mllm_selection,train:000155
voc-2007,001665,/home/felix/fiftyone/voc-2007/train/data/001665.jpg,train,mllm_selection,train:001665
voc-2007,001588,/home/felix/fiftyone/voc-2007/train/data/001588.jpg,train,mllm_selection,train:001588
voc-2007,001488,/home/felix/fiftyone/voc-2007/train/data/001488.jpg,train,mllm_selection,train:001488
voc-2007,002061,/home/felix/fiftyone/voc-2007/train/data/002061.jpg,train,mllm_selection,train:002061
voc-2007,001476,/home/felix/fiftyone/voc-2007/train/data/001476.jpg,train,mllm_selection,train:001476
voc-2007,000693,/home/felix/fiftyone/voc-2007/train/data/000693.jpg,train,mllm_selection,train:000693
voc-2007,002267,/home/felix/fiftyone/voc-2007/train/data/002267.jpg,train,mllm_selection,train:002267
voc-2007,000627,/home/felix/fiftyone/voc-2007/train/data/000627.jpg,train,mllm_selection,train:000627
voc-2007,000574,/home/felix/fiftyone/voc-2007/train/data/000574.jpg,train,mllm_selection,train:000574
voc-2007,001711,/home/felix/fiftyone/voc-2007/train/data/001711.jpg,train,mllm_selection,train:001711
voc-2007,000784,/home/felix/fiftyone/voc-2007/train/data/000784.jpg,train,mllm_selection,train:000784
voc-2007,000546,/home/felix/fiftyone/voc-2007/train/data/000546.jpg,train,mllm_selection,train:000546
voc-2007,000241,/home/felix/fiftyone/voc-2007/train/data/000241.jpg,train,mllm_selection,train:000241
voc-2007,001145,/home/felix/fiftyone/voc-2007/train/data/001145.jpg,train,mllm_selection,train:001145
voc-2007,001185,/home/felix/fiftyone/voc-2007/train/data/001185.jpg,train,mllm_selection,train:001185
voc-2007,001507,/home/felix/fiftyone/voc-2007/train/data/001507.jpg,train,mllm_selection,train:001507
voc-2007,000611,/home/felix/fiftyone/voc-2007/train/data/000611.jpg,train,mllm_selection,train:000611
voc-2007,001112,/home/felix/fiftyone/voc-2007/train/data/001112.jpg,train,mllm_selection,train:001112
voc-2007,001215,/home/felix/fiftyone/voc-2007/train/data/001215.jpg,train,mllm_selection,train:001215
voc-2007,000486,/home/felix/fiftyone/voc-2007/train/data/000486.jpg,train,mllm_selection,train:000486
voc-2007,002151,/home/felix/fiftyone/voc-2007/train/data/002151.jpg,train,mllm_selection,train:002151
voc-2007,000588,/home/felix/fiftyone/voc-2007/train/data/000588.jpg,train,mllm_selection,train:000588
voc-2007,000244,/home/felix/fiftyone/voc-2007/train/data/000244.jpg,train,mllm_selection,train:000244
voc-2007,000915,/home/felix/fiftyone/voc-2007/train/data/000915.jpg,train,mllm_selection,train:000915
voc-2007,001965,/home/felix/fiftyone/voc-2007/train/data/001965.jpg,train,mllm_selection,train:001965
voc-2007,002318,/home/felix/fiftyone/voc-2007/train/data/002318.jpg,train,mllm_selection,train:002318
voc-2007,002071,/home/felix/fiftyone/voc-2007/train/data/002071.jpg,train,mllm_selection,train:002071
voc-2007,000935,/home/felix/fiftyone/voc-2007/train/data/000935.jpg,train,mllm_selection,train:000935
voc-2007,001035,/home/felix/fiftyone/voc-2007/train/data/001035.jpg,train,mllm_selection,train:001035
voc-2007,000462,/home/felix/fiftyone/voc-2007/train/data/000462.jpg,train,mllm_selection,train:000462
voc-2007,001601,/home/felix/fiftyone/voc-2007/train/data/001601.jpg,train,mllm_selection,train:001601
voc-2007,001257,/home/felix/fiftyone/voc-2007/train/data/001257.jpg,train,mllm_selection,train:001257
voc-2007,002212,/home/felix/fiftyone/voc-2007/train/data/002212.jpg,train,mllm_selection,train:002212
voc-2007,001302,/home/felix/fiftyone/voc-2007/train/data/001302.jpg,train,mllm_selection,train:001302
voc-2007,000145,/home/felix/fiftyone/voc-2007/train/data/000145.jpg,train,mllm_selection,train:000145
voc-2007,001327,/home/felix/fiftyone/voc-2007/train/data/001327.jpg,train,mllm_selection,train:001327
voc-2007,000587,/home/felix/fiftyone/voc-2007/train/data/000587.jpg,train,mllm_selection,train:000587
voc-2007,001124,/home/felix/fiftyone/voc-2007/train/data/001124.jpg,train,mllm_selection,train:001124
voc-2007,002482,/home/felix/fiftyone/voc-2007/train/data/002482.jpg,train,mllm_selection,train:002482
voc-2007,000820,/home/felix/fiftyone/voc-2007/train/data/000820.jpg,train,mllm_selection,train:000820
voc-2007,000555,/home/felix/fiftyone/voc-2007/train/data/000555.jpg,train,mllm_selection,train:000555
voc-2007,001420,/home/felix/fiftyone/voc-2007/train/data/001420.jpg,train,mllm_selection,train:001420
voc-2007,002100,/home/felix/fiftyone/voc-2007/train/data/002100.jpg,train,mllm_selection,train:002100
voc-2007,002494,/home/felix/fiftyone/voc-2007/train/data/002494.jpg,train,mllm_selection,train:002494
voc-2007,002178,/home/felix/fiftyone/voc-2007/train/data/002178.jpg,train,mllm_selection,train:002178
voc-2007,001949,/home/felix/fiftyone/voc-2007/train/data/001949.jpg,train,mllm_selection,train:001949
voc-2007,001810,/home/felix/fiftyone/voc-2007/train/data/001810.jpg,train,mllm_selection,train:001810
voc-2007,002206,/home/felix/fiftyone/voc-2007/train/data/002206.jpg,train,mllm_selection,train:002206
voc-2007,002214,/home/felix/fiftyone/voc-2007/train/data/002214.jpg,train,mllm_selection,train:002214
voc-2007,000595,/home/felix/fiftyone/voc-2007/train/data/000595.jpg,train,mllm_selection,train:000595
voc-2007,000380,/home/felix/fiftyone/voc-2007/train/data/000380.jpg,train,mllm_selection,train:000380
voc-2007,002258,/home/felix/fiftyone/voc-2007/train/data/002258.jpg,train,mllm_selection,train:002258
voc-2007,002195,/home/felix/fiftyone/voc-2007/train/data/002195.jpg,train,mllm_selection,train:002195
voc-2007,002200,/home/felix/fiftyone/voc-2007/train/data/002200.jpg,train,mllm_selection,train:002200
voc-2007,001640,/home/felix/fiftyone/voc-2007/train/data/001640.jpg,train,mllm_selection,train:001640
voc-2007,002084,/home/felix/fiftyone/voc-2007/train/data/002084.jpg,train,mllm_selection,train:002084
voc-2007,001309,/home/felix/fiftyone/voc-2007/train/data/001309.jpg,train,mllm_selection,train:001309
voc-2007,001558,/home/felix/fiftyone/voc-2007/train/data/001558.jpg,train,mllm_selection,train:001558
voc-2007,000321,/home/felix/fiftyone/voc-2007/train/data/000321.jpg,train,mllm_selection,train:000321
voc-2007,002337,/home/felix/fiftyone/voc-2007/train/data/002337.jpg,train,mllm_selection,train:002337
voc-2007,001594,/home/felix/fiftyone/voc-2007/train/data/001594.jpg,train,mllm_selection,train:001594
voc-2007,001454,/home/felix/fiftyone/voc-2007/train/data/001454.jpg,train,mllm_selection,train:001454
voc-2007,000454,/home/felix/fiftyone/voc-2007/train/data/000454.jpg,train,mllm_selection,train:000454
voc-2007,001429,/home/felix/fiftyone/voc-2007/train/data/001429.jpg,train,mllm_selection,train:001429
voc-2007,002341,/home/felix/fiftyone/voc-2007/train/data/002341.jpg,train,mllm_selection,train:002341
voc-2007,002025,/home/felix/fiftyone/voc-2007/train/data/002025.jpg,train,mllm_selection,train:002025
voc-2007,001530,/home/felix/fiftyone/voc-2007/train/data/001530.jpg,train,mllm_selection,train:001530
voc-2007,002156,/home/felix/fiftyone/voc-2007/train/data/002156.jpg,train,mllm_selection,train:002156
voc-2007,000211,/home/felix/fiftyone/voc-2007/train/data/000211.jpg,train,mllm_selection,train:000211
voc-2007,000187,/home/felix/fiftyone/voc-2007/train/data/000187.jpg,train,mllm_selection,train:000187
voc-2007,001793,/home/felix/fiftyone/voc-2007/train/data/001793.jpg,train,mllm_selection,train:001793
voc-2007,001279,/home/felix/fiftyone/voc-2007/train/data/001279.jpg,train,mllm_selection,train:001279
voc-2007,002017,/home/felix/fiftyone/voc-2007/train/data/002017.jpg,train,mllm_selection,train:002017
voc-2007,001993,/home/felix/fiftyone/voc-2007/train/data/001993.jpg,train,mllm_selection,train:001993
voc-2007,002420,/home/felix/fiftyone/voc-2007/train/data/002420.jpg,train,mllm_selection,train:002420
voc-2007,002468,/home/felix/fiftyone/voc-2007/train/data/002468.jpg,train,mllm_selection,train:002468
voc-2007,000414,/home/felix/fiftyone/voc-2007/train/data/000414.jpg,train,mllm_selection,train:000414
voc-2007,000112,/home/felix/fiftyone/voc-2007/train/data/000112.jpg,train,mllm_selection,train:000112
voc-2007,000464,/home/felix/fiftyone/voc-2007/train/data/000464.jpg,train,mllm_selection,train:000464
voc-2007,001873,/home/felix/fiftyone/voc-2007/train/data/001873.jpg,train,mllm_selection,train:001873
voc-2007,001830,/home/felix/fiftyone/voc-2007/train/data/001830.jpg,train,mllm_selection,train:001830
voc-2007,002384,/home/felix/fiftyone/voc-2007/train/data/002384.jpg,train,mllm_selection,train:002384
voc-2007,002095,/home/felix/fiftyone/voc-2007/train/data/002095.jpg,train,mllm_selection,train:002095
voc-2007,001136,/home/felix/fiftyone/voc-2007/train/data/001136.jpg,train,mllm_selection,train:001136
voc-2007,001969,/home/felix/fiftyone/voc-2007/train/data/001969.jpg,train,mllm_selection,train:001969
voc-2007,000909,/home/felix/fiftyone/voc-2007/train/data/000909.jpg,train,mllm_selection,train:000909
voc-2007,000704,/home/felix/fiftyone/voc-2007/train/data/000704.jpg,train,mllm_selection,train:000704
voc-2007,000513,/home/felix/fiftyone/voc-2007/train/data/000513.jpg,train,mllm_selection,train:000513
voc-2007,001464,/home/felix/fiftyone/voc-2007/train/data/001464.jpg,train,mllm_selection,train:001464
voc-2007,002183,/home/felix/fiftyone/voc-2007/train/data/002183.jpg,train,mllm_selection,train:002183
voc-2007,000117,/home/felix/fiftyone/voc-2007/train/data/000117.jpg,train,mllm_selection,train:000117
voc-2007,001163,/home/felix/fiftyone/voc-2007/train/data/001163.jpg,train,mllm_selection,train:001163
voc-2007,000266,/home/felix/fiftyone/voc-2007/train/data/000266.jpg,train,mllm_selection,train:000266
voc-2007,000690,/home/felix/fiftyone/voc-2007/train/data/000690.jpg,train,mllm_selection,train:000690
voc-2007,000633,/home/felix/fiftyone/voc-2007/train/data/000633.jpg,train,mllm_selection,train:000633
voc-2007,001868,/home/felix/fiftyone/voc-2007/train/data/001868.jpg,train,mllm_selection,train:001868
voc-2007,001019,/home/felix/fiftyone/voc-2007/train/data/001019.jpg,train,mllm_selection,train:001019
voc-2007,001046,/home/felix/fiftyone/voc-2007/train/data/001046.jpg,train,mllm_selection,train:001046
voc-2007,002241,/home/felix/fiftyone/voc-2007/train/data/002241.jpg,train,mllm_selection,train:002241
voc-2007,001066,/home/felix/fiftyone/voc-2007/train/data/001066.jpg,train,mllm_selection,train:001066
voc-2007,000918,/home/felix/fiftyone/voc-2007/train/data/000918.jpg,train,mllm_selection,train:000918
voc-2007,001256,/home/felix/fiftyone/voc-2007/train/data/001256.jpg,train,mllm_selection,train:001256
voc-2007,000857,/home/felix/fiftyone/voc-2007/train/data/000857.jpg,train,mllm_selection,train:000857
voc-2007,001344,/home/felix/fiftyone/voc-2007/train/data/001344.jpg,train,mllm_selection,train:001344
voc-2007,002381,/home/felix/fiftyone/voc-2007/train/data/002381.jpg,train,mllm_selection,train:002381
voc-2007,000894,/home/felix/fiftyone/voc-2007/train/data/000894.jpg,train,mllm_selection,train:000894
voc-2007,002027,/home/felix/fiftyone/voc-2007/train/data/002027.jpg,train,mllm_selection,train:002027
voc-2007,001399,/home/felix/fiftyone/voc-2007/train/data/001399.jpg,train,mllm_selection,train:001399
voc-2007,001390,/home/felix/fiftyone/voc-2007/train/data/001390.jpg,train,mllm_selection,train:001390
voc-2007,001691,/home/felix/fiftyone/voc-2007/train/data/001691.jpg,train,mllm_selection,train:001691
voc-2007,002255,/home/felix/fiftyone/voc-2007/train/data/002255.jpg,train,mllm_selection,train:002255
voc-2007,002464,/home/felix/fiftyone/voc-2007/train/data/002464.jpg,train,mllm_selection,train:002464
voc-2007,002501,/home/felix/fiftyone/voc-2007/train/data/002501.jpg,train,mllm_selection,train:002501
voc-2007,001633,/home/felix/fiftyone/voc-2007/train/data/001633.jpg,train,mllm_selection,train:001633
voc-2007,001332,/home/felix/fiftyone/voc-2007/train/data/001332.jpg,train,mllm_selection,train:001332
voc-2007,002190,/home/felix/fiftyone/voc-2007/train/data/002190.jpg,train,mllm_selection,train:002190
voc-2007,002009,/home/felix/fiftyone/voc-2007/train/data/002009.jpg,train,mllm_selection,train:002009
voc-2007,000877,/home/felix/fiftyone/voc-2007/train/data/000877.jpg,train,mllm_selection,train:000877
voc-2007,001725,/home/felix/fiftyone/voc-2007/train/data/001725.jpg,train,mllm_selection,train:001725
voc-2007,002436,/home/felix/fiftyone/voc-2007/train/data/002436.jpg,train,mllm_selection,train:002436
voc-2007,001101,/home/felix/fiftyone/voc-2007/train/data/001101.jpg,train,mllm_selection,train:001101
voc-2007,000055,/home/felix/fiftyone/voc-2007/train/data/000055.jpg,train,mllm_selection,train:000055
voc-2007,000002,/home/felix/fiftyone/voc-2007/train/data/000002.jpg,train,mllm_selection,train:000002
voc-2007,000130,/home/felix/fiftyone/voc-2007/train/data/000130.jpg,train,mllm_selection,train:000130
voc-2007,002096,/home/felix/fiftyone/voc-2007/train/data/002096.jpg,train,mllm_selection,train:002096
voc-2007,002400,/home/felix/fiftyone/voc-2007/train/data/002400.jpg,train,mllm_selection,train:002400
voc-2007,001572,/home/felix/fiftyone/voc-2007/train/data/001572.jpg,train,mllm_selection,train:001572
voc-2007,000920,/home/felix/fiftyone/voc-2007/train/data/000920.jpg,train,mllm_selection,train:000920
voc-2007,001105,/home/felix/fiftyone/voc-2007/train/data/001105.jpg,train,mllm_selection,train:001105
voc-2007,001125,/home/felix/fiftyone/voc-2007/train/data/001125.jpg,train,mllm_selection,train:001125
voc-2007,001700,/home/felix/fiftyone/voc-2007/train/data/001700.jpg,train,mllm_selection,train:001700
voc-2007,000005,/home/felix/fiftyone/voc-2007/train/data/000005.jpg,train,mllm_selection,train:000005
voc-2007,001861,/home/felix/fiftyone/voc-2007/train/data/001861.jpg,train,mllm_selection,train:001861
voc-2007,002031,/home/felix/fiftyone/voc-2007/train/data/002031.jpg,train,mllm_selection,train:002031
voc-2007,002391,/home/felix/fiftyone/voc-2007/train/data/002391.jpg,train,mllm_selection,train:002391
voc-2007,000649,/home/felix/fiftyone/voc-2007/train/data/000649.jpg,train,mllm_selection,train:000649
voc-2007,000946,/home/felix/fiftyone/voc-2007/train/data/000946.jpg,train,mllm_selection,train:000946
voc-2007,002007,/home/felix/fiftyone/voc-2007/train/data/002007.jpg,train,mllm_selection,train:002007
voc-2007,001417,/home/felix/fiftyone/voc-2007/train/data/001417.jpg,train,mllm_selection,train:001417
voc-2007,000476,/home/felix/fiftyone/voc-2007/train/data/000476.jpg,train,mllm_selection,train:000476
voc-2007,001684,/home/felix/fiftyone/voc-2007/train/data/001684.jpg,train,mllm_selection,train:001684
voc-2007,001049,/home/felix/fiftyone/voc-2007/train/data/001049.jpg,train,mllm_selection,train:001049
voc-2007,002137,/home/felix/fiftyone/voc-2007/train/data/002137.jpg,train,mllm_selection,train:002137
voc-2007,001220,/home/felix/fiftyone/voc-2007/train/data/001220.jpg,train,mllm_selection,train:001220
voc-2007,002271,/home/felix/fiftyone/voc-2007/train/data/002271.jpg,train,mllm_selection,train:002271
voc-2007,000973,/home/felix/fiftyone/voc-2007/train/data/000973.jpg,train,mllm_selection,train:000973
voc-2007,001333,/home/felix/fiftyone/voc-2007/train/data/001333.jpg,train,mllm_selection,train:001333
voc-2007,002414,/home/felix/fiftyone/voc-2007/train/data/002414.jpg,train,mllm_selection,train:002414
voc-2007,000270,/home/felix/fiftyone/voc-2007/train/data/000270.jpg,train,mllm_selection,train:000270
voc-2007,000931,/home/felix/fiftyone/voc-2007/train/data/000931.jpg,train,mllm_selection,train:000931
voc-2007,000937,/home/felix/fiftyone/voc-2007/train/data/000937.jpg,train,mllm_selection,train:000937
voc-2007,000471,/home/felix/fiftyone/voc-2007/train/data/000471.jpg,train,mllm_selection,train:000471
voc-2007,000458,/home/felix/fiftyone/voc-2007/train/data/000458.jpg,train,mllm_selection,train:000458
voc-2007,001037,/home/felix/fiftyone/voc-2007/train/data/001037.jpg,train,mllm_selection,train:001037
voc-2007,002109,/home/felix/fiftyone/voc-2007/train/data/002109.jpg,train,mllm_selection,train:002109
voc-2007,000658,/home/felix/fiftyone/voc-2007/train/data/000658.jpg,train,mllm_selection,train:000658
voc-2007,000990,/home/felix/fiftyone/voc-2007/train/data/000990.jpg,train,mllm_selection,train:000990
voc-2007,000578,/home/felix/fiftyone/voc-2007/train/data/000578.jpg,train,mllm_selection,train:000578
voc-2007,001447,/home/felix/fiftyone/voc-2007/train/data/001447.jpg,train,mllm_selection,train:001447
voc-2007,001479,/home/felix/fiftyone/voc-2007/train/data/001479.jpg,train,mllm_selection,train:001479
voc-2007,000615,/home/felix/fiftyone/voc-2007/train/data/000615.jpg,train,mllm_selection,train:000615
voc-2007,000606,/home/felix/fiftyone/voc-2007/train/data/000606.jpg,train,mllm_selection,train:000606
voc-2007,000043,/home/felix/fiftyone/voc-2007/train/data/000043.jpg,train,mllm_selection,train:000043
voc-2007,001133,/home/felix/fiftyone/voc-2007/train/data/001133.jpg,train,mllm_selection,train:001133
voc-2007,000057,/home/felix/fiftyone/voc-2007/train/data/000057.jpg,train,mllm_selection,train:000057
voc-2007,001088,/home/felix/fiftyone/voc-2007/train/data/001088.jpg,train,mllm_selection,train:001088
voc-2007,000435,/home/felix/fiftyone/voc-2007/train/data/000435.jpg,train,mllm_selection,train:000435
voc-2007,002422,/home/felix/fiftyone/voc-2007/train/data/002422.jpg,train,mllm_selection,train:002422
voc-2007,000292,/home/felix/fiftyone/voc-2007/train/data/000292.jpg,train,mllm_selection,train:000292
voc-2007,001612,/home/felix/fiftyone/voc-2007/train/data/001612.jpg,train,mllm_selection,train:001612
voc-2007,001846,/home/felix/fiftyone/voc-2007/train/data/001846.jpg,train,mllm_selection,train:001846
voc-2007,001180,/home/felix/fiftyone/voc-2007/train/data/001180.jpg,train,mllm_selection,train:001180
voc-2007,000536,/home/felix/fiftyone/voc-2007/train/data/000536.jpg,train,mllm_selection,train:000536
voc-2007,000232,/home/felix/fiftyone/voc-2007/train/data/000232.jpg,train,mllm_selection,train:000232
voc-2007,002308,/home/felix/fiftyone/voc-2007/train/data/002308.jpg,train,mllm_selection,train:002308
voc-2007,002458,/home/felix/fiftyone/voc-2007/train/data/002458.jpg,train,mllm_selection,train:002458
voc-2007,001009,/home/felix/fiftyone/voc-2007/train/data/001009.jpg,train,mllm_selection,train:001009
voc-2007,000012,/home/felix/fiftyone/voc-2007/train/data/000012.jpg,train,mllm_selection,train:000012
voc-2007,002152,/home/felix/fiftyone/voc-2007/train/data/002152.jpg,train,mllm_selection,train:002152
voc-2007,000751,/home/felix/fiftyone/voc-2007/train/data/000751.jpg,train,mllm_selection,train:000751
voc-2007,001747,/home/felix/fiftyone/voc-2007/train/data/001747.jpg,train,mllm_selection,train:001747
voc-2007,002355,/home/felix/fiftyone/voc-2007/train/data/002355.jpg,train,mllm_selection,train:002355
voc-2007,000290,/home/felix/fiftyone/voc-2007/train/data/000290.jpg,train,mllm_selection,train:000290
voc-2007,001569,/home/felix/fiftyone/voc-2007/train/data/001569.jpg,train,mllm_selection,train:001569
voc-2007,001455,/home/felix/fiftyone/voc-2007/train/data/001455.jpg,train,mllm_selection,train:001455
voc-2007,002162,/home/felix/fiftyone/voc-2007/train/data/002162.jpg,train,mllm_selection,train:002162
voc-2007,000172,/home/felix/fiftyone/voc-2007/train/data/000172.jpg,train,mllm_selection,train:000172
voc-2007,001527,/home/felix/fiftyone/voc-2007/train/data/001527.jpg,train,mllm_selection,train:001527
voc-2007,000798,/home/felix/fiftyone/voc-2007/train/data/000798.jpg,train,mllm_selection,train:000798
voc-2007,000460,/home/felix/fiftyone/voc-2007/train/data/000460.jpg,train,mllm_selection,train:000460
voc-2007,000904,/home/felix/fiftyone/voc-2007/train/data/000904.jpg,train,mllm_selection,train:000904
voc-2007,000058,/home/felix/fiftyone/voc-2007/train/data/000058.jpg,train,mllm_selection,train:000058
voc-2007,001260,/home/felix/fiftyone/voc-2007/train/data/001260.jpg,train,mllm_selection,train:001260
voc-2007,000678,/home/felix/fiftyone/voc-2007/train/data/000678.jpg,train,mllm_selection,train:000678
voc-2007,001058,/home/felix/fiftyone/voc-2007/train/data/001058.jpg,train,mllm_selection,train:001058
voc-2007,002406,/home/felix/fiftyone/voc-2007/train/data/002406.jpg,train,mllm_selection,train:002406
voc-2007,002057,/home/felix/fiftyone/voc-2007/train/data/002057.jpg,train,mllm_selection,train:002057
voc-2007,001533,/home/felix/fiftyone/voc-2007/train/data/001533.jpg,train,mllm_selection,train:001533
voc-2007,001361,/home/felix/fiftyone/voc-2007/train/data/001361.jpg,train,mllm_selection,train:001361
voc-2007,000728,/home/felix/fiftyone/voc-2007/train/data/000728.jpg,train,mllm_selection,train:000728
voc-2007,000953,/home/felix/fiftyone/voc-2007/train/data/000953.jpg,train,mllm_selection,train:000953
voc-2007,002432,/home/felix/fiftyone/voc-2007/train/data/002432.jpg,train,mllm_selection,train:002432
voc-2007,000235,/home/felix/fiftyone/voc-2007/train/data/000235.jpg,train,mllm_selection,train:000235
voc-2007,000102,/home/felix/fiftyone/voc-2007/train/data/000102.jpg,train,mllm_selection,train:000102
voc-2007,001621,/home/felix/fiftyone/voc-2007/train/data/001621.jpg,train,mllm_selection,train:001621
voc-2007,000589,/home/felix/fiftyone/voc-2007/train/data/000589.jpg,train,mllm_selection,train:000589
voc-2007,000029,/home/felix/fiftyone/voc-2007/train/data/000029.jpg,train,mllm_selection,train:000029
voc-2007,000972,/home/felix/fiftyone/voc-2007/train/data/000972.jpg,train,mllm_selection,train:000972
voc-2007,000463,/home/felix/fiftyone/voc-2007/train/data/000463.jpg,train,mllm_selection,train:000463
voc-2007,001468,/home/felix/fiftyone/voc-2007/train/data/001468.jpg,train,mllm_selection,train:001468
voc-2007,001243,/home/felix/fiftyone/voc-2007/train/data/001243.jpg,train,mllm_selection,train:001243
voc-2007,001151,/home/felix/fiftyone/voc-2007/train/data/001151.jpg,train,mllm_selection,train:001151
voc-2007,002019,/home/felix/fiftyone/voc-2007/train/data/002019.jpg,train,mllm_selection,train:002019
voc-2007,002254,/home/felix/fiftyone/voc-2007/train/data/002254.jpg,train,mllm_selection,train:002254
voc-2007,001903,/home/felix/fiftyone/voc-2007/train/data/001903.jpg,train,mllm_selection,train:001903
voc-2007,000383,/home/felix/fiftyone/voc-2007/train/data/000383.jpg,train,mllm_selection,train:000383
voc-2007,001657,/home/felix/fiftyone/voc-2007/train/data/001657.jpg,train,mllm_selection,train:001657
voc-2007,000824,/home/felix/fiftyone/voc-2007/train/data/000824.jpg,train,mllm_selection,train:000824
voc-2007,000101,/home/felix/fiftyone/voc-2007/train/data/000101.jpg,train,mllm_selection,train:000101
voc-2007,001015,/home/felix/fiftyone/voc-2007/train/data/001015.jpg,train,mllm_selection,train:001015
voc-2007,001154,/home/felix/fiftyone/voc-2007/train/data/001154.jpg,train,mllm_selection,train:001154
voc-2007,000725,/home/felix/fiftyone/voc-2007/train/data/000725.jpg,train,mllm_selection,train:000725
voc-2007,000724,/home/felix/fiftyone/voc-2007/train/data/000724.jpg,train,mllm_selection,train:000724
voc-2007,000184,/home/felix/fiftyone/voc-2007/train/data/000184.jpg,train,mllm_selection,train:000184
voc-2007,001011,/home/felix/fiftyone/voc-2007/train/data/001011.jpg,train,mllm_selection,train:001011
voc-2007,001387,/home/felix/fiftyone/voc-2007/train/data/001387.jpg,train,mllm_selection,train:001387
voc-2007,002135,/home/felix/fiftyone/voc-2007/train/data/002135.jpg,train,mllm_selection,train:002135
voc-2007,001713,/home/felix/fiftyone/voc-2007/train/data/001713.jpg,train,mllm_selection,train:001713
voc-2007,002006,/home/felix/fiftyone/voc-2007/train/data/002006.jpg,train,mllm_selection,train:002006
voc-2007,001287,/home/felix/fiftyone/voc-2007/train/data/001287.jpg,train,mllm_selection,train:001287
voc-2007,002042,/home/felix/fiftyone/voc-2007/train/data/002042.jpg,train,mllm_selection,train:002042
voc-2007,001365,/home/felix/fiftyone/voc-2007/train/data/001365.jpg,train,mllm_selection,train:001365
voc-2007,000508,/home/felix/fiftyone/voc-2007/train/data/000508.jpg,train,mllm_selection,train:000508
voc-2007,000986,/home/felix/fiftyone/voc-2007/train/data/000986.jpg,train,mllm_selection,train:000986
voc-2007,001090,/home/felix/fiftyone/voc-2007/train/data/001090.jpg,train,mllm_selection,train:001090
voc-2007,000723,/home/felix/fiftyone/voc-2007/train/data/000723.jpg,train,mllm_selection,train:000723
voc-2007,001537,/home/felix/fiftyone/voc-2007/train/data/001537.jpg,train,mllm_selection,train:001537
voc-2007,001663,/home/felix/fiftyone/voc-2007/train/data/001663.jpg,train,mllm_selection,train:001663
voc-2007,000822,/home/felix/fiftyone/voc-2007/train/data/000822.jpg,train,mllm_selection,train:000822
voc-2007,000927,/home/felix/fiftyone/voc-2007/train/data/000927.jpg,train,mllm_selection,train:000927
voc-2007,001919,/home/felix/fiftyone/voc-2007/train/data/001919.jpg,train,mllm_selection,train:001919
voc-2007,002295,/home/felix/fiftyone/voc-2007/train/data/002295.jpg,train,mllm_selection,train:002295
voc-2007,000051,/home/felix/fiftyone/voc-2007/train/data/000051.jpg,train,mllm_selection,train:000051
voc-2007,002230,/home/felix/fiftyone/voc-2007/train/data/002230.jpg,train,mllm_selection,train:002230
voc-2007,000018,/home/felix/fiftyone/voc-2007/train/data/000018.jpg,train,mllm_selection,train:000018
voc-2007,000900,/home/felix/fiftyone/voc-2007/train/data/000900.jpg,train,mllm_selection,train:000900
voc-2007,002171,/home/felix/fiftyone/voc-2007/train/data/002171.jpg,train,mllm_selection,train:002171
voc-2007,001161,/home/felix/fiftyone/voc-2007/train/data/001161.jpg,train,mllm_selection,train:001161
voc-2007,000186,/home/felix/fiftyone/voc-2007/train/data/000186.jpg,train,mllm_selection,train:000186
voc-2007,001363,/home/felix/fiftyone/voc-2007/train/data/001363.jpg,train,mllm_selection,train:001363
voc-2007,002320,/home/felix/fiftyone/voc-2007/train/data/002320.jpg,train,mllm_selection,train:002320
voc-2007,001599,/home/felix/fiftyone/voc-2007/train/data/001599.jpg,train,mllm_selection,train:001599
voc-2007,001471,/home/felix/fiftyone/voc-2007/train/data/001471.jpg,train,mllm_selection,train:001471
voc-2007,000594,/home/felix/fiftyone/voc-2007/train/data/000594.jpg,train,mllm_selection,train:000594
voc-2007,000481,/home/felix/fiftyone/voc-2007/train/data/000481.jpg,train,mllm_selection,train:000481
voc-2007,000168,/home/felix/fiftyone/voc-2007/train/data/000168.jpg,train,mllm_selection,train:000168
voc-2007,001940,/home/felix/fiftyone/voc-2007/train/data/001940.jpg,train,mllm_selection,train:001940
voc-2007,000039,/home/felix/fiftyone/voc-2007/train/data/000039.jpg,train,mllm_selection,train:000039
voc-2007,001938,/home/felix/fiftyone/voc-2007/train/data/001938.jpg,train,mllm_selection,train:001938
voc-2007,001020,/home/felix/fiftyone/voc-2007/train/data/001020.jpg,train,mllm_selection,train:001020
voc-2007,001705,/home/felix/fiftyone/voc-2007/train/data/001705.jpg,train,mllm_selection,train:001705
voc-2007,001453,/home/felix/fiftyone/voc-2007/train/data/001453.jpg,train,mllm_selection,train:001453
voc-2007,001857,/home/felix/fiftyone/voc-2007/train/data/001857.jpg,train,mllm_selection,train:001857
voc-2007,000367,/home/felix/fiftyone/voc-2007/train/data/000367.jpg,train,mllm_selection,train:000367
voc-2007,000450,/home/felix/fiftyone/voc-2007/train/data/000450.jpg,train,mllm_selection,train:000450
voc-2007,001222,/home/felix/fiftyone/voc-2007/train/data/001222.jpg,train,mllm_selection,train:001222
voc-2007,002496,/home/felix/fiftyone/voc-2007/train/data/002496.jpg,train,mllm_selection,train:002496
voc-2007,001116,/home/felix/fiftyone/voc-2007/train/data/001116.jpg,train,mllm_selection,train:001116
voc-2007,000753,/home/felix/fiftyone/voc-2007/train/data/000753.jpg,train,mllm_selection,train:000753
voc-2007,000741,/home/felix/fiftyone/voc-2007/train/data/000741.jpg,train,mllm_selection,train:000741
voc-2007,000147,/home/felix/fiftyone/voc-2007/train/data/000147.jpg,train,mllm_selection,train:000147
voc-2007,000581,/home/felix/fiftyone/voc-2007/train/data/000581.jpg,train,mllm_selection,train:000581
voc-2007,001228,/home/felix/fiftyone/voc-2007/train/data/001228.jpg,train,mllm_selection,train:001228
voc-2007,001043,/home/felix/fiftyone/voc-2007/train/data/001043.jpg,train,mllm_selection,train:001043
voc-2007,002038,/home/felix/fiftyone/voc-2007/train/data/002038.jpg,train,mllm_selection,train:002038
voc-2007,001183,/home/felix/fiftyone/voc-2007/train/data/001183.jpg,train,mllm_selection,train:001183
voc-2007,000305,/home/felix/fiftyone/voc-2007/train/data/000305.jpg,train,mllm_selection,train:000305
voc-2007,001356,/home/felix/fiftyone/voc-2007/train/data/001356.jpg,train,mllm_selection,train:001356
voc-2007,000247,/home/felix/fiftyone/voc-2007/train/data/000247.jpg,train,mllm_selection,train:000247
voc-2007,001446,/home/felix/fiftyone/voc-2007/train/data/001446.jpg,train,mllm_selection,train:001446
voc-2007,000335,/home/felix/fiftyone/voc-2007/train/data/000335.jpg,train,mllm_selection,train:000335
voc-2007,000600,/home/felix/fiftyone/voc-2007/train/data/000600.jpg,train,mllm_selection,train:000600
voc-2007,001710,/home/felix/fiftyone/voc-2007/train/data/001710.jpg,train,mllm_selection,train:001710
voc-2007,000682,/home/felix/fiftyone/voc-2007/train/data/000682.jpg,train,mllm_selection,train:000682
voc-2007,000280,/home/felix/fiftyone/voc-2007/train/data/000280.jpg,train,mllm_selection,train:000280
voc-2007,001407,/home/felix/fiftyone/voc-2007/train/data/001407.jpg,train,mllm_selection,train:001407
voc-2007,001651,/home/felix/fiftyone/voc-2007/train/data/001651.jpg,train,mllm_selection,train:001651
voc-2007,001719,/home/felix/fiftyone/voc-2007/train/data/001719.jpg,train,mllm_selection,train:001719
voc-2007,000623,/home/felix/fiftyone/voc-2007/train/data/000623.jpg,train,mllm_selection,train:000623
voc-2007,001763,/home/felix/fiftyone/voc-2007/train/data/001763.jpg,train,mllm_selection,train:001763
voc-2007,002168,/home/felix/fiftyone/voc-2007/train/data/002168.jpg,train,mllm_selection,train:002168
voc-2007,000485,/home/felix/fiftyone/voc-2007/train/data/000485.jpg,train,mllm_selection,train:000485
voc-2007,000453,/home/felix/fiftyone/voc-2007/train/data/000453.jpg,train,mllm_selection,train:000453
voc-2007,001757,/home/felix/fiftyone/voc-2007/train/data/001757.jpg,train,mllm_selection,train:001757
voc-2007,001329,/home/felix/fiftyone/voc-2007/train/data/001329.jpg,train,mllm_selection,train:001329
voc-2007,000916,/home/felix/fiftyone/voc-2007/train/data/000916.jpg,train,mllm_selection,train:000916
voc-2007,000314,/home/felix/fiftyone/voc-2007/train/data/000314.jpg,train,mllm_selection,train:000314
voc-2007,001325,/home/felix/fiftyone/voc-2007/train/data/001325.jpg,train,mllm_selection,train:001325
voc-2007,001032,/home/felix/fiftyone/voc-2007/train/data/001032.jpg,train,mllm_selection,train:001032
voc-2007,001625,/home/felix/fiftyone/voc-2007/train/data/001625.jpg,train,mllm_selection,train:001625
voc-2007,002126,/home/felix/fiftyone/voc-2007/train/data/002126.jpg,train,mllm_selection,train:002126
voc-2007,002340,/home/felix/fiftyone/voc-2007/train/data/002340.jpg,train,mllm_selection,train:002340
voc-2007,000095,/home/felix/fiftyone/voc-2007/train/data/000095.jpg,train,mllm_selection,train:000095
voc-2007,000533,/home/felix/fiftyone/voc-2007/train/data/000533.jpg,train,mllm_selection,train:000533
voc-2007,001382,/home/felix/fiftyone/voc-2007/train/data/001382.jpg,train,mllm_selection,train:001382
voc-2007,001933,/home/felix/fiftyone/voc-2007/train/data/001933.jpg,train,mllm_selection,train:001933
voc-2007,001978,/home/felix/fiftyone/voc-2007/train/data/001978.jpg,train,mllm_selection,train:001978
voc-2007,001574,/home/felix/fiftyone/voc-2007/train/data/001574.jpg,train,mllm_selection,train:001574
voc-2007,000489,/home/felix/fiftyone/voc-2007/train/data/000489.jpg,train,mllm_selection,train:000489
voc-2007,001696,/home/felix/fiftyone/voc-2007/train/data/001696.jpg,train,mllm_selection,train:001696
voc-2007,001904,/home/felix/fiftyone/voc-2007/train/data/001904.jpg,train,mllm_selection,train:001904
voc-2007,001901,/home/felix/fiftyone/voc-2007/train/data/001901.jpg,train,mllm_selection,train:001901
voc-2007,002476,/home/felix/fiftyone/voc-2007/train/data/002476.jpg,train,mllm_selection,train:002476
voc-2007,001871,/home/felix/fiftyone/voc-2007/train/data/001871.jpg,train,mllm_selection,train:001871
voc-2007,001542,/home/felix/fiftyone/voc-2007/train/data/001542.jpg,train,mllm_selection,train:001542
voc-2007,000253,/home/felix/fiftyone/voc-2007/train/data/000253.jpg,train,mllm_selection,train:000253
voc-2007,001348,/home/felix/fiftyone/voc-2007/train/data/001348.jpg,train,mllm_selection,train:001348
voc-2007,001893,/home/felix/fiftyone/voc-2007/train/data/001893.jpg,train,mllm_selection,train:001893
voc-2007,001656,/home/felix/fiftyone/voc-2007/train/data/001656.jpg,train,mllm_selection,train:001656
voc-2007,001120,/home/felix/fiftyone/voc-2007/train/data/001120.jpg,train,mllm_selection,train:001120
voc-2007,000502,/home/felix/fiftyone/voc-2007/train/data/000502.jpg,train,mllm_selection,train:000502
voc-2007,000097,/home/felix/fiftyone/voc-2007/train/data/000097.jpg,train,mllm_selection,train:000097
voc-2007,001729,/home/felix/fiftyone/voc-2007/train/data/001729.jpg,train,mllm_selection,train:001729
voc-2007,001681,/home/felix/fiftyone/voc-2007/train/data/001681.jpg,train,mllm_selection,train:001681
voc-2007,000790,/home/felix/fiftyone/voc-2007/train/data/000790.jpg,train,mllm_selection,train:000790
voc-2007,000007,/home/felix/fiftyone/voc-2007/train/data/000007.jpg,train,mllm_selection,train:000007
voc-2007,002316,/home/felix/fiftyone/voc-2007/train/data/002316.jpg,train,mllm_selection,train:002316
voc-2007,001596,/home/felix/fiftyone/voc-2007/train/data/001596.jpg,train,mllm_selection,train:001596
voc-2007,000150,/home/felix/fiftyone/voc-2007/train/data/000150.jpg,train,mllm_selection,train:000150
voc-2007,000537,/home/felix/fiftyone/voc-2007/train/data/000537.jpg,train,mllm_selection,train:000537
voc-2007,001929,/home/felix/fiftyone/voc-2007/train/data/001929.jpg,train,mllm_selection,train:001929
voc-2007,000218,/home/felix/fiftyone/voc-2007/train/data/000218.jpg,train,mllm_selection,train:000218
voc-2007,001545,/home/felix/fiftyone/voc-2007/train/data/001545.jpg,train,mllm_selection,train:001545
voc-2007,001839,/home/felix/fiftyone/voc-2007/train/data/001839.jpg,train,mllm_selection,train:001839
voc-2007,002180,/home/felix/fiftyone/voc-2007/train/data/002180.jpg,train,mllm_selection,train:002180
voc-2007,001950,/home/felix/fiftyone/voc-2007/train/data/001950.jpg,train,mllm_selection,train:001950
voc-2007,001875,/home/felix/fiftyone/voc-2007/train/data/001875.jpg,train,mllm_selection,train:001875
voc-2007,001263,/home/felix/fiftyone/voc-2007/train/data/001263.jpg,train,mllm_selection,train:001263
voc-2007,000532,/home/felix/fiftyone/voc-2007/train/data/000532.jpg,train,mllm_selection,train:000532
voc-2007,002397,/home/felix/fiftyone/voc-2007/train/data/002397.jpg,train,mllm_selection,train:002397
voc-2007,000261,/home/felix/fiftyone/voc-2007/train/data/000261.jpg,train,mllm_selection,train:000261
voc-2007,000206,/home/felix/fiftyone/voc-2007/train/data/000206.jpg,train,mllm_selection,train:000206
voc-2007,000189,/home/felix/fiftyone/voc-2007/train/data/000189.jpg,train,mllm_selection,train:000189
voc-2007,001535,/home/felix/fiftyone/voc-2007/train/data/001535.jpg,train,mllm_selection,train:001535
voc-2007,002269,/home/felix/fiftyone/voc-2007/train/data/002269.jpg,train,mllm_selection,train:002269
voc-2007,000089,/home/felix/fiftyone/voc-2007/train/data/000089.jpg,train,mllm_selection,train:000089
voc-2007,001131,/home/felix/fiftyone/voc-2007/train/data/001131.jpg,train,mllm_selection,train:001131
voc-2007,000091,/home/felix/fiftyone/voc-2007/train/data/000091.jpg,train,mllm_selection,train:000091
voc-2007,000318,/home/felix/fiftyone/voc-2007/train/data/000318.jpg,train,mllm_selection,train:000318
voc-2007,001070,/home/felix/fiftyone/voc-2007/train/data/001070.jpg,train,mllm_selection,train:001070
voc-2007,001807,/home/felix/fiftyone/voc-2007/train/data/001807.jpg,train,mllm_selection,train:001807
voc-2007,000601,/home/felix/fiftyone/voc-2007/train/data/000601.jpg,train,mllm_selection,train:000601
voc-2007,002087,/home/felix/fiftyone/voc-2007/train/data/002087.jpg,train,mllm_selection,train:002087
voc-2007,001755,/home/felix/fiftyone/voc-2007/train/data/001755.jpg,train,mllm_selection,train:001755
voc-2007,000770,/home/felix/fiftyone/voc-2007/train/data/000770.jpg,train,mllm_selection,train:000770
voc-2007,002161,/home/felix/fiftyone/voc-2007/train/data/002161.jpg,train,mllm_selection,train:002161
voc-2007,000794,/home/felix/fiftyone/voc-2007/train/data/000794.jpg,train,mllm_selection,train:000794
voc-2007,000912,/home/felix/fiftyone/voc-2007/train/data/000912.jpg,train,mllm_selection,train:000912
voc-2007,000325,/home/felix/fiftyone/voc-2007/train/data/000325.jpg,train,mllm_selection,train:000325
voc-2007,001787,/home/felix/fiftyone/voc-2007/train/data/001787.jpg,train,mllm_selection,train:001787
voc-2007,001974,/home/felix/fiftyone/voc-2007/train/data/001974.jpg,train,mllm_selection,train:001974
voc-2007,001321,/home/felix/fiftyone/voc-2007/train/data/001321.jpg,train,mllm_selection,train:001321
voc-2007,001307,/home/felix/fiftyone/voc-2007/train/data/001307.jpg,train,mllm_selection,train:001307
voc-2007,000717,/home/felix/fiftyone/voc-2007/train/data/000717.jpg,train,mllm_selection,train:000717
voc-2007,000636,/home/felix/fiftyone/voc-2007/train/data/000636.jpg,train,mllm_selection,train:000636
voc-2007,000483,/home/felix/fiftyone/voc-2007/train/data/000483.jpg,train,mllm_selection,train:000483
voc-2007,000138,/home/felix/fiftyone/voc-2007/train/data/000138.jpg,train,mllm_selection,train:000138
voc-2007,001244,/home/felix/fiftyone/voc-2007/train/data/001244.jpg,train,mllm_selection,train:001244
voc-2007,001139,/home/felix/fiftyone/voc-2007/train/data/001139.jpg,train,mllm_selection,train:001139
voc-2007,001602,/home/felix/fiftyone/voc-2007/train/data/001602.jpg,train,mllm_selection,train:001602
voc-2007,002229,/home/felix/fiftyone/voc-2007/train/data/002229.jpg,train,mllm_selection,train:002229
voc-2007,000830,/home/felix/fiftyone/voc-2007/train/data/000830.jpg,train,mllm_selection,train:000830
voc-2007,000020,/home/felix/fiftyone/voc-2007/train/data/000020.jpg,train,mllm_selection,train:000020
voc-2007,002303,/home/felix/fiftyone/voc-2007/train/data/002303.jpg,train,mllm_selection,train:002303
voc-2007,002451,/home/felix/fiftyone/voc-2007/train/data/002451.jpg,train,mllm_selection,train:002451
voc-2007,001016,/home/felix/fiftyone/voc-2007/train/data/001016.jpg,train,mllm_selection,train:001016
voc-2007,000349,/home/felix/fiftyone/voc-2007/train/data/000349.jpg,train,mllm_selection,train:000349
voc-2007,000141,/home/felix/fiftyone/voc-2007/train/data/000141.jpg,train,mllm_selection,train:000141
voc-2007,002092,/home/felix/fiftyone/voc-2007/train/data/002092.jpg,train,mllm_selection,train:002092
voc-2007,002266,/home/felix/fiftyone/voc-2007/train/data/002266.jpg,train,mllm_selection,train:002266
voc-2007,001731,/home/felix/fiftyone/voc-2007/train/data/001731.jpg,train,mllm_selection,train:001731
voc-2007,000382,/home/felix/fiftyone/voc-2007/train/data/000382.jpg,train,mllm_selection,train:000382
voc-2007,002315,/home/felix/fiftyone/voc-2007/train/data/002315.jpg,train,mllm_selection,train:002315
voc-2007,000338,/home/felix/fiftyone/voc-2007/train/data/000338.jpg,train,mllm_selection,train:000338
voc-2007,001340,/home/felix/fiftyone/voc-2007/train/data/001340.jpg,train,mllm_selection,train:001340
voc-2007,002425,/home/felix/fiftyone/voc-2007/train/data/002425.jpg,train,mllm_selection,train:002425
voc-2007,000778,/home/felix/fiftyone/voc-2007/train/data/000778.jpg,train,mllm_selection,train:000778
voc-2007,001193,/home/felix/fiftyone/voc-2007/train/data/001193.jpg,train,mllm_selection,train:001193
voc-2007,002097,/home/felix/fiftyone/voc-2007/train/data/002097.jpg,train,mllm_selection,train:002097
voc-2007,000006,/home/felix/fiftyone/voc-2007/train/data/000006.jpg,train,mllm_selection,train:000006
voc-2007,002356,/home/felix/fiftyone/voc-2007/train/data/002356.jpg,train,mllm_selection,train:002356
voc-2007,002435,/home/felix/fiftyone/voc-2007/train/data/002435.jpg,train,mllm_selection,train:002435
voc-2007,000108,/home/felix/fiftyone/voc-2007/train/data/000108.jpg,train,mllm_selection,train:000108
voc-2007,000429,/home/felix/fiftyone/voc-2007/train/data/000429.jpg,train,mllm_selection,train:000429
voc-2007,000152,/home/felix/fiftyone/voc-2007/train/data/000152.jpg,train,mllm_selection,train:000152
voc-2007,002130,/home/felix/fiftyone/voc-2007/train/data/002130.jpg,train,mllm_selection,train:002130
voc-2007,000565,/home/felix/fiftyone/voc-2007/train/data/000565.jpg,train,mllm_selection,train:000565
voc-2007,001759,/home/felix/fiftyone/voc-2007/train/data/001759.jpg,train,mllm_selection,train:001759
voc-2007,000191,/home/felix/fiftyone/voc-2007/train/data/000191.jpg,train,mllm_selection,train:000191
voc-2007,001764,/home/felix/fiftyone/voc-2007/train/data/001764.jpg,train,mllm_selection,train:001764
voc-2007,000412,/home/felix/fiftyone/voc-2007/train/data/000412.jpg,train,mllm_selection,train:000412
voc-2007,001359,/home/felix/fiftyone/voc-2007/train/data/001359.jpg,train,mllm_selection,train:001359
voc-2007,002083,/home/felix/fiftyone/voc-2007/train/data/002083.jpg,train,mllm_selection,train:002083
voc-2007,000073,/home/felix/fiftyone/voc-2007/train/data/000073.jpg,train,mllm_selection,train:000073
voc-2007,000855,/home/felix/fiftyone/voc-2007/train/data/000855.jpg,train,mllm_selection,train:000855
voc-2007,000032,/home/felix/fiftyone/voc-2007/train/data/000032.jpg,train,mllm_selection,train:000032
voc-2007,000386,/home/felix/fiftyone/voc-2007/train/data/000386.jpg,train,mllm_selection,train:000386
voc-2007,001999,/home/felix/fiftyone/voc-2007/train/data/001999.jpg,train,mllm_selection,train:001999
voc-2007,000443,/home/felix/fiftyone/voc-2007/train/data/000443.jpg,train,mllm_selection,train:000443
voc-2007,000507,/home/felix/fiftyone/voc-2007/train/data/000507.jpg,train,mllm_selection,train:000507
voc-2007,000859,/home/felix/fiftyone/voc-2007/train/data/000859.jpg,train,mllm_selection,train:000859
voc-2007,000179,/home/felix/fiftyone/voc-2007/train/data/000179.jpg,train,mllm_selection,train:000179
voc-2007,001821,/home/felix/fiftyone/voc-2007/train/data/001821.jpg,train,mllm_selection,train:001821
voc-2007,000433,/home/felix/fiftyone/voc-2007/train/data/000433.jpg,train,mllm_selection,train:000433
voc-2007,000034,/home/felix/fiftyone/voc-2007/train/data/000034.jpg,train,mllm_selection,train:000034
voc-2007,000377,/home/felix/fiftyone/voc-2007/train/data/000377.jpg,train,mllm_selection,train:000377
voc-2007,000719,/home/felix/fiftyone/voc-2007/train/data/000719.jpg,train,mllm_selection,train:000719
voc-2007,000706,/home/felix/fiftyone/voc-2007/train/data/000706.jpg,train,mllm_selection,train:000706
voc-2007,000283,/home/felix/fiftyone/voc-2007/train/data/000283.jpg,train,mllm_selection,train:000283
voc-2007,000768,/home/felix/fiftyone/voc-2007/train/data/000768.jpg,train,mllm_selection,train:000768
voc-2007,000671,/home/felix/fiftyone/voc-2007/train/data/000671.jpg,train,mllm_selection,train:000671
voc-2007,001304,/home/felix/fiftyone/voc-2007/train/data/001304.jpg,train,mllm_selection,train:001304
voc-2007,002048,/home/felix/fiftyone/voc-2007/train/data/002048.jpg,train,mllm_selection,train:002048
voc-2007,002429,/home/felix/fiftyone/voc-2007/train/data/002429.jpg,train,mllm_selection,train:002429
voc-2007,002486,/home/felix/fiftyone/voc-2007/train/data/002486.jpg,train,mllm_selection,train:002486
voc-2007,000982,/home/felix/fiftyone/voc-2007/train/data/000982.jpg,train,mllm_selection,train:000982
voc-2007,000691,/home/felix/fiftyone/voc-2007/train/data/000691.jpg,train,mllm_selection,train:000691
voc-2007,000210,/home/felix/fiftyone/voc-2007/train/data/000210.jpg,train,mllm_selection,train:000210
voc-2007,001745,/home/felix/fiftyone/voc-2007/train/data/001745.jpg,train,mllm_selection,train:001745
voc-2007,002336,/home/felix/fiftyone/voc-2007/train/data/002336.jpg,train,mllm_selection,train:002336
voc-2007,001639,/home/felix/fiftyone/voc-2007/train/data/001639.jpg,train,mllm_selection,train:001639
voc-2007,000679,/home/felix/fiftyone/voc-2007/train/data/000679.jpg,train,mllm_selection,train:000679
voc-2007,001951,/home/felix/fiftyone/voc-2007/train/data/001951.jpg,train,mllm_selection,train:001951
voc-2007,001997,/home/felix/fiftyone/voc-2007/train/data/001997.jpg,train,mllm_selection,train:001997
voc-2007,001174,/home/felix/fiftyone/voc-2007/train/data/001174.jpg,train,mllm_selection,train:001174
voc-2007,001410,/home/felix/fiftyone/voc-2007/train/data/001410.jpg,train,mllm_selection,train:001410
voc-2007,001374,/home/felix/fiftyone/voc-2007/train/data/001374.jpg,train,mllm_selection,train:001374
voc-2007,000731,/home/felix/fiftyone/voc-2007/train/data/000731.jpg,train,mllm_selection,train:000731
voc-2007,001377,/home/felix/fiftyone/voc-2007/train/data/001377.jpg,train,mllm_selection,train:001377
voc-2007,000174,/home/felix/fiftyone/voc-2007/train/data/000174.jpg,train,mllm_selection,train:000174
voc-2007,000289,/home/felix/fiftyone/voc-2007/train/data/000289.jpg,train,mllm_selection,train:000289
voc-2007,001727,/home/felix/fiftyone/voc-2007/train/data/001727.jpg,train,mllm_selection,train:001727
voc-2007,002201,/home/felix/fiftyone/voc-2007/train/data/002201.jpg,train,mllm_selection,train:002201
voc-2007,001570,/home/felix/fiftyone/voc-2007/train/data/001570.jpg,train,mllm_selection,train:001570
voc-2007,000164,/home/felix/fiftyone/voc-2007/train/data/000164.jpg,train,mllm_selection,train:000164
voc-2007,001697,/home/felix/fiftyone/voc-2007/train/data/001697.jpg,train,mllm_selection,train:001697
voc-2007,000409,/home/felix/fiftyone/voc-2007/train/data/000409.jpg,train,mllm_selection,train:000409
voc-2007,001726,/home/felix/fiftyone/voc-2007/train/data/001726.jpg,train,mllm_selection,train:001726
voc-2007,000563,/home/felix/fiftyone/voc-2007/train/data/000563.jpg,train,mllm_selection,train:000563
voc-2007,002112,/home/felix/fiftyone/voc-2007/train/data/002112.jpg,train,mllm_selection,train:002112
voc-2007,001062,/home/felix/fiftyone/voc-2007/train/data/001062.jpg,train,mllm_selection,train:001062
voc-2007,001631,/home/felix/fiftyone/voc-2007/train/data/001631.jpg,train,mllm_selection,train:001631
voc-2007,001052,/home/felix/fiftyone/voc-2007/train/data/001052.jpg,train,mllm_selection,train:001052
voc-2007,001522,/home/felix/fiftyone/voc-2007/train/data/001522.jpg,train,mllm_selection,train:001522
voc-2007,001554,/home/felix/fiftyone/voc-2007/train/data/001554.jpg,train,mllm_selection,train:001554
voc-2007,001562,/home/felix/fiftyone/voc-2007/train/data/001562.jpg,train,mllm_selection,train:001562
voc-2007,002274,/home/felix/fiftyone/voc-2007/train/data/002274.jpg,train,mllm_selection,train:002274
voc-2007,002170,/home/felix/fiftyone/voc-2007/train/data/002170.jpg,train,mllm_selection,train:002170
voc-2007,002441,/home/felix/fiftyone/voc-2007/train/data/002441.jpg,train,mllm_selection,train:002441
voc-2007,001267,/home/felix/fiftyone/voc-2007/train/data/001267.jpg,train,mllm_selection,train:001267
voc-2007,001852,/home/felix/fiftyone/voc-2007/train/data/001852.jpg,train,mllm_selection,train:001852
voc-2007,000128,/home/felix/fiftyone/voc-2007/train/data/000128.jpg,train,mllm_selection,train:000128
voc-2007,001709,/home/felix/fiftyone/voc-2007/train/data/001709.jpg,train,mllm_selection,train:001709
voc-2007,000071,/home/felix/fiftyone/voc-2007/train/data/000071.jpg,train,mllm_selection,train:000071
voc-2007,002386,/home/felix/fiftyone/voc-2007/train/data/002386.jpg,train,mllm_selection,train:002386
voc-2007,000110,/home/felix/fiftyone/voc-2007/train/data/000110.jpg,train,mllm_selection,train:000110
voc-2007,001499,/home/felix/fiftyone/voc-2007/train/data/001499.jpg,train,mllm_selection,train:001499
voc-2007,002041,/home/felix/fiftyone/voc-2007/train/data/002041.jpg,train,mllm_selection,train:002041
voc-2007,000863,/home/felix/fiftyone/voc-2007/train/data/000863.jpg,train,mllm_selection,train:000863
voc-2007,002389,/home/felix/fiftyone/voc-2007/train/data/002389.jpg,train,mllm_selection,train:002389
voc-2007,002089,/home/felix/fiftyone/voc-2007/train/data/002089.jpg,train,mllm_selection,train:002089
voc-2007,001445,/home/felix/fiftyone/voc-2007/train/data/001445.jpg,train,mllm_selection,train:001445
voc-2007,002074,/home/felix/fiftyone/voc-2007/train/data/002074.jpg,train,mllm_selection,train:002074
voc-2007,000786,/home/felix/fiftyone/voc-2007/train/data/000786.jpg,train,mllm_selection,train:000786
voc-2007,001994,/home/felix/fiftyone/voc-2007/train/data/001994.jpg,train,mllm_selection,train:001994
voc-2007,000447,/home/felix/fiftyone/voc-2007/train/data/000447.jpg,train,mllm_selection,train:000447
voc-2007,001827,/home/felix/fiftyone/voc-2007/train/data/001827.jpg,train,mllm_selection,train:001827
voc-2007,001619,/home/felix/fiftyone/voc-2007/train/data/001619.jpg,train,mllm_selection,train:001619
voc-2007,002106,/home/felix/fiftyone/voc-2007/train/data/002106.jpg,train,mllm_selection,train:002106
voc-2007,000341,/home/felix/fiftyone/voc-2007/train/data/000341.jpg,train,mllm_selection,train:000341
voc-2007,000149,/home/felix/fiftyone/voc-2007/train/data/000149.jpg,train,mllm_selection,train:000149
voc-2007,001820,/home/felix/fiftyone/voc-2007/train/data/001820.jpg,train,mllm_selection,train:001820
voc-2007,000559,/home/felix/fiftyone/voc-2007/train/data/000559.jpg,train,mllm_selection,train:000559
voc-2007,001802,/home/felix/fiftyone/voc-2007/train/data/001802.jpg,train,mllm_selection,train:001802
voc-2007,000245,/home/felix/fiftyone/voc-2007/train/data/000245.jpg,train,mllm_selection,train:000245
voc-2007,002470,/home/felix/fiftyone/voc-2007/train/data/002470.jpg,train,mllm_selection,train:002470
voc-2007,002093,/home/felix/fiftyone/voc-2007/train/data/002093.jpg,train,mllm_selection,train:002093
voc-2007,000783,/home/felix/fiftyone/voc-2007/train/data/000783.jpg,train,mllm_selection,train:000783
voc-2007,002453,/home/felix/fiftyone/voc-2007/train/data/002453.jpg,train,mllm_selection,train:002453
voc-2007,000322,/home/felix/fiftyone/voc-2007/train/data/000322.jpg,train,mllm_selection,train:000322
voc-2007,000226,/home/felix/fiftyone/voc-2007/train/data/000226.jpg,train,mllm_selection,train:000226
voc-2007,001952,/home/felix/fiftyone/voc-2007/train/data/001952.jpg,train,mllm_selection,train:001952
voc-2007,000440,/home/felix/fiftyone/voc-2007/train/data/000440.jpg,train,mllm_selection,train:000440
voc-2007,000842,/home/felix/fiftyone/voc-2007/train/data/000842.jpg,train,mllm_selection,train:000842
voc-2007,000041,/home/felix/fiftyone/voc-2007/train/data/000041.jpg,train,mllm_selection,train:000041
voc-2007,000286,/home/felix/fiftyone/voc-2007/train/data/000286.jpg,train,mllm_selection,train:000286
voc-2007,001213,/home/felix/fiftyone/voc-2007/train/data/001213.jpg,train,mllm_selection,train:001213
voc-2007,002394,/home/felix/fiftyone/voc-2007/train/data/002394.jpg,train,mllm_selection,train:002394
voc-2007,002374,/home/felix/fiftyone/voc-2007/train/data/002374.jpg,train,mllm_selection,train:002374
voc-2007,000776,/home/felix/fiftyone/voc-2007/train/data/000776.jpg,train,mllm_selection,train:000776
voc-2007,001622,/home/felix/fiftyone/voc-2007/train/data/001622.jpg,train,mllm_selection,train:001622
voc-2007,002273,/home/felix/fiftyone/voc-2007/train/data/002273.jpg,train,mllm_selection,train:002273
voc-2007,000527,/home/felix/fiftyone/voc-2007/train/data/000527.jpg,train,mllm_selection,train:000527
voc-2007,000854,/home/felix/fiftyone/voc-2007/train/data/000854.jpg,train,mllm_selection,train:000854
voc-2007,002423,/home/felix/fiftyone/voc-2007/train/data/002423.jpg,train,mllm_selection,train:002423
voc-2007,001603,/home/felix/fiftyone/voc-2007/train/data/001603.jpg,train,mllm_selection,train:001603
voc-2007,000076,/home/felix/fiftyone/voc-2007/train/data/000076.jpg,train,mllm_selection,train:000076
voc-2007,001889,/home/felix/fiftyone/voc-2007/train/data/001889.jpg,train,mllm_selection,train:001889
voc-2007,001158,/home/felix/fiftyone/voc-2007/train/data/001158.jpg,train,mllm_selection,train:001158
voc-2007,001578,/home/felix/fiftyone/voc-2007/train/data/001578.jpg,train,mllm_selection,train:001578
voc-2007,000553,/home/felix/fiftyone/voc-2007/train/data/000553.jpg,train,mllm_selection,train:000553
voc-2007,000974,/home/felix/fiftyone/voc-2007/train/data/000974.jpg,train,mllm_selection,train:000974
voc-2007,001808,/home/felix/fiftyone/voc-2007/train/data/001808.jpg,train,mllm_selection,train:001808
voc-2007,002049,/home/felix/fiftyone/voc-2007/train/data/002049.jpg,train,mllm_selection,train:002049
voc-2007,000881,/home/felix/fiftyone/voc-2007/train/data/000881.jpg,train,mllm_selection,train:000881
voc-2007,001845,/home/felix/fiftyone/voc-2007/train/data/001845.jpg,train,mllm_selection,train:001845
voc-2007,000888,/home/felix/fiftyone/voc-2007/train/data/000888.jpg,train,mllm_selection,train:000888
voc-2007,001850,/home/felix/fiftyone/voc-2007/train/data/001850.jpg,train,mllm_selection,train:001850
voc-2007,002371,/home/felix/fiftyone/voc-2007/train/data/002371.jpg,train,mllm_selection,train:002371
voc-2007,000772,/home/felix/fiftyone/voc-2007/train/data/000772.jpg,train,mllm_selection,train:000772
voc-2007,002363,/home/felix/fiftyone/voc-2007/train/data/002363.jpg,train,mllm_selection,train:002363
voc-2007,001748,/home/felix/fiftyone/voc-2007/train/data/001748.jpg,train,mllm_selection,train:001748
voc-2007,000733,/home/felix/fiftyone/voc-2007/train/data/000733.jpg,train,mllm_selection,train:000733
voc-2007,001352,/home/felix/fiftyone/voc-2007/train/data/001352.jpg,train,mllm_selection,train:001352
voc-2007,001778,/home/felix/fiftyone/voc-2007/train/data/001778.jpg,train,mllm_selection,train:001778
voc-2007,001364,/home/felix/fiftyone/voc-2007/train/data/001364.jpg,train,mllm_selection,train:001364
voc-2007,001708,/home/felix/fiftyone/voc-2007/train/data/001708.jpg,train,mllm_selection,train:001708
voc-2007,001732,/home/felix/fiftyone/voc-2007/train/data/001732.jpg,train,mllm_selection,train:001732
voc-2007,001632,/home/felix/fiftyone/voc-2007/train/data/001632.jpg,train,mllm_selection,train:001632
voc-2007,000891,/home/felix/fiftyone/voc-2007/train/data/000891.jpg,train,mllm_selection,train:000891
voc-2007,001470,/home/felix/fiftyone/voc-2007/train/data/001470.jpg,train,mllm_selection,train:001470
voc-2007,001556,/home/felix/fiftyone/voc-2007/train/data/001556.jpg,train,mllm_selection,train:001556
voc-2007,001252,/home/felix/fiftyone/voc-2007/train/data/001252.jpg,train,mllm_selection,train:001252
voc-2007,000844,/home/felix/fiftyone/voc-2007/train/data/000844.jpg,train,mllm_selection,train:000844
voc-2007,000444,/home/felix/fiftyone/voc-2007/train/data/000444.jpg,train,mllm_selection,train:000444
voc-2007,000734,/home/felix/fiftyone/voc-2007/train/data/000734.jpg,train,mllm_selection,train:000734
voc-2007,000031,/home/felix/fiftyone/voc-2007/train/data/000031.jpg,train,mllm_selection,train:000031
voc-2007,001676,/home/felix/fiftyone/voc-2007/train/data/001676.jpg,train,mllm_selection,train:001676
voc-2007,001428,/home/felix/fiftyone/voc-2007/train/data/001428.jpg,train,mllm_selection,train:001428
voc-2007,001964,/home/felix/fiftyone/voc-2007/train/data/001964.jpg,train,mllm_selection,train:001964
voc-2007,000315,/home/felix/fiftyone/voc-2007/train/data/000315.jpg,train,mllm_selection,train:000315
voc-2007,000297,/home/felix/fiftyone/voc-2007/train/data/000297.jpg,train,mllm_selection,train:000297
voc-2007,002344,/home/felix/fiftyone/voc-2007/train/data/002344.jpg,train,mllm_selection,train:002344
voc-2007,001741,/home/felix/fiftyone/voc-2007/train/data/001741.jpg,train,mllm_selection,train:001741
voc-2007,001142,/home/felix/fiftyone/voc-2007/train/data/001142.jpg,train,mllm_selection,train:001142
voc-2007,000053,/home/felix/fiftyone/voc-2007/train/data/000053.jpg,train,mllm_selection,train:000053
voc-2007,000419,/home/felix/fiftyone/voc-2007/train/data/000419.jpg,train,mllm_selection,train:000419
voc-2007,000379,/home/felix/fiftyone/voc-2007/train/data/000379.jpg,train,mllm_selection,train:000379
voc-2007,000540,/home/felix/fiftyone/voc-2007/train/data/000540.jpg,train,mllm_selection,train:000540
voc-2007,002286,/home/felix/fiftyone/voc-2007/train/data/002286.jpg,train,mllm_selection,train:002286
voc-2007,000523,/home/felix/fiftyone/voc-2007/train/data/000523.jpg,train,mllm_selection,train:000523
voc-2007,002010,/home/felix/fiftyone/voc-2007/train/data/002010.jpg,train,mllm_selection,train:002010
voc-2007,001004,/home/felix/fiftyone/voc-2007/train/data/001004.jpg,train,mllm_selection,train:001004
voc-2007,000685,/home/felix/fiftyone/voc-2007/train/data/000685.jpg,train,mllm_selection,train:000685
voc-2007,001760,/home/felix/fiftyone/voc-2007/train/data/001760.jpg,train,mllm_selection,train:001760
voc-2007,002325,/home/felix/fiftyone/voc-2007/train/data/002325.jpg,train,mllm_selection,train:002325
voc-2007,001905,/home/felix/fiftyone/voc-2007/train/data/001905.jpg,train,mllm_selection,train:001905
voc-2007,001409,/home/felix/fiftyone/voc-2007/train/data/001409.jpg,train,mllm_selection,train:001409
voc-2007,002466,/home/felix/fiftyone/voc-2007/train/data/002466.jpg,train,mllm_selection,train:002466
voc-2007,001033,/home/felix/fiftyone/voc-2007/train/data/001033.jpg,train,mllm_selection,train:001033
voc-2007,001506,/home/felix/fiftyone/voc-2007/train/data/001506.jpg,train,mllm_selection,train:001506
voc-2007,002445,/home/felix/fiftyone/voc-2007/train/data/002445.jpg,train,mllm_selection,train:002445
voc-2007,000612,/home/felix/fiftyone/voc-2007/train/data/000612.jpg,train,mllm_selection,train:000612
voc-2007,000846,/home/felix/fiftyone/voc-2007/train/data/000846.jpg,train,mllm_selection,train:000846
voc-2007,002278,/home/felix/fiftyone/voc-2007/train/data/002278.jpg,train,mllm_selection,train:002278
voc-2007,001141,/home/felix/fiftyone/voc-2007/train/data/001141.jpg,train,mllm_selection,train:001141
voc-2007,001841,/home/felix/fiftyone/voc-2007/train/data/001841.jpg,train,mllm_selection,train:001841
voc-2007,001397,/home/felix/fiftyone/voc-2007/train/data/001397.jpg,train,mllm_selection,train:001397
voc-2007,001057,/home/felix/fiftyone/voc-2007/train/data/001057.jpg,train,mllm_selection,train:001057
voc-2007,001576,/home/felix/fiftyone/voc-2007/train/data/001576.jpg,train,mllm_selection,train:001576
voc-2007,000570,/home/felix/fiftyone/voc-2007/train/data/000570.jpg,train,mllm_selection,train:000570
voc-2007,000142,/home/felix/fiftyone/voc-2007/train/data/000142.jpg,train,mllm_selection,train:000142
voc-2007,000487,/home/felix/fiftyone/voc-2007/train/data/000487.jpg,train,mllm_selection,train:000487
voc-2007,002247,/home/felix/fiftyone/voc-2007/train/data/002247.jpg,train,mllm_selection,train:002247
voc-2007,001486,/home/felix/fiftyone/voc-2007/train/data/001486.jpg,train,mllm_selection,train:001486
voc-2007,000590,/home/felix/fiftyone/voc-2007/train/data/000590.jpg,train,mllm_selection,train:000590
voc-2007,001937,/home/felix/fiftyone/voc-2007/train/data/001937.jpg,train,mllm_selection,train:001937
voc-2007,001295,/home/felix/fiftyone/voc-2007/train/data/001295.jpg,train,mllm_selection,train:001295
voc-2007,001425,/home/felix/fiftyone/voc-2007/train/data/001425.jpg,train,mllm_selection,train:001425
voc-2007,000369,/home/felix/fiftyone/voc-2007/train/data/000369.jpg,train,mllm_selection,train:000369
voc-2007,000692,/home/felix/fiftyone/voc-2007/train/data/000692.jpg,train,mllm_selection,train:000692
voc-2007,001273,/home/felix/fiftyone/voc-2007/train/data/001273.jpg,train,mllm_selection,train:001273
voc-2007,001210,/home/felix/fiftyone/voc-2007/train/data/001210.jpg,train,mllm_selection,train:001210
voc-2007,001024,/home/felix/fiftyone/voc-2007/train/data/001024.jpg,train,mllm_selection,train:001024
voc-2007,002252,/home/felix/fiftyone/voc-2007/train/data/002252.jpg,train,mllm_selection,train:002252
voc-2007,001737,/home/felix/fiftyone/voc-2007/train/data/001737.jpg,train,mllm_selection,train:001737
voc-2007,002051,/home/felix/fiftyone/voc-2007/train/data/002051.jpg,train,mllm_selection,train:002051
voc-2007,000393,/home/felix/fiftyone/voc-2007/train/data/000393.jpg,train,mllm_selection,train:000393
voc-2007,002485,/home/felix/fiftyone/voc-2007/train/data/002485.jpg,train,mllm_selection,train:002485
voc-2007,001879,/home/felix/fiftyone/voc-2007/train/data/001879.jpg,train,mllm_selection,train:001879
voc-2007,000137,/home/felix/fiftyone/voc-2007/train/data/000137.jpg,train,mllm_selection,train:000137
voc-2007,001981,/home/felix/fiftyone/voc-2007/train/data/001981.jpg,train,mllm_selection,train:001981
voc-2007,002144,/home/felix/fiftyone/voc-2007/train/data/002144.jpg,train,mllm_selection,train:002144
voc-2007,000254,/home/felix/fiftyone/voc-2007/train/data/000254.jpg,train,mllm_selection,train:000254
voc-2007,000228,/home/felix/fiftyone/voc-2007/train/data/000228.jpg,train,mllm_selection,train:000228
voc-2007,000126,/home/felix/fiftyone/voc-2007/train/data/000126.jpg,train,mllm_selection,train:000126
voc-2007,002238,/home/felix/fiftyone/voc-2007/train/data/002238.jpg,train,mllm_selection,train:002238
voc-2007,001513,/home/felix/fiftyone/voc-2007/train/data/001513.jpg,train,mllm_selection,train:001513
voc-2007,000994,/home/felix/fiftyone/voc-2007/train/data/000994.jpg,train,mllm_selection,train:000994
voc-2007,000924,/home/felix/fiftyone/voc-2007/train/data/000924.jpg,train,mllm_selection,train:000924
voc-2007,002176,/home/felix/fiftyone/voc-2007/train/data/002176.jpg,train,mllm_selection,train:002176
voc-2007,002013,/home/felix/fiftyone/voc-2007/train/data/002013.jpg,train,mllm_selection,train:002013
voc-2007,000702,/home/felix/fiftyone/voc-2007/train/data/000702.jpg,train,mllm_selection,train:000702
voc-2007,001338,/home/felix/fiftyone/voc-2007/train/data/001338.jpg,train,mllm_selection,train:001338
voc-2007,001465,/home/felix/fiftyone/voc-2007/train/data/001465.jpg,train,mllm_selection,train:001465
voc-2007,002383,/home/felix/fiftyone/voc-2007/train/data/002383.jpg,train,mllm_selection,train:002383
voc-2007,001736,/home/felix/fiftyone/voc-2007/train/data/001736.jpg,train,mllm_selection,train:001736
voc-2007,000427,/home/felix/fiftyone/voc-2007/train/data/000427.jpg,train,mllm_selection,train:000427
voc-2007,000030,/home/felix/fiftyone/voc-2007/train/data/000030.jpg,train,mllm_selection,train:000030
voc-2007,000264,/home/felix/fiftyone/voc-2007/train/data/000264.jpg,train,mllm_selection,train:000264
voc-2007,002327,/home/felix/fiftyone/voc-2007/train/data/002327.jpg,train,mllm_selection,train:002327
voc-2007,001225,/home/felix/fiftyone/voc-2007/train/data/001225.jpg,train,mllm_selection,train:001225
voc-2007,001702,/home/felix/fiftyone/voc-2007/train/data/001702.jpg,train,mllm_selection,train:001702
voc-2007,000417,/home/felix/fiftyone/voc-2007/train/data/000417.jpg,train,mllm_selection,train:000417
voc-2007,001784,/home/felix/fiftyone/voc-2007/train/data/001784.jpg,train,mllm_selection,train:001784
voc-2007,000568,/home/felix/fiftyone/voc-2007/train/data/000568.jpg,train,mllm_selection,train:000568
voc-2007,001539,/home/felix/fiftyone/voc-2007/train/data/001539.jpg,train,mllm_selection,train:001539
voc-2007,000773,/home/felix/fiftyone/voc-2007/train/data/000773.jpg,train,mllm_selection,train:000773
voc-2007,000608,/home/felix/fiftyone/voc-2007/train/data/000608.jpg,train,mllm_selection,train:000608
voc-2007,002052,/home/felix/fiftyone/voc-2007/train/data/002052.jpg,train,mllm_selection,train:002052
voc-2007,000482,/home/felix/fiftyone/voc-2007/train/data/000482.jpg,train,mllm_selection,train:000482
voc-2007,000014,/home/felix/fiftyone/voc-2007/train/data/000014.jpg,train,mllm_selection,train:000014
voc-2007,000426,/home/felix/fiftyone/voc-2007/train/data/000426.jpg,train,mllm_selection,train:000426
voc-2007,001330,/home/felix/fiftyone/voc-2007/train/data/001330.jpg,train,mllm_selection,train:001330
voc-2007,000406,/home/felix/fiftyone/voc-2007/train/data/000406.jpg,train,mllm_selection,train:000406
voc-2007,002155,/home/felix/fiftyone/voc-2007/train/data/002155.jpg,train,mllm_selection,train:002155
voc-2007,002060,/home/felix/fiftyone/voc-2007/train/data/002060.jpg,train,mllm_selection,train:002060
voc-2007,001358,/home/felix/fiftyone/voc-2007/train/data/001358.jpg,train,mllm_selection,train:001358
voc-2007,001071,/home/felix/fiftyone/voc-2007/train/data/001071.jpg,train,mllm_selection,train:001071
voc-2007,002248,/home/felix/fiftyone/voc-2007/train/data/002248.jpg,train,mllm_selection,train:002248
voc-2007,001206,/home/felix/fiftyone/voc-2007/train/data/001206.jpg,train,mllm_selection,train:001206
voc-2007,000182,/home/felix/fiftyone/voc-2007/train/data/000182.jpg,train,mllm_selection,train:000182
voc-2007,000183,/home/felix/fiftyone/voc-2007/train/data/000183.jpg,train,mllm_selection,train:000183
voc-2007,001865,/home/felix/fiftyone/voc-2007/train/data/001865.jpg,train,mllm_selection,train:001865
voc-2007,002030,/home/felix/fiftyone/voc-2007/train/data/002030.jpg,train,mllm_selection,train:002030
voc-2007,000021,/home/felix/fiftyone/voc-2007/train/data/000021.jpg,train,mllm_selection,train:000021
voc-2007,000819,/home/felix/fiftyone/voc-2007/train/data/000819.jpg,train,mllm_selection,train:000819
voc-2007,001466,/home/felix/fiftyone/voc-2007/train/data/001466.jpg,train,mllm_selection,train:001466
voc-2007,001475,/home/felix/fiftyone/voc-2007/train/data/001475.jpg,train,mllm_selection,train:001475
voc-2007,000814,/home/felix/fiftyone/voc-2007/train/data/000814.jpg,train,mllm_selection,train:000814
voc-2007,000531,/home/felix/fiftyone/voc-2007/train/data/000531.jpg,train,mllm_selection,train:000531
voc-2007,002101,/home/felix/fiftyone/voc-2007/train/data/002101.jpg,train,mllm_selection,train:002101
voc-2007,002125,/home/felix/fiftyone/voc-2007/train/data/002125.jpg,train,mllm_selection,train:002125
voc-2007,000221,/home/felix/fiftyone/voc-2007/train/data/000221.jpg,train,mllm_selection,train:000221
voc-2007,000468,/home/felix/fiftyone/voc-2007/train/data/000468.jpg,train,mllm_selection,train:000468
voc-2007,001892,/home/felix/fiftyone/voc-2007/train/data/001892.jpg,train,mllm_selection,train:001892
voc-2007,002460,/home/felix/fiftyone/voc-2007/train/data/002460.jpg,train,mllm_selection,train:002460
voc-2007,002026,/home/felix/fiftyone/voc-2007/train/data/002026.jpg,train,mllm_selection,train:002026
voc-2007,000950,/home/felix/fiftyone/voc-2007/train/data/000950.jpg,train,mllm_selection,train:000950
voc-2007,000070,/home/felix/fiftyone/voc-2007/train/data/000070.jpg,train,mllm_selection,train:000070
voc-2007,000413,/home/felix/fiftyone/voc-2007/train/data/000413.jpg,train,mllm_selection,train:000413
voc-2007,000052,/home/felix/fiftyone/voc-2007/train/data/000052.jpg,train,mllm_selection,train:000052
voc-2007,001481,/home/felix/fiftyone/voc-2007/train/data/001481.jpg,train,mllm_selection,train:001481
voc-2007,000233,/home/felix/fiftyone/voc-2007/train/data/000233.jpg,train,mllm_selection,train:000233
voc-2007,001923,/home/felix/fiftyone/voc-2007/train/data/001923.jpg,train,mllm_selection,train:001923
voc-2007,001817,/home/felix/fiftyone/voc-2007/train/data/001817.jpg,train,mllm_selection,train:001817
voc-2007,001796,/home/felix/fiftyone/voc-2007/train/data/001796.jpg,train,mllm_selection,train:001796
voc-2007,000311,/home/felix/fiftyone/voc-2007/train/data/000311.jpg,train,mllm_selection,train:000311
voc-2007,000968,/home/felix/fiftyone/voc-2007/train/data/000968.jpg,train,mllm_selection,train:000968
voc-2007,002165,/home/felix/fiftyone/voc-2007/train/data/002165.jpg,train,mllm_selection,train:002165
voc-2007,002104,/home/felix/fiftyone/voc-2007/train/data/002104.jpg,train,mllm_selection,train:002104
voc-2007,000267,/home/felix/fiftyone/voc-2007/train/data/000267.jpg,train,mllm_selection,train:000267
voc-2007,001396,/home/felix/fiftyone/voc-2007/train/data/001396.jpg,train,mllm_selection,train:001396
voc-2007,002415,/home/felix/fiftyone/voc-2007/train/data/002415.jpg,train,mllm_selection,train:002415
voc-2007,000115,/home/felix/fiftyone/voc-2007/train/data/000115.jpg,train,mllm_selection,train:000115
voc-2007,000977,/home/felix/fiftyone/voc-2007/train/data/000977.jpg,train,mllm_selection,train:000977
voc-2007,000372,/home/felix/fiftyone/voc-2007/train/data/000372.jpg,train,mllm_selection,train:000372
voc-2007,000231,/home/felix/fiftyone/voc-2007/train/data/000231.jpg,train,mllm_selection,train:000231
voc-2007,000752,/home/felix/fiftyone/voc-2007/train/data/000752.jpg,train,mllm_selection,train:000752
voc-2007,002493,/home/felix/fiftyone/voc-2007/train/data/002493.jpg,train,mllm_selection,train:002493
voc-2007,001910,/home/felix/fiftyone/voc-2007/train/data/001910.jpg,train,mllm_selection,train:001910
voc-2007,001502,/home/felix/fiftyone/voc-2007/train/data/001502.jpg,train,mllm_selection,train:001502
voc-2007,000209,/home/felix/fiftyone/voc-2007/train/data/000209.jpg,train,mllm_selection,train:000209
voc-2007,000148,/home/felix/fiftyone/voc-2007/train/data/000148.jpg,train,mllm_selection,train:000148
voc-2007,001568,/home/felix/fiftyone/voc-2007/train/data/001568.jpg,train,mllm_selection,train:001568
voc-2007,002359,/home/felix/fiftyone/voc-2007/train/data/002359.jpg,train,mllm_selection,train:002359
voc-2007,000851,/home/felix/fiftyone/voc-2007/train/data/000851.jpg,train,mllm_selection,train:000851
voc-2007,002350,/home/felix/fiftyone/voc-2007/train/data/002350.jpg,train,mllm_selection,train:002350
voc-2007,000799,/home/felix/fiftyone/voc-2007/train/data/000799.jpg,train,mllm_selection,train:000799
voc-2007,000008,/home/felix/fiftyone/voc-2007/train/data/000008.jpg,train,mllm_selection,train:000008
voc-2007,000103,/home/felix/fiftyone/voc-2007/train/data/000103.jpg,train,mllm_selection,train:000103
voc-2007,000622,/home/felix/fiftyone/voc-2007/train/data/000622.jpg,train,mllm_selection,train:000622
voc-2007,000050,/home/felix/fiftyone/voc-2007/train/data/000050.jpg,train,mllm_selection,train:000050
voc-2007,001906,/home/felix/fiftyone/voc-2007/train/data/001906.jpg,train,mllm_selection,train:001906
voc-2007,000747,/home/felix/fiftyone/voc-2007/train/data/000747.jpg,train,mllm_selection,train:000747
voc-2007,000200,/home/felix/fiftyone/voc-2007/train/data/000200.jpg,train,mllm_selection,train:000200
voc-2007,001980,/home/felix/fiftyone/voc-2007/train/data/001980.jpg,train,mllm_selection,train:001980
voc-2007,001135,/home/felix/fiftyone/voc-2007/train/data/001135.jpg,train,mllm_selection,train:001135
voc-2007,001357,/home/felix/fiftyone/voc-2007/train/data/001357.jpg,train,mllm_selection,train:001357
voc-2007,002388,/home/felix/fiftyone/voc-2007/train/data/002388.jpg,train,mllm_selection,train:002388
voc-2007,001006,/home/felix/fiftyone/voc-2007/train/data/001006.jpg,train,mllm_selection,train:001006
voc-2007,000653,/home/felix/fiftyone/voc-2007/train/data/000653.jpg,train,mllm_selection,train:000653
voc-2007,000872,/home/felix/fiftyone/voc-2007/train/data/000872.jpg,train,mllm_selection,train:000872
voc-2007,001196,/home/felix/fiftyone/voc-2007/train/data/001196.jpg,train,mllm_selection,train:001196
voc-2007,000628,/home/felix/fiftyone/voc-2007/train/data/000628.jpg,train,mllm_selection,train:000628
voc-2007,001400,/home/felix/fiftyone/voc-2007/train/data/001400.jpg,train,mllm_selection,train:001400
voc-2007,000665,/home/felix/fiftyone/voc-2007/train/data/000665.jpg,train,mllm_selection,train:000665
voc-2007,001118,/home/felix/fiftyone/voc-2007/train/data/001118.jpg,train,mllm_selection,train:001118
voc-2007,001614,/home/felix/fiftyone/voc-2007/train/data/001614.jpg,train,mllm_selection,train:001614
voc-2007,000899,/home/felix/fiftyone/voc-2007/train/data/000899.jpg,train,mllm_selection,train:000899
voc-2007,001441,/home/felix/fiftyone/voc-2007/train/data/001441.jpg,train,mllm_selection,train:001441
voc-2007,001386,/home/felix/fiftyone/voc-2007/train/data/001386.jpg,train,mllm_selection,train:001386
voc-2007,000171,/home/felix/fiftyone/voc-2007/train/data/000171.jpg,train,mllm_selection,train:000171
voc-2007,001026,/home/felix/fiftyone/voc-2007/train/data/001026.jpg,train,mllm_selection,train:001026
voc-2007,000518,/home/felix/fiftyone/voc-2007/train/data/000518.jpg,train,mllm_selection,train:000518
voc-2007,000129,/home/felix/fiftyone/voc-2007/train/data/000129.jpg,train,mllm_selection,train:000129
voc-2007,000118,/home/felix/fiftyone/voc-2007/train/data/000118.jpg,train,mllm_selection,train:000118
voc-2007,000397,/home/felix/fiftyone/voc-2007/train/data/000397.jpg,train,mllm_selection,train:000397
voc-2007,000874,/home/felix/fiftyone/voc-2007/train/data/000874.jpg,train,mllm_selection,train:000874
voc-2007,000467,/home/felix/fiftyone/voc-2007/train/data/000467.jpg,train,mllm_selection,train:000467
voc-2007,001685,/home/felix/fiftyone/voc-2007/train/data/001685.jpg,train,mllm_selection,train:001685
voc-2007,002240,/home/felix/fiftyone/voc-2007/train/data/002240.jpg,train,mllm_selection,train:002240
voc-2007,001947,/home/felix/fiftyone/voc-2007/train/data/001947.jpg,train,mllm_selection,train:001947
voc-2007,001170,/home/felix/fiftyone/voc-2007/train/data/001170.jpg,train,mllm_selection,train:001170
voc-2007,001343,/home/felix/fiftyone/voc-2007/train/data/001343.jpg,train,mllm_selection,train:001343
voc-2007,001858,/home/felix/fiftyone/voc-2007/train/data/001858.jpg,train,mllm_selection,train:001858
voc-2007,002040,/home/felix/fiftyone/voc-2007/train/data/002040.jpg,train,mllm_selection,train:002040
voc-2007,001438,/home/felix/fiftyone/voc-2007/train/data/001438.jpg,train,mllm_selection,train:001438
voc-2007,000065,/home/felix/fiftyone/voc-2007/train/data/000065.jpg,train,mllm_selection,train:000065
voc-2007,000133,/home/felix/fiftyone/voc-2007/train/data/000133.jpg,train,mllm_selection,train:000133
voc-2007,000066,/home/felix/fiftyone/voc-2007/train/data/000066.jpg,train,mllm_selection,train:000066
voc-2007,001643,/home/felix/fiftyone/voc-2007/train/data/001643.jpg,train,mllm_selection,train:001643
voc-2007,001623,/home/felix/fiftyone/voc-2007/train/data/001623.jpg,train,mllm_selection,train:001623
voc-2007,002114,/home/felix/fiftyone/voc-2007/train/data/002114.jpg,train,mllm_selection,train:002114
voc-2007,000017,/home/felix/fiftyone/voc-2007/train/data/000017.jpg,train,mllm_selection,train:000017
voc-2007,001960,/home/felix/fiftyone/voc-2007/train/data/001960.jpg,train,mllm_selection,train:001960
voc-2007,001381,/home/felix/fiftyone/voc-2007/train/data/001381.jpg,train,mllm_selection,train:001381
voc-2007,000868,/home/felix/fiftyone/voc-2007/train/data/000868.jpg,train,mllm_selection,train:000868
voc-2007,001806,/home/felix/fiftyone/voc-2007/train/data/001806.jpg,train,mllm_selection,train:001806
voc-2007,001734,/home/felix/fiftyone/voc-2007/train/data/001734.jpg,train,mllm_selection,train:001734
voc-2007,001523,/home/felix/fiftyone/voc-2007/train/data/001523.jpg,train,mllm_selection,train:001523
voc-2007,001794,/home/felix/fiftyone/voc-2007/train/data/001794.jpg,train,mllm_selection,train:001794
voc-2007,000662,/home/felix/fiftyone/voc-2007/train/data/000662.jpg,train,mllm_selection,train:000662
voc-2007,000815,/home/felix/fiftyone/voc-2007/train/data/000815.jpg,train,mllm_selection,train:000815
voc-2007,001671,/home/felix/fiftyone/voc-2007/train/data/001671.jpg,train,mllm_selection,train:001671
voc-2007,001205,/home/felix/fiftyone/voc-2007/train/data/001205.jpg,train,mllm_selection,train:001205
voc-2007,002491,/home/felix/fiftyone/voc-2007/train/data/002491.jpg,train,mllm_selection,train:002491
voc-2007,000330,/home/felix/fiftyone/voc-2007/train/data/000330.jpg,train,mllm_selection,train:000330
voc-2007,000022,/home/felix/fiftyone/voc-2007/train/data/000022.jpg,train,mllm_selection,train:000022
voc-2007,002433,/home/felix/fiftyone/voc-2007/train/data/002433.jpg,train,mllm_selection,train:002433
voc-2007,000178,/home/felix/fiftyone/voc-2007/train/data/000178.jpg,train,mllm_selection,train:000178
voc-2007,001524,/home/felix/fiftyone/voc-2007/train/data/001524.jpg,train,mllm_selection,train:001524
voc-2007,000509,/home/felix/fiftyone/voc-2007/train/data/000509.jpg,train,mllm_selection,train:000509
voc-2007,002179,/home/felix/fiftyone/voc-2007/train/data/002179.jpg,train,mllm_selection,train:002179
voc-2007,000651,/home/felix/fiftyone/voc-2007/train/data/000651.jpg,train,mllm_selection,train:000651
voc-2007,000549,/home/felix/fiftyone/voc-2007/train/data/000549.jpg,train,mllm_selection,train:000549
voc-2007,001767,/home/felix/fiftyone/voc-2007/train/data/001767.jpg,train,mllm_selection,train:001767
voc-2007,001931,/home/felix/fiftyone/voc-2007/train/data/001931.jpg,train,mllm_selection,train:001931
voc-2007,000222,/home/felix/fiftyone/voc-2007/train/data/000222.jpg,train,mllm_selection,train:000222
voc-2007,001493,/home/felix/fiftyone/voc-2007/train/data/001493.jpg,train,mllm_selection,train:001493
voc-2007,001801,/home/felix/fiftyone/voc-2007/train/data/001801.jpg,train,mllm_selection,train:001801
voc-2007,002380,/home/felix/fiftyone/voc-2007/train/data/002380.jpg,train,mllm_selection,train:002380
voc-2007,001067,/home/felix/fiftyone/voc-2007/train/data/001067.jpg,train,mllm_selection,train:001067
voc-2007,002197,/home/felix/fiftyone/voc-2007/train/data/002197.jpg,train,mllm_selection,train:002197
voc-2007,002244,/home/felix/fiftyone/voc-2007/train/data/002244.jpg,train,mllm_selection,train:002244
voc-2007,001320,/home/felix/fiftyone/voc-2007/train/data/001320.jpg,train,mllm_selection,train:001320
voc-2007,002068,/home/felix/fiftyone/voc-2007/train/data/002068.jpg,train,mllm_selection,train:002068
voc-2007,000694,/home/felix/fiftyone/voc-2007/train/data/000694.jpg,train,mllm_selection,train:000694
voc-2007,001659,/home/felix/fiftyone/voc-2007/train/data/001659.jpg,train,mllm_selection,train:001659
voc-2007,002467,/home/felix/fiftyone/voc-2007/train/data/002467.jpg,train,mllm_selection,train:002467
voc-2007,001538,/home/felix/fiftyone/voc-2007/train/data/001538.jpg,train,mllm_selection,train:001538
voc-2007,002311,/home/felix/fiftyone/voc-2007/train/data/002311.jpg,train,mllm_selection,train:002311
voc-2007,000801,/home/felix/fiftyone/voc-2007/train/data/000801.jpg,train,mllm_selection,train:000801
voc-2007,001398,/home/felix/fiftyone/voc-2007/train/data/001398.jpg,train,mllm_selection,train:001398
voc-2007,001303,/home/felix/fiftyone/voc-2007/train/data/001303.jpg,train,mllm_selection,train:001303
voc-2007,000144,/home/felix/fiftyone/voc-2007/train/data/000144.jpg,train,mllm_selection,train:000144
voc-2007,001336,/home/felix/fiftyone/voc-2007/train/data/001336.jpg,train,mllm_selection,train:001336
voc-2007,001323,/home/felix/fiftyone/voc-2007/train/data/001323.jpg,train,mllm_selection,train:001323
voc-2007,002032,/home/felix/fiftyone/voc-2007/train/data/002032.jpg,train,mllm_selection,train:002032
voc-2007,002474,/home/felix/fiftyone/voc-2007/train/data/002474.jpg,train,mllm_selection,train:002474
voc-2007,001087,/home/felix/fiftyone/voc-2007/train/data/001087.jpg,train,mllm_selection,train:001087
voc-2007,001908,/home/felix/fiftyone/voc-2007/train/data/001908.jpg,train,mllm_selection,train:001908
voc-2007,000390,/home/felix/fiftyone/voc-2007/train/data/000390.jpg,train,mllm_selection,train:000390
voc-2007,002118,/home/felix/fiftyone/voc-2007/train/data/002118.jpg,train,mllm_selection,train:002118
voc-2007,000230,/home/felix/fiftyone/voc-2007/train/data/000230.jpg,train,mllm_selection,train:000230
voc-2007,000787,/home/felix/fiftyone/voc-2007/train/data/000787.jpg,train,mllm_selection,train:000787
voc-2007,000656,/home/felix/fiftyone/voc-2007/train/data/000656.jpg,train,mllm_selection,train:000656
voc-2007,000925,/home/felix/fiftyone/voc-2007/train/data/000925.jpg,train,mllm_selection,train:000925
voc-2007,000358,/home/felix/fiftyone/voc-2007/train/data/000358.jpg,train,mllm_selection,train:000358
voc-2007,002018,/home/felix/fiftyone/voc-2007/train/data/002018.jpg,train,mllm_selection,train:002018
voc-2007,002449,/home/felix/fiftyone/voc-2007/train/data/002449.jpg,train,mllm_selection,train:002449
voc-2007,001847,/home/felix/fiftyone/voc-2007/train/data/001847.jpg,train,mllm_selection,train:001847
voc-2007,001564,/home/felix/fiftyone/voc-2007/train/data/001564.jpg,train,mllm_selection,train:001564
voc-2007,002172,/home/felix/fiftyone/voc-2007/train/data/002172.jpg,train,mllm_selection,train:002172
voc-2007,001560,/home/felix/fiftyone/voc-2007/train/data/001560.jpg,train,mllm_selection,train:001560
voc-2007,000275,/home/felix/fiftyone/voc-2007/train/data/000275.jpg,train,mllm_selection,train:000275
voc-2007,000365,/home/felix/fiftyone/voc-2007/train/data/000365.jpg,train,mllm_selection,train:000365
voc-2007,000864,/home/felix/fiftyone/voc-2007/train/data/000864.jpg,train,mllm_selection,train:000864
voc-2007,002309,/home/felix/fiftyone/voc-2007/train/data/002309.jpg,train,mllm_selection,train:002309
voc-2007,001758,/home/felix/fiftyone/voc-2007/train/data/001758.jpg,train,mllm_selection,train:001758
voc-2007,001825,/home/felix/fiftyone/voc-2007/train/data/001825.jpg,train,mllm_selection,train:001825
voc-2007,000042,/home/felix/fiftyone/voc-2007/train/data/000042.jpg,train,mllm_selection,train:000042
voc-2007,000474,/home/felix/fiftyone/voc-2007/train/data/000474.jpg,train,mllm_selection,train:000474
voc-2007,001107,/home/felix/fiftyone/voc-2007/train/data/001107.jpg,train,mllm_selection,train:001107
voc-2007,001945,/home/felix/fiftyone/voc-2007/train/data/001945.jpg,train,mllm_selection,train:001945
voc-2007,000795,/home/felix/fiftyone/voc-2007/train/data/000795.jpg,train,mllm_selection,train:000795
voc-2007,001047,/home/felix/fiftyone/voc-2007/train/data/001047.jpg,train,mllm_selection,train:001047
voc-2007,000976,/home/felix/fiftyone/voc-2007/train/data/000976.jpg,train,mllm_selection,train:000976
voc-2007,001944,/home/felix/fiftyone/voc-2007/train/data/001944.jpg,train,mllm_selection,train:001944
voc-2007,002331,/home/felix/fiftyone/voc-2007/train/data/002331.jpg,train,mllm_selection,train:002331
voc-2007,000626,/home/felix/fiftyone/voc-2007/train/data/000626.jpg,train,mllm_selection,train:000626
voc-2007,001967,/home/felix/fiftyone/voc-2007/train/data/001967.jpg,train,mllm_selection,train:001967
voc-2007,001247,/home/felix/fiftyone/voc-2007/train/data/001247.jpg,train,mllm_selection,train:001247
voc-2007,000769,/home/felix/fiftyone/voc-2007/train/data/000769.jpg,train,mllm_selection,train:000769
voc-2007,001580,/home/felix/fiftyone/voc-2007/train/data/001580.jpg,train,mllm_selection,train:001580
voc-2007,001822,/home/felix/fiftyone/voc-2007/train/data/001822.jpg,train,mllm_selection,train:001822
voc-2007,001431,/home/felix/fiftyone/voc-2007/train/data/001431.jpg,train,mllm_selection,train:001431
voc-2007,000491,/home/felix/fiftyone/voc-2007/train/data/000491.jpg,train,mllm_selection,train:000491
voc-2007,001341,/home/felix/fiftyone/voc-2007/train/data/001341.jpg,train,mllm_selection,train:001341
voc-2007,000624,/home/felix/fiftyone/voc-2007/train/data/000624.jpg,train,mllm_selection,train:000624
voc-2007,002000,/home/felix/fiftyone/voc-2007/train/data/002000.jpg,train,mllm_selection,train:002000
voc-2007,002329,/home/felix/fiftyone/voc-2007/train/data/002329.jpg,train,mllm_selection,train:002329
voc-2007,001282,/home/felix/fiftyone/voc-2007/train/data/001282.jpg,train,mllm_selection,train:001282
voc-2007,000841,/home/felix/fiftyone/voc-2007/train/data/000841.jpg,train,mllm_selection,train:000841
voc-2007,000410,/home/felix/fiftyone/voc-2007/train/data/000410.jpg,train,mllm_selection,train:000410
voc-2007,001661,/home/felix/fiftyone/voc-2007/train/data/001661.jpg,train,mllm_selection,train:001661
voc-2007,000436,/home/felix/fiftyone/voc-2007/train/data/000436.jpg,train,mllm_selection,train:000436
voc-2007,002085,/home/felix/fiftyone/voc-2007/train/data/002085.jpg,train,mllm_selection,train:002085
voc-2007,001608,/home/felix/fiftyone/voc-2007/train/data/001608.jpg,train,mllm_selection,train:001608
voc-2007,000562,/home/felix/fiftyone/voc-2007/train/data/000562.jpg,train,mllm_selection,train:000562
voc-2007,002483,/home/felix/fiftyone/voc-2007/train/data/002483.jpg,train,mllm_selection,train:002483
voc-2007,000644,/home/felix/fiftyone/voc-2007/train/data/000644.jpg,train,mllm_selection,train:000644
voc-2007,001172,/home/felix/fiftyone/voc-2007/train/data/001172.jpg,train,mllm_selection,train:001172
voc-2007,001239,/home/felix/fiftyone/voc-2007/train/data/001239.jpg,train,mllm_selection,train:001239
voc-2007,001182,/home/felix/fiftyone/voc-2007/train/data/001182.jpg,train,mllm_selection,train:001182
voc-2007,000929,/home/felix/fiftyone/voc-2007/train/data/000929.jpg,train,mllm_selection,train:000929
voc-2007,001162,/home/felix/fiftyone/voc-2007/train/data/001162.jpg,train,mllm_selection,train:001162
voc-2007,000296,/home/felix/fiftyone/voc-2007/train/data/000296.jpg,train,mllm_selection,train:000296
voc-2007,000637,/home/felix/fiftyone/voc-2007/train/data/000637.jpg,train,mllm_selection,train:000637
voc-2007,000516,/home/felix/fiftyone/voc-2007/train/data/000516.jpg,train,mllm_selection,train:000516
voc-2007,002328,/home/felix/fiftyone/voc-2007/train/data/002328.jpg,train,mllm_selection,train:002328
voc-2007,000163,/home/felix/fiftyone/voc-2007/train/data/000163.jpg,train,mllm_selection,train:000163
voc-2007,001970,/home/felix/fiftyone/voc-2007/train/data/001970.jpg,train,mllm_selection,train:001970
voc-2007,001988,/home/felix/fiftyone/voc-2007/train/data/001988.jpg,train,mllm_selection,train:001988
voc-2007,001540,/home/felix/fiftyone/voc-2007/train/data/001540.jpg,train,mllm_selection,train:001540
voc-2007,001132,/home/felix/fiftyone/voc-2007/train/data/001132.jpg,train,mllm_selection,train:001132
voc-2007,001013,/home/felix/fiftyone/voc-2007/train/data/001013.jpg,train,mllm_selection,train:001013
voc-2007,002495,/home/felix/fiftyone/voc-2007/train/data/002495.jpg,train,mllm_selection,train:002495
voc-2007,001932,/home/felix/fiftyone/voc-2007/train/data/001932.jpg,train,mllm_selection,train:001932
voc-2007,001250,/home/felix/fiftyone/voc-2007/train/data/001250.jpg,train,mllm_selection,train:001250
voc-2007,000515,/home/felix/fiftyone/voc-2007/train/data/000515.jpg,train,mllm_selection,train:000515
voc-2007,000919,/home/felix/fiftyone/voc-2007/train/data/000919.jpg,train,mllm_selection,train:000919
voc-2007,000923,/home/felix/fiftyone/voc-2007/train/data/000923.jpg,train,mllm_selection,train:000923
voc-2007,000828,/home/felix/fiftyone/voc-2007/train/data/000828.jpg,train,mllm_selection,train:000828
voc-2007,000345,/home/felix/fiftyone/voc-2007/train/data/000345.jpg,train,mllm_selection,train:000345
voc-2007,001275,/home/felix/fiftyone/voc-2007/train/data/001275.jpg,train,mllm_selection,train:001275
voc-2007,001581,/home/felix/fiftyone/voc-2007/train/data/001581.jpg,train,mllm_selection,train:001581
voc-2007,001606,/home/felix/fiftyone/voc-2007/train/data/001606.jpg,train,mllm_selection,train:001606
voc-2007,001505,/home/felix/fiftyone/voc-2007/train/data/001505.jpg,train,mllm_selection,train:001505
voc-2007,000248,/home/felix/fiftyone/voc-2007/train/data/000248.jpg,train,mllm_selection,train:000248
voc-2007,001234,/home/felix/fiftyone/voc-2007/train/data/001234.jpg,train,mllm_selection,train:001234
voc-2007,000930,/home/felix/fiftyone/voc-2007/train/data/000930.jpg,train,mllm_selection,train:000930
voc-2007,002492,/home/felix/fiftyone/voc-2007/train/data/002492.jpg,train,mllm_selection,train:002492
voc-2007,002413,/home/felix/fiftyone/voc-2007/train/data/002413.jpg,train,mllm_selection,train:002413
voc-2007,002284,/home/felix/fiftyone/voc-2007/train/data/002284.jpg,train,mllm_selection,train:002284
voc-2007,001992,/home/felix/fiftyone/voc-2007/train/data/001992.jpg,train,mllm_selection,train:001992
voc-2007,001777,/home/felix/fiftyone/voc-2007/train/data/001777.jpg,train,mllm_selection,train:001777
voc-2007,001571,/home/felix/fiftyone/voc-2007/train/data/001571.jpg,train,mllm_selection,train:001571
voc-2007,000956,/home/felix/fiftyone/voc-2007/train/data/000956.jpg,train,mllm_selection,train:000956
voc-2007,001056,/home/felix/fiftyone/voc-2007/train/data/001056.jpg,train,mllm_selection,train:001056
voc-2007,001987,/home/felix/fiftyone/voc-2007/train/data/001987.jpg,train,mllm_selection,train:001987
voc-2007,001739,/home/felix/fiftyone/voc-2007/train/data/001739.jpg,train,mllm_selection,train:001739
voc-2007,000938,/home/felix/fiftyone/voc-2007/train/data/000938.jpg,train,mllm_selection,train:000938
voc-2007,001642,/home/felix/fiftyone/voc-2007/train/data/001642.jpg,train,mllm_selection,train:001642
voc-2007,000639,/home/felix/fiftyone/voc-2007/train/data/000639.jpg,train,mllm_selection,train:000639
voc-2007,001204,/home/felix/fiftyone/voc-2007/train/data/001204.jpg,train,mllm_selection,train:001204
voc-2007,000517,/home/felix/fiftyone/voc-2007/train/data/000517.jpg,train,mllm_selection,train:000517
voc-2007,000940,/home/felix/fiftyone/voc-2007/train/data/000940.jpg,train,mllm_selection,train:000940
voc-2007,000492,/home/felix/fiftyone/voc-2007/train/data/000492.jpg,train,mllm_selection,train:000492
voc-2007,002236,/home/felix/fiftyone/voc-2007/train/data/002236.jpg,train,mllm_selection,train:002236
voc-2007,000105,/home/felix/fiftyone/voc-2007/train/data/000105.jpg,train,mllm_selection,train:000105
voc-2007,002192,/home/felix/fiftyone/voc-2007/train/data/002192.jpg,train,mllm_selection,train:002192
voc-2007,002377,/home/felix/fiftyone/voc-2007/train/data/002377.jpg,train,mllm_selection,train:002377
voc-2007,000939,/home/felix/fiftyone/voc-2007/train/data/000939.jpg,train,mllm_selection,train:000939
voc-2007,000738,/home/felix/fiftyone/voc-2007/train/data/000738.jpg,train,mllm_selection,train:000738
voc-2007,000707,/home/felix/fiftyone/voc-2007/train/data/000707.jpg,train,mllm_selection,train:000707
voc-2007,000323,/home/felix/fiftyone/voc-2007/train/data/000323.jpg,train,mllm_selection,train:000323
voc-2007,001497,/home/felix/fiftyone/voc-2007/train/data/001497.jpg,train,mllm_selection,train:001497
voc-2007,002293,/home/felix/fiftyone/voc-2007/train/data/002293.jpg,train,mllm_selection,train:002293
voc-2007,001862,/home/felix/fiftyone/voc-2007/train/data/001862.jpg,train,mllm_selection,train:001862
voc-2007,001103,/home/felix/fiftyone/voc-2007/train/data/001103.jpg,train,mllm_selection,train:001103
voc-2007,002334,/home/felix/fiftyone/voc-2007/train/data/002334.jpg,train,mllm_selection,train:002334
voc-2007,001672,/home/felix/fiftyone/voc-2007/train/data/001672.jpg,train,mllm_selection,train:001672
voc-2007,000252,/home/felix/fiftyone/voc-2007/train/data/000252.jpg,train,mllm_selection,train:000252
voc-2007,001843,/home/felix/fiftyone/voc-2007/train/data/001843.jpg,train,mllm_selection,train:001843
voc-2007,001746,/home/felix/fiftyone/voc-2007/train/data/001746.jpg,train,mllm_selection,train:001746
voc-2007,001679,/home/felix/fiftyone/voc-2007/train/data/001679.jpg,train,mllm_selection,train:001679
voc-2007,002475,/home/felix/fiftyone/voc-2007/train/data/002475.jpg,train,mllm_selection,train:002475
voc-2007,000810,/home/felix/fiftyone/voc-2007/train/data/000810.jpg,train,mllm_selection,train:000810
voc-2007,000560,/home/felix/fiftyone/voc-2007/train/data/000560.jpg,train,mllm_selection,train:000560
voc-2007,001093,/home/felix/fiftyone/voc-2007/train/data/001093.jpg,train,mllm_selection,train:001093
voc-2007,002450,/home/felix/fiftyone/voc-2007/train/data/002450.jpg,train,mllm_selection,train:002450
voc-2007,001557,/home/felix/fiftyone/voc-2007/train/data/001557.jpg,train,mllm_selection,train:001557
voc-2007,002111,/home/felix/fiftyone/voc-2007/train/data/002111.jpg,train,mllm_selection,train:002111
voc-2007,000512,/home/felix/fiftyone/voc-2007/train/data/000512.jpg,train,mllm_selection,train:000512
voc-2007,001687,/home/felix/fiftyone/voc-2007/train/data/001687.jpg,train,mllm_selection,train:001687
voc-2007,001501,/home/felix/fiftyone/voc-2007/train/data/001501.jpg,train,mllm_selection,train:001501
voc-2007,002297,/home/felix/fiftyone/voc-2007/train/data/002297.jpg,train,mllm_selection,train:002297
voc-2007,001914,/home/felix/fiftyone/voc-2007/train/data/001914.jpg,train,mllm_selection,train:001914
voc-2007,002145,/home/felix/fiftyone/voc-2007/train/data/002145.jpg,train,mllm_selection,train:002145
voc-2007,000374,/home/felix/fiftyone/voc-2007/train/data/000374.jpg,train,mllm_selection,train:000374
voc-2007,000234,/home/felix/fiftyone/voc-2007/train/data/000234.jpg,train,mllm_selection,train:000234
voc-2007,000708,/home/felix/fiftyone/voc-2007/train/data/000708.jpg,train,mllm_selection,train:000708
voc-2007,000638,/home/felix/fiftyone/voc-2007/train/data/000638.jpg,train,mllm_selection,train:000638
voc-2007,002366,/home/felix/fiftyone/voc-2007/train/data/002366.jpg,train,mllm_selection,train:002366
voc-2007,002310,/home/felix/fiftyone/voc-2007/train/data/002310.jpg,train,mllm_selection,train:002310
voc-2007,001930,/home/felix/fiftyone/voc-2007/train/data/001930.jpg,train,mllm_selection,train:001930
voc-2007,002202,/home/felix/fiftyone/voc-2007/train/data/002202.jpg,train,mllm_selection,train:002202
voc-2007,001510,/home/felix/fiftyone/voc-2007/train/data/001510.jpg,train,mllm_selection,train:001510
voc-2007,001544,/home/felix/fiftyone/voc-2007/train/data/001544.jpg,train,mllm_selection,train:001544
voc-2007,002237,/home/felix/fiftyone/voc-2007/train/data/002237.jpg,train,mllm_selection,train:002237
voc-2007,001647,/home/felix/fiftyone/voc-2007/train/data/001647.jpg,train,mllm_selection,train:001647
voc-2007,002090,/home/felix/fiftyone/voc-2007/train/data/002090.jpg,train,mllm_selection,train:002090
voc-2007,000180,/home/felix/fiftyone/voc-2007/train/data/000180.jpg,train,mllm_selection,train:000180
voc-2007,002123,/home/felix/fiftyone/voc-2007/train/data/002123.jpg,train,mllm_selection,train:002123
voc-2007,001156,/home/felix/fiftyone/voc-2007/train/data/001156.jpg,train,mllm_selection,train:001156
voc-2007,002246,/home/felix/fiftyone/voc-2007/train/data/002246.jpg,train,mllm_selection,train:002246
voc-2007,001028,/home/felix/fiftyone/voc-2007/train/data/001028.jpg,train,mllm_selection,train:001028
voc-2007,000146,/home/felix/fiftyone/voc-2007/train/data/000146.jpg,train,mllm_selection,train:000146
voc-2007,000585,/home/felix/fiftyone/voc-2007/train/data/000585.jpg,train,mllm_selection,train:000585
voc-2007,002500,/home/felix/fiftyone/voc-2007/train/data/002500.jpg,train,mllm_selection,train:002500
voc-2007,000575,/home/felix/fiftyone/voc-2007/train/data/000575.jpg,train,mllm_selection,train:000575
voc-2007,000648,/home/felix/fiftyone/voc-2007/train/data/000648.jpg,train,mllm_selection,train:000648
voc-2007,001536,/home/felix/fiftyone/voc-2007/train/data/001536.jpg,train,mllm_selection,train:001536
voc-2007,000997,/home/felix/fiftyone/voc-2007/train/data/000997.jpg,train,mllm_selection,train:000997
voc-2007,001266,/home/felix/fiftyone/voc-2007/train/data/001266.jpg,train,mllm_selection,train:001266
voc-2007,002198,/home/felix/fiftyone/voc-2007/train/data/002198.jpg,train,mllm_selection,train:002198
voc-2007,002173,/home/felix/fiftyone/voc-2007/train/data/002173.jpg,train,mllm_selection,train:002173
voc-2007,002209,/home/felix/fiftyone/voc-2007/train/data/002209.jpg,train,mllm_selection,train:002209
voc-2007,001604,/home/felix/fiftyone/voc-2007/train/data/001604.jpg,train,mllm_selection,train:001604
voc-2007,000893,/home/felix/fiftyone/voc-2007/train/data/000893.jpg,train,mllm_selection,train:000893
voc-2007,002094,/home/felix/fiftyone/voc-2007/train/data/002094.jpg,train,mllm_selection,train:002094
voc-2007,001851,/home/felix/fiftyone/voc-2007/train/data/001851.jpg,train,mllm_selection,train:001851
voc-2007,000660,/home/felix/fiftyone/voc-2007/train/data/000660.jpg,train,mllm_selection,train:000660
voc-2007,001422,/home/felix/fiftyone/voc-2007/train/data/001422.jpg,train,mllm_selection,train:001422
voc-2007,002324,/home/felix/fiftyone/voc-2007/train/data/002324.jpg,train,mllm_selection,train:002324
voc-2007,000082,/home/felix/fiftyone/voc-2007/train/data/000082.jpg,train,mllm_selection,train:000082
voc-2007,000663,/home/felix/fiftyone/voc-2007/train/data/000663.jpg,train,mllm_selection,train:000663
voc-2007,000420,/home/felix/fiftyone/voc-2007/train/data/000420.jpg,train,mllm_selection,train:000420
voc-2007,001289,/home/felix/fiftyone/voc-2007/train/data/001289.jpg,train,mllm_selection,train:001289
voc-2007,002166,/home/felix/fiftyone/voc-2007/train/data/002166.jpg,train,mllm_selection,train:002166
voc-2007,000967,/home/felix/fiftyone/voc-2007/train/data/000967.jpg,train,mllm_selection,train:000967
voc-2007,001677,/home/felix/fiftyone/voc-2007/train/data/001677.jpg,train,mllm_selection,train:001677
voc-2007,002305,/home/felix/fiftyone/voc-2007/train/data/002305.jpg,train,mllm_selection,train:002305
voc-2007,000943,/home/felix/fiftyone/voc-2007/train/data/000943.jpg,train,mllm_selection,train:000943
voc-2007,000351,/home/felix/fiftyone/voc-2007/train/data/000351.jpg,train,mllm_selection,train:000351
voc-2007,000524,/home/felix/fiftyone/voc-2007/train/data/000524.jpg,train,mllm_selection,train:000524
voc-2007,000396,/home/felix/fiftyone/voc-2007/train/data/000396.jpg,train,mllm_selection,train:000396
voc-2007,000081,/home/felix/fiftyone/voc-2007/train/data/000081.jpg,train,mllm_selection,train:000081
voc-2007,001086,/home/felix/fiftyone/voc-2007/train/data/001086.jpg,train,mllm_selection,train:001086
voc-2007,000955,/home/felix/fiftyone/voc-2007/train/data/000955.jpg,train,mllm_selection,train:000955
voc-2007,000499,/home/felix/fiftyone/voc-2007/train/data/000499.jpg,train,mllm_selection,train:000499
voc-2007,001194,/home/felix/fiftyone/voc-2007/train/data/001194.jpg,train,mllm_selection,train:001194
voc-2007,002361,/home/felix/fiftyone/voc-2007/train/data/002361.jpg,train,mllm_selection,train:002361
voc-2007,001389,/home/felix/fiftyone/voc-2007/train/data/001389.jpg,train,mllm_selection,train:001389
voc-2007,001351,/home/felix/fiftyone/voc-2007/train/data/001351.jpg,train,mllm_selection,train:001351
voc-2007,000525,/home/felix/fiftyone/voc-2007/train/data/000525.jpg,train,mllm_selection,train:000525
voc-2007,002149,/home/felix/fiftyone/voc-2007/train/data/002149.jpg,train,mllm_selection,train:002149
voc-2007,000067,/home/felix/fiftyone/voc-2007/train/data/000067.jpg,train,mllm_selection,train:000067
voc-2007,001585,/home/felix/fiftyone/voc-2007/train/data/001585.jpg,train,mllm_selection,train:001585
voc-2007,000107,/home/felix/fiftyone/voc-2007/train/data/000107.jpg,train,mllm_selection,train:000107
voc-2007,001695,/home/felix/fiftyone/voc-2007/train/data/001695.jpg,train,mllm_selection,train:001695
voc-2007,000903,/home/felix/fiftyone/voc-2007/train/data/000903.jpg,train,mllm_selection,train:000903
voc-2007,001958,/home/felix/fiftyone/voc-2007/train/data/001958.jpg,train,mllm_selection,train:001958
voc-2007,000329,/home/felix/fiftyone/voc-2007/train/data/000329.jpg,train,mllm_selection,train:000329
voc-2007,002368,/home/felix/fiftyone/voc-2007/train/data/002368.jpg,train,mllm_selection,train:002368
voc-2007,002288,/home/felix/fiftyone/voc-2007/train/data/002288.jpg,train,mllm_selection,train:002288
voc-2007,001500,/home/felix/fiftyone/voc-2007/train/data/001500.jpg,train,mllm_selection,train:001500
voc-2007,000306,/home/felix/fiftyone/voc-2007/train/data/000306.jpg,train,mllm_selection,train:000306
voc-2007,000360,/home/felix/fiftyone/voc-2007/train/data/000360.jpg,train,mllm_selection,train:000360
voc-2007,000342,/home/felix/fiftyone/voc-2007/train/data/000342.jpg,train,mllm_selection,train:000342
voc-2007,002330,/home/felix/fiftyone/voc-2007/train/data/002330.jpg,train,mllm_selection,train:002330
voc-2007,001322,/home/felix/fiftyone/voc-2007/train/data/001322.jpg,train,mllm_selection,train:001322
voc-2007,000860,/home/felix/fiftyone/voc-2007/train/data/000860.jpg,train,mllm_selection,train:000860
voc-2007,000074,/home/felix/fiftyone/voc-2007/train/data/000074.jpg,train,mllm_selection,train:000074
voc-2007,002188,/home/felix/fiftyone/voc-2007/train/data/002188.jpg,train,mllm_selection,train:002188
voc-2007,002029,/home/felix/fiftyone/voc-2007/train/data/002029.jpg,train,mllm_selection,train:002029
voc-2007,000711,/home/felix/fiftyone/voc-2007/train/data/000711.jpg,train,mllm_selection,train:000711
voc-2007,000437,/home/felix/fiftyone/voc-2007/train/data/000437.jpg,train,mllm_selection,train:000437
voc-2007,001177,/home/felix/fiftyone/voc-2007/train/data/001177.jpg,train,mllm_selection,train:001177
voc-2007,000869,/home/felix/fiftyone/voc-2007/train/data/000869.jpg,train,mllm_selection,train:000869
voc-2007,001054,/home/felix/fiftyone/voc-2007/train/data/001054.jpg,train,mllm_selection,train:001054
voc-2007,000514,/home/felix/fiftyone/voc-2007/train/data/000514.jpg,train,mllm_selection,train:000514
voc-2007,001160,/home/felix/fiftyone/voc-2007/train/data/001160.jpg,train,mllm_selection,train:001160
voc-2007,000448,/home/felix/fiftyone/voc-2007/train/data/000448.jpg,train,mllm_selection,train:000448
voc-2007,001844,/home/felix/fiftyone/voc-2007/train/data/001844.jpg,train,mllm_selection,train:001844
voc-2007,002022,/home/felix/fiftyone/voc-2007/train/data/002022.jpg,train,mllm_selection,train:002022
voc-2007,002369,/home/felix/fiftyone/voc-2007/train/data/002369.jpg,train,mllm_selection,train:002369
voc-2007,000629,/home/felix/fiftyone/voc-2007/train/data/000629.jpg,train,mllm_selection,train:000629
voc-2007,001311,/home/felix/fiftyone/voc-2007/train/data/001311.jpg,train,mllm_selection,train:001311
voc-2007,000493,/home/felix/fiftyone/voc-2007/train/data/000493.jpg,train,mllm_selection,train:000493
voc-2007,002367,/home/felix/fiftyone/voc-2007/train/data/002367.jpg,train,mllm_selection,train:002367
voc-2007,001805,/home/felix/fiftyone/voc-2007/train/data/001805.jpg,train,mllm_selection,train:001805
voc-2007,000522,/home/felix/fiftyone/voc-2007/train/data/000522.jpg,train,mllm_selection,train:000522
voc-2007,002228,/home/felix/fiftyone/voc-2007/train/data/002228.jpg,train,mllm_selection,train:002228
voc-2007,001272,/home/felix/fiftyone/voc-2007/train/data/001272.jpg,train,mllm_selection,train:001272
voc-2007,000576,/home/felix/fiftyone/voc-2007/train/data/000576.jpg,train,mllm_selection,train:000576
voc-2007,000363,/home/felix/fiftyone/voc-2007/train/data/000363.jpg,train,mllm_selection,train:000363
voc-2007,000969,/home/felix/fiftyone/voc-2007/train/data/000969.jpg,train,mllm_selection,train:000969
voc-2007,001756,/home/felix/fiftyone/voc-2007/train/data/001756.jpg,train,mllm_selection,train:001756
voc-2007,001148,/home/felix/fiftyone/voc-2007/train/data/001148.jpg,train,mllm_selection,train:001148
voc-2007,002392,/home/felix/fiftyone/voc-2007/train/data/002392.jpg,train,mllm_selection,train:002392
voc-2007,001485,/home/felix/fiftyone/voc-2007/train/data/001485.jpg,train,mllm_selection,train:001485
voc-2007,002121,/home/felix/fiftyone/voc-2007/train/data/002121.jpg,train,mllm_selection,train:002121
voc-2007,000408,/home/felix/fiftyone/voc-2007/train/data/000408.jpg,train,mllm_selection,train:000408
voc-2007,001061,/home/felix/fiftyone/voc-2007/train/data/001061.jpg,train,mllm_selection,train:001061
voc-2007,000987,/home/felix/fiftyone/voc-2007/train/data/000987.jpg,train,mllm_selection,train:000987
voc-2007,000473,/home/felix/fiftyone/voc-2007/train/data/000473.jpg,train,mllm_selection,train:000473
voc-2007,000302,/home/felix/fiftyone/voc-2007/train/data/000302.jpg,train,mllm_selection,train:000302
voc-2007,000672,/home/felix/fiftyone/voc-2007/train/data/000672.jpg,train,mllm_selection,train:000672
voc-2007,001707,/home/felix/fiftyone/voc-2007/train/data/001707.jpg,train,mllm_selection,train:001707
voc-2007,001036,/home/felix/fiftyone/voc-2007/train/data/001036.jpg,train,mllm_selection,train:001036
voc-2007,001716,/home/felix/fiftyone/voc-2007/train/data/001716.jpg,train,mllm_selection,train:001716
voc-2007,001299,/home/felix/fiftyone/voc-2007/train/data/001299.jpg,train,mllm_selection,train:001299
voc-2007,000364,/home/felix/fiftyone/voc-2007/train/data/000364.jpg,train,mllm_selection,train:000364
voc-2007,001754,/home/felix/fiftyone/voc-2007/train/data/001754.jpg,train,mllm_selection,train:001754
voc-2007,000195,/home/felix/fiftyone/voc-2007/train/data/000195.jpg,train,mllm_selection,train:000195
voc-2007,000641,/home/felix/fiftyone/voc-2007/train/data/000641.jpg,train,mllm_selection,train:000641
voc-2007,001115,/home/felix/fiftyone/voc-2007/train/data/001115.jpg,train,mllm_selection,train:001115
voc-2007,002153,/home/felix/fiftyone/voc-2007/train/data/002153.jpg,train,mllm_selection,train:002153
voc-2007,000642,/home/felix/fiftyone/voc-2007/train/data/000642.jpg,train,mllm_selection,train:000642
voc-2007,000284,/home/felix/fiftyone/voc-2007/train/data/000284.jpg,train,mllm_selection,train:000284
voc-2007,000217,/home/felix/fiftyone/voc-2007/train/data/000217.jpg,train,mllm_selection,train:000217
voc-2007,000812,/home/felix/fiftyone/voc-2007/train/data/000812.jpg,train,mllm_selection,train:000812
voc-2007,001995,/home/felix/fiftyone/voc-2007/train/data/001995.jpg,train,mllm_selection,train:001995
voc-2007,001789,/home/felix/fiftyone/voc-2007/train/data/001789.jpg,train,mllm_selection,train:001789
voc-2007,001025,/home/felix/fiftyone/voc-2007/train/data/001025.jpg,train,mllm_selection,train:001025
voc-2007,001721,/home/felix/fiftyone/voc-2007/train/data/001721.jpg,train,mllm_selection,train:001721
voc-2007,001310,/home/felix/fiftyone/voc-2007/train/data/001310.jpg,train,mllm_selection,train:001310
voc-2007,000388,/home/felix/fiftyone/voc-2007/train/data/000388.jpg,train,mllm_selection,train:000388
voc-2007,001258,/home/felix/fiftyone/voc-2007/train/data/001258.jpg,train,mllm_selection,train:001258
voc-2007,001872,/home/felix/fiftyone/voc-2007/train/data/001872.jpg,train,mllm_selection,train:001872
voc-2007,000361,/home/felix/fiftyone/voc-2007/train/data/000361.jpg,train,mllm_selection,train:000361
voc-2007,000775,/home/felix/fiftyone/voc-2007/train/data/000775.jpg,train,mllm_selection,train:000775
voc-2007,001864,/home/felix/fiftyone/voc-2007/train/data/001864.jpg,train,mllm_selection,train:001864
voc-2007,001517,/home/felix/fiftyone/voc-2007/train/data/001517.jpg,train,mllm_selection,train:001517
voc-2007,001108,/home/felix/fiftyone/voc-2007/train/data/001108.jpg,train,mllm_selection,train:001108
voc-2007,001285,/home/felix/fiftyone/voc-2007/train/data/001285.jpg,train,mllm_selection,train:001285
voc-2007,000312,/home/felix/fiftyone/voc-2007/train/data/000312.jpg,train,mllm_selection,train:000312
voc-2007,000037,/home/felix/fiftyone/voc-2007/train/data/000037.jpg,train,mllm_selection,train:000037
voc-2007,000758,/home/felix/fiftyone/voc-2007/train/data/000758.jpg,train,mllm_selection,train:000758
voc-2007,001181,/home/felix/fiftyone/voc-2007/train/data/001181.jpg,train,mllm_selection,train:001181
voc-2007,001605,/home/felix/fiftyone/voc-2007/train/data/001605.jpg,train,mllm_selection,train:001605
voc-2007,002264,/home/felix/fiftyone/voc-2007/train/data/002264.jpg,train,mllm_selection,train:002264
voc-2007,000064,/home/felix/fiftyone/voc-2007/train/data/000064.jpg,train,mllm_selection,train:000064
voc-2007,002216,/home/felix/fiftyone/voc-2007/train/data/002216.jpg,train,mllm_selection,train:002216
voc-2007,002005,/home/felix/fiftyone/voc-2007/train/data/002005.jpg,train,mllm_selection,train:002005
voc-2007,002407,/home/felix/fiftyone/voc-2007/train/data/002407.jpg,train,mllm_selection,train:002407
voc-2007,001866,/home/felix/fiftyone/voc-2007/train/data/001866.jpg,train,mllm_selection,train:001866
voc-2007,000418,/home/felix/fiftyone/voc-2007/train/data/000418.jpg,train,mllm_selection,train:000418
voc-2007,002011,/home/felix/fiftyone/voc-2007/train/data/002011.jpg,train,mllm_selection,train:002011
voc-2007,001236,/home/felix/fiftyone/voc-2007/train/data/001236.jpg,train,mllm_selection,train:001236
voc-2007,002127,/home/felix/fiftyone/voc-2007/train/data/002127.jpg,train,mllm_selection,train:002127
voc-2007,000718,/home/felix/fiftyone/voc-2007/train/data/000718.jpg,train,mllm_selection,train:000718
voc-2007,002169,/home/felix/fiftyone/voc-2007/train/data/002169.jpg,train,mllm_selection,train:002169
voc-2007,001138,/home/felix/fiftyone/voc-2007/train/data/001138.jpg,train,mllm_selection,train:001138
voc-2007,002080,/home/felix/fiftyone/voc-2007/train/data/002080.jpg,train,mllm_selection,train:002080
voc-2007,002452,/home/felix/fiftyone/voc-2007/train/data/002452.jpg,train,mllm_selection,train:002452
voc-2007,001895,/home/felix/fiftyone/voc-2007/train/data/001895.jpg,train,mllm_selection,train:001895
voc-2007,001164,/home/felix/fiftyone/voc-2007/train/data/001164.jpg,train,mllm_selection,train:001164
voc-2007,001899,/home/felix/fiftyone/voc-2007/train/data/001899.jpg,train,mllm_selection,train:001899
voc-2007,002332,/home/felix/fiftyone/voc-2007/train/data/002332.jpg,train,mllm_selection,train:002332
voc-2007,000049,/home/felix/fiftyone/voc-2007/train/data/000049.jpg,train,mllm_selection,train:000049
voc-2007,002023,/home/felix/fiftyone/voc-2007/train/data/002023.jpg,train,mllm_selection,train:002023
voc-2007,000602,/home/felix/fiftyone/voc-2007/train/data/000602.jpg,train,mllm_selection,train:000602
voc-2007,000207,/home/felix/fiftyone/voc-2007/train/data/000207.jpg,train,mllm_selection,train:000207
voc-2007,002333,/home/felix/fiftyone/voc-2007/train/data/002333.jpg,train,mllm_selection,train:002333
voc-2007,000856,/home/felix/fiftyone/voc-2007/train/data/000856.jpg,train,mllm_selection,train:000856
voc-2007,000945,/home/felix/fiftyone/voc-2007/train/data/000945.jpg,train,mllm_selection,train:000945
voc-2007,002360,/home/felix/fiftyone/voc-2007/train/data/002360.jpg,train,mllm_selection,train:002360
voc-2007,002346,/home/felix/fiftyone/voc-2007/train/data/002346.jpg,train,mllm_selection,train:002346
voc-2007,001874,/home/felix/fiftyone/voc-2007/train/data/001874.jpg,train,mllm_selection,train:001874
voc-2007,002091,/home/felix/fiftyone/voc-2007/train/data/002091.jpg,train,mllm_selection,train:002091
voc-2007,002076,/home/felix/fiftyone/voc-2007/train/data/002076.jpg,train,mllm_selection,train:002076
voc-2007,000802,/home/felix/fiftyone/voc-2007/train/data/000802.jpg,train,mllm_selection,train:000802
voc-2007,001460,/home/felix/fiftyone/voc-2007/train/data/001460.jpg,train,mllm_selection,train:001460
voc-2007,001815,/home/felix/fiftyone/voc-2007/train/data/001815.jpg,train,mllm_selection,train:001815
voc-2007,000478,/home/felix/fiftyone/voc-2007/train/data/000478.jpg,train,mllm_selection,train:000478
voc-2007,000837,/home/felix/fiftyone/voc-2007/train/data/000837.jpg,train,mllm_selection,train:000837
voc-2007,001812,/home/felix/fiftyone/voc-2007/train/data/001812.jpg,train,mllm_selection,train:001812
voc-2007,000827,/home/felix/fiftyone/voc-2007/train/data/000827.jpg,train,mllm_selection,train:000827
voc-2007,000125,/home/felix/fiftyone/voc-2007/train/data/000125.jpg,train,mllm_selection,train:000125
voc-2007,001628,/home/felix/fiftyone/voc-2007/train/data/001628.jpg,train,mllm_selection,train:001628
voc-2007,000876,/home/felix/fiftyone/voc-2007/train/data/000876.jpg,train,mllm_selection,train:000876
voc-2007,001961,/home/felix/fiftyone/voc-2007/train/data/001961.jpg,train,mllm_selection,train:001961
voc-2007,000980,/home/felix/fiftyone/voc-2007/train/data/000980.jpg,train,mllm_selection,train:000980
voc-2007,000715,/home/felix/fiftyone/voc-2007/train/data/000715.jpg,train,mllm_selection,train:000715
voc-2007,001018,/home/felix/fiftyone/voc-2007/train/data/001018.jpg,train,mllm_selection,train:001018
voc-2007,001907,/home/felix/fiftyone/voc-2007/train/data/001907.jpg,train,mllm_selection,train:001907
voc-2007,000709,/home/felix/fiftyone/voc-2007/train/data/000709.jpg,train,mllm_selection,train:000709
voc-2007,000834,/home/felix/fiftyone/voc-2007/train/data/000834.jpg,train,mllm_selection,train:000834
voc-2007,002008,/home/felix/fiftyone/voc-2007/train/data/002008.jpg,train,mllm_selection,train:002008
voc-2007,001826,/home/felix/fiftyone/voc-2007/train/data/001826.jpg,train,mllm_selection,train:001826
voc-2007,002177,/home/felix/fiftyone/voc-2007/train/data/002177.jpg,train,mllm_selection,train:002177
voc-2007,002099,/home/felix/fiftyone/voc-2007/train/data/002099.jpg,train,mllm_selection,train:002099
voc-2007,000295,/home/felix/fiftyone/voc-2007/train/data/000295.jpg,train,mllm_selection,train:000295
voc-2007,001975,/home/felix/fiftyone/voc-2007/train/data/001975.jpg,train,mllm_selection,train:001975
voc-2007,002398,/home/felix/fiftyone/voc-2007/train/data/002398.jpg,train,mllm_selection,train:002398
voc-2007,000884,/home/felix/fiftyone/voc-2007/train/data/000884.jpg,train,mllm_selection,train:000884
voc-2007,001678,/home/felix/fiftyone/voc-2007/train/data/001678.jpg,train,mllm_selection,train:001678
voc-2007,002343,/home/felix/fiftyone/voc-2007/train/data/002343.jpg,train,mllm_selection,train:002343
voc-2007,001900,/home/felix/fiftyone/voc-2007/train/data/001900.jpg,train,mllm_selection,train:001900
voc-2007,000593,/home/felix/fiftyone/voc-2007/train/data/000593.jpg,train,mllm_selection,train:000593
voc-2007,001096,/home/felix/fiftyone/voc-2007/train/data/001096.jpg,train,mllm_selection,train:001096
voc-2007,000519,/home/felix/fiftyone/voc-2007/train/data/000519.jpg,train,mllm_selection,train:000519
voc-2007,000135,/home/felix/fiftyone/voc-2007/train/data/000135.jpg,train,mllm_selection,train:000135
voc-2007,000169,/home/felix/fiftyone/voc-2007/train/data/000169.jpg,train,mllm_selection,train:000169
voc-2007,001567,/home/felix/fiftyone/voc-2007/train/data/001567.jpg,train,mllm_selection,train:001567
voc-2007,001630,/home/felix/fiftyone/voc-2007/train/data/001630.jpg,train,mllm_selection,train:001630
voc-2007,000520,/home/felix/fiftyone/voc-2007/train/data/000520.jpg,train,mllm_selection,train:000520
voc-2007,000729,/home/felix/fiftyone/voc-2007/train/data/000729.jpg,train,mllm_selection,train:000729
voc-2007,002300,/home/felix/fiftyone/voc-2007/train/data/002300.jpg,train,mllm_selection,train:002300
voc-2007,000634,/home/felix/fiftyone/voc-2007/train/data/000634.jpg,train,mllm_selection,train:000634
voc-2007,001408,/home/felix/fiftyone/voc-2007/train/data/001408.jpg,train,mllm_selection,train:001408
voc-2007,001430,/home/felix/fiftyone/voc-2007/train/data/001430.jpg,train,mllm_selection,train:001430
voc-2007,001294,/home/felix/fiftyone/voc-2007/train/data/001294.jpg,train,mllm_selection,train:001294
voc-2007,000914,/home/felix/fiftyone/voc-2007/train/data/000914.jpg,train,mllm_selection,train:000914
voc-2007,001761,/home/felix/fiftyone/voc-2007/train/data/001761.jpg,train,mllm_selection,train:001761
voc-2007,002234,/home/felix/fiftyone/voc-2007/train/data/002234.jpg,train,mllm_selection,train:002234
voc-2007,000620,/home/felix/fiftyone/voc-2007/train/data/000620.jpg,train,mllm_selection,train:000620
voc-2007,001549,/home/felix/fiftyone/voc-2007/train/data/001549.jpg,train,mllm_selection,train:001549
voc-2007,002257,/home/felix/fiftyone/voc-2007/train/data/002257.jpg,train,mllm_selection,train:002257
voc-2007,000800,/home/felix/fiftyone/voc-2007/train/data/000800.jpg,train,mllm_selection,train:000800
voc-2007,000265,/home/felix/fiftyone/voc-2007/train/data/000265.jpg,train,mllm_selection,train:000265
voc-2007,000439,/home/felix/fiftyone/voc-2007/train/data/000439.jpg,train,mllm_selection,train:000439
voc-2007,002203,/home/felix/fiftyone/voc-2007/train/data/002203.jpg,train,mllm_selection,train:002203
voc-2007,000832,/home/felix/fiftyone/voc-2007/train/data/000832.jpg,train,mllm_selection,train:000832
voc-2007,001495,/home/felix/fiftyone/voc-2007/train/data/001495.jpg,train,mllm_selection,train:001495
voc-2007,001654,/home/felix/fiftyone/voc-2007/train/data/001654.jpg,train,mllm_selection,train:001654
voc-2007,002120,/home/felix/fiftyone/voc-2007/train/data/002120.jpg,train,mllm_selection,train:002120
voc-2007,000350,/home/felix/fiftyone/voc-2007/train/data/000350.jpg,train,mllm_selection,train:000350
voc-2007,000260,/home/felix/fiftyone/voc-2007/train/data/000260.jpg,train,mllm_selection,train:000260
voc-2007,000592,/home/felix/fiftyone/voc-2007/train/data/000592.jpg,train,mllm_selection,train:000592
voc-2007,000716,/home/felix/fiftyone/voc-2007/train/data/000716.jpg,train,mllm_selection,train:000716
voc-2007,001532,/home/felix/fiftyone/voc-2007/train/data/001532.jpg,train,mllm_selection,train:001532
voc-2007,000948,/home/felix/fiftyone/voc-2007/train/data/000948.jpg,train,mllm_selection,train:000948
voc-2007,001867,/home/felix/fiftyone/voc-2007/train/data/001867.jpg,train,mllm_selection,train:001867
voc-2007,001337,/home/felix/fiftyone/voc-2007/train/data/001337.jpg,train,mllm_selection,train:001337
voc-2007,000605,/home/felix/fiftyone/voc-2007/train/data/000605.jpg,train,mllm_selection,train:000605
voc-2007,000902,/home/felix/fiftyone/voc-2007/train/data/000902.jpg,train,mllm_selection,train:000902
voc-2007,002490,/home/felix/fiftyone/voc-2007/train/data/002490.jpg,train,mllm_selection,train:002490
voc-2007,001953,/home/felix/fiftyone/voc-2007/train/data/001953.jpg,train,mllm_selection,train:001953
voc-2007,002402,/home/felix/fiftyone/voc-2007/train/data/002402.jpg,train,mllm_selection,train:002402
voc-2007,000173,/home/felix/fiftyone/voc-2007/train/data/000173.jpg,train,mllm_selection,train:000173
voc-2007,001305,/home/felix/fiftyone/voc-2007/train/data/001305.jpg,train,mllm_selection,train:001305
voc-2007,001989,/home/felix/fiftyone/voc-2007/train/data/001989.jpg,train,mllm_selection,train:001989
voc-2007,001298,/home/felix/fiftyone/voc-2007/train/data/001298.jpg,train,mllm_selection,train:001298
voc-2007,000928,/home/felix/fiftyone/voc-2007/train/data/000928.jpg,train,mllm_selection,train:000928
voc-2007,001916,/home/felix/fiftyone/voc-2007/train/data/001916.jpg,train,mllm_selection,train:001916
voc-2007,000720,/home/felix/fiftyone/voc-2007/train/data/000720.jpg,train,mllm_selection,train:000720
voc-2007,001636,/home/felix/fiftyone/voc-2007/train/data/001636.jpg,train,mllm_selection,train:001636
voc-2007,001991,/home/felix/fiftyone/voc-2007/train/data/001991.jpg,train,mllm_selection,train:001991
voc-2007,000442,/home/felix/fiftyone/voc-2007/train/data/000442.jpg,train,mllm_selection,train:000442
voc-2007,000090,/home/felix/fiftyone/voc-2007/train/data/000090.jpg,train,mllm_selection,train:000090
voc-2007,001259,/home/felix/fiftyone/voc-2007/train/data/001259.jpg,train,mllm_selection,train:001259
voc-2007,000348,/home/felix/fiftyone/voc-2007/train/data/000348.jpg,train,mllm_selection,train:000348
voc-2007,001073,/home/felix/fiftyone/voc-2007/train/data/001073.jpg,train,mllm_selection,train:001073
voc-2007,001565,/home/felix/fiftyone/voc-2007/train/data/001565.jpg,train,mllm_selection,train:001565
voc-2007,000415,/home/felix/fiftyone/voc-2007/train/data/000415.jpg,train,mllm_selection,train:000415
voc-2007,000911,/home/felix/fiftyone/voc-2007/train/data/000911.jpg,train,mllm_selection,train:000911
voc-2007,002431,/home/felix/fiftyone/voc-2007/train/data/002431.jpg,train,mllm_selection,train:002431
voc-2007,001249,/home/felix/fiftyone/voc-2007/train/data/001249.jpg,train,mllm_selection,train:001249
voc-2007,000094,/home/felix/fiftyone/voc-2007/train/data/000094.jpg,train,mllm_selection,train:000094
voc-2007,002275,/home/felix/fiftyone/voc-2007/train/data/002275.jpg,train,mllm_selection,train:002275
voc-2007,001586,/home/felix/fiftyone/voc-2007/train/data/001586.jpg,train,mllm_selection,train:001586
voc-2007,001055,/home/felix/fiftyone/voc-2007/train/data/001055.jpg,train,mllm_selection,train:001055
voc-2007,000889,/home/felix/fiftyone/voc-2007/train/data/000889.jpg,train,mllm_selection,train:000889
voc-2007,000346,/home/felix/fiftyone/voc-2007/train/data/000346.jpg,train,mllm_selection,train:000346
voc-2007,001977,/home/felix/fiftyone/voc-2007/train/data/001977.jpg,train,mllm_selection,train:001977
voc-2007,001683,/home/felix/fiftyone/voc-2007/train/data/001683.jpg,train,mllm_selection,train:001683
voc-2007,001798,/home/felix/fiftyone/voc-2007/train/data/001798.jpg,train,mllm_selection,train:001798
voc-2007,000875,/home/felix/fiftyone/voc-2007/train/data/000875.jpg,train,mllm_selection,train:000875
voc-2007,001111,/home/felix/fiftyone/voc-2007/train/data/001111.jpg,train,mllm_selection,train:001111
voc-2007,002285,/home/felix/fiftyone/voc-2007/train/data/002285.jpg,train,mllm_selection,train:002285
voc-2007,000277,/home/felix/fiftyone/voc-2007/train/data/000277.jpg,train,mllm_selection,train:000277
voc-2007,001483,/home/felix/fiftyone/voc-2007/train/data/001483.jpg,train,mllm_selection,train:001483
voc-2007,001150,/home/felix/fiftyone/voc-2007/train/data/001150.jpg,train,mllm_selection,train:001150
voc-2007,000036,/home/felix/fiftyone/voc-2007/train/data/000036.jpg,train,mllm_selection,train:000036
voc-2007,002160,/home/felix/fiftyone/voc-2007/train/data/002160.jpg,train,mllm_selection,train:002160
voc-2007,000961,/home/felix/fiftyone/voc-2007/train/data/000961.jpg,train,mllm_selection,train:000961
voc-2007,002342,/home/felix/fiftyone/voc-2007/train/data/002342.jpg,train,mllm_selection,train:002342
voc-2007,000771,/home/felix/fiftyone/voc-2007/train/data/000771.jpg,train,mllm_selection,train:000771
voc-2007,000269,/home/felix/fiftyone/voc-2007/train/data/000269.jpg,train,mllm_selection,train:000269
voc-2007,001976,/home/felix/fiftyone/voc-2007/train/data/001976.jpg,train,mllm_selection,train:001976
voc-2007,001419,/home/felix/fiftyone/voc-2007/train/data/001419.jpg,train,mllm_selection,train:001419
voc-2007,002036,/home/felix/fiftyone/voc-2007/train/data/002036.jpg,train,mllm_selection,train:002036
voc-2007,001698,/home/felix/fiftyone/voc-2007/train/data/001698.jpg,train,mllm_selection,train:001698
voc-2007,001597,/home/felix/fiftyone/voc-2007/train/data/001597.jpg,train,mllm_selection,train:001597
voc-2007,001449,/home/felix/fiftyone/voc-2007/train/data/001449.jpg,train,mllm_selection,train:001449
voc-2007,002434,/home/felix/fiftyone/voc-2007/train/data/002434.jpg,train,mllm_selection,train:002434
voc-2007,001963,/home/felix/fiftyone/voc-2007/train/data/001963.jpg,train,mllm_selection,train:001963
voc-2007,001366,/home/felix/fiftyone/voc-2007/train/data/001366.jpg,train,mllm_selection,train:001366
voc-2007,001255,/home/felix/fiftyone/voc-2007/train/data/001255.jpg,train,mllm_selection,train:001255
voc-2007,001620,/home/felix/fiftyone/voc-2007/train/data/001620.jpg,train,mllm_selection,train:001620
voc-2007,002294,/home/felix/fiftyone/voc-2007/train/data/002294.jpg,train,mllm_selection,train:002294
voc-2007,000497,/home/felix/fiftyone/voc-2007/train/data/000497.jpg,train,mllm_selection,train:000497
voc-2007,000343,/home/felix/fiftyone/voc-2007/train/data/000343.jpg,train,mllm_selection,train:000343
voc-2007,001369,/home/felix/fiftyone/voc-2007/train/data/001369.jpg,train,mllm_selection,train:001369
voc-2007,001658,/home/felix/fiftyone/voc-2007/train/data/001658.jpg,train,mllm_selection,train:001658
voc-2007,001288,/home/felix/fiftyone/voc-2007/train/data/001288.jpg,train,mllm_selection,train:001288
voc-2007,001405,/home/felix/fiftyone/voc-2007/train/data/001405.jpg,train,mllm_selection,train:001405
voc-2007,001144,/home/felix/fiftyone/voc-2007/train/data/001144.jpg,train,mllm_selection,train:001144
voc-2007,000826,/home/felix/fiftyone/voc-2007/train/data/000826.jpg,train,mllm_selection,train:000826
voc-2007,001797,/home/felix/fiftyone/voc-2007/train/data/001797.jpg,train,mllm_selection,train:001797
voc-2007,001283,/home/felix/fiftyone/voc-2007/train/data/001283.jpg,train,mllm_selection,train:001283
voc-2007,001284,/home/felix/fiftyone/voc-2007/train/data/001284.jpg,train,mllm_selection,train:001284
voc-2007,000308,/home/felix/fiftyone/voc-2007/train/data/000308.jpg,train,mllm_selection,train:000308
voc-2007,000970,/home/felix/fiftyone/voc-2007/train/data/000970.jpg,train,mllm_selection,train:000970
voc-2007,002443,/home/felix/fiftyone/voc-2007/train/data/002443.jpg,train,mllm_selection,train:002443
voc-2007,000675,/home/felix/fiftyone/voc-2007/train/data/000675.jpg,train,mllm_selection,train:000675
voc-2007,001040,/home/felix/fiftyone/voc-2007/train/data/001040.jpg,train,mllm_selection,train:001040
voc-2007,002148,/home/felix/fiftyone/voc-2007/train/data/002148.jpg,train,mllm_selection,train:002148
voc-2007,000285,/home/felix/fiftyone/voc-2007/train/data/000285.jpg,train,mllm_selection,train:000285
voc-2007,000013,/home/felix/fiftyone/voc-2007/train/data/000013.jpg,train,mllm_selection,train:000013
voc-2007,001818,/home/felix/fiftyone/voc-2007/train/data/001818.jpg,train,mllm_selection,train:001818
voc-2007,002265,/home/felix/fiftyone/voc-2007/train/data/002265.jpg,train,mllm_selection,train:002265
voc-2007,000154,/home/felix/fiftyone/voc-2007/train/data/000154.jpg,train,mllm_selection,train:000154
voc-2007,002409,/home/felix/fiftyone/voc-2007/train/data/002409.jpg,train,mllm_selection,train:002409
voc-2007,000603,/home/felix/fiftyone/voc-2007/train/data/000603.jpg,train,mllm_selection,train:000603
voc-2007,001372,/home/felix/fiftyone/voc-2007/train/data/001372.jpg,train,mllm_selection,train:001372
voc-2007,000750,/home/felix/fiftyone/voc-2007/train/data/000750.jpg,train,mllm_selection,train:000750
voc-2007,000060,/home/felix/fiftyone/voc-2007/train/data/000060.jpg,train,mllm_selection,train:000060
voc-2007,000804,/home/felix/fiftyone/voc-2007/train/data/000804.jpg,train,mllm_selection,train:000804
voc-2007,001199,/home/felix/fiftyone/voc-2007/train/data/001199.jpg,train,mllm_selection,train:001199
voc-2007,000721,/home/felix/fiftyone/voc-2007/train/data/000721.jpg,train,mllm_selection,train:000721
voc-2007,000647,/home/felix/fiftyone/voc-2007/train/data/000647.jpg,train,mllm_selection,train:000647
voc-2007,001072,/home/felix/fiftyone/voc-2007/train/data/001072.jpg,train,mllm_selection,train:001072
voc-2007,001331,/home/felix/fiftyone/voc-2007/train/data/001331.jpg,train,mllm_selection,train:001331
voc-2007,000722,/home/felix/fiftyone/voc-2007/train/data/000722.jpg,train,mllm_selection,train:000722
voc-2007,002499,/home/felix/fiftyone/voc-2007/train/data/002499.jpg,train,mllm_selection,train:002499
voc-2007,001667,/home/felix/fiftyone/voc-2007/train/data/001667.jpg,train,mllm_selection,train:001667
voc-2007,001917,/home/felix/fiftyone/voc-2007/train/data/001917.jpg,train,mllm_selection,train:001917
voc-2007,001863,/home/felix/fiftyone/voc-2007/train/data/001863.jpg,train,mllm_selection,train:001863
voc-2007,000040,/home/felix/fiftyone/voc-2007/train/data/000040.jpg,train,mllm_selection,train:000040
voc-2007,000378,/home/felix/fiftyone/voc-2007/train/data/000378.jpg,train,mllm_selection,train:000378
voc-2007,002462,/home/felix/fiftyone/voc-2007/train/data/002462.jpg,train,mllm_selection,train:002462
voc-2007,000332,/home/felix/fiftyone/voc-2007/train/data/000332.jpg,train,mllm_selection,train:000332
voc-2007,001076,/home/felix/fiftyone/voc-2007/train/data/001076.jpg,train,mllm_selection,train:001076
voc-2007,001262,/home/felix/fiftyone/voc-2007/train/data/001262.jpg,train,mllm_selection,train:001262
voc-2007,002382,/home/felix/fiftyone/voc-2007/train/data/002382.jpg,train,mllm_selection,train:002382
voc-2007,001926,/home/felix/fiftyone/voc-2007/train/data/001926.jpg,train,mllm_selection,train:001926
voc-2007,002073,/home/felix/fiftyone/voc-2007/train/data/002073.jpg,train,mllm_selection,train:002073
voc-2007,001168,/home/felix/fiftyone/voc-2007/train/data/001168.jpg,train,mllm_selection,train:001168
voc-2007,000153,/home/felix/fiftyone/voc-2007/train/data/000153.jpg,train,mllm_selection,train:000153
voc-2007,002408,/home/felix/fiftyone/voc-2007/train/data/002408.jpg,train,mllm_selection,train:002408
voc-2007,000255,/home/felix/fiftyone/voc-2007/train/data/000255.jpg,train,mllm_selection,train:000255
voc-2007,002281,/home/felix/fiftyone/voc-2007/train/data/002281.jpg,train,mllm_selection,train:002281
voc-2007,001328,/home/felix/fiftyone/voc-2007/train/data/001328.jpg,train,mllm_selection,train:001328
voc-2007,001972,/home/felix/fiftyone/voc-2007/train/data/001972.jpg,train,mllm_selection,train:001972
voc-2007,001029,/home/felix/fiftyone/voc-2007/train/data/001029.jpg,train,mllm_selection,train:001029
voc-2007,001613,/home/felix/fiftyone/voc-2007/train/data/001613.jpg,train,mllm_selection,train:001613
voc-2007,000239,/home/felix/fiftyone/voc-2007/train/data/000239.jpg,train,mllm_selection,train:000239
voc-2007,000334,/home/felix/fiftyone/voc-2007/train/data/000334.jpg,train,mllm_selection,train:000334
voc-2007,002079,/home/felix/fiftyone/voc-2007/train/data/002079.jpg,train,mllm_selection,train:002079
voc-2007,001414,/home/felix/fiftyone/voc-2007/train/data/001414.jpg,train,mllm_selection,train:001414
voc-2007,000416,/home/felix/fiftyone/voc-2007/train/data/000416.jpg,train,mllm_selection,train:000416
voc-2007,001401,/home/felix/fiftyone/voc-2007/train/data/001401.jpg,train,mllm_selection,train:001401
voc-2007,000054,/home/felix/fiftyone/voc-2007/train/data/000054.jpg,train,mllm_selection,train:000054
voc-2007,002082,/home/felix/fiftyone/voc-2007/train/data/002082.jpg,train,mllm_selection,train:002082
voc-2007,001824,/home/felix/fiftyone/voc-2007/train/data/001824.jpg,train,mllm_selection,train:001824
voc-2007,001203,/home/felix/fiftyone/voc-2007/train/data/001203.jpg,train,mllm_selection,train:001203
voc-2007,000421,/home/felix/fiftyone/voc-2007/train/data/000421.jpg,train,mllm_selection,train:000421
voc-2007,000793,/home/felix/fiftyone/voc-2007/train/data/000793.jpg,train,mllm_selection,train:000793
voc-2007,000026,/home/felix/fiftyone/voc-2007/train/data/000026.jpg,train,mllm_selection,train:000026
voc-2007,002298,/home/felix/fiftyone/voc-2007/train/data/002298.jpg,train,mllm_selection,train:002298
voc-2007,002134,/home/felix/fiftyone/voc-2007/train/data/002134.jpg,train,mllm_selection,train:002134
voc-2007,000921,/home/felix/fiftyone/voc-2007/train/data/000921.jpg,train,mllm_selection,train:000921
voc-2007,002141,/home/felix/fiftyone/voc-2007/train/data/002141.jpg,train,mllm_selection,train:002141
voc-2007,002138,/home/felix/fiftyone/voc-2007/train/data/002138.jpg,train,mllm_selection,train:002138
voc-2007,001653,/home/felix/fiftyone/voc-2007/train/data/001653.jpg,train,mllm_selection,train:001653
voc-2007,000613,/home/felix/fiftyone/voc-2007/train/data/000613.jpg,train,mllm_selection,train:000613
voc-2007,000848,/home/felix/fiftyone/voc-2007/train/data/000848.jpg,train,mllm_selection,train:000848
voc-2007,000981,/home/felix/fiftyone/voc-2007/train/data/000981.jpg,train,mllm_selection,train:000981
voc-2007,000572,/home/felix/fiftyone/voc-2007/train/data/000572.jpg,train,mllm_selection,train:000572
voc-2007,001367,/home/felix/fiftyone/voc-2007/train/data/001367.jpg,train,mllm_selection,train:001367
voc-2007,001208,/home/felix/fiftyone/voc-2007/train/data/001208.jpg,train,mllm_selection,train:001208
voc-2007,001780,/home/felix/fiftyone/voc-2007/train/data/001780.jpg,train,mllm_selection,train:001780
voc-2007,001432,/home/felix/fiftyone/voc-2007/train/data/001432.jpg,train,mllm_selection,train:001432
voc-2007,002115,/home/felix/fiftyone/voc-2007/train/data/002115.jpg,train,mllm_selection,train:002115
voc-2007,002072,/home/felix/fiftyone/voc-2007/train/data/002072.jpg,train,mllm_selection,train:002072
voc-2007,002439,/home/felix/fiftyone/voc-2007/train/data/002439.jpg,train,mllm_selection,train:002439
voc-2007,002279,/home/felix/fiftyone/voc-2007/train/data/002279.jpg,train,mllm_selection,train:002279
voc-2007,002261,/home/felix/fiftyone/voc-2007/train/data/002261.jpg,train,mllm_selection,train:002261
voc-2007,002221,/home/felix/fiftyone/voc-2007/train/data/002221.jpg,train,mllm_selection,train:002221
voc-2007,001516,/home/felix/fiftyone/voc-2007/train/data/001516.jpg,train,mllm_selection,train:001516
voc-2007,002213,/home/felix/fiftyone/voc-2007/train/data/002213.jpg,train,mllm_selection,train:002213
voc-2007,000310,/home/felix/fiftyone/voc-2007/train/data/000310.jpg,train,mllm_selection,train:000310
voc-2007,001157,/home/felix/fiftyone/voc-2007/train/data/001157.jpg,train,mllm_selection,train:001157
voc-2007,000273,/home/felix/fiftyone/voc-2007/train/data/000273.jpg,train,mllm_selection,train:000273
voc-2007,000389,/home/felix/fiftyone/voc-2007/train/data/000389.jpg,train,mllm_selection,train:000389
voc-2007,000337,/home/felix/fiftyone/voc-2007/train/data/000337.jpg,train,mllm_selection,train:000337
voc-2007,001201,/home/felix/fiftyone/voc-2007/train/data/001201.jpg,train,mllm_selection,train:001201
voc-2007,002260,/home/felix/fiftyone/voc-2007/train/data/002260.jpg,train,mllm_selection,train:002260
voc-2007,000500,/home/felix/fiftyone/voc-2007/train/data/000500.jpg,train,mllm_selection,train:000500
voc-2007,002158,/home/felix/fiftyone/voc-2007/train/data/002158.jpg,train,mllm_selection,train:002158
voc-2007,001595,/home/felix/fiftyone/voc-2007/train/data/001595.jpg,train,mllm_selection,train:001595
voc-2007,001800,/home/felix/fiftyone/voc-2007/train/data/001800.jpg,train,mllm_selection,train:001800
voc-2007,000093,/home/felix/fiftyone/voc-2007/train/data/000093.jpg,train,mllm_selection,train:000093
voc-2007,000646,/home/felix/fiftyone/voc-2007/train/data/000646.jpg,train,mllm_selection,train:000646
voc-2007,000616,/home/felix/fiftyone/voc-2007/train/data/000616.jpg,train,mllm_selection,train:000616
voc-2007,000045,/home/felix/fiftyone/voc-2007/train/data/000045.jpg,train,mllm_selection,train:000045
voc-2007,001451,/home/felix/fiftyone/voc-2007/train/data/001451.jpg,train,mllm_selection,train:001451
voc-2007,001023,/home/felix/fiftyone/voc-2007/train/data/001023.jpg,train,mllm_selection,train:001023
voc-2007,002028,/home/felix/fiftyone/voc-2007/train/data/002028.jpg,train,mllm_selection,train:002028
voc-2007,000871,/home/felix/fiftyone/voc-2007/train/data/000871.jpg,train,mllm_selection,train:000871
voc-2007,001346,/home/felix/fiftyone/voc-2007/train/data/001346.jpg,train,mllm_selection,train:001346
voc-2007,002222,/home/felix/fiftyone/voc-2007/train/data/002222.jpg,train,mllm_selection,train:002222
voc-2007,001456,/home/felix/fiftyone/voc-2007/train/data/001456.jpg,train,mllm_selection,train:001456
voc-2007,001617,/home/felix/fiftyone/voc-2007/train/data/001617.jpg,train,mllm_selection,train:001617
voc-2007,000580,/home/felix/fiftyone/voc-2007/train/data/000580.jpg,train,mllm_selection,train:000580
voc-2007,001973,/home/felix/fiftyone/voc-2007/train/data/001973.jpg,train,mllm_selection,train:001973
voc-2007,001200,/home/felix/fiftyone/voc-2007/train/data/001200.jpg,train,mllm_selection,train:001200
voc-2007,001147,/home/felix/fiftyone/voc-2007/train/data/001147.jpg,train,mllm_selection,train:001147
voc-2007,001682,/home/felix/fiftyone/voc-2007/train/data/001682.jpg,train,mllm_selection,train:001682
voc-2007,001559,/home/felix/fiftyone/voc-2007/train/data/001559.jpg,train,mllm_selection,train:001559
voc-2007,001611,/home/felix/fiftyone/voc-2007/train/data/001611.jpg,train,mllm_selection,train:001611
voc-2007,002473,/home/felix/fiftyone/voc-2007/train/data/002473.jpg,train,mllm_selection,train:002473
voc-2007,001308,/home/felix/fiftyone/voc-2007/train/data/001308.jpg,train,mllm_selection,train:001308
voc-2007,001027,/home/felix/fiftyone/voc-2007/train/data/001027.jpg,train,mllm_selection,train:001027
voc-2007,001487,/home/felix/fiftyone/voc-2007/train/data/001487.jpg,train,mllm_selection,train:001487
voc-2007,000966,/home/felix/fiftyone/voc-2007/train/data/000966.jpg,train,mllm_selection,train:000966
voc-2007,000699,/home/felix/fiftyone/voc-2007/train/data/000699.jpg,train,mllm_selection,train:000699
voc-2007,000352,/home/felix/fiftyone/voc-2007/train/data/000352.jpg,train,mllm_selection,train:000352
voc-2007,001837,/home/felix/fiftyone/voc-2007/train/data/001837.jpg,train,mllm_selection,train:001837
voc-2007,000140,/home/felix/fiftyone/voc-2007/train/data/000140.jpg,train,mllm_selection,train:000140
voc-2007,001531,/home/felix/fiftyone/voc-2007/train/data/001531.jpg,train,mllm_selection,train:001531
voc-2007,000504,/home/felix/fiftyone/voc-2007/train/data/000504.jpg,train,mllm_selection,train:000504
voc-2007,002185,/home/felix/fiftyone/voc-2007/train/data/002185.jpg,train,mllm_selection,train:002185
voc-2007,000242,/home/felix/fiftyone/voc-2007/train/data/000242.jpg,train,mllm_selection,train:000242
voc-2007,001134,/home/felix/fiftyone/voc-2007/train/data/001134.jpg,train,mllm_selection,train:001134
voc-2007,000465,/home/felix/fiftyone/voc-2007/train/data/000465.jpg,train,mllm_selection,train:000465
voc-2007,000204,/home/felix/fiftyone/voc-2007/train/data/000204.jpg,train,mllm_selection,train:000204
voc-2007,000922,/home/felix/fiftyone/voc-2007/train/data/000922.jpg,train,mllm_selection,train:000922
voc-2007,000913,/home/felix/fiftyone/voc-2007/train/data/000913.jpg,train,mllm_selection,train:000913
voc-2007,002289,/home/felix/fiftyone/voc-2007/train/data/002289.jpg,train,mllm_selection,train:002289
voc-2007,001209,/home/felix/fiftyone/voc-2007/train/data/001209.jpg,train,mllm_selection,train:001209
voc-2007,001233,/home/felix/fiftyone/voc-2007/train/data/001233.jpg,train,mllm_selection,train:001233
voc-2007,001232,/home/felix/fiftyone/voc-2007/train/data/001232.jpg,train,mllm_selection,train:001232
voc-2007,002364,/home/felix/fiftyone/voc-2007/train/data/002364.jpg,train,mllm_selection,train:002364
voc-2007,001842,/home/felix/fiftyone/voc-2007/train/data/001842.jpg,train,mllm_selection,train:001842
voc-2007,000792,/home/felix/fiftyone/voc-2007/train/data/000792.jpg,train,mllm_selection,train:000792
voc-2007,000359,/home/felix/fiftyone/voc-2007/train/data/000359.jpg,train,mllm_selection,train:000359
voc-2007,002193,/home/felix/fiftyone/voc-2007/train/data/002193.jpg,train,mllm_selection,train:002193
voc-2007,000583,/home/felix/fiftyone/voc-2007/train/data/000583.jpg,train,mllm_selection,train:000583
voc-2007,000591,/home/felix/fiftyone/voc-2007/train/data/000591.jpg,train,mllm_selection,train:000591
voc-2007,001065,/home/felix/fiftyone/voc-2007/train/data/001065.jpg,train,mllm_selection,train:001065
voc-2007,001153,/home/felix/fiftyone/voc-2007/train/data/001153.jpg,train,mllm_selection,train:001153
voc-2007,000625,/home/felix/fiftyone/voc-2007/train/data/000625.jpg,train,mllm_selection,train:000625
voc-2007,001563,/home/felix/fiftyone/voc-2007/train/data/001563.jpg,train,mllm_selection,train:001563
voc-2007,001593,/home/felix/fiftyone/voc-2007/train/data/001593.jpg,train,mllm_selection,train:001593
voc-2007,002287,/home/felix/fiftyone/voc-2007/train/data/002287.jpg,train,mllm_selection,train:002287
voc-2007,000897,/home/felix/fiftyone/voc-2007/train/data/000897.jpg,train,mllm_selection,train:000897
voc-2007,001888,/home/felix/fiftyone/voc-2007/train/data/001888.jpg,train,mllm_selection,train:001888
voc-2007,000109,/home/felix/fiftyone/voc-2007/train/data/000109.jpg,train,mllm_selection,train:000109
voc-2007,001274,/home/felix/fiftyone/voc-2007/train/data/001274.jpg,train,mllm_selection,train:001274
voc-2007,001195,/home/felix/fiftyone/voc-2007/train/data/001195.jpg,train,mllm_selection,train:001195
voc-2007,000791,/home/felix/fiftyone/voc-2007/train/data/000791.jpg,train,mllm_selection,train:000791
voc-2007,001819,/home/felix/fiftyone/voc-2007/train/data/001819.jpg,train,mllm_selection,train:001819
voc-2007,001315,/home/felix/fiftyone/voc-2007/train/data/001315.jpg,train,mllm_selection,train:001315
voc-2007,002077,/home/felix/fiftyone/voc-2007/train/data/002077.jpg,train,mllm_selection,train:002077
voc-2007,002463,/home/felix/fiftyone/voc-2007/train/data/002463.jpg,train,mllm_selection,train:002463
voc-2007,002181,/home/felix/fiftyone/voc-2007/train/data/002181.jpg,train,mllm_selection,train:002181
voc-2007,000501,/home/felix/fiftyone/voc-2007/train/data/000501.jpg,train,mllm_selection,train:000501
voc-2007,000999,/home/felix/fiftyone/voc-2007/train/data/000999.jpg,train,mllm_selection,train:000999
voc-2007,001526,/home/felix/fiftyone/voc-2007/train/data/001526.jpg,train,mllm_selection,train:001526
voc-2007,001030,/home/felix/fiftyone/voc-2007/train/data/001030.jpg,train,mllm_selection,train:001030
voc-2007,001912,/home/felix/fiftyone/voc-2007/train/data/001912.jpg,train,mllm_selection,train:001912
voc-2007,000886,/home/felix/fiftyone/voc-2007/train/data/000886.jpg,train,mllm_selection,train:000886
voc-2007,002035,/home/felix/fiftyone/voc-2007/train/data/002035.jpg,train,mllm_selection,train:002035
voc-2007,000621,/home/felix/fiftyone/voc-2007/train/data/000621.jpg,train,mllm_selection,train:000621
voc-2007,001828,/home/felix/fiftyone/voc-2007/train/data/001828.jpg,train,mllm_selection,train:001828
voc-2007,000789,/home/felix/fiftyone/voc-2007/train/data/000789.jpg,train,mllm_selection,train:000789
voc-2007,001615,/home/felix/fiftyone/voc-2007/train/data/001615.jpg,train,mllm_selection,train:001615
voc-2007,001292,/home/felix/fiftyone/voc-2007/train/data/001292.jpg,train,mllm_selection,train:001292
voc-2007,000892,/home/felix/fiftyone/voc-2007/train/data/000892.jpg,train,mllm_selection,train:000892
voc-2007,000654,/home/felix/fiftyone/voc-2007/train/data/000654.jpg,train,mllm_selection,train:000654
voc-2007,000571,/home/felix/fiftyone/voc-2007/train/data/000571.jpg,train,mllm_selection,train:000571
voc-2007,002002,/home/felix/fiftyone/voc-2007/train/data/002002.jpg,train,mllm_selection,train:002002
voc-2007,000984,/home/felix/fiftyone/voc-2007/train/data/000984.jpg,train,mllm_selection,train:000984
voc-2007,002218,/home/felix/fiftyone/voc-2007/train/data/002218.jpg,train,mllm_selection,train:002218
voc-2007,002418,/home/felix/fiftyone/voc-2007/train/data/002418.jpg,train,mllm_selection,train:002418
voc-2007,002302,/home/felix/fiftyone/voc-2007/train/data/002302.jpg,train,mllm_selection,train:002302
voc-2007,001638,/home/felix/fiftyone/voc-2007/train/data/001638.jpg,train,mllm_selection,train:001638
voc-2007,001300,/home/felix/fiftyone/voc-2007/train/data/001300.jpg,train,mllm_selection,train:001300
voc-2007,000895,/home/felix/fiftyone/voc-2007/train/data/000895.jpg,train,mllm_selection,train:000895
voc-2007,002113,/home/felix/fiftyone/voc-2007/train/data/002113.jpg,train,mllm_selection,train:002113
voc-2007,000954,/home/felix/fiftyone/voc-2007/train/data/000954.jpg,train,mllm_selection,train:000954
voc-2007,001045,/home/felix/fiftyone/voc-2007/train/data/001045.jpg,train,mllm_selection,train:001045
voc-2007,002387,/home/felix/fiftyone/voc-2007/train/data/002387.jpg,train,mllm_selection,train:002387
voc-2007,001782,/home/felix/fiftyone/voc-2007/train/data/001782.jpg,train,mllm_selection,train:001782
voc-2007,000831,/home/felix/fiftyone/voc-2007/train/data/000831.jpg,train,mllm_selection,train:000831
voc-2007,002024,/home/felix/fiftyone/voc-2007/train/data/002024.jpg,train,mllm_selection,train:002024
voc-2007,000324,/home/felix/fiftyone/voc-2007/train/data/000324.jpg,train,mllm_selection,train:000324
voc-2007,001546,/home/felix/fiftyone/voc-2007/train/data/001546.jpg,train,mllm_selection,train:001546
voc-2007,001128,/home/felix/fiftyone/voc-2007/train/data/001128.jpg,train,mllm_selection,train:001128
voc-2007,000398,/home/felix/fiftyone/voc-2007/train/data/000398.jpg,train,mllm_selection,train:000398
voc-2007,000370,/home/felix/fiftyone/voc-2007/train/data/000370.jpg,train,mllm_selection,train:000370
voc-2007,001223,/home/felix/fiftyone/voc-2007/train/data/001223.jpg,train,mllm_selection,train:001223
voc-2007,001187,/home/felix/fiftyone/voc-2007/train/data/001187.jpg,train,mllm_selection,train:001187
voc-2007,000993,/home/felix/fiftyone/voc-2007/train/data/000993.jpg,train,mllm_selection,train:000993
voc-2007,001109,/home/felix/fiftyone/voc-2007/train/data/001109.jpg,train,mllm_selection,train:001109
voc-2007,001439,/home/felix/fiftyone/voc-2007/train/data/001439.jpg,train,mllm_selection,train:001439
voc-2007,002164,/home/felix/fiftyone/voc-2007/train/data/002164.jpg,train,mllm_selection,train:002164
voc-2007,002372,/home/felix/fiftyone/voc-2007/train/data/002372.jpg,train,mllm_selection,train:002372
voc-2007,002348,/home/felix/fiftyone/voc-2007/train/data/002348.jpg,train,mllm_selection,train:002348
voc-2007,001686,/home/felix/fiftyone/voc-2007/train/data/001686.jpg,train,mllm_selection,train:001686
voc-2007,002033,/home/felix/fiftyone/voc-2007/train/data/002033.jpg,train,mllm_selection,train:002033
voc-2007,000223,/home/felix/fiftyone/voc-2007/train/data/000223.jpg,train,mllm_selection,train:000223
voc-2007,000774,/home/felix/fiftyone/voc-2007/train/data/000774.jpg,train,mllm_selection,train:000774
voc-2007,001848,/home/felix/fiftyone/voc-2007/train/data/001848.jpg,train,mllm_selection,train:001848
voc-2007,001551,/home/felix/fiftyone/voc-2007/train/data/001551.jpg,train,mllm_selection,train:001551
voc-2007,001724,/home/felix/fiftyone/voc-2007/train/data/001724.jpg,train,mllm_selection,train:001724
voc-2007,000887,/home/felix/fiftyone/voc-2007/train/data/000887.jpg,train,mllm_selection,train:000887
voc-2007,000119,/home/felix/fiftyone/voc-2007/train/data/000119.jpg,train,mllm_selection,train:000119
voc-2007,002044,/home/felix/fiftyone/voc-2007/train/data/002044.jpg,train,mllm_selection,train:002044
voc-2007,000829,/home/felix/fiftyone/voc-2007/train/data/000829.jpg,train,mllm_selection,train:000829
voc-2007,002339,/home/felix/fiftyone/voc-2007/train/data/002339.jpg,train,mllm_selection,train:002339
voc-2007,001883,/home/felix/fiftyone/voc-2007/train/data/001883.jpg,train,mllm_selection,train:001883
voc-2007,001362,/home/felix/fiftyone/voc-2007/train/data/001362.jpg,train,mllm_selection,train:001362
voc-2007,000166,/home/felix/fiftyone/voc-2007/train/data/000166.jpg,train,mllm_selection,train:000166
voc-2007,001149,/home/felix/fiftyone/voc-2007/train/data/001149.jpg,train,mllm_selection,train:001149
voc-2007,001276,/home/felix/fiftyone/voc-2007/train/data/001276.jpg,train,mllm_selection,train:001276
voc-2007,001277,/home/felix/fiftyone/voc-2007/train/data/001277.jpg,train,mllm_selection,train:001277
voc-2007,000339,/home/felix/fiftyone/voc-2007/train/data/000339.jpg,train,mllm_selection,train:000339
voc-2007,000438,/home/felix/fiftyone/voc-2007/train/data/000438.jpg,train,mllm_selection,train:000438
voc-2007,000963,/home/felix/fiftyone/voc-2007/train/data/000963.jpg,train,mllm_selection,train:000963
voc-2007,002403,/home/felix/fiftyone/voc-2007/train/data/002403.jpg,train,mllm_selection,train:002403
voc-2007,000579,/home/felix/fiftyone/voc-2007/train/data/000579.jpg,train,mllm_selection,train:000579
voc-2007,000106,/home/felix/fiftyone/voc-2007/train/data/000106.jpg,train,mllm_selection,train:000106
voc-2007,000596,/home/felix/fiftyone/voc-2007/train/data/000596.jpg,train,mllm_selection,train:000596
voc-2007,002003,/home/felix/fiftyone/voc-2007/train/data/002003.jpg,train,mllm_selection,train:002003
voc-2007,000763,/home/felix/fiftyone/voc-2007/train/data/000763.jpg,train,mllm_selection,train:000763
voc-2007,002354,/home/felix/fiftyone/voc-2007/train/data/002354.jpg,train,mllm_selection,train:002354
voc-2007,000114,/home/felix/fiftyone/voc-2007/train/data/000114.jpg,train,mllm_selection,train:000114
voc-2007,002306,/home/felix/fiftyone/voc-2007/train/data/002306.jpg,train,mllm_selection,train:002306
voc-2007,000526,/home/felix/fiftyone/voc-2007/train/data/000526.jpg,train,mllm_selection,train:000526
voc-2007,000643,/home/felix/fiftyone/voc-2007/train/data/000643.jpg,train,mllm_selection,train:000643
voc-2007,002322,/home/felix/fiftyone/voc-2007/train/data/002322.jpg,train,mllm_selection,train:002322
voc-2007,002047,/home/felix/fiftyone/voc-2007/train/data/002047.jpg,train,mllm_selection,train:002047
voc-2007,002352,/home/felix/fiftyone/voc-2007/train/data/002352.jpg,train,mllm_selection,train:002352
voc-2007,001060,/home/felix/fiftyone/voc-2007/train/data/001060.jpg,train,mllm_selection,train:001060
voc-2007,000395,/home/felix/fiftyone/voc-2007/train/data/000395.jpg,train,mllm_selection,train:000395
voc-2007,002249,/home/felix/fiftyone/voc-2007/train/data/002249.jpg,train,mllm_selection,train:002249
voc-2007,001792,/home/felix/fiftyone/voc-2007/train/data/001792.jpg,train,mllm_selection,train:001792
voc-2007,002067,/home/felix/fiftyone/voc-2007/train/data/002067.jpg,train,mllm_selection,train:002067
voc-2007,002065,/home/felix/fiftyone/voc-2007/train/data/002065.jpg,train,mllm_selection,train:002065
voc-2007,001379,/home/felix/fiftyone/voc-2007/train/data/001379.jpg,train,mllm_selection,train:001379
voc-2007,002440,/home/felix/fiftyone/voc-2007/train/data/002440.jpg,train,mllm_selection,train:002440
voc-2007,000086,/home/felix/fiftyone/voc-2007/train/data/000086.jpg,train,mllm_selection,train:000086
voc-2007,001077,/home/felix/fiftyone/voc-2007/train/data/001077.jpg,train,mllm_selection,train:001077
voc-2007,000272,/home/felix/fiftyone/voc-2007/train/data/000272.jpg,train,mllm_selection,train:000272
voc-2007,002393,/home/felix/fiftyone/voc-2007/train/data/002393.jpg,train,mllm_selection,train:002393
voc-2007,001473,/home/felix/fiftyone/voc-2007/train/data/001473.jpg,train,mllm_selection,train:001473
voc-2007,000127,/home/felix/fiftyone/voc-2007/train/data/000127.jpg,train,mllm_selection,train:000127
voc-2007,001946,/home/felix/fiftyone/voc-2007/train/data/001946.jpg,train,mllm_selection,train:001946
voc-2007,001590,/home/felix/fiftyone/voc-2007/train/data/001590.jpg,train,mllm_selection,train:001590
voc-2007,001693,/home/felix/fiftyone/voc-2007/train/data/001693.jpg,train,mllm_selection,train:001693
voc-2007,000689,/home/felix/fiftyone/voc-2007/train/data/000689.jpg,train,mllm_selection,train:000689
voc-2007,001376,/home/felix/fiftyone/voc-2007/train/data/001376.jpg,train,mllm_selection,train:001376
voc-2007,000853,/home/felix/fiftyone/voc-2007/train/data/000853.jpg,train,mllm_selection,train:000853
voc-2007,001306,/home/felix/fiftyone/voc-2007/train/data/001306.jpg,train,mllm_selection,train:001306
voc-2007,000645,/home/felix/fiftyone/voc-2007/train/data/000645.jpg,train,mllm_selection,train:000645
voc-2007,001281,/home/felix/fiftyone/voc-2007/train/data/001281.jpg,train,mllm_selection,train:001281
voc-2007,000737,/home/felix/fiftyone/voc-2007/train/data/000737.jpg,train,mllm_selection,train:000737
voc-2007,000845,/home/felix/fiftyone/voc-2007/train/data/000845.jpg,train,mllm_selection,train:000845
voc-2007,001098,/home/felix/fiftyone/voc-2007/train/data/001098.jpg,train,mllm_selection,train:001098
voc-2007,001448,/home/felix/fiftyone/voc-2007/train/data/001448.jpg,train,mllm_selection,train:001448
voc-2007,000569,/home/felix/fiftyone/voc-2007/train/data/000569.jpg,train,mllm_selection,train:000569
voc-2007,001427,/home/felix/fiftyone/voc-2007/train/data/001427.jpg,train,mllm_selection,train:001427
voc-2007,002484,/home/felix/fiftyone/voc-2007/train/data/002484.jpg,train,mllm_selection,train:002484
voc-2007,001662,/home/felix/fiftyone/voc-2007/train/data/001662.jpg,train,mllm_selection,train:001662
voc-2007,000394,/home/felix/fiftyone/voc-2007/train/data/000394.jpg,train,mllm_selection,train:000394
voc-2007,000256,/home/felix/fiftyone/voc-2007/train/data/000256.jpg,train,mllm_selection,train:000256
voc-2007,002444,/home/felix/fiftyone/voc-2007/train/data/002444.jpg,train,mllm_selection,train:002444
voc-2007,001240,/home/felix/fiftyone/voc-2007/train/data/001240.jpg,train,mllm_selection,train:001240
voc-2007,000906,/home/felix/fiftyone/voc-2007/train/data/000906.jpg,train,mllm_selection,train:000906
voc-2007,002373,/home/felix/fiftyone/voc-2007/train/data/002373.jpg,train,mllm_selection,train:002373
voc-2007,001313,/home/felix/fiftyone/voc-2007/train/data/001313.jpg,train,mllm_selection,train:001313
voc-2007,001226,/home/felix/fiftyone/voc-2007/train/data/001226.jpg,train,mllm_selection,train:001226
voc-2007,001898,/home/felix/fiftyone/voc-2007/train/data/001898.jpg,train,mllm_selection,train:001898
voc-2007,000160,/home/felix/fiftyone/voc-2007/train/data/000160.jpg,train,mllm_selection,train:000160
voc-2007,000399,/home/felix/fiftyone/voc-2007/train/data/000399.jpg,train,mllm_selection,train:000399
voc-2007,000688,/home/felix/fiftyone/voc-2007/train/data/000688.jpg,train,mllm_selection,train:000688
voc-2007,000078,/home/felix/fiftyone/voc-2007/train/data/000078.jpg,train,mllm_selection,train:000078
voc-2007,001440,/home/felix/fiftyone/voc-2007/train/data/001440.jpg,train,mllm_selection,train:001440
voc-2007,000681,/home/felix/fiftyone/voc-2007/train/data/000681.jpg,train,mllm_selection,train:000681
voc-2007,002454,/home/felix/fiftyone/voc-2007/train/data/002454.jpg,train,mllm_selection,train:002454
voc-2007,001079,/home/felix/fiftyone/voc-2007/train/data/001079.jpg,train,mllm_selection,train:001079
voc-2007,001212,/home/felix/fiftyone/voc-2007/train/data/001212.jpg,train,mllm_selection,train:001212
voc-2007,000456,/home/felix/fiftyone/voc-2007/train/data/000456.jpg,train,mllm_selection,train:000456
voc-2007,002268,/home/felix/fiftyone/voc-2007/train/data/002268.jpg,train,mllm_selection,train:002268
voc-2007,000278,/home/felix/fiftyone/voc-2007/train/data/000278.jpg,train,mllm_selection,train:000278
voc-2007,001740,/home/felix/fiftyone/voc-2007/train/data/001740.jpg,train,mllm_selection,train:001740
voc-2007,001413,/home/felix/fiftyone/voc-2007/train/data/001413.jpg,train,mllm_selection,train:001413
voc-2007,002116,/home/felix/fiftyone/voc-2007/train/data/002116.jpg,train,mllm_selection,train:002116
voc-2007,000652,/home/felix/fiftyone/voc-2007/train/data/000652.jpg,train,mllm_selection,train:000652
voc-2007,002427,/home/felix/fiftyone/voc-2007/train/data/002427.jpg,train,mllm_selection,train:002427
voc-2007,000650,/home/felix/fiftyone/voc-2007/train/data/000650.jpg,train,mllm_selection,train:000650
voc-2007,001146,/home/felix/fiftyone/voc-2007/train/data/001146.jpg,train,mllm_selection,train:001146
voc-2007,001765,/home/felix/fiftyone/voc-2007/train/data/001765.jpg,train,mllm_selection,train:001765
voc-2007,000192,/home/felix/fiftyone/voc-2007/train/data/000192.jpg,train,mllm_selection,train:000192
voc-2007,002204,/home/felix/fiftyone/voc-2007/train/data/002204.jpg,train,mllm_selection,train:002204
voc-2007,000962,/home/felix/fiftyone/voc-2007/train/data/000962.jpg,train,mllm_selection,train:000962
voc-2007,001119,/home/felix/fiftyone/voc-2007/train/data/001119.jpg,train,mllm_selection,train:001119
voc-2007,001714,/home/felix/fiftyone/voc-2007/train/data/001714.jpg,train,mllm_selection,train:001714
voc-2007,001426,/home/felix/fiftyone/voc-2007/train/data/001426.jpg,train,mllm_selection,train:001426
voc-2007,000865,/home/felix/fiftyone/voc-2007/train/data/000865.jpg,train,mllm_selection,train:000865
voc-2007,002323,/home/felix/fiftyone/voc-2007/train/data/002323.jpg,train,mllm_selection,train:002323
voc-2007,000422,/home/felix/fiftyone/voc-2007/train/data/000422.jpg,train,mllm_selection,train:000422
voc-2007,002262,/home/felix/fiftyone/voc-2007/train/data/002262.jpg,train,mllm_selection,train:002262
voc-2007,000085,/home/felix/fiftyone/voc-2007/train/data/000085.jpg,train,mllm_selection,train:000085
voc-2007,001435,/home/felix/fiftyone/voc-2007/train/data/001435.jpg,train,mllm_selection,train:001435
voc-2007,000870,/home/felix/fiftyone/voc-2007/train/data/000870.jpg,train,mllm_selection,train:000870
voc-2007,001048,/home/felix/fiftyone/voc-2007/train/data/001048.jpg,train,mllm_selection,train:001048
voc-2007,000084,/home/felix/fiftyone/voc-2007/train/data/000084.jpg,train,mllm_selection,train:000084
voc-2007,001922,/home/felix/fiftyone/voc-2007/train/data/001922.jpg,train,mllm_selection,train:001922
voc-2007,000116,/home/felix/fiftyone/voc-2007/train/data/000116.jpg,train,mllm_selection,train:000116
voc-2007,001081,/home/felix/fiftyone/voc-2007/train/data/001081.jpg,train,mllm_selection,train:001081
voc-2007,001169,/home/felix/fiftyone/voc-2007/train/data/001169.jpg,train,mllm_selection,train:001169
voc-2007,002066,/home/felix/fiftyone/voc-2007/train/data/002066.jpg,train,mllm_selection,train:002066
voc-2007,001005,/home/felix/fiftyone/voc-2007/train/data/001005.jpg,train,mllm_selection,train:001005
voc-2007,002253,/home/felix/fiftyone/voc-2007/train/data/002253.jpg,train,mllm_selection,train:002253
voc-2007,000534,/home/felix/fiftyone/voc-2007/train/data/000534.jpg,train,mllm_selection,train:000534
voc-2007,001600,/home/felix/fiftyone/voc-2007/train/data/001600.jpg,train,mllm_selection,train:001600
voc-2007,002231,/home/felix/fiftyone/voc-2007/train/data/002231.jpg,train,mllm_selection,train:002231
voc-2007,001508,/home/felix/fiftyone/voc-2007/train/data/001508.jpg,train,mllm_selection,train:001508
voc-2007,001319,/home/felix/fiftyone/voc-2007/train/data/001319.jpg,train,mllm_selection,train:001319
voc-2007,002034,/home/felix/fiftyone/voc-2007/train/data/002034.jpg,train,mllm_selection,train:002034
voc-2007,000243,/home/felix/fiftyone/voc-2007/train/data/000243.jpg,train,mllm_selection,train:000243
voc-2007,001689,/home/felix/fiftyone/voc-2007/train/data/001689.jpg,train,mllm_selection,train:001689
voc-2007,000404,/home/felix/fiftyone/voc-2007/train/data/000404.jpg,train,mllm_selection,train:000404
voc-2007,001771,/home/felix/fiftyone/voc-2007/train/data/001771.jpg,train,mllm_selection,train:001771
voc-2007,001129,/home/felix/fiftyone/voc-2007/train/data/001129.jpg,train,mllm_selection,train:001129
voc-2007,000300,/home/felix/fiftyone/voc-2007/train/data/000300.jpg,train,mllm_selection,train:000300
voc-2007,000048,/home/felix/fiftyone/voc-2007/train/data/000048.jpg,train,mllm_selection,train:000048
voc-2007,001715,/home/felix/fiftyone/voc-2007/train/data/001715.jpg,train,mllm_selection,train:001715
voc-2007,001171,/home/felix/fiftyone/voc-2007/train/data/001171.jpg,train,mllm_selection,train:001171
voc-2007,001114,/home/felix/fiftyone/voc-2007/train/data/001114.jpg,train,mllm_selection,train:001114
voc-2007,000224,/home/felix/fiftyone/voc-2007/train/data/000224.jpg,train,mllm_selection,train:000224
voc-2007,001791,/home/felix/fiftyone/voc-2007/train/data/001791.jpg,train,mllm_selection,train:001791
voc-2007,001785,/home/felix/fiftyone/voc-2007/train/data/001785.jpg,train,mllm_selection,train:001785
voc-2007,000225,/home/felix/fiftyone/voc-2007/train/data/000225.jpg,train,mllm_selection,train:000225
voc-2007,000551,/home/felix/fiftyone/voc-2007/train/data/000551.jpg,train,mllm_selection,train:000551
voc-2007,001424,/home/felix/fiftyone/voc-2007/train/data/001424.jpg,train,mllm_selection,train:001424
voc-2007,001783,/home/felix/fiftyone/voc-2007/train/data/001783.jpg,train,mllm_selection,train:001783
voc-2007,000506,/home/felix/fiftyone/voc-2007/train/data/000506.jpg,train,mllm_selection,train:000506
voc-2007,000548,/home/felix/fiftyone/voc-2007/train/data/000548.jpg,train,mllm_selection,train:000548
voc-2007,002489,/home/felix/fiftyone/voc-2007/train/data/002489.jpg,train,mllm_selection,train:002489
voc-2007,001762,/home/felix/fiftyone/voc-2007/train/data/001762.jpg,train,mllm_selection,train:001762
voc-2007,002142,/home/felix/fiftyone/voc-2007/train/data/002142.jpg,train,mllm_selection,train:002142
voc-2007,000849,/home/felix/fiftyone/voc-2007/train/data/000849.jpg,train,mllm_selection,train:000849
voc-2007,002056,/home/felix/fiftyone/voc-2007/train/data/002056.jpg,train,mllm_selection,train:002056
voc-2007,001743,/home/felix/fiftyone/voc-2007/train/data/001743.jpg,train,mllm_selection,train:001743
voc-2007,001774,/home/felix/fiftyone/voc-2007/train/data/001774.jpg,train,mllm_selection,train:001774
voc-2007,000604,/home/felix/fiftyone/voc-2007/train/data/000604.jpg,train,mllm_selection,train:000604
voc-2007,001811,/home/felix/fiftyone/voc-2007/train/data/001811.jpg,train,mllm_selection,train:001811
voc-2007,001489,/home/felix/fiftyone/voc-2007/train/data/001489.jpg,train,mllm_selection,train:001489
voc-2007,000712,/home/felix/fiftyone/voc-2007/train/data/000712.jpg,train,mllm_selection,train:000712
voc-2007,000657,/home/felix/fiftyone/voc-2007/train/data/000657.jpg,train,mllm_selection,train:000657
voc-2007,001433,/home/felix/fiftyone/voc-2007/train/data/001433.jpg,train,mllm_selection,train:001433
voc-2007,000659,/home/felix/fiftyone/voc-2007/train/data/000659.jpg,train,mllm_selection,train:000659
voc-2007,000910,/home/felix/fiftyone/voc-2007/train/data/000910.jpg,train,mllm_selection,train:000910
voc-2007,000746,/home/felix/fiftyone/voc-2007/train/data/000746.jpg,train,mllm_selection,train:000746
voc-2007,000988,/home/felix/fiftyone/voc-2007/train/data/000988.jpg,train,mllm_selection,train:000988
voc-2007,002317,/home/felix/fiftyone/voc-2007/train/data/002317.jpg,train,mllm_selection,train:002317
voc-2007,001418,/home/felix/fiftyone/voc-2007/train/data/001418.jpg,train,mllm_selection,train:001418
voc-2007,000882,/home/felix/fiftyone/voc-2007/train/data/000882.jpg,train,mllm_selection,train:000882
voc-2007,002122,/home/felix/fiftyone/voc-2007/train/data/002122.jpg,train,mllm_selection,train:002122
voc-2007,001492,/home/felix/fiftyone/voc-2007/train/data/001492.jpg,train,mllm_selection,train:001492
voc-2007,002313,/home/felix/fiftyone/voc-2007/train/data/002313.jpg,train,mllm_selection,train:002313
voc-2007,001829,/home/felix/fiftyone/voc-2007/train/data/001829.jpg,train,mllm_selection,train:001829
voc-2007,001738,/home/felix/fiftyone/voc-2007/train/data/001738.jpg,train,mllm_selection,train:001738
voc-2007,001503,/home/felix/fiftyone/voc-2007/train/data/001503.jpg,train,mllm_selection,train:001503
voc-2007,002396,/home/felix/fiftyone/voc-2007/train/data/002396.jpg,train,mllm_selection,train:002396
voc-2007,001928,/home/felix/fiftyone/voc-2007/train/data/001928.jpg,train,mllm_selection,train:001928
voc-2007,002220,/home/felix/fiftyone/voc-2007/train/data/002220.jpg,train,mllm_selection,train:002220
voc-2007,001773,/home/felix/fiftyone/voc-2007/train/data/001773.jpg,train,mllm_selection,train:001773
voc-2007,002399,/home/felix/fiftyone/voc-2007/train/data/002399.jpg,train,mllm_selection,train:002399
voc-2007,000698,/home/felix/fiftyone/voc-2007/train/data/000698.jpg,train,mllm_selection,train:000698
voc-2007,002410,/home/felix/fiftyone/voc-2007/train/data/002410.jpg,train,mllm_selection,train:002410
voc-2007,000735,/home/felix/fiftyone/voc-2007/train/data/000735.jpg,train,mllm_selection,train:000735
voc-2007,000271,/home/felix/fiftyone/voc-2007/train/data/000271.jpg,train,mllm_selection,train:000271
voc-2007,001675,/home/felix/fiftyone/voc-2007/train/data/001675.jpg,train,mllm_selection,train:001675
voc-2007,001982,/home/felix/fiftyone/voc-2007/train/data/001982.jpg,train,mllm_selection,train:001982
voc-2007,000268,/home/felix/fiftyone/voc-2007/train/data/000268.jpg,train,mllm_selection,train:000268
voc-2007,000025,/home/felix/fiftyone/voc-2007/train/data/000025.jpg,train,mllm_selection,train:000025
voc-2007,000083,/home/felix/fiftyone/voc-2007/train/data/000083.jpg,train,mllm_selection,train:000083
voc-2007,001095,/home/felix/fiftyone/voc-2007/train/data/001095.jpg,train,mllm_selection,train:001095
voc-2007,000059,/home/felix/fiftyone/voc-2007/train/data/000059.jpg,train,mllm_selection,train:000059
voc-2007,000151,/home/felix/fiftyone/voc-2007/train/data/000151.jpg,train,mllm_selection,train:000151
voc-2007,001078,/home/felix/fiftyone/voc-2007/train/data/001078.jpg,train,mllm_selection,train:001078
voc-2007,000165,/home/felix/fiftyone/voc-2007/train/data/000165.jpg,train,mllm_selection,train:000165
voc-2007,001575,/home/felix/fiftyone/voc-2007/train/data/001575.jpg,train,mllm_selection,train:001575
voc-2007,001241,/home/felix/fiftyone/voc-2007/train/data/001241.jpg,train,mllm_selection,train:001241
voc-2007,000162,/home/felix/fiftyone/voc-2007/train/data/000162.jpg,train,mllm_selection,train:000162
voc-2007,000983,/home/felix/fiftyone/voc-2007/train/data/000983.jpg,train,mllm_selection,train:000983
voc-2007,000850,/home/felix/fiftyone/voc-2007/train/data/000850.jpg,train,mllm_selection,train:000850
voc-2007,001813,/home/felix/fiftyone/voc-2007/train/data/001813.jpg,train,mllm_selection,train:001813
voc-2007,002103,/home/felix/fiftyone/voc-2007/train/data/002103.jpg,train,mllm_selection,train:002103
voc-2007,001694,/home/felix/fiftyone/voc-2007/train/data/001694.jpg,train,mllm_selection,train:001694
voc-2007,002163,/home/felix/fiftyone/voc-2007/train/data/002163.jpg,train,mllm_selection,train:002163
voc-2007,001388,/home/felix/fiftyone/voc-2007/train/data/001388.jpg,train,mllm_selection,train:001388
voc-2007,001349,/home/felix/fiftyone/voc-2007/train/data/001349.jpg,train,mllm_selection,train:001349
voc-2007,002175,/home/felix/fiftyone/voc-2007/train/data/002175.jpg,train,mllm_selection,train:002175
voc-2007,000890,/home/felix/fiftyone/voc-2007/train/data/000890.jpg,train,mllm_selection,train:000890
voc-2007,000136,/home/felix/fiftyone/voc-2007/train/data/000136.jpg,train,mllm_selection,train:000136
voc-2007,000765,/home/felix/fiftyone/voc-2007/train/data/000765.jpg,train,mllm_selection,train:000765
voc-2007,000003,/home/felix/fiftyone/voc-2007/train/data/000003.jpg,train,mllm_selection,train:000003
voc-2007,001482,/home/felix/fiftyone/voc-2007/train/data/001482.jpg,train,mllm_selection,train:001482
voc-2007,002424,/home/felix/fiftyone/voc-2007/train/data/002424.jpg,train,mllm_selection,train:002424
voc-2007,001886,/home/felix/fiftyone/voc-2007/train/data/001886.jpg,train,mllm_selection,train:001886
voc-2007,001261,/home/felix/fiftyone/voc-2007/train/data/001261.jpg,train,mllm_selection,train:001261
voc-2007,002227,/home/felix/fiftyone/voc-2007/train/data/002227.jpg,train,mllm_selection,train:002227
voc-2007,000194,/home/felix/fiftyone/voc-2007/train/data/000194.jpg,train,mllm_selection,train:000194
voc-2007,001231,/home/felix/fiftyone/voc-2007/train/data/001231.jpg,train,mllm_selection,train:001231
voc-2007,000170,/home/felix/fiftyone/voc-2007/train/data/000170.jpg,train,mllm_selection,train:000170
voc-2007,001550,/home/felix/fiftyone/voc-2007/train/data/001550.jpg,train,mllm_selection,train:001550
voc-2007,000023,/home/felix/fiftyone/voc-2007/train/data/000023.jpg,train,mllm_selection,train:000023
voc-2007,000099,/home/felix/fiftyone/voc-2007/train/data/000099.jpg,train,mllm_selection,train:000099
voc-2007,001891,/home/felix/fiftyone/voc-2007/train/data/001891.jpg,train,mllm_selection,train:001891
voc-2007,000441,/home/felix/fiftyone/voc-2007/train/data/000441.jpg,train,mllm_selection,train:000441
voc-2007,001238,/home/felix/fiftyone/voc-2007/train/data/001238.jpg,train,mllm_selection,train:001238
voc-2007,000028,/home/felix/fiftyone/voc-2007/train/data/000028.jpg,train,mllm_selection,train:000028
voc-2007,001415,/home/felix/fiftyone/voc-2007/train/data/001415.jpg,train,mllm_selection,train:001415
voc-2007,000947,/home/felix/fiftyone/voc-2007/train/data/000947.jpg,train,mllm_selection,train:000947
voc-2007,001350,/home/felix/fiftyone/voc-2007/train/data/001350.jpg,train,mllm_selection,train:001350
voc-2007,000134,/home/felix/fiftyone/voc-2007/train/data/000134.jpg,train,mllm_selection,train:000134
voc-2007,000132,/home/felix/fiftyone/voc-2007/train/data/000132.jpg,train,mllm_selection,train:000132
voc-2007,000673,/home/felix/fiftyone/voc-2007/train/data/000673.jpg,train,mllm_selection,train:000673
voc-2007,002416,/home/felix/fiftyone/voc-2007/train/data/002416.jpg,train,mllm_selection,train:002416
voc-2007,000687,/home/felix/fiftyone/voc-2007/train/data/000687.jpg,train,mllm_selection,train:000687
voc-2007,000749,/home/felix/fiftyone/voc-2007/train/data/000749.jpg,train,mllm_selection,train:000749
voc-2007,002256,/home/felix/fiftyone/voc-2007/train/data/002256.jpg,train,mllm_selection,train:002256
voc-2007,000498,/home/felix/fiftyone/voc-2007/train/data/000498.jpg,train,mllm_selection,train:000498
voc-2007,000313,/home/felix/fiftyone/voc-2007/train/data/000313.jpg,train,mllm_selection,train:000313
voc-2007,001955,/home/felix/fiftyone/voc-2007/train/data/001955.jpg,train,mllm_selection,train:001955
voc-2007,001735,/home/felix/fiftyone/voc-2007/train/data/001735.jpg,train,mllm_selection,train:001735
voc-2007,000807,/home/felix/fiftyone/voc-2007/train/data/000807.jpg,train,mllm_selection,train:000807
voc-2007,000431,/home/felix/fiftyone/voc-2007/train/data/000431.jpg,train,mllm_selection,train:000431
voc-2007,000205,/home/felix/fiftyone/voc-2007/train/data/000205.jpg,train,mllm_selection,train:000205
driving,1478732443679138616_jpg.rf.4cef36b59c0f885dad828385fd7da85f,/home/felix/vision_datasets/self-driving-car-v2-split/train/1478732443679138616_jpg.rf.4cef36b59c0f885dad828385fd7da85f.jpg,train,mllm_selection,1478732443679138616
driving,1478732796370863655_jpg.rf.c12338f8ae89144b011329fd2d435e53,/home/felix/vision_datasets/self-driving-car-v2-split/train/1478732796370863655_jpg.rf.c12338f8ae89144b011329fd2d435e53.jpg,train,mllm_selection,1478732796370863655
driving,1478019958179775471_jpg.rf.2e2ec180faeded3c41a38f3c5228fff0,/home/felix/vision_datasets/self-driving-car-v2-split/train/1478019958179775471_jpg.rf.2e2ec180faeded3c41a38f3c5228fff0.jpg,train,mllm_selection,1478019958179775471
driving,1478732532568484411_jpg.rf.ccc0d1fd5b4de09a69c0d43cb0f0194e,/home/felix/vision_datasets/self-driving-car-v2-split/train/1478732532568484411_jpg.rf.ccc0d1fd5b4de09a69c0d43cb0f0194e.jpg,train,mllm_selection,1478732532568484411
driving,1478732635222962759_jpg.rf.1bb89834833d8c0122d2c2dc423dea65,/home/felix/vision_datasets/self-driving-car-v2-split/train/1478732635222962759_jpg.rf.1bb89834833d8c0122d2c2dc423dea65.jpg,train,mllm_selection,1478732635222962759
driving,1478021611575461571_jpg.rf.e8defad0f1d637b122550acdf3838b73,/home/felix/vision_datasets/self-driving-car-v2-split/train/1478021611575461571_jpg.rf.e8defad0f1d637b122550acdf3838b73.jpg,train,mllm_selection,1478021611575461571
driving,1478732345040538429_jpg.rf.99bb79e68d6e93e3907471a9f8f29889,/home/felix/vision_datasets/self-driving-car-v2-split/train/1478732345040538429_jpg.rf.99bb79e68d6e93e3907471a9f8f29889.jpg,train,mllm_selection,1478732345040538429
driving,1478731929837200319_jpg.rf.6fcabdc36378bc1f539b5ad0388a3403,/home/felix/vision_datasets/self-driving-car-v2-split/train/1478731929837200319_jpg.rf.6fcabdc36378bc1f539b5ad0388a3403.jpg,train,mllm_selection,1478731929837200319
driving,1478733001104636993_jpg.rf.5be333ef8126b90cfe8887cfeede7252,/home/felix/vision_datasets/self-driving-car-v2-split/train/1478733001104636993_jpg.rf.5be333ef8126b90cfe8887cfeede7252.jpg,train,mllm_selection,1478733001104636993
driving,1478732639236561867_jpg.rf.fc44782573d53f14cf288bfdf0dd7392,/home/felix/vision_datasets/self-driving-car-v2-split/train/1478732639236561867_jpg.rf.fc44782573d53f14cf288bfdf0dd7392.jpg,train,mllm_selection,1478732639236561867
driving,1478732534862296281_jpg.rf.739610c994f90a790c27724d36d0ab72,/home/felix/vision_datasets/self-driving-car-v2-split/train/1478732534862296281_jpg.rf.739610c994f90a790c27724d36d0ab72.jpg,train,mllm_selection,1478732534862296281
driving,1478732907053401389_jpg.rf.11c78bdd5676fc6dd38f67ecfb57f06f,/home/felix/vision_datasets/self-driving-car-v2-split/train/1478732907053401389_jpg.rf.11c78bdd5676fc6dd38f67ecfb57f06f.jpg,train,mllm_selection,1478732907053401389
driving,1478732331277339005_jpg.rf.7f2d0dc6d2f436abe3eae3db43c6a217,/home/felix/vision_datasets/self-driving-car-v2-split/train/1478732331277339005_jpg.rf.7f2d0dc6d2f436abe3eae3db43c6a217.jpg,train,mllm_selection,1478732331277339005
driving,1478732390346823637_jpg.rf.ed34c2523c8b1e6b56c0690113992383,/home/felix/vision_datasets/self-driving-car-v2-split/train/1478732390346823637_jpg.rf.ed34c2523c8b1e6b56c0690113992383.jpg,train,mllm_selection,1478732390346823637
driving,1478732141452554354_jpg.rf.8f65a45730a89f9f1a6c14d2d77b5879,/home/felix/vision_datasets/self-driving-car-v2-split/train/1478732141452554354_jpg.rf.8f65a45730a89f9f1a6c14d2d77b5879.jpg,train,mllm_selection,1478732141452554354
driving,1478731954496889486_jpg.rf.aa63a0fe44d41ad08f3fab62ee4db8fc,/home/felix/vision_datasets/self-driving-car-v2-split/train/1478731954496889486_jpg.rf.aa63a0fe44d41ad08f3fab62ee4db8fc.jpg,train,mllm_selection,1478731954496889486
driving,1478732508482863309_jpg.rf.15b2fcbde935c64ef0b02c705a0311ef,/home/felix/vision_datasets/self-driving-car-v2-split/train/1478732508482863309_jpg.rf.15b2fcbde935c64ef0b02c705a0311ef.jpg,train,mllm_selection,1478732508482863309
driving,1478732474646942972_jpg.rf.4b61720c5613f570bc6f9892214ff0af,/home/felix/vision_datasets/self-driving-car-v2-split/train/1478732474646942972_jpg.rf.4b61720c5613f570bc6f9892214ff0af.jpg,train,mllm_selection,1478732474646942972
driving,1478732545759575000_jpg.rf.631b3af08b3064b5dc20a038275aaedd,/home/felix/vision_datasets/self-driving-car-v2-split/train/1478732545759575000_jpg.rf.631b3af08b3064b5dc20a038275aaedd.jpg,train,mllm_selection,1478732545759575000
driving,1478731892561100747_jpg.rf.20a5542c484c1f1959e8722caf29453c,/home/felix/vision_datasets/self-driving-car-v2-split/train/1478731892561100747_jpg.rf.20a5542c484c1f1959e8722caf29453c.jpg,train,mllm_selection,1478731892561100747
driving,1478732739596181872_jpg.rf.9a669895fb1344784b75cf955da7035a,/home/felix/vision_datasets/self-driving-car-v2-split/train/1478732739596181872_jpg.rf.9a669895fb1344784b75cf955da7035a.jpg,train,mllm_selection,1478732739596181872
driving,1478732234357428320_jpg.rf.94b766e0f7c0dfea05e6537929ce0b21,/home/felix/vision_datasets/self-driving-car-v2-split/train/1478732234357428320_jpg.rf.94b766e0f7c0dfea05e6537929ce0b21.jpg,train,mllm_selection,1478732234357428320
driving,1478732539450942003_jpg.rf.09c03b7bd20b13f137cdb7775b8257f7,/home/felix/vision_datasets/self-driving-car-v2-split/train/1478732539450942003_jpg.rf.09c03b7bd20b13f137cdb7775b8257f7.jpg,train,mllm_selection,1478732539450942003
driving,1478732984473016841_jpg.rf.894296200aa826ff45c2548ea3922395,/home/felix/vision_datasets/self-driving-car-v2-split/train/1478732984473016841_jpg.rf.894296200aa826ff45c2548ea3922395.jpg,train,mllm_selection,1478732984473016841
driving,1478731949909925462_jpg.rf.54a389ef13d8f65f7b0d4b8308b1e17f,/home/felix/vision_datasets/self-driving-car-v2-split/train/1478731949909925462_jpg.rf.54a389ef13d8f65f7b0d4b8308b1e17f.jpg,train,mllm_selection,1478731949909925462
driving,1478732777446012780_jpg.rf.8d00fb99988471486d9da86288806fcc,/home/felix/vision_datasets/self-driving-car-v2-split/train/1478732777446012780_jpg.rf.8d00fb99988471486d9da86288806fcc.jpg,train,mllm_selection,1478732777446012780
driving,1478021633083910147_jpg.rf.a52dc7fdec43970359fbbbadfb345337,/home/felix/vision_datasets/self-driving-car-v2-split/train/1478021633083910147_jpg.rf.a52dc7fdec43970359fbbbadfb345337.jpg,train,mllm_selection,1478021633083910147
driving,1478732133997644640_jpg.rf.ec339ab54792b705008663b0a8bb6f3e,/home/felix/vision_datasets/self-driving-car-v2-split/train/1478732133997644640_jpg.rf.ec339ab54792b705008663b0a8bb6f3e.jpg,train,mllm_selection,1478732133997644640
driving,1478732356509648326_jpg.rf.9c6e3ee39cadcfda0882b1fee6a59407,/home/felix/vision_datasets/self-driving-car-v2-split/train/1478732356509648326_jpg.rf.9c6e3ee39cadcfda0882b1fee6a59407.jpg,train,mllm_selection,1478732356509648326
driving,1478731891413678310_jpg.rf.e1d0a40f9e6d36527c4380510615abaf,/home/felix/vision_datasets/self-driving-car-v2-split/train/1478731891413678310_jpg.rf.e1d0a40f9e6d36527c4380510615abaf.jpg,train,mllm_selection,1478731891413678310
driving,1478732103030675841_jpg.rf.ea8252138d7aee626db8ff842b40f27c,/home/felix/vision_datasets/self-driving-car-v2-split/train/1478732103030675841_jpg.rf.ea8252138d7aee626db8ff842b40f27c.jpg,train,mllm_selection,1478732103030675841
driving,1478731987186343706_jpg.rf.f3b20633c9cdcb8d99ca417f5584f7a2,/home/felix/vision_datasets/self-driving-car-v2-split/train/1478731987186343706_jpg.rf.f3b20633c9cdcb8d99ca417f5584f7a2.jpg,train,mllm_selection,1478731987186343706
driving,1478732011272727780_jpg.rf.bd918911b8b37c7096efc46e428f120e,/home/felix/vision_datasets/self-driving-car-v2-split/train/1478732011272727780_jpg.rf.bd918911b8b37c7096efc46e428f120e.jpg,train,mllm_selection,1478732011272727780
driving,1478732295720024834_jpg.rf.b9f924ce7c5837c3664ef34ced9883ff,/home/felix/vision_datasets/self-driving-car-v2-split/train/1478732295720024834_jpg.rf.b9f924ce7c5837c3664ef34ced9883ff.jpg,train,mllm_selection,1478732295720024834
driving,1478021144721739321_jpg.rf.edbc820838799fc91ec752ca164779ae,/home/felix/vision_datasets/self-driving-car-v2-split/train/1478021144721739321_jpg.rf.edbc820838799fc91ec752ca164779ae.jpg,train,mllm_selection,1478021144721739321
driving,1478732293999581903_jpg.rf.2b29cabc293150c240f41531b57099e6,/home/felix/vision_datasets/self-driving-car-v2-split/train/1478732293999581903_jpg.rf.2b29cabc293150c240f41531b57099e6.jpg,train,mllm_selection,1478732293999581903
driving,1478732962681640836_jpg.rf.7b5a1691cd5604228a21442e0448fa4f,/home/felix/vision_datasets/self-driving-car-v2-split/train/1478732962681640836_jpg.rf.7b5a1691cd5604228a21442e0448fa4f.jpg,train,mllm_selection,1478732962681640836
driving,1478732490130516336_jpg.rf.aa1fbc7d03a5a564407e5b7683f812dc,/home/felix/vision_datasets/self-driving-car-v2-split/train/1478732490130516336_jpg.rf.aa1fbc7d03a5a564407e5b7683f812dc.jpg,train,mllm_selection,1478732490130516336
driving,1478732514791548169_jpg.rf.2a9ea117fa676935e328b86100d83bcb,/home/felix/vision_datasets/self-driving-car-v2-split/train/1478732514791548169_jpg.rf.2a9ea117fa676935e328b86100d83bcb.jpg,train,mllm_selection,1478732514791548169
driving,1478732075502801370_jpg.rf.5fdc0e7cf500f4cf2fcfc737c265061c,/home/felix/vision_datasets/self-driving-car-v2-split/train/1478732075502801370_jpg.rf.5fdc0e7cf500f4cf2fcfc737c265061c.jpg,train,mllm_selection,1478732075502801370
driving,1478021609581763199_jpg.rf.7baf406a802b5aea62cc5725c1f2ccc9,/home/felix/vision_datasets/self-driving-car-v2-split/train/1478021609581763199_jpg.rf.7baf406a802b5aea62cc5725c1f2ccc9.jpg,train,mllm_selection,1478021609581763199
driving,1478732066326334171_jpg.rf.8dbb035950232ce70fed8e59ffd08a34,/home/felix/vision_datasets/self-driving-car-v2-split/train/1478732066326334171_jpg.rf.8dbb035950232ce70fed8e59ffd08a34.jpg,train,mllm_selection,1478732066326334171
driving,1478732876085027693_jpg.rf.12af90d40c5f505d38d850ba4f57609d,/home/felix/vision_datasets/self-driving-car-v2-split/train/1478732876085027693_jpg.rf.12af90d40c5f505d38d850ba4f57609d.jpg,train,mllm_selection,1478732876085027693
driving,1478732320379283754_jpg.rf.15c515fca815e5f9cce6bf79fdf7f2d2,/home/felix/vision_datasets/self-driving-car-v2-split/train/1478732320379283754_jpg.rf.15c515fca815e5f9cce6bf79fdf7f2d2.jpg,train,mllm_selection,1478732320379283754
driving,1478732874938983504_jpg.rf.163ee916ab04fa96cda04f1b284ffccd,/home/felix/vision_datasets/self-driving-car-v2-split/train/1478732874938983504_jpg.rf.163ee916ab04fa96cda04f1b284ffccd.jpg,train,mllm_selection,1478732874938983504
driving,1478732881246371900_jpg.rf.9046c6adc7b5cdb2d63502b1150f7201,/home/felix/vision_datasets/self-driving-car-v2-split/train/1478732881246371900_jpg.rf.9046c6adc7b5cdb2d63502b1150f7201.jpg,train,mllm_selection,1478732881246371900
driving,1478732214858533763_jpg.rf.2e35994c3ecee744ddde39128c596d67,/home/felix/vision_datasets/self-driving-car-v2-split/train/1478732214858533763_jpg.rf.2e35994c3ecee744ddde39128c596d67.jpg,train,mllm_selection,1478732214858533763
driving,1478732890422587465_jpg.rf.faf4ede0e8dd9259a1733d267ff3f11f,/home/felix/vision_datasets/self-driving-car-v2-split/train/1478732890422587465_jpg.rf.faf4ede0e8dd9259a1733d267ff3f11f.jpg,train,mllm_selection,1478732890422587465
driving,1478732756800264425_jpg.rf.4d59547486d2c516b9a588c7740b3332,/home/felix/vision_datasets/self-driving-car-v2-split/train/1478732756800264425_jpg.rf.4d59547486d2c516b9a588c7740b3332.jpg,train,mllm_selection,1478732756800264425
driving,1478732771711960912_jpg.rf.003be5efe692d140da5965cbc47a28b8,/home/felix/vision_datasets/self-driving-car-v2-split/train/1478732771711960912_jpg.rf.003be5efe692d140da5965cbc47a28b8.jpg,train,mllm_selection,1478732771711960912
driving,1478732265899031233_jpg.rf.69666ce6e3e6b54e276c90d1537c3b52,/home/felix/vision_datasets/self-driving-car-v2-split/train/1478732265899031233_jpg.rf.69666ce6e3e6b54e276c90d1537c3b52.jpg,train,mllm_selection,1478732265899031233
driving,1478732088694156647_jpg.rf.5070593f4038ca149c442e56bdd09436,/home/felix/vision_datasets/self-driving-car-v2-split/train/1478732088694156647_jpg.rf.5070593f4038ca149c442e56bdd09436.jpg,train,mllm_selection,1478732088694156647
driving,1478732769418374727_jpg.rf.b89927f5df78185176cfe44dd6c4e9f2,/home/felix/vision_datasets/self-driving-car-v2-split/train/1478732769418374727_jpg.rf.b89927f5df78185176cfe44dd6c4e9f2.jpg,train,mllm_selection,1478732769418374727
driving,1478732983327135513_jpg.rf.f512b169c0f9e5adf4ccab1fddd8a309,/home/felix/vision_datasets/self-driving-car-v2-split/train/1478732983327135513_jpg.rf.f512b169c0f9e5adf4ccab1fddd8a309.jpg,train,mllm_selection,1478732983327135513
driving,1478732096721133959_jpg.rf.f8ad59ef0051814c30150b2414a3037c,/home/felix/vision_datasets/self-driving-car-v2-split/train/1478732096721133959_jpg.rf.f8ad59ef0051814c30150b2414a3037c.jpg,train,mllm_selection,1478732096721133959
driving,1478732519952752592_jpg.rf.01614a2d6fd7f92dc9757b59d1485962,/home/felix/vision_datasets/self-driving-car-v2-split/train/1478732519952752592_jpg.rf.01614a2d6fd7f92dc9757b59d1485962.jpg,train,mllm_selection,1478732519952752592
driving,1478021921090633762_jpg.rf.57b6037a7f9194e3ffc751d509b5b16d,/home/felix/vision_datasets/self-driving-car-v2-split/train/1478021921090633762_jpg.rf.57b6037a7f9194e3ffc751d509b5b16d.jpg,train,mllm_selection,1478021921090633762
driving,1478732086971870518_jpg.rf.f18763aa47293dda248710b4bc52a50a,/home/felix/vision_datasets/self-driving-car-v2-split/train/1478732086971870518_jpg.rf.f18763aa47293dda248710b4bc52a50a.jpg,train,mllm_selection,1478732086971870518
driving,1478733024617074472_jpg.rf.56721e781e4b2458416d9ea4b6474e61,/home/felix/vision_datasets/self-driving-car-v2-split/train/1478733024617074472_jpg.rf.56721e781e4b2458416d9ea4b6474e61.jpg,train,mllm_selection,1478733024617074472
driving,1478732347333400342_jpg.rf.59890115b0011b07b492298e95c9598e,/home/felix/vision_datasets/self-driving-car-v2-split/train/1478732347333400342_jpg.rf.59890115b0011b07b492298e95c9598e.jpg,train,mllm_selection,1478732347333400342
driving,1478732912788216302_jpg.rf.e336fbbff0be6c5d9913aea76c8c6a09,/home/felix/vision_datasets/self-driving-car-v2-split/train/1478732912788216302_jpg.rf.e336fbbff0be6c5d9913aea76c8c6a09.jpg,train,mllm_selection,1478732912788216302
driving,1478021902088246528_jpg.rf.4063a852b0f6853baa37f68c755c6af2,/home/felix/vision_datasets/self-driving-car-v2-split/train/1478021902088246528_jpg.rf.4063a852b0f6853baa37f68c755c6af2.jpg,train,mllm_selection,1478021902088246528
driving,1478021858579643321_jpg.rf.83a301ddf4454ead3e0320b8ded84177,/home/felix/vision_datasets/self-driving-car-v2-split/train/1478021858579643321_jpg.rf.83a301ddf4454ead3e0320b8ded84177.jpg,train,mllm_selection,1478021858579643321
driving,1478732972431828889_jpg.rf.fdc097485271f0ee254fd7652425a5a1,/home/felix/vision_datasets/self-driving-car-v2-split/train/1478732972431828889_jpg.rf.fdc097485271f0ee254fd7652425a5a1.jpg,train,mllm_selection,1478732972431828889
driving,1478732602534640221_jpg.rf.d144008f30d58b03b9a8830c55381461,/home/felix/vision_datasets/self-driving-car-v2-split/train/1478732602534640221_jpg.rf.d144008f30d58b03b9a8830c55381461.jpg,train,mllm_selection,1478732602534640221
driving,1478732448267535656_jpg.rf.33e00ed641a178da13eab63cee48314f,/home/felix/vision_datasets/self-driving-car-v2-split/train/1478732448267535656_jpg.rf.33e00ed641a178da13eab63cee48314f.jpg,train,mllm_selection,1478732448267535656
driving,1478732778593745446_jpg.rf.7b1a23129b35d7e4f3203d02e16d7431,/home/felix/vision_datasets/self-driving-car-v2-split/train/1478732778593745446_jpg.rf.7b1a23129b35d7e4f3203d02e16d7431.jpg,train,mllm_selection,1478732778593745446
driving,1478732440237912861_jpg.rf.ab32226285f597a66c07501d72a9443e,/home/felix/vision_datasets/self-driving-car-v2-split/train/1478732440237912861_jpg.rf.ab32226285f597a66c07501d72a9443e.jpg,train,mllm_selection,1478732440237912861
driving,1478732482102964001_jpg.rf.1d113b6176cda4127bede73d788cddbc,/home/felix/vision_datasets/self-driving-car-v2-split/train/1478732482102964001_jpg.rf.1d113b6176cda4127bede73d788cddbc.jpg,train,mllm_selection,1478732482102964001
driving,1478021594074444319_jpg.rf.ab0fe2199f7e5584f53ac436f1bfc366,/home/felix/vision_datasets/self-driving-car-v2-split/train/1478021594074444319_jpg.rf.ab0fe2199f7e5584f53ac436f1bfc366.jpg,train,mllm_selection,1478021594074444319
driving,1478732481529085686_jpg.rf.5df12a34703971612ccab48de4e8a5e6,/home/felix/vision_datasets/self-driving-car-v2-split/train/1478732481529085686_jpg.rf.5df12a34703971612ccab48de4e8a5e6.jpg,train,mllm_selection,1478732481529085686
driving,1478732631207273124_jpg.rf.7b070d4f0eeca262dfd4fe99556b7717,/home/felix/vision_datasets/self-driving-car-v2-split/train/1478732631207273124_jpg.rf.7b070d4f0eeca262dfd4fe99556b7717.jpg,train,mllm_selection,1478732631207273124
driving,1478731936145711433_jpg.rf.1af2d03d1e54b56f2605bf2e60183399,/home/felix/vision_datasets/self-driving-car-v2-split/train/1478731936145711433_jpg.rf.1af2d03d1e54b56f2605bf2e60183399.jpg,train,mllm_selection,1478731936145711433
driving,1478732089838858169_jpg.rf.0f697f95a09c1f236c3ff31c5e26b6bc,/home/felix/vision_datasets/self-driving-car-v2-split/train/1478732089838858169_jpg.rf.0f697f95a09c1f236c3ff31c5e26b6bc.jpg,train,mllm_selection,1478732089838858169
driving,1478732151774974560_jpg.rf.802732e548c44bcac889b56a0aa280be,/home/felix/vision_datasets/self-driving-car-v2-split/train/1478732151774974560_jpg.rf.802732e548c44bcac889b56a0aa280be.jpg,train,mllm_selection,1478732151774974560
driving,1478732399521885939_jpg.rf.5a5eaa46f5bdb2dd2b601df3993927de,/home/felix/vision_datasets/self-driving-car-v2-split/train/1478732399521885939_jpg.rf.5a5eaa46f5bdb2dd2b601df3993927de.jpg,train,mllm_selection,1478732399521885939
driving,1478732931139312037_jpg.rf.732d522c906221024847f75c577ee63c,/home/felix/vision_datasets/self-driving-car-v2-split/train/1478732931139312037_jpg.rf.732d522c906221024847f75c577ee63c.jpg,train,mllm_selection,1478732931139312037
driving,1478732230342594569_jpg.rf.65b660afdcd5e84a520c671cd230d6d1,/home/felix/vision_datasets/self-driving-car-v2-split/train/1478732230342594569_jpg.rf.65b660afdcd5e84a520c671cd230d6d1.jpg,train,mllm_selection,1478732230342594569
driving,1478732452280906947_jpg.rf.b4a373d711172f266b7d5dcd6b2ab9af,/home/felix/vision_datasets/self-driving-car-v2-split/train/1478732452280906947_jpg.rf.b4a373d711172f266b7d5dcd6b2ab9af.jpg,train,mllm_selection,1478732452280906947
driving,1478732357656362879_jpg.rf.89799589b43decb1df349cd02892bcf9,/home/felix/vision_datasets/self-driving-car-v2-split/train/1478732357656362879_jpg.rf.89799589b43decb1df349cd02892bcf9.jpg,train,mllm_selection,1478732357656362879
driving,1478732093281563997_jpg.rf.6ca0f3c8e6a02499dbe1f972d7710913,/home/felix/vision_datasets/self-driving-car-v2-split/train/1478732093281563997_jpg.rf.6ca0f3c8e6a02499dbe1f972d7710913.jpg,train,mllm_selection,1478732093281563997
driving,1478731895428613811_jpg.rf.d2dda7495e8038ca166cc8bb206db4b0,/home/felix/vision_datasets/self-driving-car-v2-split/train/1478731895428613811_jpg.rf.d2dda7495e8038ca166cc8bb206db4b0.jpg,train,mllm_selection,1478731895428613811
driving,1478732817589729435_jpg.rf.825e776168c6374f65f22851600e882e,/home/felix/vision_datasets/self-driving-car-v2-split/train/1478732817589729435_jpg.rf.825e776168c6374f65f22851600e882e.jpg,train,mllm_selection,1478732817589729435
driving,1478732422459884251_jpg.rf.146e8ed75bdfc4d634cf51913faea952,/home/felix/vision_datasets/self-driving-car-v2-split/train/1478732422459884251_jpg.rf.146e8ed75bdfc4d634cf51913faea952.jpg,train,mllm_selection,1478732422459884251
driving,1478732629487518049_jpg.rf.8a27c2deac89548eab755b9b6fd6d00b,/home/felix/vision_datasets/self-driving-car-v2-split/train/1478732629487518049_jpg.rf.8a27c2deac89548eab755b9b6fd6d00b.jpg,train,mllm_selection,1478732629487518049
driving,1478732892716103966_jpg.rf.9cd549d6f8c6e6a9a657273275c0e218,/home/felix/vision_datasets/self-driving-car-v2-split/train/1478732892716103966_jpg.rf.9cd549d6f8c6e6a9a657273275c0e218.jpg,train,mllm_selection,1478732892716103966
driving,1478732056003724815_jpg.rf.9264b057ee8e28e179a2ec66156ba929,/home/felix/vision_datasets/self-driving-car-v2-split/train/1478732056003724815_jpg.rf.9264b057ee8e28e179a2ec66156ba929.jpg,train,mllm_selection,1478732056003724815
driving,1478732998238139651_jpg.rf.6d5416abc33869651f38c868fadb1403,/home/felix/vision_datasets/self-driving-car-v2-split/train/1478732998238139651_jpg.rf.6d5416abc33869651f38c868fadb1403.jpg,train,mllm_selection,1478732998238139651
driving,1478733013147448507_jpg.rf.b0c27c4ee7941a5148f208cfcb3f6a7d,/home/felix/vision_datasets/self-driving-car-v2-split/train/1478733013147448507_jpg.rf.b0c27c4ee7941a5148f208cfcb3f6a7d.jpg,train,mllm_selection,1478733013147448507
driving,1478021927586122230_jpg.rf.ca5d2637d18ede656b0986f761793c79,/home/felix/vision_datasets/self-driving-car-v2-split/train/1478021927586122230_jpg.rf.ca5d2637d18ede656b0986f761793c79.jpg,train,mllm_selection,1478021927586122230
driving,1478021873088264857_jpg.rf.61e6c57b834816d251c130a6b4d725ec,/home/felix/vision_datasets/self-driving-car-v2-split/train/1478021873088264857_jpg.rf.61e6c57b834816d251c130a6b4d725ec.jpg,train,mllm_selection,1478021873088264857
driving,1478732718951036274_jpg.rf.b066f2fc2a18d3076e7320c47a2f01b2,/home/felix/vision_datasets/self-driving-car-v2-split/train/1478732718951036274_jpg.rf.b066f2fc2a18d3076e7320c47a2f01b2.jpg,train,mllm_selection,1478732718951036274
driving,1478732803826123168_jpg.rf.61820f80b58017935ed15dc86088ca88,/home/felix/vision_datasets/self-driving-car-v2-split/train/1478732803826123168_jpg.rf.61820f80b58017935ed15dc86088ca88.jpg,train,mllm_selection,1478732803826123168
driving,1478731890840955659_jpg.rf.12410d5f9c6d49b9bb01f8239ff68184,/home/felix/vision_datasets/self-driving-car-v2-split/train/1478731890840955659_jpg.rf.12410d5f9c6d49b9bb01f8239ff68184.jpg,train,mllm_selection,1478731890840955659
driving,1478732921964181683_jpg.rf.269f1a47ec9d82d8a13b9d6749a251b2,/home/felix/vision_datasets/self-driving-car-v2-split/train/1478732921964181683_jpg.rf.269f1a47ec9d82d8a13b9d6749a251b2.jpg,train,mllm_selection,1478732921964181683
driving,1478021664075523507_jpg.rf.f5965c3eebf3564482ff19bdad00facc,/home/felix/vision_datasets/self-driving-car-v2-split/train/1478021664075523507_jpg.rf.f5965c3eebf3564482ff19bdad00facc.jpg,train,mllm_selection,1478021664075523507
driving,1478021141223098489_jpg.rf.962ca9affc2a2a51f1e8d8fa9ee0a30d,/home/felix/vision_datasets/self-driving-car-v2-split/train/1478021141223098489_jpg.rf.962ca9affc2a2a51f1e8d8fa9ee0a30d.jpg,train,mllm_selection,1478021141223098489
driving,1478732939170617036_jpg.rf.96108c706c1c1583f37dd0d694dd5f85,/home/felix/vision_datasets/self-driving-car-v2-split/train/1478732939170617036_jpg.rf.96108c706c1c1583f37dd0d694dd5f85.jpg,train,mllm_selection,1478732939170617036
driving,1478021647076630224_jpg.rf.3f4ca885279a83a0bbe46234ff1ce0b3,/home/felix/vision_datasets/self-driving-car-v2-split/train/1478021647076630224_jpg.rf.3f4ca885279a83a0bbe46234ff1ce0b3.jpg,train,mllm_selection,1478021647076630224
driving,1478022262594283416_jpg.rf.6eada6e14edb8541f22ebca879bdee1f,/home/felix/vision_datasets/self-driving-car-v2-split/train/1478022262594283416_jpg.rf.6eada6e14edb8541f22ebca879bdee1f.jpg,train,mllm_selection,1478022262594283416
driving,1478021137221637998_jpg.rf.0e2de601626d084ef9a8df546e64a38e,/home/felix/vision_datasets/self-driving-car-v2-split/train/1478021137221637998_jpg.rf.0e2de601626d084ef9a8df546e64a38e.jpg,train,mllm_selection,1478021137221637998
driving,1478021624075839061_jpg.rf.81ef87f7184bf204e01857ef8524da01,/home/felix/vision_datasets/self-driving-car-v2-split/train/1478021624075839061_jpg.rf.81ef87f7184bf204e01857ef8524da01.jpg,train,mllm_selection,1478021624075839061
driving,1478732775725617264_jpg.rf.bd9dd921d154cba8b30bddafe13119c5,/home/felix/vision_datasets/self-driving-car-v2-split/train/1478732775725617264_jpg.rf.bd9dd921d154cba8b30bddafe13119c5.jpg,train,mllm_selection,1478732775725617264
driving,1478732781461450940_jpg.rf.0946769eefdcda6004b115ba1619fb7f,/home/felix/vision_datasets/self-driving-car-v2-split/train/1478732781461450940_jpg.rf.0946769eefdcda6004b115ba1619fb7f.jpg,train,mllm_selection,1478732781461450940
driving,1478732213138446647_jpg.rf.f49e01ffa10aa71e7b211c9d61f80679,/home/felix/vision_datasets/self-driving-car-v2-split/train/1478732213138446647_jpg.rf.f49e01ffa10aa71e7b211c9d61f80679.jpg,train,mllm_selection,1478732213138446647
driving,1478732778018840205_jpg.rf.ec5ac335cf3576784df38462aa2223d3,/home/felix/vision_datasets/self-driving-car-v2-split/train/1478732778018840205_jpg.rf.ec5ac335cf3576784df38462aa2223d3.jpg,train,mllm_selection,1478732778018840205
driving,1478022254100039069_jpg.rf.5e19634f3a53a7ccef80a9dbda3c370c,/home/felix/vision_datasets/self-driving-car-v2-split/train/1478022254100039069_jpg.rf.5e19634f3a53a7ccef80a9dbda3c370c.jpg,train,mllm_selection,1478022254100039069
driving,1478021613575091094_jpg.rf.1bb2e6a1092ab614e8575d3ca1809283,/home/felix/vision_datasets/self-driving-car-v2-split/train/1478021613575091094_jpg.rf.1bb2e6a1092ab614e8575d3ca1809283.jpg,train,mllm_selection,1478021613575091094
driving,1478732961533995077_jpg.rf.3f0846bb425dc29a6017a2a1688a8a3f,/home/felix/vision_datasets/self-driving-car-v2-split/train/1478732961533995077_jpg.rf.3f0846bb425dc29a6017a2a1688a8a3f.jpg,train,mllm_selection,1478732961533995077
driving,1478732297440708800_jpg.rf.ad2000716d02a0735f02a272942f5b0b,/home/felix/vision_datasets/self-driving-car-v2-split/train/1478732297440708800_jpg.rf.ad2000716d02a0735f02a272942f5b0b.jpg,train,mllm_selection,1478732297440708800
driving,1478732524540496507_jpg.rf.ed952702ada385639c28d1fdd13f562f,/home/felix/vision_datasets/self-driving-car-v2-split/train/1478732524540496507_jpg.rf.ed952702ada385639c28d1fdd13f562f.jpg,train,mllm_selection,1478732524540496507
driving,1478732906479352768_jpg.rf.42d7006c203c90c8de55b3fb0432fe88,/home/felix/vision_datasets/self-driving-car-v2-split/train/1478732906479352768_jpg.rf.42d7006c203c90c8de55b3fb0432fe88.jpg,train,mllm_selection,1478732906479352768
driving,1478732583609411440_jpg.rf.9c7bf9976872f94633c200fea90e6c82,/home/felix/vision_datasets/self-driving-car-v2-split/train/1478732583609411440_jpg.rf.9c7bf9976872f94633c200fea90e6c82.jpg,train,mllm_selection,1478732583609411440
driving,1478021603577052472_jpg.rf.1e7734d3599958bb840e81e392945563,/home/felix/vision_datasets/self-driving-car-v2-split/train/1478021603577052472_jpg.rf.1e7734d3599958bb840e81e392945563.jpg,train,mllm_selection,1478021603577052472
driving,1478732599092648142_jpg.rf.27463dcb5f42f299fccc60d4f8daa63f,/home/felix/vision_datasets/self-driving-car-v2-split/train/1478732599092648142_jpg.rf.27463dcb5f42f299fccc60d4f8daa63f.jpg,train,mllm_selection,1478732599092648142
driving,1478732503894719241_jpg.rf.83f1cf1985feb2908916bbfeb7794195,/home/felix/vision_datasets/self-driving-car-v2-split/train/1478732503894719241_jpg.rf.83f1cf1985feb2908916bbfeb7794195.jpg,train,mllm_selection,1478732503894719241
driving,1478732003243392894_jpg.rf.e274dfbd1b97c49bf2c570cea7360367,/home/felix/vision_datasets/self-driving-car-v2-split/train/1478732003243392894_jpg.rf.e274dfbd1b97c49bf2c570cea7360367.jpg,train,mllm_selection,1478732003243392894
driving,1478019970188563338_jpg.rf.80b1d7ca633368a570256ad3a074e146,/home/felix/vision_datasets/self-driving-car-v2-split/train/1478019970188563338_jpg.rf.80b1d7ca633368a570256ad3a074e146.jpg,train,mllm_selection,1478019970188563338
driving,1478731973995448159_jpg.rf.0572392040a2beb0db693f74e0019f65,/home/felix/vision_datasets/self-driving-car-v2-split/train/1478731973995448159_jpg.rf.0572392040a2beb0db693f74e0019f65.jpg,train,mllm_selection,1478731973995448159
driving,1478732740169141387_jpg.rf.7063b2e2b6eb37d341b79cb0b6f46266,/home/felix/vision_datasets/self-driving-car-v2-split/train/1478732740169141387_jpg.rf.7063b2e2b6eb37d341b79cb0b6f46266.jpg,train,mllm_selection,1478732740169141387
driving,1478732268765877053_jpg.rf.ecbafa88b451904dbd0593c97980e2c0,/home/felix/vision_datasets/self-driving-car-v2-split/train/1478732268765877053_jpg.rf.ecbafa88b451904dbd0593c97980e2c0.jpg,train,mllm_selection,1478732268765877053
driving,1478732494718630794_jpg.rf.6683cc55fb967c8fa522dbc215c5ffee,/home/felix/vision_datasets/self-driving-car-v2-split/train/1478732494718630794_jpg.rf.6683cc55fb967c8fa522dbc215c5ffee.jpg,train,mllm_selection,1478732494718630794
driving,1478732139732894792_jpg.rf.ee31f196616d5d7daf600bf5161d9223,/home/felix/vision_datasets/self-driving-car-v2-split/train/1478732139732894792_jpg.rf.ee31f196616d5d7daf600bf5161d9223.jpg,train,mllm_selection,1478732139732894792
driving,1478732764255717534_jpg.rf.5acbf59708f70d843e413d9433a57656,/home/felix/vision_datasets/self-driving-car-v2-split/train/1478732764255717534_jpg.rf.5acbf59708f70d843e413d9433a57656.jpg,train,mllm_selection,1478732764255717534
driving,1478732905906890901_jpg.rf.b82e3cdc2044d09ef054612d2b707f14,/home/felix/vision_datasets/self-driving-car-v2-split/train/1478732905906890901_jpg.rf.b82e3cdc2044d09ef054612d2b707f14.jpg,train,mllm_selection,1478732905906890901
driving,1478732212564178490_jpg.rf.649735e5c65800cf1a9ae14df43d7b23,/home/felix/vision_datasets/self-driving-car-v2-split/train/1478732212564178490_jpg.rf.649735e5c65800cf1a9ae14df43d7b23.jpg,train,mllm_selection,1478732212564178490
driving,1478731996935399053_jpg.rf.1bdb053864be039bb9d736f4053125d9,/home/felix/vision_datasets/self-driving-car-v2-split/train/1478731996935399053_jpg.rf.1bdb053864be039bb9d736f4053125d9.jpg,train,mllm_selection,1478731996935399053
driving,1478732643251153868_jpg.rf.c89f514d820290d6801a38c766babb2d,/home/felix/vision_datasets/self-driving-car-v2-split/train/1478732643251153868_jpg.rf.c89f514d820290d6801a38c766babb2d.jpg,train,mllm_selection,1478732643251153868
driving,1478732205109886477_jpg.rf.4d4f483eae647478a98f9e5a5906fb1a,/home/felix/vision_datasets/self-driving-car-v2-split/train/1478732205109886477_jpg.rf.4d4f483eae647478a98f9e5a5906fb1a.jpg,train,mllm_selection,1478732205109886477
driving,1478732580740776894_jpg.rf.ade35094068c3ddcb9598a7b867ca619,/home/felix/vision_datasets/self-driving-car-v2-split/train/1478732580740776894_jpg.rf.ade35094068c3ddcb9598a7b867ca619.jpg,train,mllm_selection,1478732580740776894
driving,1478731978011704468_jpg.rf.072d269575330891fce79fc60a8edd5a,/home/felix/vision_datasets/self-driving-car-v2-split/train/1478731978011704468_jpg.rf.072d269575330891fce79fc60a8edd5a.jpg,train,mllm_selection,1478731978011704468
driving,1478731992920444698_jpg.rf.e4fa62a81a80f644946a099ec6a0a5a5,/home/felix/vision_datasets/self-driving-car-v2-split/train/1478731992920444698_jpg.rf.e4fa62a81a80f644946a099ec6a0a5a5.jpg,train,mllm_selection,1478731992920444698
driving,1478732314645835757_jpg.rf.5054c32ee3a95f9f01c2937819eaa103,/home/felix/vision_datasets/self-driving-car-v2-split/train/1478732314645835757_jpg.rf.5054c32ee3a95f9f01c2937819eaa103.jpg,train,mllm_selection,1478732314645835757
driving,1478732308909597281_jpg.rf.ff702eaeec9c1ad4cbab6d8424ea2e39,/home/felix/vision_datasets/self-driving-car-v2-split/train/1478732308909597281_jpg.rf.ff702eaeec9c1ad4cbab6d8424ea2e39.jpg,train,mllm_selection,1478732308909597281
driving,1478021608077230587_jpg.rf.e575a7e3852fd57e55f43b622c1c7e96,/home/felix/vision_datasets/self-driving-car-v2-split/train/1478021608077230587_jpg.rf.e575a7e3852fd57e55f43b622c1c7e96.jpg,train,mllm_selection,1478021608077230587
driving,1478732427621641191_jpg.rf.21efc430da268bdcaad3d25da756ab60,/home/felix/vision_datasets/self-driving-car-v2-split/train/1478732427621641191_jpg.rf.21efc430da268bdcaad3d25da756ab60.jpg,train,mllm_selection,1478732427621641191
driving,1478732398373316992_jpg.rf.3879b9eca3397f61397c768bc171c5fb,/home/felix/vision_datasets/self-driving-car-v2-split/train/1478732398373316992_jpg.rf.3879b9eca3397f61397c768bc171c5fb.jpg,train,mllm_selection,1478732398373316992
driving,1478021862080365415_jpg.rf.25fff9ad720503ea202e0efe11690128,/home/felix/vision_datasets/self-driving-car-v2-split/train/1478021862080365415_jpg.rf.25fff9ad720503ea202e0efe11690128.jpg,train,mllm_selection,1478021862080365415
driving,1478732284251427008_jpg.rf.df023f6b200fc8696de5a227d367e9d5,/home/felix/vision_datasets/self-driving-car-v2-split/train/1478732284251427008_jpg.rf.df023f6b200fc8696de5a227d367e9d5.jpg,train,mllm_selection,1478732284251427008
driving,1478021142727789873_jpg.rf.fb92213ae6f71c20188ea0d05191638a,/home/felix/vision_datasets/self-driving-car-v2-split/train/1478021142727789873_jpg.rf.fb92213ae6f71c20188ea0d05191638a.jpg,train,mllm_selection,1478021142727789873
driving,1478021622576154437_jpg.rf.a686efc49cccffb676d0c036e27000ac,/home/felix/vision_datasets/self-driving-car-v2-split/train/1478021622576154437_jpg.rf.a686efc49cccffb676d0c036e27000ac.jpg,train,mllm_selection,1478021622576154437
driving,1478732008977976425_jpg.rf.224f37bec6ab7e88bcc62e57069706ae,/home/felix/vision_datasets/self-driving-car-v2-split/train/1478732008977976425_jpg.rf.224f37bec6ab7e88bcc62e57069706ae.jpg,train,mllm_selection,1478732008977976425
driving,1478732398947478805_jpg.rf.861acb697218c99ab0639f2838c1cc04,/home/felix/vision_datasets/self-driving-car-v2-split/train/1478732398947478805_jpg.rf.861acb697218c99ab0639f2838c1cc04.jpg,train,mllm_selection,1478732398947478805
driving,1478732440811669508_jpg.rf.971b98459fead14f7affeb3bc31768ef,/home/felix/vision_datasets/self-driving-car-v2-split/train/1478732440811669508_jpg.rf.971b98459fead14f7affeb3bc31768ef.jpg,train,mllm_selection,1478732440811669508
driving,1478021627076347267_jpg.rf.3ecb536e8bdf0cae35d9d1ace55250b2,/home/felix/vision_datasets/self-driving-car-v2-split/train/1478021627076347267_jpg.rf.3ecb536e8bdf0cae35d9d1ace55250b2.jpg,train,mllm_selection,1478021627076347267
driving,1478732046827512271_jpg.rf.2d8861e54553e728f3621a2693dec1f2,/home/felix/vision_datasets/self-driving-car-v2-split/train/1478732046827512271_jpg.rf.2d8861e54553e728f3621a2693dec1f2.jpg,train,mllm_selection,1478732046827512271
driving,1478021909591329121_jpg.rf.9eb82dc834f4b21a4de098e1960402d7,/home/felix/vision_datasets/self-driving-car-v2-split/train/1478021909591329121_jpg.rf.9eb82dc834f4b21a4de098e1960402d7.jpg,train,mllm_selection,1478021909591329121
driving,1478732444252737853_jpg.rf.7e72a2a2ce6719d39f7b7891a44c968e,/home/felix/vision_datasets/self-driving-car-v2-split/train/1478732444252737853_jpg.rf.7e72a2a2ce6719d39f7b7891a44c968e.jpg,train,mllm_selection,1478732444252737853
driving,1478732935153646250_jpg.rf.2fce6ab18d73173d64106d80d60cb94a,/home/felix/vision_datasets/self-driving-car-v2-split/train/1478732935153646250_jpg.rf.2fce6ab18d73173d64106d80d60cb94a.jpg,train,mllm_selection,1478732935153646250
driving,1478732203963863057_jpg.rf.88503b1b6f804da26ebfb026bb9183e2,/home/felix/vision_datasets/self-driving-car-v2-split/train/1478732203963863057_jpg.rf.88503b1b6f804da26ebfb026bb9183e2.jpg,train,mllm_selection,1478732203963863057
driving,1478732968416336391_jpg.rf.2fde0d7ae63efada606e205da2572939,/home/felix/vision_datasets/self-driving-car-v2-split/train/1478732968416336391_jpg.rf.2fde0d7ae63efada606e205da2572939.jpg,train,mllm_selection,1478732968416336391
driving,1478732842250436243_jpg.rf.1ad7a3e8e91ed373c529b3ae82ee2b2b,/home/felix/vision_datasets/self-driving-car-v2-split/train/1478732842250436243_jpg.rf.1ad7a3e8e91ed373c529b3ae82ee2b2b.jpg,train,mllm_selection,1478732842250436243
driving,1478732793504060240_jpg.rf.ebe91c27cb9201aa42b2a8bfd900167f,/home/felix/vision_datasets/self-driving-car-v2-split/train/1478732793504060240_jpg.rf.ebe91c27cb9201aa42b2a8bfd900167f.jpg,train,mllm_selection,1478732793504060240
driving,1478021880088947571_jpg.rf.a92950cc0f6fcb273699d02956ffa208,/home/felix/vision_datasets/self-driving-car-v2-split/train/1478021880088947571_jpg.rf.a92950cc0f6fcb273699d02956ffa208.jpg,train,mllm_selection,1478021880088947571
driving,1478732340452093830_jpg.rf.8474dea6ba41bba14aeeab25421b7b03,/home/felix/vision_datasets/self-driving-car-v2-split/train/1478732340452093830_jpg.rf.8474dea6ba41bba14aeeab25421b7b03.jpg,train,mllm_selection,1478732340452093830
driving,1478732630061228865_jpg.rf.4a1aa3bf536a4fbf982561c407c00798,/home/felix/vision_datasets/self-driving-car-v2-split/train/1478732630061228865_jpg.rf.4a1aa3bf536a4fbf982561c407c00798.jpg,train,mllm_selection,1478732630061228865
driving,1478732152350815337_jpg.rf.25b1466176149b08d52b376baa6713d7,/home/felix/vision_datasets/self-driving-car-v2-split/train/1478732152350815337_jpg.rf.25b1466176149b08d52b376baa6713d7.jpg,train,mllm_selection,1478732152350815337
driving,1478732145467524784_jpg.rf.f4a33e4635f52befdb0f7b97aff174be,/home/felix/vision_datasets/self-driving-car-v2-split/train/1478732145467524784_jpg.rf.f4a33e4635f52befdb0f7b97aff174be.jpg,train,mllm_selection,1478732145467524784
driving,1478732882967562858_jpg.rf.7c8c610829e14103784476851859d378,/home/felix/vision_datasets/self-driving-car-v2-split/train/1478732882967562858_jpg.rf.7c8c610829e14103784476851859d378.jpg,train,mllm_selection,1478732882967562858
driving,1478732241814467421_jpg.rf.1739b52252a93edfa27e1c526b263a1c,/home/felix/vision_datasets/self-driving-car-v2-split/train/1478732241814467421_jpg.rf.1739b52252a93edfa27e1c526b263a1c.jpg,train,mllm_selection,1478732241814467421
driving,1478732728126620138_jpg.rf.812c47d17b604364972ff969ad91aefb,/home/felix/vision_datasets/self-driving-car-v2-split/train/1478732728126620138_jpg.rf.812c47d17b604364972ff969ad91aefb.jpg,train,mllm_selection,1478732728126620138
driving,1478732078371323174_jpg.rf.7a93b49ce3492dbd357331ecfff05f9f,/home/felix/vision_datasets/self-driving-car-v2-split/train/1478732078371323174_jpg.rf.7a93b49ce3492dbd357331ecfff05f9f.jpg,train,mllm_selection,1478732078371323174
driving,1478732720670833630_jpg.rf.b4c023e29ad394b888341a8007582b95,/home/felix/vision_datasets/self-driving-car-v2-split/train/1478732720670833630_jpg.rf.b4c023e29ad394b888341a8007582b95.jpg,train,mllm_selection,1478732720670833630
driving,1478732305470716892_jpg.rf.b43d59dd32c29460c6ac363caafe4f70,/home/felix/vision_datasets/self-driving-car-v2-split/train/1478732305470716892_jpg.rf.b43d59dd32c29460c6ac363caafe4f70.jpg,train,mllm_selection,1478732305470716892
driving,1478021672577386837_jpg.rf.fc301d34aa29cc257f0454fb63808130,/home/felix/vision_datasets/self-driving-car-v2-split/train/1478021672577386837_jpg.rf.fc301d34aa29cc257f0454fb63808130.jpg,train,mllm_selection,1478021672577386837
driving,1478732089265602720_jpg.rf.57980bcbf1f73e9e88ed570c05aec346,/home/felix/vision_datasets/self-driving-car-v2-split/train/1478732089265602720_jpg.rf.57980bcbf1f73e9e88ed570c05aec346.jpg,train,mllm_selection,1478732089265602720
driving,1478732431062144425_jpg.rf.4330a34053ad4f7bfb7f384523755bf4,/home/felix/vision_datasets/self-driving-car-v2-split/train/1478732431062144425_jpg.rf.4330a34053ad4f7bfb7f384523755bf4.jpg,train,mllm_selection,1478732431062144425
driving,1478732858307485312_jpg.rf.31bfcb329ae6598d9f89f3c03bf96b56,/home/felix/vision_datasets/self-driving-car-v2-split/train/1478732858307485312_jpg.rf.31bfcb329ae6598d9f89f3c03bf96b56.jpg,train,mllm_selection,1478732858307485312
driving,1478732271634109140_jpg.rf.4e7906a7374f6cd42a9cea21deebd2c3,/home/felix/vision_datasets/self-driving-car-v2-split/train/1478732271634109140_jpg.rf.4e7906a7374f6cd42a9cea21deebd2c3.jpg,train,mllm_selection,1478732271634109140
driving,1478732367979165929_jpg.rf.9b7e0630545db8ef5d746dd73e875f6f,/home/felix/vision_datasets/self-driving-car-v2-split/train/1478732367979165929_jpg.rf.9b7e0630545db8ef5d746dd73e875f6f.jpg,train,mllm_selection,1478732367979165929
driving,1478021670586515394_jpg.rf.4c533b4f832f1ed4a729496928dd0c8f,/home/felix/vision_datasets/self-driving-car-v2-split/train/1478021670586515394_jpg.rf.4c533b4f832f1ed4a729496928dd0c8f.jpg,train,mllm_selection,1478021670586515394
driving,1478022258094133789_jpg.rf.bc41d619012dd007961dc828088f84dd,/home/felix/vision_datasets/self-driving-car-v2-split/train/1478022258094133789_jpg.rf.bc41d619012dd007961dc828088f84dd.jpg,train,mllm_selection,1478022258094133789
driving,1478732495292285932_jpg.rf.1fccbc72cde0d20031f375999e941ac1,/home/felix/vision_datasets/self-driving-car-v2-split/train/1478732495292285932_jpg.rf.1fccbc72cde0d20031f375999e941ac1.jpg,train,mllm_selection,1478732495292285932
driving,1478732862895190655_jpg.rf.3ecd4db30d79231ba004c53f757b0313,/home/felix/vision_datasets/self-driving-car-v2-split/train/1478732862895190655_jpg.rf.3ecd4db30d79231ba004c53f757b0313.jpg,train,mllm_selection,1478732862895190655
driving,1478021154724717999_jpg.rf.0204e0941abf344f59c36513b7d313bc,/home/felix/vision_datasets/self-driving-car-v2-split/train/1478021154724717999_jpg.rf.0204e0941abf344f59c36513b7d313bc.jpg,train,mllm_selection,1478021154724717999
driving,1478021608576822254_jpg.rf.962c4e77fe295170fa2258bac9f27430,/home/felix/vision_datasets/self-driving-car-v2-split/train/1478021608576822254_jpg.rf.962c4e77fe295170fa2258bac9f27430.jpg,train,mllm_selection,1478021608576822254
driving,1478732526261045472_jpg.rf.96a3a6ceb5a24256a535f8ada78a95af,/home/felix/vision_datasets/self-driving-car-v2-split/train/1478732526261045472_jpg.rf.96a3a6ceb5a24256a535f8ada78a95af.jpg,train,mllm_selection,1478732526261045472
driving,1478732884114003941_jpg.rf.dce55d4c669af08edc1d4a1ea12a8c58,/home/felix/vision_datasets/self-driving-car-v2-split/train/1478732884114003941_jpg.rf.dce55d4c669af08edc1d4a1ea12a8c58.jpg,train,mllm_selection,1478732884114003941
driving,1478021931585416675_jpg.rf.011ce4e9427319f956e431c3aab84184,/home/felix/vision_datasets/self-driving-car-v2-split/train/1478021931585416675_jpg.rf.011ce4e9427319f956e431c3aab84184.jpg,train,mllm_selection,1478021931585416675
driving,1478732764831242891_jpg.rf.0f21b49c1d7390f945872d12add2c641,/home/felix/vision_datasets/self-driving-car-v2-split/train/1478732764831242891_jpg.rf.0f21b49c1d7390f945872d12add2c641.jpg,train,mllm_selection,1478732764831242891
driving,1478732828487816411_jpg.rf.de60d9611b6159807cf3279736a1e4d5,/home/felix/vision_datasets/self-driving-car-v2-split/train/1478732828487816411_jpg.rf.de60d9611b6159807cf3279736a1e4d5.jpg,train,mllm_selection,1478732828487816411
driving,1478021662083250457_jpg.rf.215ee61615ce8358b76b2fe128aa68cb,/home/felix/vision_datasets/self-driving-car-v2-split/train/1478021662083250457_jpg.rf.215ee61615ce8358b76b2fe128aa68cb.jpg,train,mllm_selection,1478021662083250457
driving,1478732672498749946_jpg.rf.12675f927f74a931eccdb384e5b0f3b3,/home/felix/vision_datasets/self-driving-car-v2-split/train/1478732672498749946_jpg.rf.12675f927f74a931eccdb384e5b0f3b3.jpg,train,mllm_selection,1478732672498749946
driving,1478732468338304122_jpg.rf.408e4af8380bcd0e12a99bd827c0e4a5,/home/felix/vision_datasets/self-driving-car-v2-split/train/1478732468338304122_jpg.rf.408e4af8380bcd0e12a99bd827c0e4a5.jpg,train,mllm_selection,1478732468338304122
driving,1478731953349764856_jpg.rf.9f779affab0dec538107efbd0c756414,/home/felix/vision_datasets/self-driving-car-v2-split/train/1478731953349764856_jpg.rf.9f779affab0dec538107efbd0c756414.jpg,train,mllm_selection,1478731953349764856
driving,1478732345613817455_jpg.rf.86683294580aa0e6f3919f69eda3378a,/home/felix/vision_datasets/self-driving-car-v2-split/train/1478732345613817455_jpg.rf.86683294580aa0e6f3919f69eda3378a.jpg,train,mllm_selection,1478732345613817455
driving,1478732604254551895_jpg.rf.f4b1c1ae6eeb6b8a171049adf120bf7b,/home/felix/vision_datasets/self-driving-car-v2-split/train/1478732604254551895_jpg.rf.f4b1c1ae6eeb6b8a171049adf120bf7b.jpg,train,mllm_selection,1478732604254551895
driving,1478732143746426635_jpg.rf.7acd807d9878a1fe922529a86aa3c8c3,/home/felix/vision_datasets/self-driving-car-v2-split/train/1478732143746426635_jpg.rf.7acd807d9878a1fe922529a86aa3c8c3.jpg,train,mllm_selection,1478732143746426635
driving,1478021905587595675_jpg.rf.54c93c2ecfd2e2ad5bebd54c7f89430c,/home/felix/vision_datasets/self-driving-car-v2-split/train/1478021905587595675_jpg.rf.54c93c2ecfd2e2ad5bebd54c7f89430c.jpg,train,mllm_selection,1478021905587595675
driving,1478732408122474412_jpg.rf.96575227133bbf516fb7c3592ccf8cb8,/home/felix/vision_datasets/self-driving-car-v2-split/train/1478732408122474412_jpg.rf.96575227133bbf516fb7c3592ccf8cb8.jpg,train,mllm_selection,1478732408122474412
driving,1478732074355740207_jpg.rf.d23cabde34ad325cb6e2c988f994fa93,/home/felix/vision_datasets/self-driving-car-v2-split/train/1478732074355740207_jpg.rf.d23cabde34ad325cb6e2c988f994fa93.jpg,train,mllm_selection,1478732074355740207
driving,1478732072634616777_jpg.rf.9aa68722b54d11d4f51f9828a1ca58d7,/home/felix/vision_datasets/self-driving-car-v2-split/train/1478732072634616777_jpg.rf.9aa68722b54d11d4f51f9828a1ca58d7.jpg,train,mllm_selection,1478732072634616777
driving,1478732196507455599_jpg.rf.5e76468e233d27dac705b7c44a17e7ea,/home/felix/vision_datasets/self-driving-car-v2-split/train/1478732196507455599_jpg.rf.5e76468e233d27dac705b7c44a17e7ea.jpg,train,mllm_selection,1478732196507455599
driving,1478021617576427725_jpg.rf.a4e3875edd33ea231c4f5b656937ccf3,/home/felix/vision_datasets/self-driving-car-v2-split/train/1478021617576427725_jpg.rf.a4e3875edd33ea231c4f5b656937ccf3.jpg,train,mllm_selection,1478021617576427725
driving,1478732748771550639_jpg.rf.02a1ec88dc180d895f7d6a170b147443,/home/felix/vision_datasets/self-driving-car-v2-split/train/1478732748771550639_jpg.rf.02a1ec88dc180d895f7d6a170b147443.jpg,train,mllm_selection,1478732748771550639
driving,1478021902589159804_jpg.rf.04afad8a1d26bd553ef04ec3bb7b9cd7,/home/felix/vision_datasets/self-driving-car-v2-split/train/1478021902589159804_jpg.rf.04afad8a1d26bd553ef04ec3bb7b9cd7.jpg,train,mllm_selection,1478021902589159804
driving,1478732554361019838_jpg.rf.585721d2a6e20d63066395f1fbaf3b5c,/home/felix/vision_datasets/self-driving-car-v2-split/train/1478732554361019838_jpg.rf.585721d2a6e20d63066395f1fbaf3b5c.jpg,train,mllm_selection,1478732554361019838
driving,1478732081810707370_jpg.rf.914431e2128a8799628b9145119f9058,/home/felix/vision_datasets/self-driving-car-v2-split/train/1478732081810707370_jpg.rf.914431e2128a8799628b9145119f9058.jpg,train,mllm_selection,1478732081810707370
driving,1478019976687231684_jpg.rf.0a3c4ccddf1559340d1f52766be04db2,/home/felix/vision_datasets/self-driving-car-v2-split/train/1478019976687231684_jpg.rf.0a3c4ccddf1559340d1f52766be04db2.jpg,train,mllm_selection,1478019976687231684
driving,1478732031343670343_jpg.rf.d320e063ea8a45c37276c6ea43982cb2,/home/felix/vision_datasets/self-driving-car-v2-split/train/1478732031343670343_jpg.rf.d320e063ea8a45c37276c6ea43982cb2.jpg,train,mllm_selection,1478732031343670343
driving,1478732413858417586_jpg.rf.820218150db37a3f86e423b23713b9ab,/home/felix/vision_datasets/self-driving-car-v2-split/train/1478732413858417586_jpg.rf.820218150db37a3f86e423b23713b9ab.jpg,train,mllm_selection,1478732413858417586
driving,1478732631781662779_jpg.rf.d2e3684416e615546d48c4db5855f721,/home/felix/vision_datasets/self-driving-car-v2-split/train/1478732631781662779_jpg.rf.d2e3684416e615546d48c4db5855f721.jpg,train,mllm_selection,1478732631781662779
driving,1478732546332147821_jpg.rf.fafcc8bf964da3bbde0d3dea5f7a6fcf,/home/felix/vision_datasets/self-driving-car-v2-split/train/1478732546332147821_jpg.rf.fafcc8bf964da3bbde0d3dea5f7a6fcf.jpg,train,mllm_selection,1478732546332147821
driving,1478732269913581781_jpg.rf.68063a56d6db4cb922f3825e6133ce91,/home/felix/vision_datasets/self-driving-car-v2-split/train/1478732269913581781_jpg.rf.68063a56d6db4cb922f3825e6133ce91.jpg,train,mllm_selection,1478732269913581781
driving,1478731907470831607_jpg.rf.f0ee52cc470e3a1d1e2be7244688acd8,/home/felix/vision_datasets/self-driving-car-v2-split/train/1478731907470831607_jpg.rf.f0ee52cc470e3a1d1e2be7244688acd8.jpg,train,mllm_selection,1478731907470831607
driving,1478021878081153092_jpg.rf.5987fdb0a5a001390db78d45f2a2283a,/home/felix/vision_datasets/self-driving-car-v2-split/train/1478021878081153092_jpg.rf.5987fdb0a5a001390db78d45f2a2283a.jpg,train,mllm_selection,1478021878081153092
driving,1478019977188852426_jpg.rf.2c692b8f11091ad527487338c581032e,/home/felix/vision_datasets/self-driving-car-v2-split/train/1478019977188852426_jpg.rf.2c692b8f11091ad527487338c581032e.jpg,train,mllm_selection,1478019977188852426
driving,1478731998082149862_jpg.rf.083d4a74c53f937658c44b12ec0849ce,/home/felix/vision_datasets/self-driving-car-v2-split/train/1478731998082149862_jpg.rf.083d4a74c53f937658c44b12ec0849ce.jpg,train,mllm_selection,1478731998082149862
driving,1478021896588716846_jpg.rf.960a88f1ef7e5af9a5f946599248b0d0,/home/felix/vision_datasets/self-driving-car-v2-split/train/1478021896588716846_jpg.rf.960a88f1ef7e5af9a5f946599248b0d0.jpg,train,mllm_selection,1478021896588716846
driving,1478021159724806389_jpg.rf.938e024cdec567f0d6467ba04530edd5,/home/felix/vision_datasets/self-driving-car-v2-split/train/1478021159724806389_jpg.rf.938e024cdec567f0d6467ba04530edd5.jpg,train,mllm_selection,1478021159724806389
driving,1478732518804625884_jpg.rf.c379fbb3dc767f510c1fa4b35d75dbe7,/home/felix/vision_datasets/self-driving-car-v2-split/train/1478732518804625884_jpg.rf.c379fbb3dc767f510c1fa4b35d75dbe7.jpg,train,mllm_selection,1478732518804625884
driving,1478731896001615531_jpg.rf.4c83432a8546e001b44f3bc3dcf55c23,/home/felix/vision_datasets/self-driving-car-v2-split/train/1478731896001615531_jpg.rf.4c83432a8546e001b44f3bc3dcf55c23.jpg,train,mllm_selection,1478731896001615531
driving,1478732783181723805_jpg.rf.647bc4e39367542db282001cfedb6287,/home/felix/vision_datasets/self-driving-car-v2-split/train/1478732783181723805_jpg.rf.647bc4e39367542db282001cfedb6287.jpg,train,mllm_selection,1478732783181723805
driving,1478732000375354870_jpg.rf.fc6350a02ebd5dd84de21dd53e6b2322,/home/felix/vision_datasets/self-driving-car-v2-split/train/1478732000375354870_jpg.rf.fc6350a02ebd5dd84de21dd53e6b2322.jpg,train,mllm_selection,1478732000375354870
driving,1478732999383740673_jpg.rf.4236ef10f9297f5ab9b41f93f2b5e6b5,/home/felix/vision_datasets/self-driving-car-v2-split/train/1478732999383740673_jpg.rf.4236ef10f9297f5ab9b41f93f2b5e6b5.jpg,train,mllm_selection,1478732999383740673
driving,1478732959813751284_jpg.rf.175ab0866f554b3d6933214eeca63f62,/home/felix/vision_datasets/self-driving-car-v2-split/train/1478732959813751284_jpg.rf.175ab0866f554b3d6933214eeca63f62.jpg,train,mllm_selection,1478732959813751284
driving,1478731901163062349_jpg.rf.8684fea3598b31b0c237455a9ac9f8f9,/home/felix/vision_datasets/self-driving-car-v2-split/train/1478731901163062349_jpg.rf.8684fea3598b31b0c237455a9ac9f8f9.jpg,train,mllm_selection,1478731901163062349
driving,1478733012574771129_jpg.rf.b896f6a7cabfc815f25b4177152643b0,/home/felix/vision_datasets/self-driving-car-v2-split/train/1478733012574771129_jpg.rf.b896f6a7cabfc815f25b4177152643b0.jpg,train,mllm_selection,1478733012574771129
driving,1478021850080261112_jpg.rf.a793867cf91e53b06a053485022879d3,/home/felix/vision_datasets/self-driving-car-v2-split/train/1478021850080261112_jpg.rf.a793867cf91e53b06a053485022879d3.jpg,train,mllm_selection,1478021850080261112
driving,1478733005692534157_jpg.rf.ad6ba390e5b716aeac15e0f2ac594f9b,/home/felix/vision_datasets/self-driving-car-v2-split/train/1478733005692534157_jpg.rf.ad6ba390e5b716aeac15e0f2ac594f9b.jpg,train,mllm_selection,1478733005692534157
driving,1478732092132913779_jpg.rf.456fbb62f4bd7d20b11955ca48ebbb92,/home/felix/vision_datasets/self-driving-car-v2-split/train/1478732092132913779_jpg.rf.456fbb62f4bd7d20b11955ca48ebbb92.jpg,train,mllm_selection,1478732092132913779
driving,1478732904759308344_jpg.rf.1ccc8500db73ff235646c876b5c759df,/home/felix/vision_datasets/self-driving-car-v2-split/train/1478732904759308344_jpg.rf.1ccc8500db73ff235646c876b5c759df.jpg,train,mllm_selection,1478732904759308344
driving,1478731898869303551_jpg.rf.50ba73e6d86c0f630be1c3c0780b633d,/home/felix/vision_datasets/self-driving-car-v2-split/train/1478731898869303551_jpg.rf.50ba73e6d86c0f630be1c3c0780b633d.jpg,train,mllm_selection,1478731898869303551
driving,1478021860086872697_jpg.rf.5df5804d7df72eb77e61d30bb2b2f7f5,/home/felix/vision_datasets/self-driving-car-v2-split/train/1478021860086872697_jpg.rf.5df5804d7df72eb77e61d30bb2b2f7f5.jpg,train,mllm_selection,1478021860086872697
driving,1478731987758900372_jpg.rf.dbaaa309dbfd3d2244c655d513619e28,/home/felix/vision_datasets/self-driving-car-v2-split/train/1478731987758900372_jpg.rf.dbaaa309dbfd3d2244c655d513619e28.jpg,train,mllm_selection,1478731987758900372
driving,1478021925090036791_jpg.rf.102ee1f6a5a3d7322011bcf7e34f159f,/home/felix/vision_datasets/self-driving-car-v2-split/train/1478021925090036791_jpg.rf.102ee1f6a5a3d7322011bcf7e34f159f.jpg,train,mllm_selection,1478021925090036791
driving,1478732669630939155_jpg.rf.118512d87fba69de5231517e1b78fc2a,/home/felix/vision_datasets/self-driving-car-v2-split/train/1478732669630939155_jpg.rf.118512d87fba69de5231517e1b78fc2a.jpg,train,mllm_selection,1478732669630939155
driving,1478732329555758961_jpg.rf.590a1898ff9f63f86f08cfbc783c9051,/home/felix/vision_datasets/self-driving-car-v2-split/train/1478732329555758961_jpg.rf.590a1898ff9f63f86f08cfbc783c9051.jpg,train,mllm_selection,1478732329555758961
driving,1478732911640793344_jpg.rf.2c71395da09355ccd416ab4580ff1cb8,/home/felix/vision_datasets/self-driving-car-v2-split/train/1478732911640793344_jpg.rf.2c71395da09355ccd416ab4580ff1cb8.jpg,train,mllm_selection,1478732911640793344
driving,1478732869776617995_jpg.rf.b4d3432ea9ffdd28adedc9f54bc3e3a0,/home/felix/vision_datasets/self-driving-car-v2-split/train/1478732869776617995_jpg.rf.b4d3432ea9ffdd28adedc9f54bc3e3a0.jpg,train,mllm_selection,1478732869776617995
driving,1478732384610187947_jpg.rf.19c4b8e30e7e7f332369e69c859b83a7,/home/felix/vision_datasets/self-driving-car-v2-split/train/1478732384610187947_jpg.rf.19c4b8e30e7e7f332369e69c859b83a7.jpg,train,mllm_selection,1478732384610187947
driving,1478732001523252215_jpg.rf.6cbe27ee656645677a43527a2a503c0f,/home/felix/vision_datasets/self-driving-car-v2-split/train/1478732001523252215_jpg.rf.6cbe27ee656645677a43527a2a503c0f.jpg,train,mllm_selection,1478732001523252215
driving,1478732536009531711_jpg.rf.7022fa2bef2b55ffb9bad00b537cac9a,/home/felix/vision_datasets/self-driving-car-v2-split/train/1478732536009531711_jpg.rf.7022fa2bef2b55ffb9bad00b537cac9a.jpg,train,mllm_selection,1478732536009531711
driving,1478732928271874735_jpg.rf.a6fb569484bdfb68b09f1923087b4943,/home/felix/vision_datasets/self-driving-car-v2-split/train/1478732928271874735_jpg.rf.a6fb569484bdfb68b09f1923087b4943.jpg,train,mllm_selection,1478732928271874735
driving,1478021649579424118_jpg.rf.d404dfec244ad5d6e26296dec93d53ee,/home/felix/vision_datasets/self-driving-car-v2-split/train/1478021649579424118_jpg.rf.d404dfec244ad5d6e26296dec93d53ee.jpg,train,mllm_selection,1478021649579424118
driving,1478732973003710266_jpg.rf.093c55a289202aca8e2f5611b41f983b,/home/felix/vision_datasets/self-driving-car-v2-split/train/1478732973003710266_jpg.rf.093c55a289202aca8e2f5611b41f983b.jpg,train,mllm_selection,1478732973003710266
driving,1478732743611832082_jpg.rf.b38af64739e4cdc9bb133f30e5ba2840,/home/felix/vision_datasets/self-driving-car-v2-split/train/1478732743611832082_jpg.rf.b38af64739e4cdc9bb133f30e5ba2840.jpg,train,mllm_selection,1478732743611832082
driving,1478732870350804180_jpg.rf.a63cd5ca995ac635c62ad04d236bc33a,/home/felix/vision_datasets/self-driving-car-v2-split/train/1478732870350804180_jpg.rf.a63cd5ca995ac635c62ad04d236bc33a.jpg,train,mllm_selection,1478732870350804180
driving,1478732712642175388_jpg.rf.6caee207b6517328db228ad6881be144,/home/felix/vision_datasets/self-driving-car-v2-split/train/1478732712642175388_jpg.rf.6caee207b6517328db228ad6881be144.jpg,train,mllm_selection,1478732712642175388
driving,1478731889119347011_jpg.rf.084d779be20009862279df142323cb86,/home/felix/vision_datasets/self-driving-car-v2-split/train/1478731889119347011_jpg.rf.084d779be20009862279df142323cb86.jpg,train,mllm_selection,1478731889119347011
driving,1478732640957558254_jpg.rf.ccdb92fd92cfc950c47672f143323626,/home/felix/vision_datasets/self-driving-car-v2-split/train/1478732640957558254_jpg.rf.ccdb92fd92cfc950c47672f143323626.jpg,train,mllm_selection,1478732640957558254
driving,1478021640575939658_jpg.rf.8f964edae10434a4cc1e747aa7dbc4db,/home/felix/vision_datasets/self-driving-car-v2-split/train/1478021640575939658_jpg.rf.8f964edae10434a4cc1e747aa7dbc4db.jpg,train,mllm_selection,1478021640575939658
driving,1478732318085711649_jpg.rf.53f4b441e746706e7f740f13d68f5c3d,/home/felix/vision_datasets/self-driving-car-v2-split/train/1478732318085711649_jpg.rf.53f4b441e746706e7f740f13d68f5c3d.jpg,train,mllm_selection,1478732318085711649
driving,1478732491277771696_jpg.rf.217e836937ae2b909d9ef6a65086757e,/home/felix/vision_datasets/self-driving-car-v2-split/train/1478732491277771696_jpg.rf.217e836937ae2b909d9ef6a65086757e.jpg,train,mllm_selection,1478732491277771696
driving,1478732081237231644_jpg.rf.2ee5e318663f41f208fa0530d0619600,/home/felix/vision_datasets/self-driving-car-v2-split/train/1478732081237231644_jpg.rf.2ee5e318663f41f208fa0530d0619600.jpg,train,mllm_selection,1478732081237231644
driving,1478021864589356545_jpg.rf.56d39b2ec29c4fddce4c8ea891b6ee42,/home/felix/vision_datasets/self-driving-car-v2-split/train/1478021864589356545_jpg.rf.56d39b2ec29c4fddce4c8ea891b6ee42.jpg,train,mllm_selection,1478021864589356545
driving,1478732455148437496_jpg.rf.0ba04febf371cd975a7800ad13352db0,/home/felix/vision_datasets/self-driving-car-v2-split/train/1478732455148437496_jpg.rf.0ba04febf371cd975a7800ad13352db0.jpg,train,mllm_selection,1478732455148437496
driving,1478732014713260168_jpg.rf.3544b4b3d04c5400db91016f4c84745f,/home/felix/vision_datasets/self-driving-car-v2-split/train/1478732014713260168_jpg.rf.3544b4b3d04c5400db91016f4c84745f.jpg,train,mllm_selection,1478732014713260168
driving,1478732311203942785_jpg.rf.19650dce24e075ec3bbe3930909d44cf,/home/felix/vision_datasets/self-driving-car-v2-split/train/1478732311203942785_jpg.rf.19650dce24e075ec3bbe3930909d44cf.jpg,train,mllm_selection,1478732311203942785
driving,1478732880672926600_jpg.rf.84f00ab0c06b5f7f9614b9140e942d92,/home/felix/vision_datasets/self-driving-car-v2-split/train/1478732880672926600_jpg.rf.84f00ab0c06b5f7f9614b9140e942d92.jpg,train,mllm_selection,1478732880672926600
driving,1478021876087805163_jpg.rf.15d50affa42b90c30ca9e8c68587ce70,/home/felix/vision_datasets/self-driving-car-v2-split/train/1478021876087805163_jpg.rf.15d50affa42b90c30ca9e8c68587ce70.jpg,train,mllm_selection,1478021876087805163
driving,1478732374860896278_jpg.rf.bcd958ae8024cf556b51eee39790d6ea,/home/felix/vision_datasets/self-driving-car-v2-split/train/1478732374860896278_jpg.rf.bcd958ae8024cf556b51eee39790d6ea.jpg,train,mllm_selection,1478732374860896278
driving,1478732956373191280_jpg.rf.69624fccbb1e6ed99532750f810554bb,/home/felix/vision_datasets/self-driving-car-v2-split/train/1478732956373191280_jpg.rf.69624fccbb1e6ed99532750f810554bb.jpg,train,mllm_selection,1478732956373191280
driving,1478021613074478818_jpg.rf.9694c6a6f4ad5409947d094301af093b,/home/felix/vision_datasets/self-driving-car-v2-split/train/1478021613074478818_jpg.rf.9694c6a6f4ad5409947d094301af093b.jpg,train,mllm_selection,1478021613074478818
driving,1478731959658465138_jpg.rf.dd9299cfc7c8597cb114c0b17aa12eb8,/home/felix/vision_datasets/self-driving-car-v2-split/train/1478731959658465138_jpg.rf.dd9299cfc7c8597cb114c0b17aa12eb8.jpg,train,mllm_selection,1478731959658465138
driving,1478732395505935463_jpg.rf.b54a120c5c10b2f86770f9508de42144,/home/felix/vision_datasets/self-driving-car-v2-split/train/1478732395505935463_jpg.rf.b54a120c5c10b2f86770f9508de42144.jpg,train,mllm_selection,1478732395505935463
driving,1478732564686016311_jpg.rf.344f4405105fc5de26ec712d77aa93a0,/home/felix/vision_datasets/self-driving-car-v2-split/train/1478732564686016311_jpg.rf.344f4405105fc5de26ec712d77aa93a0.jpg,train,mllm_selection,1478732564686016311
driving,1478732759667751282_jpg.rf.8d9a8000b6ab90160a2b8d5a5bda607c,/home/felix/vision_datasets/self-driving-car-v2-split/train/1478732759667751282_jpg.rf.8d9a8000b6ab90160a2b8d5a5bda607c.jpg,train,mllm_selection,1478732759667751282
driving,1478732017007188764_jpg.rf.abbc52a67ff38d1661c7d7041d6c328c,/home/felix/vision_datasets/self-driving-car-v2-split/train/1478732017007188764_jpg.rf.abbc52a67ff38d1661c7d7041d6c328c.jpg,train,mllm_selection,1478732017007188764
driving,1478021883089173126_jpg.rf.14e1be0af6f243707ee27b9efa5d2364,/home/felix/vision_datasets/self-driving-car-v2-split/train/1478021883089173126_jpg.rf.14e1be0af6f243707ee27b9efa5d2364.jpg,train,mllm_selection,1478021883089173126
driving,1478732959239888095_jpg.rf.50ccb005b6dedae76bdbf286cee1735e,/home/felix/vision_datasets/self-driving-car-v2-split/train/1478732959239888095_jpg.rf.50ccb005b6dedae76bdbf286cee1735e.jpg,train,mllm_selection,1478732959239888095
driving,1478732981607850769_jpg.rf.a1bae8b9432752fa44baab075b1b7df8,/home/felix/vision_datasets/self-driving-car-v2-split/train/1478732981607850769_jpg.rf.a1bae8b9432752fa44baab075b1b7df8.jpg,train,mllm_selection,1478732981607850769
driving,1478732047401147119_jpg.rf.e87c74e8ccb90b1fcc269826d81f7105,/home/felix/vision_datasets/self-driving-car-v2-split/train/1478732047401147119_jpg.rf.e87c74e8ccb90b1fcc269826d81f7105.jpg,train,mllm_selection,1478732047401147119
driving,1478021585574385123_jpg.rf.c08083b75f88df114fb3635956d00e5f,/home/felix/vision_datasets/self-driving-car-v2-split/train/1478021585574385123_jpg.rf.c08083b75f88df114fb3635956d00e5f.jpg,train,mllm_selection,1478021585574385123
driving,1478733002825558239_jpg.rf.37fbc13cdc13a2c10ee291423199f9c1,/home/felix/vision_datasets/self-driving-car-v2-split/train/1478733002825558239_jpg.rf.37fbc13cdc13a2c10ee291423199f9c1.jpg,train,mllm_selection,1478733002825558239
driving,1478732359377563290_jpg.rf.72311bc5636895f283073850ca5c4678,/home/felix/vision_datasets/self-driving-car-v2-split/train/1478732359377563290_jpg.rf.72311bc5636895f283073850ca5c4678.jpg,train,mllm_selection,1478732359377563290
driving,1478732052563352674_jpg.rf.332043728047b2a75bc43b1ca391e4bb,/home/felix/vision_datasets/self-driving-car-v2-split/train/1478732052563352674_jpg.rf.332043728047b2a75bc43b1ca391e4bb.jpg,train,mllm_selection,1478732052563352674
driving,1478022253592901370_jpg.rf.1b0440667a911b836bc48398507703eb,/home/felix/vision_datasets/self-driving-car-v2-split/train/1478022253592901370_jpg.rf.1b0440667a911b836bc48398507703eb.jpg,train,mllm_selection,1478022253592901370
driving,1478732977019826643_jpg.rf.d3cbd503b508299c5a4c1fe352138f6e,/home/felix/vision_datasets/self-driving-car-v2-split/train/1478732977019826643_jpg.rf.d3cbd503b508299c5a4c1fe352138f6e.jpg,train,mllm_selection,1478732977019826643
driving,1478732201669510844_jpg.rf.92285f32e20ac8bf8b4f4e5a1aded612,/home/felix/vision_datasets/self-driving-car-v2-split/train/1478732201669510844_jpg.rf.92285f32e20ac8bf8b4f4e5a1aded612.jpg,train,mllm_selection,1478732201669510844
driving,1478732433356415207_jpg.rf.0a43bf461b8334ec873b6287937ca82b,/home/felix/vision_datasets/self-driving-car-v2-split/train/1478732433356415207_jpg.rf.0a43bf461b8334ec873b6287937ca82b.jpg,train,mllm_selection,1478732433356415207
driving,1478732126544546329_jpg.rf.18dbb6371f2e16f84e227a1f5441c9a4,/home/felix/vision_datasets/self-driving-car-v2-split/train/1478732126544546329_jpg.rf.18dbb6371f2e16f84e227a1f5441c9a4.jpg,train,mllm_selection,1478732126544546329
driving,1478022263093861310_jpg.rf.bd87c978d5e2a14babc0ce0d3c3e6274,/home/felix/vision_datasets/self-driving-car-v2-split/train/1478022263093861310_jpg.rf.bd87c978d5e2a14babc0ce0d3c3e6274.jpg,train,mllm_selection,1478022263093861310
driving,1478732992502366708_jpg.rf.a09d88b325f9eaf02e4e55936c60d98f,/home/felix/vision_datasets/self-driving-car-v2-split/train/1478732992502366708_jpg.rf.a09d88b325f9eaf02e4e55936c60d98f.jpg,train,mllm_selection,1478732992502366708
driving,1478732233210079567_jpg.rf.ca0ab6e21fc2469566fec3f05cfacfbf,/home/felix/vision_datasets/self-driving-car-v2-split/train/1478732233210079567_jpg.rf.ca0ab6e21fc2469566fec3f05cfacfbf.jpg,train,mllm_selection,1478732233210079567
driving,1478731921808506589_jpg.rf.a9d3422978a043671ea2f6cc83fa5fce,/home/felix/vision_datasets/self-driving-car-v2-split/train/1478731921808506589_jpg.rf.a9d3422978a043671ea2f6cc83fa5fce.jpg,train,mllm_selection,1478731921808506589
driving,1478732330128927059_jpg.rf.e31c0cec53397a67faa3a810b73ce1d6,/home/felix/vision_datasets/self-driving-car-v2-split/train/1478732330128927059_jpg.rf.e31c0cec53397a67faa3a810b73ce1d6.jpg,train,mllm_selection,1478732330128927059
driving,1478019976185898081_jpg.rf.f58267a7ba4c9e4d814b55a0899198a9,/home/felix/vision_datasets/self-driving-car-v2-split/train/1478019976185898081_jpg.rf.f58267a7ba4c9e4d814b55a0899198a9.jpg,train,mllm_selection,1478019976185898081
driving,1478732299734500322_jpg.rf.726452acb2002d87bafa34f95b0b1f94,/home/felix/vision_datasets/self-driving-car-v2-split/train/1478732299734500322_jpg.rf.726452acb2002d87bafa34f95b0b1f94.jpg,train,mllm_selection,1478732299734500322
driving,1478732576153869628_jpg.rf.a85beb88e5f4b8a750cbe3ec946ff617,/home/felix/vision_datasets/self-driving-car-v2-split/train/1478732576153869628_jpg.rf.a85beb88e5f4b8a750cbe3ec946ff617.jpg,train,mllm_selection,1478732576153869628
driving,1478733020603231956_jpg.rf.56c9a2ecd076a15089aa2f86aeaf7f7f,/home/felix/vision_datasets/self-driving-car-v2-split/train/1478733020603231956_jpg.rf.56c9a2ecd076a15089aa2f86aeaf7f7f.jpg,train,mllm_selection,1478733020603231956
driving,1478732507909211028_jpg.rf.ba361dc8e5af40616e2bd6331f7b6bfb,/home/felix/vision_datasets/self-driving-car-v2-split/train/1478732507909211028_jpg.rf.ba361dc8e5af40616e2bd6331f7b6bfb.jpg,train,mllm_selection,1478732507909211028
driving,1478022264601699000_jpg.rf.42de12e097cff4769df1eade447e1948,/home/felix/vision_datasets/self-driving-car-v2-split/train/1478022264601699000_jpg.rf.42de12e097cff4769df1eade447e1948.jpg,train,mllm_selection,1478022264601699000
driving,1478732279664508657_jpg.rf.910197072bb375fb619958f511a55041,/home/felix/vision_datasets/self-driving-car-v2-split/train/1478732279664508657_jpg.rf.910197072bb375fb619958f511a55041.jpg,train,mllm_selection,1478732279664508657
driving,1478021892588981749_jpg.rf.a01e976b601b334b29078784ed2c5138,/home/felix/vision_datasets/self-driving-car-v2-split/train/1478021892588981749_jpg.rf.a01e976b601b334b29078784ed2c5138.jpg,train,mllm_selection,1478021892588981749
driving,1478732530275036853_jpg.rf.c6a76cc2700f913d9b6ceeaec93d2fe6,/home/felix/vision_datasets/self-driving-car-v2-split/train/1478732530275036853_jpg.rf.c6a76cc2700f913d9b6ceeaec93d2fe6.jpg,train,mllm_selection,1478732530275036853
driving,1478732078943328360_jpg.rf.a3c9f0d0d632787fc7397d3d82e3de4a,/home/felix/vision_datasets/self-driving-car-v2-split/train/1478732078943328360_jpg.rf.a3c9f0d0d632787fc7397d3d82e3de4a.jpg,train,mllm_selection,1478732078943328360
driving,1478732400667372120_jpg.rf.90aca5063e8d121f427732e1b217819d,/home/felix/vision_datasets/self-driving-car-v2-split/train/1478732400667372120_jpg.rf.90aca5063e8d121f427732e1b217819d.jpg,train,mllm_selection,1478732400667372120
driving,1478732035932644154_jpg.rf.4f2f248cb19a10783b73702dccf7db5f,/home/felix/vision_datasets/self-driving-car-v2-split/train/1478732035932644154_jpg.rf.4f2f248cb19a10783b73702dccf7db5f.jpg,train,mllm_selection,1478732035932644154
driving,1478732077796237179_jpg.rf.2a10e8be1d4b4df3a5d8444bfce8324c,/home/felix/vision_datasets/self-driving-car-v2-split/train/1478732077796237179_jpg.rf.2a10e8be1d4b4df3a5d8444bfce8324c.jpg,train,mllm_selection,1478732077796237179
driving,1478732970709600644_jpg.rf.725ba9046e75fc5d158069c9a5ddb3de,/home/felix/vision_datasets/self-driving-car-v2-split/train/1478732970709600644_jpg.rf.725ba9046e75fc5d158069c9a5ddb3de.jpg,train,mllm_selection,1478732970709600644
driving,1478732025036750713_jpg.rf.d4e8af87e7de044cb2b7caea7a6888ed,/home/felix/vision_datasets/self-driving-car-v2-split/train/1478732025036750713_jpg.rf.d4e8af87e7de044cb2b7caea7a6888ed.jpg,train,mllm_selection,1478732025036750713
driving,1478732546906050908_jpg.rf.3ba43a236bd0d4e085a6922aa5c45e9b,/home/felix/vision_datasets/self-driving-car-v2-split/train/1478732546906050908_jpg.rf.3ba43a236bd0d4e085a6922aa5c45e9b.jpg,train,mllm_selection,1478732546906050908
driving,1478733030926284991_jpg.rf.8bbd45550df7148b1ac152800f7a3bdb,/home/felix/vision_datasets/self-driving-car-v2-split/train/1478733030926284991_jpg.rf.8bbd45550df7148b1ac152800f7a3bdb.jpg,train,mllm_selection,1478733030926284991
driving,1478732810708095534_jpg.rf.dea0d54b3294a483cde1aefe39dff677,/home/felix/vision_datasets/self-driving-car-v2-split/train/1478732810708095534_jpg.rf.dea0d54b3294a483cde1aefe39dff677.jpg,train,mllm_selection,1478732810708095534
driving,1478731968260529122_jpg.rf.b908caa90774de3f0810a9f75fb399a2,/home/felix/vision_datasets/self-driving-car-v2-split/train/1478731968260529122_jpg.rf.b908caa90774de3f0810a9f75fb399a2.jpg,train,mllm_selection,1478731968260529122
driving,1478021589082758316_jpg.rf.ba15e167b13fc8000dd8f0d5c8113d89,/home/felix/vision_datasets/self-driving-car-v2-split/train/1478021589082758316_jpg.rf.ba15e167b13fc8000dd8f0d5c8113d89.jpg,train,mllm_selection,1478021589082758316
driving,1478732997089759981_jpg.rf.25f361f6d2cb35d8d1c3036a9f747bcc,/home/felix/vision_datasets/self-driving-car-v2-split/train/1478732997089759981_jpg.rf.25f361f6d2cb35d8d1c3036a9f747bcc.jpg,train,mllm_selection,1478732997089759981
driving,1478731941307150648_jpg.rf.098f075cd8969d04448b488e3d90c8a4,/home/felix/vision_datasets/self-driving-car-v2-split/train/1478731941307150648_jpg.rf.098f075cd8969d04448b488e3d90c8a4.jpg,train,mllm_selection,1478731941307150648
driving,1478732117366293490_jpg.rf.e22e51a8a22a64e585eb3701cf021304,/home/felix/vision_datasets/self-driving-car-v2-split/train/1478732117366293490_jpg.rf.e22e51a8a22a64e585eb3701cf021304.jpg,train,mllm_selection,1478732117366293490
driving,1478021914085104517_jpg.rf.4e5b9ff84749f48017c564093532c694,/home/felix/vision_datasets/self-driving-car-v2-split/train/1478021914085104517_jpg.rf.4e5b9ff84749f48017c564093532c694.jpg,train,mllm_selection,1478021914085104517
driving,1478731980877245249_jpg.rf.18aee0f199b246ba433e13824ba0d03c,/home/felix/vision_datasets/self-driving-car-v2-split/train/1478731980877245249_jpg.rf.18aee0f199b246ba433e13824ba0d03c.jpg,train,mllm_selection,1478731980877245249
driving,1478732177008552169_jpg.rf.1bd783c57ef192e6e47c58bef46385d9,/home/felix/vision_datasets/self-driving-car-v2-split/train/1478732177008552169_jpg.rf.1bd783c57ef192e6e47c58bef46385d9.jpg,train,mllm_selection,1478732177008552169
driving,1478732421886318609_jpg.rf.3d4c8b6f3b799ef9922a2b425458ddd2,/home/felix/vision_datasets/self-driving-car-v2-split/train/1478732421886318609_jpg.rf.3d4c8b6f3b799ef9922a2b425458ddd2.jpg,train,mllm_selection,1478732421886318609
driving,1478021923089905712_jpg.rf.d75257a245882ee363170d7802fe1b94,/home/felix/vision_datasets/self-driving-car-v2-split/train/1478021923089905712_jpg.rf.d75257a245882ee363170d7802fe1b94.jpg,train,mllm_selection,1478021923089905712
driving,1478732954078908212_jpg.rf.af7f25e79d94b0f7687d6aa6a79ee073,/home/felix/vision_datasets/self-driving-car-v2-split/train/1478732954078908212_jpg.rf.af7f25e79d94b0f7687d6aa6a79ee073.jpg,train,mllm_selection,1478732954078908212
driving,1478732160951255114_jpg.rf.33ac5986821a199fbdc7e6061c6444d9,/home/felix/vision_datasets/self-driving-car-v2-split/train/1478732160951255114_jpg.rf.33ac5986821a199fbdc7e6061c6444d9.jpg,train,mllm_selection,1478732160951255114
driving,1478732293426400685_jpg.rf.aedc8d7403a1157da83992b5e5ebe91c,/home/felix/vision_datasets/self-driving-car-v2-split/train/1478732293426400685_jpg.rf.aedc8d7403a1157da83992b5e5ebe91c.jpg,train,mllm_selection,1478732293426400685
driving,1478732014139090131_jpg.rf.00fe4ab2c690e0553c8d157000d4de19,/home/felix/vision_datasets/self-driving-car-v2-split/train/1478732014139090131_jpg.rf.00fe4ab2c690e0553c8d157000d4de19.jpg,train,mllm_selection,1478732014139090131
driving,1478731969407536895_jpg.rf.38e1d94fd3b93ca4a8ca61fc77bbb822,/home/felix/vision_datasets/self-driving-car-v2-split/train/1478731969407536895_jpg.rf.38e1d94fd3b93ca4a8ca61fc77bbb822.jpg,train,mllm_selection,1478731969407536895
driving,1478732607123747205_jpg.rf.b7f3005e017bd7de5cc4206c032ca83c,/home/felix/vision_datasets/self-driving-car-v2-split/train/1478732607123747205_jpg.rf.b7f3005e017bd7de5cc4206c032ca83c.jpg,train,mllm_selection,1478732607123747205
driving,1478021644075456605_jpg.rf.230a71c375fa2d4b0844dab6e24522bd,/home/felix/vision_datasets/self-driving-car-v2-split/train/1478021644075456605_jpg.rf.230a71c375fa2d4b0844dab6e24522bd.jpg,train,mllm_selection,1478021644075456605
driving,1478732942036055939_jpg.rf.00847ec856b6c929e9b66f75ae88c89c,/home/felix/vision_datasets/self-driving-car-v2-split/train/1478732942036055939_jpg.rf.00847ec856b6c929e9b66f75ae88c89c.jpg,train,mllm_selection,1478732942036055939
driving,1478731930410910839_jpg.rf.7dfb04233c80951863e3a8bee344fcbd,/home/felix/vision_datasets/self-driving-car-v2-split/train/1478731930410910839_jpg.rf.7dfb04233c80951863e3a8bee344fcbd.jpg,train,mllm_selection,1478731930410910839
driving,1478732166685603064_jpg.rf.70d9ec4e7e00641d570f25bb08c2408f,/home/felix/vision_datasets/self-driving-car-v2-split/train/1478732166685603064_jpg.rf.70d9ec4e7e00641d570f25bb08c2408f.jpg,train,mllm_selection,1478732166685603064
driving,1478731990626145056_jpg.rf.1cf7b5357647d4a07c96527fecece903,/home/felix/vision_datasets/self-driving-car-v2-split/train/1478731990626145056_jpg.rf.1cf7b5357647d4a07c96527fecece903.jpg,train,mllm_selection,1478731990626145056
driving,1478021135720396208_jpg.rf.7da87aa8a2532da5d17453be0bc38071,/home/felix/vision_datasets/self-driving-car-v2-split/train/1478021135720396208_jpg.rf.7da87aa8a2532da5d17453be0bc38071.jpg,train,mllm_selection,1478021135720396208
driving,1478021903590596215_jpg.rf.e945af10be2a0b0c2a52fcbe5eba2b1e,/home/felix/vision_datasets/self-driving-car-v2-split/train/1478021903590596215_jpg.rf.e945af10be2a0b0c2a52fcbe5eba2b1e.jpg,train,mllm_selection,1478021903590596215
driving,1478732405254709386_jpg.rf.fa43fd7dc8eb730191f49e0804b3337f,/home/felix/vision_datasets/self-driving-car-v2-split/train/1478732405254709386_jpg.rf.fa43fd7dc8eb730191f49e0804b3337f.jpg,train,mllm_selection,1478732405254709386
driving,1478732128835949470_jpg.rf.a05c6f33cbf0943d946ef56d1acc9f66,/home/felix/vision_datasets/self-driving-car-v2-split/train/1478732128835949470_jpg.rf.a05c6f33cbf0943d946ef56d1acc9f66.jpg,train,mllm_selection,1478732128835949470
driving,1478021150224630909_jpg.rf.5bc8bb0ab7041cc88a86854f8a55c2cb,/home/felix/vision_datasets/self-driving-car-v2-split/train/1478021150224630909_jpg.rf.5bc8bb0ab7041cc88a86854f8a55c2cb.jpg,train,mllm_selection,1478021150224630909
driving,1478732067475105076_jpg.rf.5e3ce14cb2a7cd270f3981f98ec2a448,/home/felix/vision_datasets/self-driving-car-v2-split/train/1478732067475105076_jpg.rf.5e3ce14cb2a7cd270f3981f98ec2a448.jpg,train,mllm_selection,1478732067475105076
driving,1478732490705753635_jpg.rf.7efb08a47723e01e728ab166a763bcab,/home/felix/vision_datasets/self-driving-car-v2-split/train/1478732490705753635_jpg.rf.7efb08a47723e01e728ab166a763bcab.jpg,train,mllm_selection,1478732490705753635
driving,1478732850851690173_jpg.rf.fc7f03a371fee1e651477f4253d14628,/home/felix/vision_datasets/self-driving-car-v2-split/train/1478732850851690173_jpg.rf.fc7f03a371fee1e651477f4253d14628.jpg,train,mllm_selection,1478732850851690173
driving,1478732346759978276_jpg.rf.a04574c930e7dc1f2d10f67decf256d9,/home/felix/vision_datasets/self-driving-car-v2-split/train/1478732346759978276_jpg.rf.a04574c930e7dc1f2d10f67decf256d9.jpg,train,mllm_selection,1478732346759978276
driving,1478732615723731043_jpg.rf.8831f4de6e4bf75ba6808fe6b6c7799e,/home/felix/vision_datasets/self-driving-car-v2-split/train/1478732615723731043_jpg.rf.8831f4de6e4bf75ba6808fe6b6c7799e.jpg,train,mllm_selection,1478732615723731043
driving,1478732854865862425_jpg.rf.a9f2bdbe2dcf369b11cbdec4835c2e31,/home/felix/vision_datasets/self-driving-car-v2-split/train/1478732854865862425_jpg.rf.a9f2bdbe2dcf369b11cbdec4835c2e31.jpg,train,mllm_selection,1478732854865862425
driving,1478732362817436731_jpg.rf.f304a1ff27f91e8f131ac908f3f534da,/home/felix/vision_datasets/self-driving-car-v2-split/train/1478732362817436731_jpg.rf.f304a1ff27f91e8f131ac908f3f534da.jpg,train,mllm_selection,1478732362817436731
driving,1478732292279307231_jpg.rf.3d8e822379a7b7819bbdaadf3a050c82,/home/felix/vision_datasets/self-driving-car-v2-split/train/1478732292279307231_jpg.rf.3d8e822379a7b7819bbdaadf3a050c82.jpg,train,mllm_selection,1478732292279307231
driving,1478731891987209643_jpg.rf.b9db78dd853442bdb45f466091768acd,/home/felix/vision_datasets/self-driving-car-v2-split/train/1478731891987209643_jpg.rf.b9db78dd853442bdb45f466091768acd.jpg,train,mllm_selection,1478731891987209643
driving,1478732678806654115_jpg.rf.1a46b6b534210a6247ed59b3307bc7dd,/home/felix/vision_datasets/self-driving-car-v2-split/train/1478732678806654115_jpg.rf.1a46b6b534210a6247ed59b3307bc7dd.jpg,train,mllm_selection,1478732678806654115
driving,1478732682820849017_jpg.rf.bb86da77423122fdc62b380c3cd94f34,/home/felix/vision_datasets/self-driving-car-v2-split/train/1478732682820849017_jpg.rf.bb86da77423122fdc62b380c3cd94f34.jpg,train,mllm_selection,1478732682820849017
driving,1478731944748439067_jpg.rf.8c61975da49f56ab6e88a3db536cb56d,/home/felix/vision_datasets/self-driving-car-v2-split/train/1478731944748439067_jpg.rf.8c61975da49f56ab6e88a3db536cb56d.jpg,train,mllm_selection,1478731944748439067
driving,1478022266601628879_jpg.rf.b1716dd9de712581dee748f736de86fe,/home/felix/vision_datasets/self-driving-car-v2-split/train/1478022266601628879_jpg.rf.b1716dd9de712581dee748f736de86fe.jpg,train,mllm_selection,1478022266601628879
driving,1478732394359230184_jpg.rf.d4bf76e5a0faa6de47337b4755638804,/home/felix/vision_datasets/self-driving-car-v2-split/train/1478732394359230184_jpg.rf.d4bf76e5a0faa6de47337b4755638804.jpg,train,mllm_selection,1478732394359230184
driving,1478732011845071344_jpg.rf.1c2691b45918bb44dfde3de0a335db8f,/home/felix/vision_datasets/self-driving-car-v2-split/train/1478732011845071344_jpg.rf.1c2691b45918bb44dfde3de0a335db8f.jpg,train,mllm_selection,1478732011845071344
driving,1478732881820398592_jpg.rf.2ee3e8f32603144be219270626d5cdc2,/home/felix/vision_datasets/self-driving-car-v2-split/train/1478732881820398592_jpg.rf.2ee3e8f32603144be219270626d5cdc2.jpg,train,mllm_selection,1478732881820398592
driving,1478021648077364490_jpg.rf.d8399fed72c31761e46d90ead288fa6c,/home/felix/vision_datasets/self-driving-car-v2-split/train/1478021648077364490_jpg.rf.d8399fed72c31761e46d90ead288fa6c.jpg,train,mllm_selection,1478021648077364490
driving,1478732952358016507_jpg.rf.c7b6a2b5e8b65649acad4188f7244f7e,/home/felix/vision_datasets/self-driving-car-v2-split/train/1478732952358016507_jpg.rf.c7b6a2b5e8b65649acad4188f7244f7e.jpg,train,mllm_selection,1478732952358016507
driving,1478732597946249816_jpg.rf.22d583802682509165f022a6658e2451,/home/felix/vision_datasets/self-driving-car-v2-split/train/1478732597946249816_jpg.rf.22d583802682509165f022a6658e2451.jpg,train,mllm_selection,1478732597946249816
driving,1478733020029320723_jpg.rf.5b9a8d21bb70193181ab7e9178526a94,/home/felix/vision_datasets/self-driving-car-v2-split/train/1478733020029320723_jpg.rf.5b9a8d21bb70193181ab7e9178526a94.jpg,train,mllm_selection,1478733020029320723
driving,1478732669056961562_jpg.rf.f0bd23e59e509c937af638e7fbce4a67,/home/felix/vision_datasets/self-driving-car-v2-split/train/1478732669056961562_jpg.rf.f0bd23e59e509c937af638e7fbce4a67.jpg,train,mllm_selection,1478732669056961562
driving,1478732826765830138_jpg.rf.7b6d11d197cdc50649cf50962f02ceaa,/home/felix/vision_datasets/self-driving-car-v2-split/train/1478732826765830138_jpg.rf.7b6d11d197cdc50649cf50962f02ceaa.jpg,train,mllm_selection,1478732826765830138
driving,1478732002096482831_jpg.rf.6842c1a0d68e21a5d0de54334d897376,/home/felix/vision_datasets/self-driving-car-v2-split/train/1478732002096482831_jpg.rf.6842c1a0d68e21a5d0de54334d897376.jpg,train,mllm_selection,1478732002096482831
driving,1478021148223267443_jpg.rf.2a5add4e5d548b1d6b30579667d9daeb,/home/felix/vision_datasets/self-driving-car-v2-split/train/1478021148223267443_jpg.rf.2a5add4e5d548b1d6b30579667d9daeb.jpg,train,mllm_selection,1478021148223267443
driving,1478732319232905555_jpg.rf.a80bddc15267ad4628240f8f7303b77f,/home/felix/vision_datasets/self-driving-car-v2-split/train/1478732319232905555_jpg.rf.a80bddc15267ad4628240f8f7303b77f.jpg,train,mllm_selection,1478732319232905555
driving,1478732265325964196_jpg.rf.613aacc36f331e60696435b83daab23d,/home/felix/vision_datasets/self-driving-car-v2-split/train/1478732265325964196_jpg.rf.613aacc36f331e60696435b83daab23d.jpg,train,mllm_selection,1478732265325964196
driving,1478732433929232646_jpg.rf.1f7bad157480e6e6df2275630412d83c,/home/felix/vision_datasets/self-driving-car-v2-split/train/1478732433929232646_jpg.rf.1f7bad157480e6e6df2275630412d83c.jpg,train,mllm_selection,1478732433929232646
driving,1478019963181283434_jpg.rf.bc55c762e322760f36320522135eec5e,/home/felix/vision_datasets/self-driving-car-v2-split/train/1478019963181283434_jpg.rf.bc55c762e322760f36320522135eec5e.jpg,train,mllm_selection,1478019963181283434
driving,1478732412710708279_jpg.rf.e70ed479dc48b811b6b32d45da55ecc3,/home/felix/vision_datasets/self-driving-car-v2-split/train/1478732412710708279_jpg.rf.e70ed479dc48b811b6b32d45da55ecc3.jpg,train,mllm_selection,1478732412710708279
driving,1478732495865983003_jpg.rf.d9315bec2a20a8c9a738ad9f60ae3709,/home/felix/vision_datasets/self-driving-car-v2-split/train/1478732495865983003_jpg.rf.d9315bec2a20a8c9a738ad9f60ae3709.jpg,train,mllm_selection,1478732495865983003
driving,1478732720098220976_jpg.rf.401e63158c52781e7a9d8a580c936d08,/home/felix/vision_datasets/self-driving-car-v2-split/train/1478732720098220976_jpg.rf.401e63158c52781e7a9d8a580c936d08.jpg,train,mllm_selection,1478732720098220976
driving,1478732783753889978_jpg.rf.a0de5adcc9776b477af05c07f8c479ae,/home/felix/vision_datasets/self-driving-car-v2-split/train/1478732783753889978_jpg.rf.a0de5adcc9776b477af05c07f8c479ae.jpg,train,mllm_selection,1478732783753889978
driving,1478021606082787563_jpg.rf.a766d192b2bb5888fc9eff20c6e0080b,/home/felix/vision_datasets/self-driving-car-v2-split/train/1478021606082787563_jpg.rf.a766d192b2bb5888fc9eff20c6e0080b.jpg,train,mllm_selection,1478021606082787563
driving,1478732222887161481_jpg.rf.f0eb5423a52ca92e92a4924f117b26f9,/home/felix/vision_datasets/self-driving-car-v2-split/train/1478732222887161481_jpg.rf.f0eb5423a52ca92e92a4924f117b26f9.jpg,train,mllm_selection,1478732222887161481
driving,1478732003817874403_jpg.rf.0bb4f7851589d5d8c55455eef468a491,/home/felix/vision_datasets/self-driving-car-v2-split/train/1478732003817874403_jpg.rf.0bb4f7851589d5d8c55455eef468a491.jpg,train,mllm_selection,1478732003817874403
driving,1478732872644729185_jpg.rf.1c011cc9de47e39c4f922eb8083d6e18,/home/felix/vision_datasets/self-driving-car-v2-split/train/1478732872644729185_jpg.rf.1c011cc9de47e39c4f922eb8083d6e18.jpg,train,mllm_selection,1478732872644729185
driving,1478021913084544048_jpg.rf.362415d1cdfd645c6aa1d724b1bdfe06,/home/felix/vision_datasets/self-driving-car-v2-split/train/1478021913084544048_jpg.rf.362415d1cdfd645c6aa1d724b1bdfe06.jpg,train,mllm_selection,1478021913084544048
driving,1478732128262984314_jpg.rf.b2782975dc28483c275972e3c10221b3,/home/felix/vision_datasets/self-driving-car-v2-split/train/1478732128262984314_jpg.rf.b2782975dc28483c275972e3c10221b3.jpg,train,mllm_selection,1478732128262984314
driving,1478021592081722926_jpg.rf.3605e404f3036e361a199a63f67ce0eb,/home/felix/vision_datasets/self-driving-car-v2-split/train/1478021592081722926_jpg.rf.3605e404f3036e361a199a63f67ce0eb.jpg,train,mllm_selection,1478021592081722926
driving,1478731887972763282_jpg.rf.cf28e3bdf5408b8d6cace4c761233047,/home/felix/vision_datasets/self-driving-car-v2-split/train/1478731887972763282_jpg.rf.cf28e3bdf5408b8d6cace4c761233047.jpg,train,mllm_selection,1478731887972763282
driving,1478732225755221979_jpg.rf.5ac3bd47ebb4f69043366c3268688987,/home/felix/vision_datasets/self-driving-car-v2-split/train/1478732225755221979_jpg.rf.5ac3bd47ebb4f69043366c3268688987.jpg,train,mllm_selection,1478732225755221979
driving,1478732894437439404_jpg.rf.ddb00b32ff88badd522d36612e46a996,/home/felix/vision_datasets/self-driving-car-v2-split/train/1478732894437439404_jpg.rf.ddb00b32ff88badd522d36612e46a996.jpg,train,mllm_selection,1478732894437439404
driving,1478732371993304427_jpg.rf.121219f0a5efc0ac9a04699db7c32684,/home/felix/vision_datasets/self-driving-car-v2-split/train/1478732371993304427_jpg.rf.121219f0a5efc0ac9a04699db7c32684.jpg,train,mllm_selection,1478732371993304427
driving,1478021616575582429_jpg.rf.6aa8d0ce1b741b07f5cfc4f8a5eebec5,/home/felix/vision_datasets/self-driving-car-v2-split/train/1478021616575582429_jpg.rf.6aa8d0ce1b741b07f5cfc4f8a5eebec5.jpg,train,mllm_selection,1478021616575582429
driving,1478022259601924215_jpg.rf.9f0a018e940896559a286bece20fb8ff,/home/felix/vision_datasets/self-driving-car-v2-split/train/1478022259601924215_jpg.rf.9f0a018e940896559a286bece20fb8ff.jpg,train,mllm_selection,1478022259601924215
driving,1478732176435298557_jpg.rf.cf0234fc53e9652b5b6dbb11c5755836,/home/felix/vision_datasets/self-driving-car-v2-split/train/1478732176435298557_jpg.rf.cf0234fc53e9652b5b6dbb11c5755836.jpg,train,mllm_selection,1478732176435298557
driving,1478733018882324182_jpg.rf.188324a3f7dcacacb884bdfd1f2d67f1,/home/felix/vision_datasets/self-driving-car-v2-split/train/1478733018882324182_jpg.rf.188324a3f7dcacacb884bdfd1f2d67f1.jpg,train,mllm_selection,1478733018882324182
driving,1478732416153169152_jpg.rf.17f9c2cfccedde84f1e02f8c26654bf6,/home/felix/vision_datasets/self-driving-car-v2-split/train/1478732416153169152_jpg.rf.17f9c2cfccedde84f1e02f8c26654bf6.jpg,train,mllm_selection,1478732416153169152
driving,1478732423606870878_jpg.rf.f29377828c6bc044d8e6c9715b3cc79b,/home/felix/vision_datasets/self-driving-car-v2-split/train/1478732423606870878_jpg.rf.f29377828c6bc044d8e6c9715b3cc79b.jpg,train,mllm_selection,1478732423606870878
driving,1478732575580291602_jpg.rf.42b7cb3a29184b859aeb88739fa82f2f,/home/felix/vision_datasets/self-driving-car-v2-split/train/1478732575580291602_jpg.rf.42b7cb3a29184b859aeb88739fa82f2f.jpg,train,mllm_selection,1478732575580291602
driving,1478021640075640335_jpg.rf.ad602bb6b0c8dd386175eb8c9222b818,/home/felix/vision_datasets/self-driving-car-v2-split/train/1478021640075640335_jpg.rf.ad602bb6b0c8dd386175eb8c9222b818.jpg,train,mllm_selection,1478021640075640335
driving,1478732371420878573_jpg.rf.f286dcf7908ee018f4c6c5f80d72884e,/home/felix/vision_datasets/self-driving-car-v2-split/train/1478732371420878573_jpg.rf.f286dcf7908ee018f4c6c5f80d72884e.jpg,train,mllm_selection,1478732371420878573
driving,1478732142600353029_jpg.rf.1e66836679c54bb02228899c513475aa,/home/felix/vision_datasets/self-driving-car-v2-split/train/1478732142600353029_jpg.rf.1e66836679c54bb02228899c513475aa.jpg,train,mllm_selection,1478732142600353029
driving,1478021594574559774_jpg.rf.3cc9d50dff994a7508eabcfca3890be1,/home/felix/vision_datasets/self-driving-car-v2-split/train/1478021594574559774_jpg.rf.3cc9d50dff994a7508eabcfca3890be1.jpg,train,mllm_selection,1478021594574559774
driving,1478732810134157526_jpg.rf.c0c4a509392ead2f75b90605e7846323,/home/felix/vision_datasets/self-driving-car-v2-split/train/1478732810134157526_jpg.rf.c0c4a509392ead2f75b90605e7846323.jpg,train,mllm_selection,1478732810134157526
driving,1478021646577078733_jpg.rf.9eb60a5c5fff1e7ad0ead66b01671cd6,/home/felix/vision_datasets/self-driving-car-v2-split/train/1478021646577078733_jpg.rf.9eb60a5c5fff1e7ad0ead66b01671cd6.jpg,train,mllm_selection,1478021646577078733
driving,1478021638574723370_jpg.rf.091eb548ec5b605ed8a615b16fcbc06e,/home/felix/vision_datasets/self-driving-car-v2-split/train/1478021638574723370_jpg.rf.091eb548ec5b605ed8a615b16fcbc06e.jpg,train,mllm_selection,1478021638574723370
driving,1478732099589326846_jpg.rf.38c85c817c0bdb68c16ef02e07556838,/home/felix/vision_datasets/self-driving-car-v2-split/train/1478732099589326846_jpg.rf.38c85c817c0bdb68c16ef02e07556838.jpg,train,mllm_selection,1478732099589326846
driving,1478021636574695986_jpg.rf.5eb611f0412eab8b3c24133254dbf288,/home/felix/vision_datasets/self-driving-car-v2-split/train/1478021636574695986_jpg.rf.5eb611f0412eab8b3c24133254dbf288.jpg,train,mllm_selection,1478021636574695986
driving,1478732107043922064_jpg.rf.920e057d007dbf558a9b821d672b7959,/home/felix/vision_datasets/self-driving-car-v2-split/train/1478732107043922064_jpg.rf.920e057d007dbf558a9b821d672b7959.jpg,train,mllm_selection,1478732107043922064
driving,1478732355935512734_jpg.rf.e48486eafbb59b8f9157a675294825dc,/home/felix/vision_datasets/self-driving-car-v2-split/train/1478732355935512734_jpg.rf.e48486eafbb59b8f9157a675294825dc.jpg,train,mllm_selection,1478732355935512734
driving,1478731933851304312_jpg.rf.79c62ac73b68c7fa44d63c81d8302ecb,/home/felix/vision_datasets/self-driving-car-v2-split/train/1478731933851304312_jpg.rf.79c62ac73b68c7fa44d63c81d8302ecb.jpg,train,mllm_selection,1478731933851304312
driving,1478732434503501055_jpg.rf.eb9c8bcb3814998e7acda9f8fe02cb5c,/home/felix/vision_datasets/self-driving-car-v2-split/train/1478732434503501055_jpg.rf.eb9c8bcb3814998e7acda9f8fe02cb5c.jpg,train,mllm_selection,1478732434503501055
driving,1478732488410610748_jpg.rf.8f78c6fe8fa34a772c74874dd756f8c0,/home/felix/vision_datasets/self-driving-car-v2-split/train/1478732488410610748_jpg.rf.8f78c6fe8fa34a772c74874dd756f8c0.jpg,train,mllm_selection,1478732488410610748
driving,1478021150725248311_jpg.rf.b9457cf717eea93937fb9e1088726e98,/home/felix/vision_datasets/self-driving-car-v2-split/train/1478021150725248311_jpg.rf.b9457cf717eea93937fb9e1088726e98.jpg,train,mllm_selection,1478021150725248311
driving,1478731967687807617_jpg.rf.1b5decd9987ef0af4036d82a3b5bca3c,/home/felix/vision_datasets/self-driving-car-v2-split/train/1478731967687807617_jpg.rf.1b5decd9987ef0af4036d82a3b5bca3c.jpg,train,mllm_selection,1478731967687807617
driving,1478732069768111040_jpg.rf.68335f651bde7ef1899ef63e4fdb9a01,/home/felix/vision_datasets/self-driving-car-v2-split/train/1478732069768111040_jpg.rf.68335f651bde7ef1899ef63e4fdb9a01.jpg,train,mllm_selection,1478732069768111040
driving,1478732721817918652_jpg.rf.dce1fb9adef282812c3b5b304d741cac,/home/felix/vision_datasets/self-driving-car-v2-split/train/1478732721817918652_jpg.rf.dce1fb9adef282812c3b5b304d741cac.jpg,train,mllm_selection,1478732721817918652
driving,1478732555508539074_jpg.rf.3a327f655eeba935ec946175d25294d7,/home/felix/vision_datasets/self-driving-car-v2-split/train/1478732555508539074_jpg.rf.3a327f655eeba935ec946175d25294d7.jpg,train,mllm_selection,1478732555508539074
driving,1478021623082435174_jpg.rf.4cde1a691d4d58ecc554030d34144d82,/home/felix/vision_datasets/self-driving-car-v2-split/train/1478021623082435174_jpg.rf.4cde1a691d4d58ecc554030d34144d82.jpg,train,mllm_selection,1478021623082435174
driving,1478732792930485451_jpg.rf.dc8d8b0ca5a81a2c9c3ff8aad4c98442,/home/felix/vision_datasets/self-driving-car-v2-split/train/1478732792930485451_jpg.rf.dc8d8b0ca5a81a2c9c3ff8aad4c98442.jpg,train,mllm_selection,1478732792930485451
driving,1478732289985309951_jpg.rf.b4f1e221deac6b1574ce6456356bd6ae,/home/felix/vision_datasets/self-driving-car-v2-split/train/1478732289985309951_jpg.rf.b4f1e221deac6b1574ce6456356bd6ae.jpg,train,mllm_selection,1478732289985309951
driving,1478021869087582665_jpg.rf.f753d93f44a0b296e7618b28dcb2b058,/home/felix/vision_datasets/self-driving-car-v2-split/train/1478021869087582665_jpg.rf.f753d93f44a0b296e7618b28dcb2b058.jpg,train,mllm_selection,1478021869087582665
driving,1478732482675837653_jpg.rf.ccbe0d3147e556908f77491a556fc538,/home/felix/vision_datasets/self-driving-car-v2-split/train/1478732482675837653_jpg.rf.ccbe0d3147e556908f77491a556fc538.jpg,train,mllm_selection,1478732482675837653
driving,1478732656441858185_jpg.rf.ddde2e7b3642cfd26f8b14a5eb36dc59,/home/felix/vision_datasets/self-driving-car-v2-split/train/1478732656441858185_jpg.rf.ddde2e7b3642cfd26f8b14a5eb36dc59.jpg,train,mllm_selection,1478732656441858185
driving,1478732417872226513_jpg.rf.83c6a59ac444ed79e1554824f0baa2f7,/home/felix/vision_datasets/self-driving-car-v2-split/train/1478732417872226513_jpg.rf.83c6a59ac444ed79e1554824f0baa2f7.jpg,train,mllm_selection,1478732417872226513
driving,1478732813574998598_jpg.rf.f476637559c0fd9071255b59a7705dfb,/home/felix/vision_datasets/self-driving-car-v2-split/train/1478732813574998598_jpg.rf.f476637559c0fd9071255b59a7705dfb.jpg,train,mllm_selection,1478732813574998598
driving,1478731994067480311_jpg.rf.eed33a17538de27e22f48d076ec3bb4a,/home/felix/vision_datasets/self-driving-car-v2-split/train/1478731994067480311_jpg.rf.eed33a17538de27e22f48d076ec3bb4a.jpg,train,mllm_selection,1478731994067480311
driving,1478732131131525072_jpg.rf.f27e8c9205d8a4c0832caa71f0e31441,/home/felix/vision_datasets/self-driving-car-v2-split/train/1478732131131525072_jpg.rf.f27e8c9205d8a4c0832caa71f0e31441.jpg,train,mllm_selection,1478732131131525072
driving,1478732791782802745_jpg.rf.f35314ca061f8117229cab516a359bc1,/home/felix/vision_datasets/self-driving-car-v2-split/train/1478732791782802745_jpg.rf.f35314ca061f8117229cab516a359bc1.jpg,train,mllm_selection,1478732791782802745
driving,1478732090986312080_jpg.rf.153cdc30daff71cec002a1e0040462f0,/home/felix/vision_datasets/self-driving-car-v2-split/train/1478732090986312080_jpg.rf.153cdc30daff71cec002a1e0040462f0.jpg,train,mllm_selection,1478732090986312080
driving,1478732527407417878_jpg.rf.7cf2efa6cd864f0aa9d90a90a1e0a2d7,/home/felix/vision_datasets/self-driving-car-v2-split/train/1478732527407417878_jpg.rf.7cf2efa6cd864f0aa9d90a90a1e0a2d7.jpg,train,mllm_selection,1478732527407417878
driving,1478732042813216375_jpg.rf.4075b5e35366133661a87b8ed78a1565,/home/felix/vision_datasets/self-driving-car-v2-split/train/1478732042813216375_jpg.rf.4075b5e35366133661a87b8ed78a1565.jpg,train,mllm_selection,1478732042813216375
driving,1478732668483585358_jpg.rf.a76c6ebc1ac6c0629a09d619317da598,/home/felix/vision_datasets/self-driving-car-v2-split/train/1478732668483585358_jpg.rf.a76c6ebc1ac6c0629a09d619317da598.jpg,train,mllm_selection,1478732668483585358
driving,1478021865581271045_jpg.rf.5620aa8485c3192dabe2304d3e05711e,/home/felix/vision_datasets/self-driving-car-v2-split/train/1478021865581271045_jpg.rf.5620aa8485c3192dabe2304d3e05711e.jpg,train,mllm_selection,1478021865581271045
driving,1478732831926374933_jpg.rf.4c957ce41a5441f682924a3eed39b5dc,/home/felix/vision_datasets/self-driving-car-v2-split/train/1478732831926374933_jpg.rf.4c957ce41a5441f682924a3eed39b5dc.jpg,train,mllm_selection,1478732831926374933
driving,1478732942608982538_jpg.rf.6acc272366386407b98b328f921a7dbc,/home/felix/vision_datasets/self-driving-car-v2-split/train/1478732942608982538_jpg.rf.6acc272366386407b98b328f921a7dbc.jpg,train,mllm_selection,1478732942608982538
driving,1478732163245250328_jpg.rf.85e18b454425c41647137b583c0c55c2,/home/felix/vision_datasets/self-driving-car-v2-split/train/1478732163245250328_jpg.rf.85e18b454425c41647137b583c0c55c2.jpg,train,mllm_selection,1478732163245250328
driving,1478732291706164228_jpg.rf.3cbd1cb9c19f941a58323e2d87208c2e,/home/felix/vision_datasets/self-driving-car-v2-split/train/1478732291706164228_jpg.rf.3cbd1cb9c19f941a58323e2d87208c2e.jpg,train,mllm_selection,1478732291706164228
driving,1478733022323231658_jpg.rf.4f9339abe39baf5587aab9005bba7f53,/home/felix/vision_datasets/self-driving-car-v2-split/train/1478733022323231658_jpg.rf.4f9339abe39baf5587aab9005bba7f53.jpg,train,mllm_selection,1478733022323231658
driving,1478732386330807793_jpg.rf.99764da6513f6cebcfc6247aeba80d66,/home/felix/vision_datasets/self-driving-car-v2-split/train/1478732386330807793_jpg.rf.99764da6513f6cebcfc6247aeba80d66.jpg,train,mllm_selection,1478732386330807793
driving,1478732037652442251_jpg.rf.4581b32584bf31d28bb4111c8416e4b2,/home/felix/vision_datasets/self-driving-car-v2-split/train/1478732037652442251_jpg.rf.4581b32584bf31d28bb4111c8416e4b2.jpg,train,mllm_selection,1478732037652442251
driving,1478732843970141449_jpg.rf.2407fa69f246b6c78e1d91fab7a81e6f,/home/felix/vision_datasets/self-driving-car-v2-split/train/1478732843970141449_jpg.rf.2407fa69f246b6c78e1d91fab7a81e6f.jpg,train,mllm_selection,1478732843970141449
driving,1478021156725227255_jpg.rf.ef3508f872db42b58c9a3424b9449d1f,/home/felix/vision_datasets/self-driving-car-v2-split/train/1478021156725227255_jpg.rf.ef3508f872db42b58c9a3424b9449d1f.jpg,train,mllm_selection,1478021156725227255
driving,1478732054283399601_jpg.rf.93db63e495f927715be889318255eb42,/home/felix/vision_datasets/self-driving-car-v2-split/train/1478732054283399601_jpg.rf.93db63e495f927715be889318255eb42.jpg,train,mllm_selection,1478732054283399601
driving,1478732383462637511_jpg.rf.c608da271f42c743ad31d7a31256480a,/home/felix/vision_datasets/self-driving-car-v2-split/train/1478732383462637511_jpg.rf.c608da271f42c743ad31d7a31256480a.jpg,train,mllm_selection,1478732383462637511
driving,1478732281956956622_jpg.rf.b43f9f8fc5c75f88daf33880ea9d6e81,/home/felix/vision_datasets/self-driving-car-v2-split/train/1478732281956956622_jpg.rf.b43f9f8fc5c75f88daf33880ea9d6e81.jpg,train,mllm_selection,1478732281956956622
driving,1478732464897603160_jpg.rf.9fb18705b4fb7d92c6eeff33f0673c23,/home/felix/vision_datasets/self-driving-car-v2-split/train/1478732464897603160_jpg.rf.9fb18705b4fb7d92c6eeff33f0673c23.jpg,train,mllm_selection,1478732464897603160
driving,1478732451133934891_jpg.rf.707fa60151be975e69359abc8ee368aa,/home/felix/vision_datasets/self-driving-car-v2-split/train/1478732451133934891_jpg.rf.707fa60151be975e69359abc8ee368aa.jpg,train,mllm_selection,1478732451133934891
driving,1478732442531982649_jpg.rf.d5478764c9fe074daaac0c186fffc4cf,/home/felix/vision_datasets/self-driving-car-v2-split/train/1478732442531982649_jpg.rf.d5478764c9fe074daaac0c186fffc4cf.jpg,train,mllm_selection,1478732442531982649
driving,1478021639081209863_jpg.rf.8a54755f19b4c967c19ab7047b3975c6,/home/felix/vision_datasets/self-driving-car-v2-split/train/1478021639081209863_jpg.rf.8a54755f19b4c967c19ab7047b3975c6.jpg,train,mllm_selection,1478021639081209863
driving,1478732037080897436_jpg.rf.4a8fcc4d2e8e79495c1612a32a784779,/home/felix/vision_datasets/self-driving-car-v2-split/train/1478732037080897436_jpg.rf.4a8fcc4d2e8e79495c1612a32a784779.jpg,train,mllm_selection,1478732037080897436
driving,1478021675077177306_jpg.rf.af75e42372217e8d83374213510fe6c5,/home/felix/vision_datasets/self-driving-car-v2-split/train/1478021675077177306_jpg.rf.af75e42372217e8d83374213510fe6c5.jpg,train,mllm_selection,1478021675077177306
driving,1478021890088815479_jpg.rf.934c9cea95ac7d2cdd9c4d15a117893c,/home/felix/vision_datasets/self-driving-car-v2-split/train/1478021890088815479_jpg.rf.934c9cea95ac7d2cdd9c4d15a117893c.jpg,train,mllm_selection,1478021890088815479
driving,1478732885833854354_jpg.rf.0be39966dc785e697f03e5c939bbdf22,/home/felix/vision_datasets/self-driving-car-v2-split/train/1478732885833854354_jpg.rf.0be39966dc785e697f03e5c939bbdf22.jpg,train,mllm_selection,1478732885833854354
driving,1478732759094250118_jpg.rf.41548ea96b573ff16f1735372be86cc2,/home/felix/vision_datasets/self-driving-car-v2-split/train/1478732759094250118_jpg.rf.41548ea96b573ff16f1735372be86cc2.jpg,train,mllm_selection,1478732759094250118
driving,1478731916073913109_jpg.rf.b60ac294d67123dd77f9cdb1eb187c8c,/home/felix/vision_datasets/self-driving-car-v2-split/train/1478731916073913109_jpg.rf.b60ac294d67123dd77f9cdb1eb187c8c.jpg,train,mllm_selection,1478731916073913109
driving,1478021909084235046_jpg.rf.89e0d643550f670aa2f2070d4de57954,/home/felix/vision_datasets/self-driving-car-v2-split/train/1478021909084235046_jpg.rf.89e0d643550f670aa2f2070d4de57954.jpg,train,mllm_selection,1478021909084235046
driving,1478021604576699321_jpg.rf.8f8ead29a3ebf53634ea622a96ed781a,/home/felix/vision_datasets/self-driving-car-v2-split/train/1478021604576699321_jpg.rf.8f8ead29a3ebf53634ea622a96ed781a.jpg,train,mllm_selection,1478021604576699321
driving,1478732193639881708_jpg.rf.7673d62b48ca4ae99d14cb5ae52de123,/home/felix/vision_datasets/self-driving-car-v2-split/train/1478732193639881708_jpg.rf.7673d62b48ca4ae99d14cb5ae52de123.jpg,train,mllm_selection,1478732193639881708
driving,1478021912589557537_jpg.rf.7170d35a52ce38d2010f2311c5e873a6,/home/felix/vision_datasets/self-driving-car-v2-split/train/1478021912589557537_jpg.rf.7170d35a52ce38d2010f2311c5e873a6.jpg,train,mllm_selection,1478021912589557537
driving,1478732092707614201_jpg.rf.f63247b3ea78a1dea1ed832d09fe522c,/home/felix/vision_datasets/self-driving-car-v2-split/train/1478732092707614201_jpg.rf.f63247b3ea78a1dea1ed832d09fe522c.jpg,train,mllm_selection,1478732092707614201
driving,1478021132726414967_jpg.rf.0c0afa7f0fbab4a5bfc6a3e38a82edef,/home/felix/vision_datasets/self-driving-car-v2-split/train/1478021132726414967_jpg.rf.0c0afa7f0fbab4a5bfc6a3e38a82edef.jpg,train,mllm_selection,1478021132726414967
driving,1478732765402427070_jpg.rf.d363b07661b695221bf5361af478b7a5,/home/felix/vision_datasets/self-driving-car-v2-split/train/1478732765402427070_jpg.rf.d363b07661b695221bf5361af478b7a5.jpg,train,mllm_selection,1478732765402427070
driving,1478732677660781198_jpg.rf.ef36046f8dee00201e9246c4e3d36fc0,/home/felix/vision_datasets/self-driving-car-v2-split/train/1478732677660781198_jpg.rf.ef36046f8dee00201e9246c4e3d36fc0.jpg,train,mllm_selection,1478732677660781198
driving,1478732548054100099_jpg.rf.970e3cb42afcb2d063898e034bd7de8c,/home/felix/vision_datasets/self-driving-car-v2-split/train/1478732548054100099_jpg.rf.970e3cb42afcb2d063898e034bd7de8c.jpg,train,mllm_selection,1478732548054100099
driving,1478731991200013626_jpg.rf.2dfe07108196eef664e9180946bec1e3,/home/felix/vision_datasets/self-driving-car-v2-split/train/1478731991200013626_jpg.rf.2dfe07108196eef664e9180946bec1e3.jpg,train,mllm_selection,1478731991200013626
driving,1478731912059698178_jpg.rf.2c454a4091e229cda48a9e1ec26f8a07,/home/felix/vision_datasets/self-driving-car-v2-split/train/1478731912059698178_jpg.rf.2c454a4091e229cda48a9e1ec26f8a07.jpg,train,mllm_selection,1478731912059698178
driving,1478021872581136925_jpg.rf.3fbef61f331e3def6a0c852c63e5a941,/home/felix/vision_datasets/self-driving-car-v2-split/train/1478021872581136925_jpg.rf.3fbef61f331e3def6a0c852c63e5a941.jpg,train,mllm_selection,1478021872581136925
driving,1478732531422447880_jpg.rf.a94778e90c403200bc9d496d612309c1,/home/felix/vision_datasets/self-driving-car-v2-split/train/1478732531422447880_jpg.rf.a94778e90c403200bc9d496d612309c1.jpg,train,mllm_selection,1478732531422447880
driving,1478021152224420587_jpg.rf.08da16bd0f25bd0e052fe173486c6be8,/home/felix/vision_datasets/self-driving-car-v2-split/train/1478021152224420587_jpg.rf.08da16bd0f25bd0e052fe173486c6be8.jpg,train,mllm_selection,1478021152224420587
driving,1478732030770465295_jpg.rf.3a7d0c692fb6f0e1b8111d487c81425c,/home/felix/vision_datasets/self-driving-car-v2-split/train/1478732030770465295_jpg.rf.3a7d0c692fb6f0e1b8111d487c81425c.jpg,train,mllm_selection,1478732030770465295
driving,1478732328408601948_jpg.rf.4653bdd8e130f7cd2a053a01b9817775,/home/felix/vision_datasets/self-driving-car-v2-split/train/1478732328408601948_jpg.rf.4653bdd8e130f7cd2a053a01b9817775.jpg,train,mllm_selection,1478732328408601948
driving,1478732851425701963_jpg.rf.d8af89c79dabc6e6183a07f9ae5cdfcd,/home/felix/vision_datasets/self-driving-car-v2-split/train/1478732851425701963_jpg.rf.d8af89c79dabc6e6183a07f9ae5cdfcd.jpg,train,mllm_selection,1478732851425701963
driving,1478732099014797790_jpg.rf.38b3171872f51da57ee703fb60a3bf06,/home/felix/vision_datasets/self-driving-car-v2-split/train/1478732099014797790_jpg.rf.38b3171872f51da57ee703fb60a3bf06.jpg,train,mllm_selection,1478732099014797790
driving,1478732103602413393_jpg.rf.ff847b23135a99d53d0561f3e01e6872,/home/felix/vision_datasets/self-driving-car-v2-split/train/1478732103602413393_jpg.rf.ff847b23135a99d53d0561f3e01e6872.jpg,train,mllm_selection,1478732103602413393
driving,1478733026911652337_jpg.rf.e4494ffe0c9b33020e033f306fe74525,/home/felix/vision_datasets/self-driving-car-v2-split/train/1478733026911652337_jpg.rf.e4494ffe0c9b33020e033f306fe74525.jpg,train,mllm_selection,1478733026911652337
driving,1478021620076846266_jpg.rf.08f4bcde552455bc261195bfda3b7442,/home/felix/vision_datasets/self-driving-car-v2-split/train/1478021620076846266_jpg.rf.08f4bcde552455bc261195bfda3b7442.jpg,train,mllm_selection,1478021620076846266
driving,1478732670779493388_jpg.rf.5e50fd30fb423185bb46c306cc285a1c,/home/felix/vision_datasets/self-driving-car-v2-split/train/1478732670779493388_jpg.rf.5e50fd30fb423185bb46c306cc285a1c.jpg,train,mllm_selection,1478732670779493388
driving,1478731926969694617_jpg.rf.fb533602dc032fc184c7895b2a395a6c,/home/felix/vision_datasets/self-driving-car-v2-split/train/1478731926969694617_jpg.rf.fb533602dc032fc184c7895b2a395a6c.jpg,train,mllm_selection,1478731926969694617
driving,1478732462604334238_jpg.rf.30231a3f7143108281acdf1b9e9b8bef,/home/felix/vision_datasets/self-driving-car-v2-split/train/1478732462604334238_jpg.rf.30231a3f7143108281acdf1b9e9b8bef.jpg,train,mllm_selection,1478732462604334238
driving,1478732816443335656_jpg.rf.1b8ce83c0143f3eb205b97dbe6b4d858,/home/felix/vision_datasets/self-driving-car-v2-split/train/1478732816443335656_jpg.rf.1b8ce83c0143f3eb205b97dbe6b4d858.jpg,train,mllm_selection,1478732816443335656
driving,1478732098441526925_jpg.rf.300f25d4bf318f85484497415ceb5645,/home/felix/vision_datasets/self-driving-car-v2-split/train/1478732098441526925_jpg.rf.300f25d4bf318f85484497415ceb5645.jpg,train,mllm_selection,1478732098441526925
driving,1478732331849095982_jpg.rf.328ef8dc5b737b7e91829f025693befa,/home/felix/vision_datasets/self-driving-car-v2-split/train/1478732331849095982_jpg.rf.328ef8dc5b737b7e91829f025693befa.jpg,train,mllm_selection,1478732331849095982
driving,1478732195933505304_jpg.rf.39847a6944fc62c28cb9ab441e0c690e,/home/felix/vision_datasets/self-driving-car-v2-split/train/1478732195933505304_jpg.rf.39847a6944fc62c28cb9ab441e0c690e.jpg,train,mllm_selection,1478732195933505304
driving,1478732780886764867_jpg.rf.de99b680e96aaae900d697f665646d8a,/home/felix/vision_datasets/self-driving-car-v2-split/train/1478732780886764867_jpg.rf.de99b680e96aaae900d697f665646d8a.jpg,train,mllm_selection,1478732780886764867
driving,1478019960189614397_jpg.rf.702486e344161663bbda08a802441183,/home/felix/vision_datasets/self-driving-car-v2-split/train/1478019960189614397_jpg.rf.702486e344161663bbda08a802441183.jpg,train,mllm_selection,1478019960189614397
driving,1478732455722174205_jpg.rf.e6b9b4e9d648cab29da3f2a226fd8665,/home/felix/vision_datasets/self-driving-car-v2-split/train/1478732455722174205_jpg.rf.e6b9b4e9d648cab29da3f2a226fd8665.jpg,train,mllm_selection,1478732455722174205
driving,1478732346186679454_jpg.rf.95b0c91b773e9fd84ba615f86a844997,/home/felix/vision_datasets/self-driving-car-v2-split/train/1478732346186679454_jpg.rf.95b0c91b773e9fd84ba615f86a844997.jpg,train,mllm_selection,1478732346186679454
driving,1478732289411014352_jpg.rf.6eb43dd41c17cb45cb08ae36898e705a,/home/felix/vision_datasets/self-driving-car-v2-split/train/1478732289411014352_jpg.rf.6eb43dd41c17cb45cb08ae36898e705a.jpg,train,mllm_selection,1478732289411014352
driving,1478732361670377403_jpg.rf.5e853ac5f755606dd52f94cc17e70957,/home/felix/vision_datasets/self-driving-car-v2-split/train/1478732361670377403_jpg.rf.5e853ac5f755606dd52f94cc17e70957.jpg,train,mllm_selection,1478732361670377403
driving,1478021866580378914_jpg.rf.35f4b6823d75b54aa06a7dd89fd3e7b4,/home/felix/vision_datasets/self-driving-car-v2-split/train/1478021866580378914_jpg.rf.35f4b6823d75b54aa06a7dd89fd3e7b4.jpg,train,mllm_selection,1478021866580378914
driving,1478732359950714151_jpg.rf.44fba82021cc7ed1f6c4af1321ffbedf,/home/felix/vision_datasets/self-driving-car-v2-split/train/1478732359950714151_jpg.rf.44fba82021cc7ed1f6c4af1321ffbedf.jpg,train,mllm_selection,1478732359950714151
driving,1478732291132373725_jpg.rf.f4477755848133d5c6bd170991046526,/home/felix/vision_datasets/self-driving-car-v2-split/train/1478732291132373725_jpg.rf.f4477755848133d5c6bd170991046526.jpg,train,mllm_selection,1478732291132373725
driving,1478732116792953391_jpg.rf.bca88ab2eb691f8ff580bbdbdc820895,/home/felix/vision_datasets/self-driving-car-v2-split/train/1478732116792953391_jpg.rf.bca88ab2eb691f8ff580bbdbdc820895.jpg,train,mllm_selection,1478732116792953391
driving,1478732614577031836_jpg.rf.87294bbabe8b7fa69667aa053ae5857c,/home/felix/vision_datasets/self-driving-car-v2-split/train/1478732614577031836_jpg.rf.87294bbabe8b7fa69667aa053ae5857c.jpg,train,mllm_selection,1478732614577031836
driving,1478021147228220633_jpg.rf.e35891dc2c8498bef257c4260b95cc48,/home/felix/vision_datasets/self-driving-car-v2-split/train/1478021147228220633_jpg.rf.e35891dc2c8498bef257c4260b95cc48.jpg,train,mllm_selection,1478021147228220633
driving,1478732215432602323_jpg.rf.67b2770ea042901e7a6e075cb52ecd1e,/home/felix/vision_datasets/self-driving-car-v2-split/train/1478732215432602323_jpg.rf.67b2770ea042901e7a6e075cb52ecd1e.jpg,train,mllm_selection,1478732215432602323
driving,1478732428768056643_jpg.rf.03bcadfd8c73d803f0a92c3e1b8ea090,/home/felix/vision_datasets/self-driving-car-v2-split/train/1478732428768056643_jpg.rf.03bcadfd8c73d803f0a92c3e1b8ea090.jpg,train,mllm_selection,1478732428768056643
driving,1478732341024388401_jpg.rf.e78a6da140179c8520dbbe645920e374,/home/felix/vision_datasets/self-driving-car-v2-split/train/1478732341024388401_jpg.rf.e78a6da140179c8520dbbe645920e374.jpg,train,mllm_selection,1478732341024388401
driving,1478731902883474855_jpg.rf.489d6c89c062974315ef96aff7e761fd,/home/felix/vision_datasets/self-driving-car-v2-split/train/1478731902883474855_jpg.rf.489d6c89c062974315ef96aff7e761fd.jpg,train,mllm_selection,1478731902883474855
driving,1478021139720895634_jpg.rf.413b8e70639901d4789583ad882747ea,/home/felix/vision_datasets/self-driving-car-v2-split/train/1478021139720895634_jpg.rf.413b8e70639901d4789583ad882747ea.jpg,train,mllm_selection,1478021139720895634
driving,1478732333570343897_jpg.rf.44ddb7aeeb04a985502d8702142834a8,/home/felix/vision_datasets/self-driving-car-v2-split/train/1478732333570343897_jpg.rf.44ddb7aeeb04a985502d8702142834a8.jpg,train,mllm_selection,1478732333570343897
driving,1478732505616606889_jpg.rf.291421be8546ae8f1e86dba2ac9f9b3a,/home/felix/vision_datasets/self-driving-car-v2-split/train/1478732505616606889_jpg.rf.291421be8546ae8f1e86dba2ac9f9b3a.jpg,train,mllm_selection,1478732505616606889
driving,1478732460884093137_jpg.rf.66b2176929f33d85c942855973c36c9c,/home/felix/vision_datasets/self-driving-car-v2-split/train/1478732460884093137_jpg.rf.66b2176929f33d85c942855973c36c9c.jpg,train,mllm_selection,1478732460884093137
driving,1478732825044796049_jpg.rf.5f170a7dc6260af628636174b1e3bffe,/home/felix/vision_datasets/self-driving-car-v2-split/train/1478732825044796049_jpg.rf.5f170a7dc6260af628636174b1e3bffe.jpg,train,mllm_selection,1478732825044796049
driving,1478732449414245313_jpg.rf.9c3ebf00ec54c2adec20e79a2e017887,/home/felix/vision_datasets/self-driving-car-v2-split/train/1478732449414245313_jpg.rf.9c3ebf00ec54c2adec20e79a2e017887.jpg,train,mllm_selection,1478732449414245313
driving,1478732302027873938_jpg.rf.c83d4ed56df0a741bb37e9eb0b9123bd,/home/felix/vision_datasets/self-driving-car-v2-split/train/1478732302027873938_jpg.rf.c83d4ed56df0a741bb37e9eb0b9123bd.jpg,train,mllm_selection,1478732302027873938
driving,1478021634083853994_jpg.rf.8cb7521ac5d72b47180d26e48987426c,/home/felix/vision_datasets/self-driving-car-v2-split/train/1478021634083853994_jpg.rf.8cb7521ac5d72b47180d26e48987426c.jpg,train,mllm_selection,1478021634083853994
driving,1478732160378046170_jpg.rf.f6bad1680217f4210e24ad1684608e9d,/home/felix/vision_datasets/self-driving-car-v2-split/train/1478732160378046170_jpg.rf.f6bad1680217f4210e24ad1684608e9d.jpg,train,mllm_selection,1478732160378046170
driving,1478732207977480368_jpg.rf.2a21d42120eea80cd99649f81318b6e0,/home/felix/vision_datasets/self-driving-car-v2-split/train/1478732207977480368_jpg.rf.2a21d42120eea80cd99649f81318b6e0.jpg,train,mllm_selection,1478732207977480368
driving,1478732237797785588_jpg.rf.dc4001ccd8a63cc9d745f21e7127b7bd,/home/felix/vision_datasets/self-driving-car-v2-split/train/1478732237797785588_jpg.rf.dc4001ccd8a63cc9d745f21e7127b7bd.jpg,train,mllm_selection,1478732237797785588
driving,1478732028476656299_jpg.rf.8c9e3da4ef412dd1f57607d75e171e17,/home/felix/vision_datasets/self-driving-car-v2-split/train/1478732028476656299_jpg.rf.8c9e3da4ef412dd1f57607d75e171e17.jpg,train,mllm_selection,1478732028476656299
driving,1478732896157106952_jpg.rf.81de362fe9d25a63803b9569bde328f8,/home/felix/vision_datasets/self-driving-car-v2-split/train/1478732896157106952_jpg.rf.81de362fe9d25a63803b9569bde328f8.jpg,train,mllm_selection,1478732896157106952
driving,1478021934090422624_jpg.rf.51682d36831a2f56ffdb172906acec10,/home/felix/vision_datasets/self-driving-car-v2-split/train/1478021934090422624_jpg.rf.51682d36831a2f56ffdb172906acec10.jpg,train,mllm_selection,1478021934090422624
driving,1478731948762074673_jpg.rf.dbc8293f2af347966ae6e88610d6e346,/home/felix/vision_datasets/self-driving-car-v2-split/train/1478731948762074673_jpg.rf.dbc8293f2af347966ae6e88610d6e346.jpg,train,mllm_selection,1478731948762074673
driving,1478733030352169241_jpg.rf.12009d99d4cecee685a6c9fd50ee9206,/home/felix/vision_datasets/self-driving-car-v2-split/train/1478733030352169241_jpg.rf.12009d99d4cecee685a6c9fd50ee9206.jpg,train,mllm_selection,1478733030352169241
driving,1478732497586063376_jpg.rf.0f2941f561bd69959ad9bb9850f4dc54,/home/felix/vision_datasets/self-driving-car-v2-split/train/1478732497586063376_jpg.rf.0f2941f561bd69959ad9bb9850f4dc54.jpg,train,mllm_selection,1478732497586063376
driving,1478732589916896154_jpg.rf.ad01eb065a0ef6e2c3916b6c9f21cc66,/home/felix/vision_datasets/self-driving-car-v2-split/train/1478732589916896154_jpg.rf.ad01eb065a0ef6e2c3916b6c9f21cc66.jpg,train,mllm_selection,1478732589916896154
driving,1478732554935049318_jpg.rf.5a29f26eb6b701aa314f6cb7a8fe25e6,/home/felix/vision_datasets/self-driving-car-v2-split/train/1478732554935049318_jpg.rf.5a29f26eb6b701aa314f6cb7a8fe25e6.jpg,train,mllm_selection,1478732554935049318
driving,1478732680526905459_jpg.rf.40cb84b8ab749bc9bf2d40db03320d20,/home/felix/vision_datasets/self-driving-car-v2-split/train/1478732680526905459_jpg.rf.40cb84b8ab749bc9bf2d40db03320d20.jpg,train,mllm_selection,1478732680526905459
driving,1478732362244605469_jpg.rf.5219c78880a7fbdf1aba2683e5c404eb,/home/felix/vision_datasets/self-driving-car-v2-split/train/1478732362244605469_jpg.rf.5219c78880a7fbdf1aba2683e5c404eb.jpg,train,mllm_selection,1478732362244605469
driving,1478732424753595994_jpg.rf.f33634e9c7c2b3298868c8141be9f464,/home/felix/vision_datasets/self-driving-car-v2-split/train/1478732424753595994_jpg.rf.f33634e9c7c2b3298868c8141be9f464.jpg,train,mllm_selection,1478732424753595994
driving,1478732032491794027_jpg.rf.9167bee896f68bbc08d770269ef586d2,/home/felix/vision_datasets/self-driving-car-v2-split/train/1478732032491794027_jpg.rf.9167bee896f68bbc08d770269ef586d2.jpg,train,mllm_selection,1478732032491794027
driving,1478732391492053768_jpg.rf.e7f9d774cdc878a5aeada40534f80918,/home/felix/vision_datasets/self-driving-car-v2-split/train/1478732391492053768_jpg.rf.e7f9d774cdc878a5aeada40534f80918.jpg,train,mllm_selection,1478732391492053768
driving,1478732287117325373_jpg.rf.32f78a75409eef656d22f7fcbe8c25db,/home/felix/vision_datasets/self-driving-car-v2-split/train/1478732287117325373_jpg.rf.32f78a75409eef656d22f7fcbe8c25db.jpg,train,mllm_selection,1478732287117325373
driving,1478732612282712681_jpg.rf.aeb332e654a7eef7efd6161d87fec94c,/home/felix/vision_datasets/self-driving-car-v2-split/train/1478732612282712681_jpg.rf.aeb332e654a7eef7efd6161d87fec94c.jpg,train,mllm_selection,1478732612282712681
driving,1478732994222694245_jpg.rf.24df2ad5d53881db36fb7ae5ad95c6c2,/home/felix/vision_datasets/self-driving-car-v2-split/train/1478732994222694245_jpg.rf.24df2ad5d53881db36fb7ae5ad95c6c2.jpg,train,mllm_selection,1478732994222694245
driving,1478732182744141553_jpg.rf.a02303b0509f4cc04ce5fe4a11bc1090,/home/felix/vision_datasets/self-driving-car-v2-split/train/1478732182744141553_jpg.rf.a02303b0509f4cc04ce5fe4a11bc1090.jpg,train,mllm_selection,1478732182744141553
driving,1478732523967164936_jpg.rf.2c5dbae6078f0adf36c78b8c3bc8da49,/home/felix/vision_datasets/self-driving-car-v2-split/train/1478732523967164936_jpg.rf.2c5dbae6078f0adf36c78b8c3bc8da49.jpg,train,mllm_selection,1478732523967164936
driving,1478731973422480858_jpg.rf.6e26bf0d39af18f19b67eaabf4245ad6,/home/felix/vision_datasets/self-driving-car-v2-split/train/1478731973422480858_jpg.rf.6e26bf0d39af18f19b67eaabf4245ad6.jpg,train,mllm_selection,1478731973422480858
driving,1478021669576963429_jpg.rf.3de2575a493a07f0a1be936ff897a7bb,/home/felix/vision_datasets/self-driving-car-v2-split/train/1478021669576963429_jpg.rf.3de2575a493a07f0a1be936ff897a7bb.jpg,train,mllm_selection,1478021669576963429
driving,1478021885587785426_jpg.rf.938d345c9940ce3b40e1759d574e908e,/home/felix/vision_datasets/self-driving-car-v2-split/train/1478021885587785426_jpg.rf.938d345c9940ce3b40e1759d574e908e.jpg,train,mllm_selection,1478021885587785426
driving,1478732131703812565_jpg.rf.c67408ca3bf1f4a878a249cc97d8e43a,/home/felix/vision_datasets/self-driving-car-v2-split/train/1478732131703812565_jpg.rf.c67408ca3bf1f4a878a249cc97d8e43a.jpg,train,mllm_selection,1478732131703812565
driving,1478731995214075373_jpg.rf.f9ff63d2c2b237a4bf69a724af739ea5,/home/felix/vision_datasets/self-driving-car-v2-split/train/1478731995214075373_jpg.rf.f9ff63d2c2b237a4bf69a724af739ea5.jpg,train,mllm_selection,1478731995214075373
driving,1478731986611916802_jpg.rf.99bd987eecc4309694a6270ce78ced92,/home/felix/vision_datasets/self-driving-car-v2-split/train/1478731986611916802_jpg.rf.99bd987eecc4309694a6270ce78ced92.jpg,train,mllm_selection,1478731986611916802
driving,1478732380022383335_jpg.rf.49778019dd31266c58b4db4a7e7d6b34,/home/felix/vision_datasets/self-driving-car-v2-split/train/1478732380022383335_jpg.rf.49778019dd31266c58b4db4a7e7d6b34.jpg,train,mllm_selection,1478732380022383335
driving,1478732800958469534_jpg.rf.9fe374f2b69d39bac36e033991c6c22e,/home/felix/vision_datasets/self-driving-car-v2-split/train/1478732800958469534_jpg.rf.9fe374f2b69d39bac36e033991c6c22e.jpg,train,mllm_selection,1478732800958469534
driving,1478732115645899125_jpg.rf.ccff5cc94c2ba1894306237733d7ce32,/home/felix/vision_datasets/self-driving-car-v2-split/train/1478732115645899125_jpg.rf.ccff5cc94c2ba1894306237733d7ce32.jpg,train,mllm_selection,1478732115645899125
driving,1478732058298704045_jpg.rf.1f8989ab86d336637572b1dcfff4220e,/home/felix/vision_datasets/self-driving-car-v2-split/train/1478732058298704045_jpg.rf.1f8989ab86d336637572b1dcfff4220e.jpg,train,mllm_selection,1478732058298704045
driving,1478021655076909971_jpg.rf.93ad1927610a64bcc3febca199dab309,/home/felix/vision_datasets/self-driving-car-v2-split/train/1478021655076909971_jpg.rf.93ad1927610a64bcc3febca199dab309.jpg,train,mllm_selection,1478021655076909971
driving,1478732572139211460_jpg.rf.fb8222b15a98153018a66d51d9a069cf,/home/felix/vision_datasets/self-driving-car-v2-split/train/1478732572139211460_jpg.rf.fb8222b15a98153018a66d51d9a069cf.jpg,train,mllm_selection,1478732572139211460
driving,1478732976444296363_jpg.rf.0b2f1208b96ed7ea0e3341f7a030007e,/home/felix/vision_datasets/self-driving-car-v2-split/train/1478732976444296363_jpg.rf.0b2f1208b96ed7ea0e3341f7a030007e.jpg,train,mllm_selection,1478732976444296363
driving,1478732485542771570_jpg.rf.865dc24b99d95169324970b9e0089171,/home/felix/vision_datasets/self-driving-car-v2-split/train/1478732485542771570_jpg.rf.865dc24b99d95169324970b9e0089171.jpg,train,mllm_selection,1478732485542771570
driving,1478732715509399403_jpg.rf.aa5326ccde89013fa11b882a416908b7,/home/felix/vision_datasets/self-driving-car-v2-split/train/1478732715509399403_jpg.rf.aa5326ccde89013fa11b882a416908b7.jpg,train,mllm_selection,1478732715509399403
driving,1478731897148984706_jpg.rf.7d72e67c5111f2d38eddf13a77570581,/home/felix/vision_datasets/self-driving-car-v2-split/train/1478731897148984706_jpg.rf.7d72e67c5111f2d38eddf13a77570581.jpg,train,mllm_selection,1478731897148984706
driving,1478732277368113509_jpg.rf.83652732b963d0e2311032167deb9f34,/home/felix/vision_datasets/self-driving-car-v2-split/train/1478732277368113509_jpg.rf.83652732b963d0e2311032167deb9f34.jpg,train,mllm_selection,1478732277368113509
driving,1478732763108595800_jpg.rf.1670428b478d38bf7252da2b89d30cf4,/home/felix/vision_datasets/self-driving-car-v2-split/train/1478732763108595800_jpg.rf.1670428b478d38bf7252da2b89d30cf4.jpg,train,mllm_selection,1478732763108595800
driving,1478732170700796469_jpg.rf.12c7d726dc41b2cc14a81492d45dcaac,/home/felix/vision_datasets/self-driving-car-v2-split/train/1478732170700796469_jpg.rf.12c7d726dc41b2cc14a81492d45dcaac.jpg,train,mllm_selection,1478732170700796469
driving,1478021851079985474_jpg.rf.3e2d3def1fec67e7a838687300b93055,/home/felix/vision_datasets/self-driving-car-v2-split/train/1478021851079985474_jpg.rf.3e2d3def1fec67e7a838687300b93055.jpg,train,mllm_selection,1478021851079985474
driving,1478732636369608947_jpg.rf.58d58993cdb725ce6ff70715ca1e2917,/home/felix/vision_datasets/self-driving-car-v2-split/train/1478732636369608947_jpg.rf.58d58993cdb725ce6ff70715ca1e2917.jpg,train,mllm_selection,1478732636369608947
driving,1478732306615433993_jpg.rf.b43f8d1bde51b4f4826f5904d0341e8c,/home/felix/vision_datasets/self-driving-car-v2-split/train/1478732306615433993_jpg.rf.b43f8d1bde51b4f4826f5904d0341e8c.jpg,train,mllm_selection,1478732306615433993
driving,1478732470633847558_jpg.rf.151d586c8837ead48083919f627ce638,/home/felix/vision_datasets/self-driving-car-v2-split/train/1478732470633847558_jpg.rf.151d586c8837ead48083919f627ce638.jpg,train,mllm_selection,1478732470633847558
driving,1478732051988894294_jpg.rf.aecc0a49497177c0a378d054124d01a5,/home/felix/vision_datasets/self-driving-car-v2-split/train/1478732051988894294_jpg.rf.aecc0a49497177c0a378d054124d01a5.jpg,train,mllm_selection,1478732051988894294
driving,1478021631076225547_jpg.rf.af6fcdca59b2cbd05a82bde32c4795c9,/home/felix/vision_datasets/self-driving-car-v2-split/train/1478021631076225547_jpg.rf.af6fcdca59b2cbd05a82bde32c4795c9.jpg,train,mllm_selection,1478021631076225547
driving,1478732190771734123_jpg.rf.aa5ef43e902320f7357214b8600de886,/home/felix/vision_datasets/self-driving-car-v2-split/train/1478732190771734123_jpg.rf.aa5ef43e902320f7357214b8600de886.jpg,train,mllm_selection,1478732190771734123
driving,1478732998810567542_jpg.rf.cf1dc30d76f0c45f1f1b9f596cf2f33e,/home/felix/vision_datasets/self-driving-car-v2-split/train/1478732998810567542_jpg.rf.cf1dc30d76f0c45f1f1b9f596cf2f33e.jpg,train,mllm_selection,1478732998810567542
driving,1478732885261133367_jpg.rf.068d006d8268486cda84808065c62159,/home/felix/vision_datasets/self-driving-car-v2-split/train/1478732885261133367_jpg.rf.068d006d8268486cda84808065c62159.jpg,train,mllm_selection,1478732885261133367
driving,1478732789488940890_jpg.rf.224c64335a051a6a861aaf7c12cdeb5d,/home/felix/vision_datasets/self-driving-car-v2-split/train/1478732789488940890_jpg.rf.224c64335a051a6a861aaf7c12cdeb5d.jpg,train,mllm_selection,1478732789488940890
driving,1478732742463028018_jpg.rf.e3f7d76a114af110ef358e3821abcfcc,/home/felix/vision_datasets/self-driving-car-v2-split/train/1478732742463028018_jpg.rf.e3f7d76a114af110ef358e3821abcfcc.jpg,train,mllm_selection,1478732742463028018
driving,1478732652999577534_jpg.rf.6244edcd1e528f70c3a81366e8cf2893,/home/felix/vision_datasets/self-driving-car-v2-split/train/1478732652999577534_jpg.rf.6244edcd1e528f70c3a81366e8cf2893.jpg,train,mllm_selection,1478732652999577534
driving,1478732354215644411_jpg.rf.016506e8c4f1044cdf4ac99a92a10d7b,/home/felix/vision_datasets/self-driving-car-v2-split/train/1478732354215644411_jpg.rf.016506e8c4f1044cdf4ac99a92a10d7b.jpg,train,mllm_selection,1478732354215644411
driving,1478021149224225930_jpg.rf.9bd9415cf86fa1b2aea699cba0b18d6e,/home/felix/vision_datasets/self-driving-car-v2-split/train/1478021149224225930_jpg.rf.9bd9415cf86fa1b2aea699cba0b18d6e.jpg,train,mllm_selection,1478021149224225930
driving,1478732898450848112_jpg.rf.482fe81705f1c89de351fc5a74d6f9a2,/home/felix/vision_datasets/self-driving-car-v2-split/train/1478732898450848112_jpg.rf.482fe81705f1c89de351fc5a74d6f9a2.jpg,train,mllm_selection,1478732898450848112
driving,1478732227475493680_jpg.rf.7e760037fde7668d13d6ef424ea4a2d4,/home/felix/vision_datasets/self-driving-car-v2-split/train/1478732227475493680_jpg.rf.7e760037fde7668d13d6ef424ea4a2d4.jpg,train,mllm_selection,1478732227475493680
driving,1478732402961458488_jpg.rf.768e10425d73f73ba611b3fd1e597b24,/home/felix/vision_datasets/self-driving-car-v2-split/train/1478732402961458488_jpg.rf.768e10425d73f73ba611b3fd1e597b24.jpg,train,mllm_selection,1478732402961458488
driving,1478731913779599488_jpg.rf.549e579c30b695827dcf61e383c796c3,/home/felix/vision_datasets/self-driving-car-v2-split/train/1478731913779599488_jpg.rf.549e579c30b695827dcf61e383c796c3.jpg,train,mllm_selection,1478731913779599488
driving,1478732805546314533_jpg.rf.adb19cd1d970d6944531dc1bf3bbedcb,/home/felix/vision_datasets/self-driving-car-v2-split/train/1478732805546314533_jpg.rf.adb19cd1d970d6944531dc1bf3bbedcb.jpg,train,mllm_selection,1478732805546314533
driving,1478732402388346477_jpg.rf.b17db32951fa83f8a00675388d12dbca,/home/felix/vision_datasets/self-driving-car-v2-split/train/1478732402388346477_jpg.rf.b17db32951fa83f8a00675388d12dbca.jpg,train,mllm_selection,1478732402388346477
driving,1478732613430319576_jpg.rf.fa0ec339c65ae736407238d6cb9ab817,/home/felix/vision_datasets/self-driving-car-v2-split/train/1478732613430319576_jpg.rf.fa0ec339c65ae736407238d6cb9ab817.jpg,train,mllm_selection,1478732613430319576
driving,1478022261600027263_jpg.rf.2c0c528e73a8e7a96a858a2856c898be,/home/felix/vision_datasets/self-driving-car-v2-split/train/1478022261600027263_jpg.rf.2c0c528e73a8e7a96a858a2856c898be.jpg,train,mllm_selection,1478022261600027263
driving,1478021671578007384_jpg.rf.a4422c7643f09627b909cdea7e63c84f,/home/felix/vision_datasets/self-driving-car-v2-split/train/1478021671578007384_jpg.rf.a4422c7643f09627b909cdea7e63c84f.jpg,train,mllm_selection,1478021671578007384
driving,1478732920244093604_jpg.rf.6af1fd9dff06006560d40323e1cb1826,/home/felix/vision_datasets/self-driving-car-v2-split/train/1478732920244093604_jpg.rf.6af1fd9dff06006560d40323e1cb1826.jpg,train,mllm_selection,1478732920244093604
driving,1478732425900474952_jpg.rf.adf4c34b17d4d1b171a3545b0a78c3b1,/home/felix/vision_datasets/self-driving-car-v2-split/train/1478732425900474952_jpg.rf.adf4c34b17d4d1b171a3545b0a78c3b1.jpg,train,mllm_selection,1478732425900474952
driving,1478732284823625992_jpg.rf.5ccf7e65f40a7175a2abc6eb18680011,/home/felix/vision_datasets/self-driving-car-v2-split/train/1478732284823625992_jpg.rf.5ccf7e65f40a7175a2abc6eb18680011.jpg,train,mllm_selection,1478732284823625992
driving,1478732255002451797_jpg.rf.9c35b285ac4d422562eef0799550052e,/home/felix/vision_datasets/self-driving-car-v2-split/train/1478732255002451797_jpg.rf.9c35b285ac4d422562eef0799550052e.jpg,train,mllm_selection,1478732255002451797
driving,1478731942454322036_jpg.rf.f71268da88506521ede33366d7f28eb9,/home/felix/vision_datasets/self-driving-car-v2-split/train/1478731942454322036_jpg.rf.f71268da88506521ede33366d7f28eb9.jpg,train,mllm_selection,1478731942454322036
driving,1478732705186981535_jpg.rf.2393828008b1b78c87ef31f7e92df127,/home/felix/vision_datasets/self-driving-car-v2-split/train/1478732705186981535_jpg.rf.2393828008b1b78c87ef31f7e92df127.jpg,train,mllm_selection,1478732705186981535
driving,1478021148724197834_jpg.rf.920f2af0acac999a360356660104520a,/home/felix/vision_datasets/self-driving-car-v2-split/train/1478021148724197834_jpg.rf.920f2af0acac999a360356660104520a.jpg,train,mllm_selection,1478021148724197834
driving,1478732785474910469_jpg.rf.203f7e37fa89f76b2e88cf07b775f57a,/home/felix/vision_datasets/self-driving-car-v2-split/train/1478732785474910469_jpg.rf.203f7e37fa89f76b2e88cf07b775f57a.jpg,train,mllm_selection,1478732785474910469
driving,1478019973185520968_jpg.rf.77b0d8fd46072c4ab6af2329feec1651,/home/felix/vision_datasets/self-driving-car-v2-split/train/1478019973185520968_jpg.rf.77b0d8fd46072c4ab6af2329feec1651.jpg,train,mllm_selection,1478019973185520968
driving,1478731967113604738_jpg.rf.1db9c55f7572052091dc975f5f74fbef,/home/felix/vision_datasets/self-driving-car-v2-split/train/1478731967113604738_jpg.rf.1db9c55f7572052091dc975f5f74fbef.jpg,train,mllm_selection,1478731967113604738
driving,1478732572712328452_jpg.rf.f27514ed72408ff35abced34b4c3de21,/home/felix/vision_datasets/self-driving-car-v2-split/train/1478732572712328452_jpg.rf.f27514ed72408ff35abced34b4c3de21.jpg,train,mllm_selection,1478732572712328452
driving,1478021130727457777_jpg.rf.18c305c319d22abab6cb88073ab4ef71,/home/felix/vision_datasets/self-driving-car-v2-split/train/1478021130727457777_jpg.rf.18c305c319d22abab6cb88073ab4ef71.jpg,train,mllm_selection,1478021130727457777
driving,1478731887399165669_jpg.rf.a227c46199995c1b696da934b25eb4ce,/home/felix/vision_datasets/self-driving-car-v2-split/train/1478731887399165669_jpg.rf.a227c46199995c1b696da934b25eb4ce.jpg,train,mllm_selection,1478731887399165669
driving,1478732181023198637_jpg.rf.b5769cd14131401f0de0442972315ae8,/home/felix/vision_datasets/self-driving-car-v2-split/train/1478732181023198637_jpg.rf.b5769cd14131401f0de0442972315ae8.jpg,train,mllm_selection,1478732181023198637
driving,1478732758520843579_jpg.rf.a2aa23d1df8700558ba6b4e5d8a2ac1d,/home/felix/vision_datasets/self-driving-car-v2-split/train/1478732758520843579_jpg.rf.a2aa23d1df8700558ba6b4e5d8a2ac1d.jpg,train,mllm_selection,1478732758520843579
driving,1478732736728045634_jpg.rf.6a5fb528ba9a7b4eaf8a3346ba4617c0,/home/felix/vision_datasets/self-driving-car-v2-split/train/1478732736728045634_jpg.rf.6a5fb528ba9a7b4eaf8a3346ba4617c0.jpg,train,mllm_selection,1478732736728045634
driving,1478019955185244088_jpg.rf.6dff23d9d566a1fddec7d35f0465a05a,/home/felix/vision_datasets/self-driving-car-v2-split/train/1478019955185244088_jpg.rf.6dff23d9d566a1fddec7d35f0465a05a.jpg,train,mllm_selection,1478019955185244088
driving,1478021859580454463_jpg.rf.95035808683547da9f5abcd0297b890e,/home/felix/vision_datasets/self-driving-car-v2-split/train/1478021859580454463_jpg.rf.95035808683547da9f5abcd0297b890e.jpg,train,mllm_selection,1478021859580454463
driving,1478732365685483145_jpg.rf.6ed6b423150971d12503ec0939ed4d25,/home/felix/vision_datasets/self-driving-car-v2-split/train/1478732365685483145_jpg.rf.6ed6b423150971d12503ec0939ed4d25.jpg,train,mllm_selection,1478732365685483145
driving,1478733026338912304_jpg.rf.568d779ab05442326a33426d8516d62b,/home/felix/vision_datasets/self-driving-car-v2-split/train/1478733026338912304_jpg.rf.568d779ab05442326a33426d8516d62b.jpg,train,mllm_selection,1478733026338912304
driving,1478732172420922056_jpg.rf.9244c11b726df52d8147ef5d7466cf98,/home/felix/vision_datasets/self-driving-car-v2-split/train/1478732172420922056_jpg.rf.9244c11b726df52d8147ef5d7466cf98.jpg,train,mllm_selection,1478732172420922056
driving,1478732814149368262_jpg.rf.506d988361828f02aab9c353ce54aa1c,/home/felix/vision_datasets/self-driving-car-v2-split/train/1478732814149368262_jpg.rf.506d988361828f02aab9c353ce54aa1c.jpg,train,mllm_selection,1478732814149368262
driving,1478019959681353555_jpg.rf.d41f2f3d461d665b8afdaefaa981b231,/home/felix/vision_datasets/self-driving-car-v2-split/train/1478019959681353555_jpg.rf.d41f2f3d461d665b8afdaefaa981b231.jpg,train,mllm_selection,1478019959681353555
driving,1478732675938907773_jpg.rf.97602a4aac9efe63c7a54e14dd0e4127,/home/felix/vision_datasets/self-driving-car-v2-split/train/1478732675938907773_jpg.rf.97602a4aac9efe63c7a54e14dd0e4127.jpg,train,mllm_selection,1478732675938907773
driving,1478732074929472722_jpg.rf.4e4cf55d7fde62eb52499ab26ae7938c,/home/felix/vision_datasets/self-driving-car-v2-split/train/1478732074929472722_jpg.rf.4e4cf55d7fde62eb52499ab26ae7938c.jpg,train,mllm_selection,1478732074929472722
driving,1478021587574726192_jpg.rf.e9d825974357a55cd311b6c1ae8d5677,/home/felix/vision_datasets/self-driving-car-v2-split/train/1478021587574726192_jpg.rf.e9d825974357a55cd311b6c1ae8d5677.jpg,train,mllm_selection,1478021587574726192
driving,1478021661076622610_jpg.rf.2f3ebdb44b117a7e7d74dd9899cfcaba,/home/felix/vision_datasets/self-driving-car-v2-split/train/1478021661076622610_jpg.rf.2f3ebdb44b117a7e7d74dd9899cfcaba.jpg,train,mllm_selection,1478021661076622610
driving,1478731924102315511_jpg.rf.376403dba5cebcfc8362e0599706aea8,/home/felix/vision_datasets/self-driving-car-v2-split/train/1478731924102315511_jpg.rf.376403dba5cebcfc8362e0599706aea8.jpg,train,mllm_selection,1478731924102315511
driving,1478731940161897484_jpg.rf.3ea1acd446bf6960edeba7314ed71655,/home/felix/vision_datasets/self-driving-car-v2-split/train/1478731940161897484_jpg.rf.3ea1acd446bf6960edeba7314ed71655.jpg,train,mllm_selection,1478731940161897484
driving,1478732991354974197_jpg.rf.e0f5399444b64b5b97f31a0aa9df0948,/home/felix/vision_datasets/self-driving-car-v2-split/train/1478732991354974197_jpg.rf.e0f5399444b64b5b97f31a0aa9df0948.jpg,train,mllm_selection,1478732991354974197
driving,1478732916802031860_jpg.rf.4530245d0c84bb19c6971e8344abd077,/home/felix/vision_datasets/self-driving-car-v2-split/train/1478732916802031860_jpg.rf.4530245d0c84bb19c6971e8344abd077.jpg,train,mllm_selection,1478732916802031860
driving,1478732755654767111_jpg.rf.15a1e9fb0e161f2572ad4ba304646478,/home/felix/vision_datasets/self-driving-car-v2-split/train/1478732755654767111_jpg.rf.15a1e9fb0e161f2572ad4ba304646478.jpg,train,mllm_selection,1478732755654767111
driving,1478732549773306672_jpg.rf.5f3d05cc664f9e02dc98ceea2eb94492,/home/felix/vision_datasets/self-driving-car-v2-split/train/1478732549773306672_jpg.rf.5f3d05cc664f9e02dc98ceea2eb94492.jpg,train,mllm_selection,1478732549773306672
driving,1478021592581097006_jpg.rf.f6cde447dd71e347dac23e9ad4b3ce0c,/home/felix/vision_datasets/self-driving-car-v2-split/train/1478021592581097006_jpg.rf.f6cde447dd71e347dac23e9ad4b3ce0c.jpg,train,mllm_selection,1478021592581097006
driving,1478732562389427600_jpg.rf.483eabb9722e0c199ae2b90db118b6bc,/home/felix/vision_datasets/self-driving-car-v2-split/train/1478732562389427600_jpg.rf.483eabb9722e0c199ae2b90db118b6bc.jpg,train,mllm_selection,1478732562389427600
driving,1478732802681701702_jpg.rf.1b52bb675a7c3719edec43cb380386fc,/home/felix/vision_datasets/self-driving-car-v2-split/train/1478732802681701702_jpg.rf.1b52bb675a7c3719edec43cb380386fc.jpg,train,mllm_selection,1478732802681701702
driving,1478021872080828362_jpg.rf.369d64b533851ebed24986d8b05b8b3d,/home/felix/vision_datasets/self-driving-car-v2-split/train/1478021872080828362_jpg.rf.369d64b533851ebed24986d8b05b8b3d.jpg,train,mllm_selection,1478021872080828362
driving,1478732701746006400_jpg.rf.ba26d29364b1be37ffbc6ca4de3acdfe,/home/felix/vision_datasets/self-driving-car-v2-split/train/1478732701746006400_jpg.rf.ba26d29364b1be37ffbc6ca4de3acdfe.jpg,train,mllm_selection,1478732701746006400
driving,1478732659308711329_jpg.rf.0c3f19b1a4fbf5b7859a7c753666935e,/home/felix/vision_datasets/self-driving-car-v2-split/train/1478732659308711329_jpg.rf.0c3f19b1a4fbf5b7859a7c753666935e.jpg,train,mllm_selection,1478732659308711329
driving,1478732385757941335_jpg.rf.2737ba07a63fea25fec6e57e5d4c3699,/home/felix/vision_datasets/self-driving-car-v2-split/train/1478732385757941335_jpg.rf.2737ba07a63fea25fec6e57e5d4c3699.jpg,train,mllm_selection,1478732385757941335
driving,1478021874581175763_jpg.rf.b0c3561a9cf1a663ccee0e1630cce805,/home/felix/vision_datasets/self-driving-car-v2-split/train/1478021874581175763_jpg.rf.b0c3561a9cf1a663ccee0e1630cce805.jpg,train,mllm_selection,1478021874581175763
driving,1478732605974596029_jpg.rf.c7454a77e98861908056a33cdd928195,/home/felix/vision_datasets/self-driving-car-v2-split/train/1478732605974596029_jpg.rf.c7454a77e98861908056a33cdd928195.jpg,train,mllm_selection,1478732605974596029
driving,1478021888582190447_jpg.rf.644e5ae923b1395aa41bbabc298bafd2,/home/felix/vision_datasets/self-driving-car-v2-split/train/1478021888582190447_jpg.rf.644e5ae923b1395aa41bbabc298bafd2.jpg,train,mllm_selection,1478021888582190447
driving,1478732663323124232_jpg.rf.4e8daec7fafb42679cb8b4b25176df49,/home/felix/vision_datasets/self-driving-car-v2-split/train/1478732663323124232_jpg.rf.4e8daec7fafb42679cb8b4b25176df49.jpg,train,mllm_selection,1478732663323124232
driving,1478732960960770678_jpg.rf.989ac09c3280465e62139a4d1bc8038a,/home/felix/vision_datasets/self-driving-car-v2-split/train/1478732960960770678_jpg.rf.989ac09c3280465e62139a4d1bc8038a.jpg,train,mllm_selection,1478732960960770678
driving,1478732324393864792_jpg.rf.612b45821991dbaa719e835eed6466f1,/home/felix/vision_datasets/self-driving-car-v2-split/train/1478732324393864792_jpg.rf.612b45821991dbaa719e835eed6466f1.jpg,train,mllm_selection,1478732324393864792
driving,1478732611710972330_jpg.rf.b35d1b8f3c9e742224d017ce1bce9b5f,/home/felix/vision_datasets/self-driving-car-v2-split/train/1478732611710972330_jpg.rf.b35d1b8f3c9e742224d017ce1bce9b5f.jpg,train,mllm_selection,1478732611710972330
driving,1478732024461883116_jpg.rf.46aeca6fd65dfcf6d412b0c52cd9f30f,/home/felix/vision_datasets/self-driving-car-v2-split/train/1478732024461883116_jpg.rf.46aeca6fd65dfcf6d412b0c52cd9f30f.jpg,train,mllm_selection,1478732024461883116
driving,1478732007831495739_jpg.rf.a1230b73037e953475ba78c9dd0774e2,/home/felix/vision_datasets/self-driving-car-v2-split/train/1478732007831495739_jpg.rf.a1230b73037e953475ba78c9dd0774e2.jpg,train,mllm_selection,1478732007831495739
driving,1478731976289213875_jpg.rf.fdcb7be4f1e8a1403e8ea912befe6f34,/home/felix/vision_datasets/self-driving-car-v2-split/train/1478731976289213875_jpg.rf.fdcb7be4f1e8a1403e8ea912befe6f34.jpg,train,mllm_selection,1478731976289213875
driving,1478732584182600619_jpg.rf.59a90ac626e13d7aa0a4a7b51a99d5e2,/home/felix/vision_datasets/self-driving-car-v2-split/train/1478732584182600619_jpg.rf.59a90ac626e13d7aa0a4a7b51a99d5e2.jpg,train,mllm_selection,1478732584182600619
driving,1478732893290321276_jpg.rf.8519288a8972c979fda4b2efb6271c88,/home/felix/vision_datasets/self-driving-car-v2-split/train/1478732893290321276_jpg.rf.8519288a8972c979fda4b2efb6271c88.jpg,train,mllm_selection,1478732893290321276
driving,1478732752213193387_jpg.rf.f71d1a754a365e61e2d610f336458ce6,/home/felix/vision_datasets/self-driving-car-v2-split/train/1478732752213193387_jpg.rf.f71d1a754a365e61e2d610f336458ce6.jpg,train,mllm_selection,1478732752213193387
driving,1478732648412024118_jpg.rf.350568305363fd7d7b180c883158d2af,/home/felix/vision_datasets/self-driving-car-v2-split/train/1478732648412024118_jpg.rf.350568305363fd7d7b180c883158d2af.jpg,train,mllm_selection,1478732648412024118
driving,1478732197081357187_jpg.rf.c6cbe82bc825c27c08e5b80cfeed5d34,/home/felix/vision_datasets/self-driving-car-v2-split/train/1478732197081357187_jpg.rf.c6cbe82bc825c27c08e5b80cfeed5d34.jpg,train,mllm_selection,1478732197081357187
driving,1478732220020001440_jpg.rf.dcae1e526f4631806a3a488e367f3f17,/home/felix/vision_datasets/self-driving-car-v2-split/train/1478732220020001440_jpg.rf.dcae1e526f4631806a3a488e367f3f17.jpg,train,mllm_selection,1478732220020001440
driving,1478731944174798883_jpg.rf.f7a9f3258d8837496aa7d22ae9e5f41c,/home/felix/vision_datasets/self-driving-car-v2-split/train/1478731944174798883_jpg.rf.f7a9f3258d8837496aa7d22ae9e5f41c.jpg,train,mllm_selection,1478731944174798883
driving,1478019979179856014_jpg.rf.c9be114daeebeba30ba067d5c1b2dfee,/home/felix/vision_datasets/self-driving-car-v2-split/train/1478019979179856014_jpg.rf.c9be114daeebeba30ba067d5c1b2dfee.jpg,train,mllm_selection,1478019979179856014
driving,1478732705761990417_jpg.rf.eb717b41ac37c6bb05e65856b13703a7,/home/felix/vision_datasets/self-driving-car-v2-split/train/1478732705761990417_jpg.rf.eb717b41ac37c6bb05e65856b13703a7.jpg,train,mllm_selection,1478732705761990417
driving,1478731947042286948_jpg.rf.31baeb09b515035a4ae69b0b1bb45da3,/home/felix/vision_datasets/self-driving-car-v2-split/train/1478731947042286948_jpg.rf.31baeb09b515035a4ae69b0b1bb45da3.jpg,train,mllm_selection,1478731947042286948
driving,1478732396653518887_jpg.rf.566158e5c90c10532ee4e9d0de218ca1,/home/felix/vision_datasets/self-driving-car-v2-split/train/1478732396653518887_jpg.rf.566158e5c90c10532ee4e9d0de218ca1.jpg,train,mllm_selection,1478732396653518887
driving,1478732444827056936_jpg.rf.fcaccf972253ff4a6cec384b571e71d9,/home/felix/vision_datasets/self-driving-car-v2-split/train/1478732444827056936_jpg.rf.fcaccf972253ff4a6cec384b571e71d9.jpg,train,mllm_selection,1478732444827056936
driving,1478732608268332754_jpg.rf.a15a66e9722006f312c2113679dfe145,/home/felix/vision_datasets/self-driving-car-v2-split/train/1478732608268332754_jpg.rf.a15a66e9722006f312c2113679dfe145.jpg,train,mllm_selection,1478732608268332754
driving,1478732618591696277_jpg.rf.baf0a7ff5887440e2136061c56cf2e31,/home/felix/vision_datasets/self-driving-car-v2-split/train/1478732618591696277_jpg.rf.baf0a7ff5887440e2136061c56cf2e31.jpg,train,mllm_selection,1478732618591696277
driving,1478732691998575176_jpg.rf.b334c9b11b6868f703066df8dea0d3f9,/home/felix/vision_datasets/self-driving-car-v2-split/train/1478732691998575176_jpg.rf.b334c9b11b6868f703066df8dea0d3f9.jpg,train,mllm_selection,1478732691998575176
driving,1478021632576580155_jpg.rf.8573e123a767d16f2a37744648ba83c3,/home/felix/vision_datasets/self-driving-car-v2-split/train/1478021632576580155_jpg.rf.8573e123a767d16f2a37744648ba83c3.jpg,train,mllm_selection,1478021632576580155
driving,1478021898582759869_jpg.rf.d79b3c8ae44a4523f9c40691543ee7d9,/home/felix/vision_datasets/self-driving-car-v2-split/train/1478021898582759869_jpg.rf.d79b3c8ae44a4523f9c40691543ee7d9.jpg,train,mllm_selection,1478021898582759869
driving,1478733021750843882_jpg.rf.8d497745fb091d9c4286f05d5bedf675,/home/felix/vision_datasets/self-driving-car-v2-split/train/1478733021750843882_jpg.rf.8d497745fb091d9c4286f05d5bedf675.jpg,train,mllm_selection,1478733021750843882
driving,1478021134227925815_jpg.rf.d2cfbdacc38eb21b8eace511f747162a,/home/felix/vision_datasets/self-driving-car-v2-split/train/1478021134227925815_jpg.rf.d2cfbdacc38eb21b8eace511f747162a.jpg,train,mllm_selection,1478021134227925815
driving,1478732526834589523_jpg.rf.d47b26d5247fedc034aaa800a9227819,/home/felix/vision_datasets/self-driving-car-v2-split/train/1478732526834589523_jpg.rf.d47b26d5247fedc034aaa800a9227819.jpg,train,mllm_selection,1478732526834589523
driving,1478732977591822000_jpg.rf.a4e3cc0c77a9c0046c919955c5da43f5,/home/felix/vision_datasets/self-driving-car-v2-split/train/1478732977591822000_jpg.rf.a4e3cc0c77a9c0046c919955c5da43f5.jpg,train,mllm_selection,1478732977591822000
driving,1478021925583838627_jpg.rf.30e1d0e911f7db89768c93547032ed04,/home/felix/vision_datasets/self-driving-car-v2-split/train/1478021925583838627_jpg.rf.30e1d0e911f7db89768c93547032ed04.jpg,train,mllm_selection,1478021925583838627
driving,1478732516511500841_jpg.rf.33cb31dca7ead5171e92ec97bfdab5ef,/home/felix/vision_datasets/self-driving-car-v2-split/train/1478732516511500841_jpg.rf.33cb31dca7ead5171e92ec97bfdab5ef.jpg,train,mllm_selection,1478732516511500841
driving,1478732378302422851_jpg.rf.63c89e72785aa440e488b4fe712227ae,/home/felix/vision_datasets/self-driving-car-v2-split/train/1478732378302422851_jpg.rf.63c89e72785aa440e488b4fe712227ae.jpg,train,mllm_selection,1478732378302422851
driving,1478732636942254997_jpg.rf.ff93d085e987628355703dd857ff3ca7,/home/felix/vision_datasets/self-driving-car-v2-split/train/1478732636942254997_jpg.rf.ff93d085e987628355703dd857ff3ca7.jpg,train,mllm_selection,1478732636942254997
driving,1478732967842606659_jpg.rf.e6676d77d6089e6c167d78aebbb49eb5,/home/felix/vision_datasets/self-driving-car-v2-split/train/1478732967842606659_jpg.rf.e6676d77d6089e6c167d78aebbb49eb5.jpg,train,mllm_selection,1478732967842606659
driving,1478732857733591551_jpg.rf.9ea0186d8b6884c83cfd168dae496fdd,/home/felix/vision_datasets/self-driving-car-v2-split/train/1478732857733591551_jpg.rf.9ea0186d8b6884c83cfd168dae496fdd.jpg,train,mllm_selection,1478732857733591551
driving,1478732599666883467_jpg.rf.4be9cb51457b3b26f10f3cda19e8e03e,/home/felix/vision_datasets/self-driving-car-v2-split/train/1478732599666883467_jpg.rf.4be9cb51457b3b26f10f3cda19e8e03e.jpg,train,mllm_selection,1478732599666883467
driving,1478732541172050641_jpg.rf.08dfeee4c4e85b69c5ac0196c730806b,/home/felix/vision_datasets/self-driving-car-v2-split/train/1478732541172050641_jpg.rf.08dfeee4c4e85b69c5ac0196c730806b.jpg,train,mllm_selection,1478732541172050641
driving,1478021906584691476_jpg.rf.17d67acbcd194f6dad14c6efe83e0628,/home/felix/vision_datasets/self-driving-car-v2-split/train/1478021906584691476_jpg.rf.17d67acbcd194f6dad14c6efe83e0628.jpg,train,mllm_selection,1478021906584691476
driving,1478732420165535461_jpg.rf.cd921cb70f6f51a42fadf5f3f5935c3f,/home/felix/vision_datasets/self-driving-car-v2-split/train/1478732420165535461_jpg.rf.cd921cb70f6f51a42fadf5f3f5935c3f.jpg,train,mllm_selection,1478732420165535461
driving,1478732542891935337_jpg.rf.11cdca1526275be8f689e6c725c5e3b2,/home/felix/vision_datasets/self-driving-car-v2-split/train/1478732542891935337_jpg.rf.11cdca1526275be8f689e6c725c5e3b2.jpg,train,mllm_selection,1478732542891935337
driving,1478732512496877332_jpg.rf.efc84b99d163191b66af214dd5cc885b,/home/felix/vision_datasets/self-driving-car-v2-split/train/1478732512496877332_jpg.rf.efc84b99d163191b66af214dd5cc885b.jpg,train,mllm_selection,1478732512496877332
driving,1478021856580199398_jpg.rf.a22e5a3cea27f9da9e5ee8157379e309,/home/felix/vision_datasets/self-driving-car-v2-split/train/1478021856580199398_jpg.rf.a22e5a3cea27f9da9e5ee8157379e309.jpg,train,mllm_selection,1478021856580199398
driving,1478732471779502707_jpg.rf.6b67a48a901527e742e3b32784428da7,/home/felix/vision_datasets/self-driving-car-v2-split/train/1478732471779502707_jpg.rf.6b67a48a901527e742e3b32784428da7.jpg,train,mllm_selection,1478732471779502707
driving,1478732837088202920_jpg.rf.2aabdb9cd142d5528611faa29bfbf2f0,/home/felix/vision_datasets/self-driving-car-v2-split/train/1478732837088202920_jpg.rf.2aabdb9cd142d5528611faa29bfbf2f0.jpg,train,mllm_selection,1478732837088202920
driving,1478732005537757114_jpg.rf.a105a4e24fcec4236758653bbc1ce0f1,/home/felix/vision_datasets/self-driving-car-v2-split/train/1478732005537757114_jpg.rf.a105a4e24fcec4236758653bbc1ce0f1.jpg,train,mllm_selection,1478732005537757114
driving,1478732646118152271_jpg.rf.ee361a1263ea5e1856db3dcf5780c7f0,/home/felix/vision_datasets/self-driving-car-v2-split/train/1478732646118152271_jpg.rf.ee361a1263ea5e1856db3dcf5780c7f0.jpg,train,mllm_selection,1478732646118152271
driving,1478732896732236032_jpg.rf.26f333db461ec72d50cc2f6493195645,/home/felix/vision_datasets/self-driving-car-v2-split/train/1478732896732236032_jpg.rf.26f333db461ec72d50cc2f6493195645.jpg,train,mllm_selection,1478732896732236032
driving,1478732267620438353_jpg.rf.a08e418749b08153159820f37025e418,/home/felix/vision_datasets/self-driving-car-v2-split/train/1478732267620438353_jpg.rf.a08e418749b08153159820f37025e418.jpg,train,mllm_selection,1478732267620438353
driving,1478732997663730475_jpg.rf.71054e4eaf80030d6bb9fae9993dcf9d,/home/felix/vision_datasets/self-driving-car-v2-split/train/1478732997663730475_jpg.rf.71054e4eaf80030d6bb9fae9993dcf9d.jpg,train,mllm_selection,1478732997663730475
driving,1478732932287090406_jpg.rf.9b7524b8c4dd32ebeaf40783e8175e68,/home/felix/vision_datasets/self-driving-car-v2-split/train/1478732932287090406_jpg.rf.9b7524b8c4dd32ebeaf40783e8175e68.jpg,train,mllm_selection,1478732932287090406
driving,1478019979680961324_jpg.rf.251db835c9623708834d6b2115719c40,/home/felix/vision_datasets/self-driving-car-v2-split/train/1478019979680961324_jpg.rf.251db835c9623708834d6b2115719c40.jpg,train,mllm_selection,1478019979680961324
driving,1478732050843192574_jpg.rf.d3b969696d42be40b24c29eaeb117c5a,/home/felix/vision_datasets/self-driving-car-v2-split/train/1478732050843192574_jpg.rf.d3b969696d42be40b24c29eaeb117c5a.jpg,train,mllm_selection,1478732050843192574
driving,1478733011427654827_jpg.rf.d91382626da1b1c31d46d442a5c3b4c8,/home/felix/vision_datasets/self-driving-car-v2-split/train/1478733011427654827_jpg.rf.d91382626da1b1c31d46d442a5c3b4c8.jpg,train,mllm_selection,1478733011427654827
driving,1478732247547339796_jpg.rf.06139b6876104774d234f0697a8ed2cb,/home/felix/vision_datasets/self-driving-car-v2-split/train/1478732247547339796_jpg.rf.06139b6876104774d234f0697a8ed2cb.jpg,train,mllm_selection,1478732247547339796
driving,1478732955800366402_jpg.rf.b84421fae66286336bda95511461f5c4,/home/felix/vision_datasets/self-driving-car-v2-split/train/1478732955800366402_jpg.rf.b84421fae66286336bda95511461f5c4.jpg,train,mllm_selection,1478732955800366402
driving,1478732300882224187_jpg.rf.6d8829cbfd7fd29e9b57a49347b81e52,/home/felix/vision_datasets/self-driving-car-v2-split/train/1478732300882224187_jpg.rf.6d8829cbfd7fd29e9b57a49347b81e52.jpg,train,mllm_selection,1478732300882224187
driving,1478732969563715761_jpg.rf.9be477222494d5792f35ac0c4236216f,/home/felix/vision_datasets/self-driving-car-v2-split/train/1478732969563715761_jpg.rf.9be477222494d5792f35ac0c4236216f.jpg,train,mllm_selection,1478732969563715761
driving,1478732591637775152_jpg.rf.c98fbf78cd2d903de02585e018f0264f,/home/felix/vision_datasets/self-driving-car-v2-split/train/1478732591637775152_jpg.rf.c98fbf78cd2d903de02585e018f0264f.jpg,train,mllm_selection,1478732591637775152
driving,1478732272780361947_jpg.rf.8b4fe224a93e40fe7dce496466785529,/home/felix/vision_datasets/self-driving-car-v2-split/train/1478732272780361947_jpg.rf.8b4fe224a93e40fe7dce496466785529.jpg,train,mllm_selection,1478732272780361947
driving,1478021628576083074_jpg.rf.b0b6458cbada6ec2aa1275e0542481f9,/home/felix/vision_datasets/self-driving-car-v2-split/train/1478021628576083074_jpg.rf.b0b6458cbada6ec2aa1275e0542481f9.jpg,train,mllm_selection,1478021628576083074
driving,1478732275648472990_jpg.rf.7891c53abc8a22f3e44b343605544746,/home/felix/vision_datasets/self-driving-car-v2-split/train/1478732275648472990_jpg.rf.7891c53abc8a22f3e44b343605544746.jpg,train,mllm_selection,1478732275648472990
driving,1478021601076249727_jpg.rf.67b74b23f84f2412aa841b0bcbf04849,/home/felix/vision_datasets/self-driving-car-v2-split/train/1478021601076249727_jpg.rf.67b74b23f84f2412aa841b0bcbf04849.jpg,train,mllm_selection,1478021601076249727
driving,1478732892144755790_jpg.rf.04b5fbd97ec48e01b088edbb96ab7d39,/home/felix/vision_datasets/self-driving-car-v2-split/train/1478732892144755790_jpg.rf.04b5fbd97ec48e01b088edbb96ab7d39.jpg,train,mllm_selection,1478732892144755790
driving,1478732097295298552_jpg.rf.6d672cd6b5342de663ec625819bc3787,/home/felix/vision_datasets/self-driving-car-v2-split/train/1478732097295298552_jpg.rf.6d672cd6b5342de663ec625819bc3787.jpg,train,mllm_selection,1478732097295298552
driving,1478021877081081474_jpg.rf.dd8e5f753dba7a039186af717be23604,/home/felix/vision_datasets/self-driving-car-v2-split/train/1478021877081081474_jpg.rf.dd8e5f753dba7a039186af717be23604.jpg,train,mllm_selection,1478021877081081474
driving,1478732834220860983_jpg.rf.66d91073afcf45a16bd70213dd9ac172,/home/felix/vision_datasets/self-driving-car-v2-split/train/1478732834220860983_jpg.rf.66d91073afcf45a16bd70213dd9ac172.jpg,train,mllm_selection,1478732834220860983
driving,1478021161725534095_jpg.rf.e2ebe8931a98d0e89f284040a1ba21de,/home/felix/vision_datasets/self-driving-car-v2-split/train/1478021161725534095_jpg.rf.e2ebe8931a98d0e89f284040a1ba21de.jpg,train,mllm_selection,1478021161725534095
driving,1478021642075838289_jpg.rf.7ee4e36c5a9fc529a30c4739931940ea,/home/felix/vision_datasets/self-driving-car-v2-split/train/1478021642075838289_jpg.rf.7ee4e36c5a9fc529a30c4739931940ea.jpg,train,mllm_selection,1478021642075838289
driving,1478732410416804780_jpg.rf.e2380f778a59f81e07fd0998aa5ec713,/home/felix/vision_datasets/self-driving-car-v2-split/train/1478732410416804780_jpg.rf.e2380f778a59f81e07fd0998aa5ec713.jpg,train,mllm_selection,1478732410416804780
driving,1478732702319267400_jpg.rf.0cf56f80249009aaa66a068fd6d47aec,/home/felix/vision_datasets/self-driving-car-v2-split/train/1478732702319267400_jpg.rf.0cf56f80249009aaa66a068fd6d47aec.jpg,train,mllm_selection,1478732702319267400
driving,1478732897303828136_jpg.rf.9c196fb5b1afbffa1fc97ae4f7c062e9,/home/felix/vision_datasets/self-driving-car-v2-split/train/1478732897303828136_jpg.rf.9c196fb5b1afbffa1fc97ae4f7c062e9.jpg,train,mllm_selection,1478732897303828136
driving,1478731909767037252_jpg.rf.62bfa5ffa5b074a12cbaa252b84c4274,/home/felix/vision_datasets/self-driving-car-v2-split/train/1478731909767037252_jpg.rf.62bfa5ffa5b074a12cbaa252b84c4274.jpg,train,mllm_selection,1478731909767037252
driving,1478732592211125117_jpg.rf.58c05248433e8e22f802af416bfa180f,/home/felix/vision_datasets/self-driving-car-v2-split/train/1478732592211125117_jpg.rf.58c05248433e8e22f802af416bfa180f.jpg,train,mllm_selection,1478732592211125117
driving,1478732446546523517_jpg.rf.159daad0d8b1bad6418e127062725f10,/home/felix/vision_datasets/self-driving-car-v2-split/train/1478732446546523517_jpg.rf.159daad0d8b1bad6418e127062725f10.jpg,train,mllm_selection,1478732446546523517
driving,1478021887588977086_jpg.rf.8723af1ae0827bffa53bec538295b8ac,/home/felix/vision_datasets/self-driving-car-v2-split/train/1478021887588977086_jpg.rf.8723af1ae0827bffa53bec538295b8ac.jpg,train,mllm_selection,1478021887588977086
driving,1478732510775933345_jpg.rf.4bb8c31aefc384efebc15db1e1e4ba40,/home/felix/vision_datasets/self-driving-car-v2-split/train/1478732510775933345_jpg.rf.4bb8c31aefc384efebc15db1e1e4ba40.jpg,train,mllm_selection,1478732510775933345
driving,1478732963828148499_jpg.rf.e7b3c43953491f823b18cc2b3181ba46,/home/felix/vision_datasets/self-driving-car-v2-split/train/1478732963828148499_jpg.rf.e7b3c43953491f823b18cc2b3181ba46.jpg,train,mllm_selection,1478732963828148499
driving,1478732644972489840_jpg.rf.d2b5a9245c67234bda5344c84d423e2c,/home/felix/vision_datasets/self-driving-car-v2-split/train/1478732644972489840_jpg.rf.d2b5a9245c67234bda5344c84d423e2c.jpg,train,mllm_selection,1478732644972489840
driving,1478732251561545518_jpg.rf.2429c0b200a7806c39aa71951936ddfd,/home/felix/vision_datasets/self-driving-car-v2-split/train/1478732251561545518_jpg.rf.2429c0b200a7806c39aa71951936ddfd.jpg,train,mllm_selection,1478732251561545518
driving,1478732651853621733_jpg.rf.f3772d7d5025a0cad480630f9c21e91f,/home/felix/vision_datasets/self-driving-car-v2-split/train/1478732651853621733_jpg.rf.f3772d7d5025a0cad480630f9c21e91f.jpg,train,mllm_selection,1478732651853621733
driving,1478732946623833067_jpg.rf.3ca2dc7c8e0b2e9adc9ff714258bf06c,/home/felix/vision_datasets/self-driving-car-v2-split/train/1478732946623833067_jpg.rf.3ca2dc7c8e0b2e9adc9ff714258bf06c.jpg,train,mllm_selection,1478732946623833067
driving,1478732616871016903_jpg.rf.c6d464d1a1b01eac05b1bb235498c2dc,/home/felix/vision_datasets/self-driving-car-v2-split/train/1478732616871016903_jpg.rf.c6d464d1a1b01eac05b1bb235498c2dc.jpg,train,mllm_selection,1478732616871016903
driving,1478021861080275540_jpg.rf.8752f1f5161243c634e1fd26e93281c5,/home/felix/vision_datasets/self-driving-car-v2-split/train/1478021861080275540_jpg.rf.8752f1f5161243c634e1fd26e93281c5.jpg,train,mllm_selection,1478021861080275540
driving,1478732316938812640_jpg.rf.e8bd1f53c85305e346460e38b6b79a50,/home/felix/vision_datasets/self-driving-car-v2-split/train/1478732316938812640_jpg.rf.e8bd1f53c85305e346460e38b6b79a50.jpg,train,mllm_selection,1478732316938812640
driving,1478732462030111023_jpg.rf.d0c3977583074bac1600a702ccae1492,/home/felix/vision_datasets/self-driving-car-v2-split/train/1478732462030111023_jpg.rf.d0c3977583074bac1600a702ccae1492.jpg,train,mllm_selection,1478732462030111023
driving,1478732691423870826_jpg.rf.fb778274e130232909804e2c4782ef75,/home/felix/vision_datasets/self-driving-car-v2-split/train/1478732691423870826_jpg.rf.fb778274e130232909804e2c4782ef75.jpg,train,mllm_selection,1478732691423870826
driving,1478732544038264271_jpg.rf.26725d8308a5360d26459d7e7fa19e35,/home/felix/vision_datasets/self-driving-car-v2-split/train/1478732544038264271_jpg.rf.26725d8308a5360d26459d7e7fa19e35.jpg,train,mllm_selection,1478732544038264271
driving,1478732253856205456_jpg.rf.45cfa80a6aa34b7964f77908513454ee,/home/felix/vision_datasets/self-driving-car-v2-split/train/1478732253856205456_jpg.rf.45cfa80a6aa34b7964f77908513454ee.jpg,train,mllm_selection,1478732253856205456
driving,1478732794651119620_jpg.rf.f82c5cec8bbc6a827ff0ddd3c173c113,/home/felix/vision_datasets/self-driving-car-v2-split/train/1478732794651119620_jpg.rf.f82c5cec8bbc6a827ff0ddd3c173c113.jpg,train,mllm_selection,1478732794651119620
driving,1478021882081703462_jpg.rf.aa01aeffc573c98e69477a738bb15883,/home/felix/vision_datasets/self-driving-car-v2-split/train/1478021882081703462_jpg.rf.aa01aeffc573c98e69477a738bb15883.jpg,train,mllm_selection,1478021882081703462
driving,1478732187331552342_jpg.rf.7dd467d1332dd6baa1ffbe39576db799,/home/felix/vision_datasets/self-driving-car-v2-split/train/1478732187331552342_jpg.rf.7dd467d1332dd6baa1ffbe39576db799.jpg,train,mllm_selection,1478732187331552342
driving,1478021656077862073_jpg.rf.83669fa775fd4096ffb592aa52c7565b,/home/felix/vision_datasets/self-driving-car-v2-split/train/1478021656077862073_jpg.rf.83669fa775fd4096ffb592aa52c7565b.jpg,train,mllm_selection,1478021656077862073
driving,1478731905751113383_jpg.rf.de64ec1fc7dda371aeec1ba6e3e57a73,/home/felix/vision_datasets/self-driving-car-v2-split/train/1478731905751113383_jpg.rf.de64ec1fc7dda371aeec1ba6e3e57a73.jpg,train,mllm_selection,1478731905751113383
driving,1478732095000914556_jpg.rf.7447c5bc76a6243ad5103093b95116ce,/home/felix/vision_datasets/self-driving-car-v2-split/train/1478732095000914556_jpg.rf.7447c5bc76a6243ad5103093b95116ce.jpg,train,mllm_selection,1478732095000914556
driving,1478732951212006045_jpg.rf.c7d56baa4adbd2968f1ca26f48c60e6a,/home/felix/vision_datasets/self-driving-car-v2-split/train/1478732951212006045_jpg.rf.c7d56baa4adbd2968f1ca26f48c60e6a.jpg,train,mllm_selection,1478732951212006045
driving,1478021623576103570_jpg.rf.c4712c5f862889127c1ac8eea065dfac,/home/felix/vision_datasets/self-driving-car-v2-split/train/1478021623576103570_jpg.rf.c4712c5f862889127c1ac8eea065dfac.jpg,train,mllm_selection,1478021623576103570
driving,1478732866909409371_jpg.rf.70f73f2a26920c0770f812dea279e10b,/home/felix/vision_datasets/self-driving-car-v2-split/train/1478732866909409371_jpg.rf.70f73f2a26920c0770f812dea279e10b.jpg,train,mllm_selection,1478732866909409371
driving,1478732633502544683_jpg.rf.39d704ebb3d122948ddbebb529668efd,/home/felix/vision_datasets/self-driving-car-v2-split/train/1478732633502544683_jpg.rf.39d704ebb3d122948ddbebb529668efd.jpg,train,mllm_selection,1478732633502544683
driving,1478732146040230589_jpg.rf.1133600dc9d55e19a47bf4d143d9e142,/home/felix/vision_datasets/self-driving-car-v2-split/train/1478732146040230589_jpg.rf.1133600dc9d55e19a47bf4d143d9e142.jpg,train,mllm_selection,1478732146040230589
driving,1478732199947751925_jpg.rf.7a9b8e5242785b2b698d2d92de03a422,/home/felix/vision_datasets/self-driving-car-v2-split/train/1478732199947751925_jpg.rf.7a9b8e5242785b2b698d2d92de03a422.jpg,train,mllm_selection,1478732199947751925
driving,1478732964976353901_jpg.rf.1b44cdc72e665b82ca9104a5a67d7ff8,/home/felix/vision_datasets/self-driving-car-v2-split/train/1478732964976353901_jpg.rf.1b44cdc72e665b82ca9104a5a67d7ff8.jpg,train,mllm_selection,1478732964976353901
driving,1478021667076215878_jpg.rf.5454bd802409a65a2b26ee69f11a021e,/home/felix/vision_datasets/self-driving-car-v2-split/train/1478021667076215878_jpg.rf.5454bd802409a65a2b26ee69f11a021e.jpg,train,mllm_selection,1478021667076215878
driving,1478732580168179879_jpg.rf.881b1cac23bdb205b249ad3ac42d0f7e,/home/felix/vision_datasets/self-driving-car-v2-split/train/1478732580168179879_jpg.rf.881b1cac23bdb205b249ad3ac42d0f7e.jpg,train,mllm_selection,1478732580168179879
driving,1478021881589461528_jpg.rf.6ad56ecfe13d4a046b0fee0973e0c591,/home/felix/vision_datasets/self-driving-car-v2-split/train/1478021881589461528_jpg.rf.6ad56ecfe13d4a046b0fee0973e0c591.jpg,train,mllm_selection,1478021881589461528
driving,1478732373140027004_jpg.rf.3bf5c2fb67fc90d7cd8f8751b59590b6,/home/felix/vision_datasets/self-driving-car-v2-split/train/1478732373140027004_jpg.rf.3bf5c2fb67fc90d7cd8f8751b59590b6.jpg,train,mllm_selection,1478732373140027004
driving,1478732985620403783_jpg.rf.54e8a9b1205105271ebbeffc7e4ead8a,/home/felix/vision_datasets/self-driving-car-v2-split/train/1478732985620403783_jpg.rf.54e8a9b1205105271ebbeffc7e4ead8a.jpg,train,mllm_selection,1478732985620403783
driving,1478732873791831872_jpg.rf.d288ea20066e51fab7f10da0ac27fa11,/home/felix/vision_datasets/self-driving-car-v2-split/train/1478732873791831872_jpg.rf.d288ea20066e51fab7f10da0ac27fa11.jpg,train,mllm_selection,1478732873791831872
driving,1478732818737567895_jpg.rf.70f9e15099f543f6ec0c5905e328a8c9,/home/felix/vision_datasets/self-driving-car-v2-split/train/1478732818737567895_jpg.rf.70f9e15099f543f6ec0c5905e328a8c9.jpg,train,mllm_selection,1478732818737567895
driving,1478731976862760470_jpg.rf.67e8505340837d1e3ce23c1de7569bda,/home/felix/vision_datasets/self-driving-car-v2-split/train/1478731976862760470_jpg.rf.67e8505340837d1e3ce23c1de7569bda.jpg,train,mllm_selection,1478731976862760470
driving,1478021928085464363_jpg.rf.9a89216e746f71e67810613032184fec,/home/felix/vision_datasets/self-driving-car-v2-split/train/1478021928085464363_jpg.rf.9a89216e746f71e67810613032184fec.jpg,train,mllm_selection,1478021928085464363
driving,1478732635796892763_jpg.rf.1fce9c29cb38f0598fa48622b3d1d626,/home/felix/vision_datasets/self-driving-car-v2-split/train/1478732635796892763_jpg.rf.1fce9c29cb38f0598fa48622b3d1d626.jpg,train,mllm_selection,1478732635796892763
driving,1478732076649730030_jpg.rf.e577af81b26a2fb6e38a17c281ddb112,/home/felix/vision_datasets/self-driving-car-v2-split/train/1478732076649730030_jpg.rf.e577af81b26a2fb6e38a17c281ddb112.jpg,train,mllm_selection,1478732076649730030
driving,1478732216007695927_jpg.rf.35f9801ec6b7ca4f691990f3d4e5be74,/home/felix/vision_datasets/self-driving-car-v2-split/train/1478732216007695927_jpg.rf.35f9801ec6b7ca4f691990f3d4e5be74.jpg,train,mllm_selection,1478732216007695927
driving,1478732662175318143_jpg.rf.d6ca26d8b0649ef087846ab3db27dd80,/home/felix/vision_datasets/self-driving-car-v2-split/train/1478732662175318143_jpg.rf.d6ca26d8b0649ef087846ab3db27dd80.jpg,train,mllm_selection,1478732662175318143
driving,1478732348480573632_jpg.rf.52d9e316ff308494fc0b48ee434e7fbb,/home/felix/vision_datasets/self-driving-car-v2-split/train/1478732348480573632_jpg.rf.52d9e316ff308494fc0b48ee434e7fbb.jpg,train,mllm_selection,1478732348480573632
driving,1478019969688638443_jpg.rf.63ccf3c1b7b1b7000f67ffcba696d330,/home/felix/vision_datasets/self-driving-car-v2-split/train/1478019969688638443_jpg.rf.63ccf3c1b7b1b7000f67ffcba696d330.jpg,train,mllm_selection,1478019969688638443
driving,1478021924590139890_jpg.rf.2150765f9ac10c2dcaf6f5c088e4c459,/home/felix/vision_datasets/self-driving-car-v2-split/train/1478021924590139890_jpg.rf.2150765f9ac10c2dcaf6f5c088e4c459.jpg,train,mllm_selection,1478021924590139890
driving,1478732726405608555_jpg.rf.163550a8b8242fead21977e724ed84e8,/home/felix/vision_datasets/self-driving-car-v2-split/train/1478732726405608555_jpg.rf.163550a8b8242fead21977e724ed84e8.jpg,train,mllm_selection,1478732726405608555
driving,1478732499306672501_jpg.rf.93fd6136a614d4d4e7da28e5d7330165,/home/felix/vision_datasets/self-driving-car-v2-split/train/1478732499306672501_jpg.rf.93fd6136a614d4d4e7da28e5d7330165.jpg,train,mllm_selection,1478732499306672501
driving,1478732775152260558_jpg.rf.a80acca3b05937bc72c78de7a738b960,/home/felix/vision_datasets/self-driving-car-v2-split/train/1478732775152260558_jpg.rf.a80acca3b05937bc72c78de7a738b960.jpg,train,mllm_selection,1478732775152260558
driving,1478732276221198330_jpg.rf.9f10500d0f646d21837008b59917619e,/home/felix/vision_datasets/self-driving-car-v2-split/train/1478732276221198330_jpg.rf.9f10500d0f646d21837008b59917619e.jpg,train,mllm_selection,1478732276221198330
driving,1478732466044891022_jpg.rf.0f49d1a8512a5a7273abc6352ee20b35,/home/felix/vision_datasets/self-driving-car-v2-split/train/1478732466044891022_jpg.rf.0f49d1a8512a5a7273abc6352ee20b35.jpg,train,mllm_selection,1478732466044891022
driving,1478732228049877213_jpg.rf.9d0108db838e08f3f74189be62467ec2,/home/felix/vision_datasets/self-driving-car-v2-split/train/1478732228049877213_jpg.rf.9d0108db838e08f3f74189be62467ec2.jpg,train,mllm_selection,1478732228049877213
driving,1478021929584894601_jpg.rf.dd9a15856626af08cb494d16833d4913,/home/felix/vision_datasets/self-driving-car-v2-split/train/1478021929584894601_jpg.rf.dd9a15856626af08cb494d16833d4913.jpg,train,mllm_selection,1478021929584894601
driving,1478732198227275138_jpg.rf.3e25d6b2be40e2aa94ea62d1892bd702,/home/felix/vision_datasets/self-driving-car-v2-split/train/1478732198227275138_jpg.rf.3e25d6b2be40e2aa94ea62d1892bd702.jpg,train,mllm_selection,1478732198227275138
driving,1478732909346933291_jpg.rf.4f90adfad93a117c35e16651c80bc98f,/home/felix/vision_datasets/self-driving-car-v2-split/train/1478732909346933291_jpg.rf.4f90adfad93a117c35e16651c80bc98f.jpg,train,mllm_selection,1478732909346933291
driving,1478732596225345864_jpg.rf.8163bb4ad68bd3dff981d59ab5d2ec8f,/home/felix/vision_datasets/self-driving-car-v2-split/train/1478732596225345864_jpg.rf.8163bb4ad68bd3dff981d59ab5d2ec8f.jpg,train,mllm_selection,1478732596225345864
driving,1478732045681511746_jpg.rf.843be4cb61024ec2ee1849f055cf543c,/home/felix/vision_datasets/self-driving-car-v2-split/train/1478732045681511746_jpg.rf.843be4cb61024ec2ee1849f055cf543c.jpg,train,mllm_selection,1478732045681511746
driving,1478732945476911680_jpg.rf.331a319ca308d6c5cc85891cadf2bb77,/home/felix/vision_datasets/self-driving-car-v2-split/train/1478732945476911680_jpg.rf.331a319ca308d6c5cc85891cadf2bb77.jpg,train,mllm_selection,1478732945476911680
driving,1478732162671531775_jpg.rf.cb01ac603c8ceca4fe9119de6e441c65,/home/felix/vision_datasets/self-driving-car-v2-split/train/1478732162671531775_jpg.rf.cb01ac603c8ceca4fe9119de6e441c65.jpg,train,mllm_selection,1478732162671531775
driving,1478732416725229309_jpg.rf.1de190bc3f93aa2a62ce7bfb7f251cb5,/home/felix/vision_datasets/self-driving-car-v2-split/train/1478732416725229309_jpg.rf.1de190bc3f93aa2a62ce7bfb7f251cb5.jpg,train,mllm_selection,1478732416725229309
driving,1478732330702211552_jpg.rf.95442b2da7b7750f9b2e548ff817d1f8,/home/felix/vision_datasets/self-driving-car-v2-split/train/1478732330702211552_jpg.rf.95442b2da7b7750f9b2e548ff817d1f8.jpg,train,mllm_selection,1478732330702211552
driving,1478732540023861254_jpg.rf.0044925a5c442943984b44b8ace9f20b,/home/felix/vision_datasets/self-driving-car-v2-split/train/1478732540023861254_jpg.rf.0044925a5c442943984b44b8ace9f20b.jpg,train,mllm_selection,1478732540023861254
driving,1478021153229938632_jpg.rf.d4fb69923120f198267342e2bfd16a1b,/home/felix/vision_datasets/self-driving-car-v2-split/train/1478021153229938632_jpg.rf.d4fb69923120f198267342e2bfd16a1b.jpg,train,mllm_selection,1478021153229938632
driving,1478732900744897374_jpg.rf.ddacb633c7e6f538ea20d40f78271dd7,/home/felix/vision_datasets/self-driving-car-v2-split/train/1478732900744897374_jpg.rf.ddacb633c7e6f538ea20d40f78271dd7.jpg,train,mllm_selection,1478732900744897374
driving,1478732637517950553_jpg.rf.e6c16848f603b1e87f4595770bd67257,/home/felix/vision_datasets/self-driving-car-v2-split/train/1478732637517950553_jpg.rf.e6c16848f603b1e87f4595770bd67257.jpg,train,mllm_selection,1478732637517950553
driving,1478732888128263125_jpg.rf.3cb151214ecfdbafdff0b5bf3be70ecf,/home/felix/vision_datasets/self-driving-car-v2-split/train/1478732888128263125_jpg.rf.3cb151214ecfdbafdff0b5bf3be70ecf.jpg,train,mllm_selection,1478732888128263125
driving,1478732178729253112_jpg.rf.3f836c3df51df8a1a11c2d31cceeda24,/home/felix/vision_datasets/self-driving-car-v2-split/train/1478732178729253112_jpg.rf.3f836c3df51df8a1a11c2d31cceeda24.jpg,train,mllm_selection,1478732178729253112
driving,1478732514217765627_jpg.rf.2c87316da90b4efa8de717dc90d75986,/home/felix/vision_datasets/self-driving-car-v2-split/train/1478732514217765627_jpg.rf.2c87316da90b4efa8de717dc90d75986.jpg,train,mllm_selection,1478732514217765627
driving,1478732583035150874_jpg.rf.758e6b2df16116d7bd8fd462f2b9579b,/home/felix/vision_datasets/self-driving-car-v2-split/train/1478732583035150874_jpg.rf.758e6b2df16116d7bd8fd462f2b9579b.jpg,train,mllm_selection,1478732583035150874
driving,1478732288839209443_jpg.rf.9d7f7b830bb6a923208ba8a4dec8046d,/home/felix/vision_datasets/self-driving-car-v2-split/train/1478732288839209443_jpg.rf.9d7f7b830bb6a923208ba8a4dec8046d.jpg,train,mllm_selection,1478732288839209443
driving,1478021583575279217_jpg.rf.c2456e8f38609b7ab6bed1d61ade5a78,/home/felix/vision_datasets/self-driving-car-v2-split/train/1478021583575279217_jpg.rf.c2456e8f38609b7ab6bed1d61ade5a78.jpg,train,mllm_selection,1478021583575279217
driving,1478732452854519298_jpg.rf.e8f0cd1724c228ad63599b2806e3a204,/home/felix/vision_datasets/self-driving-car-v2-split/train/1478732452854519298_jpg.rf.e8f0cd1724c228ad63599b2806e3a204.jpg,train,mllm_selection,1478732452854519298
driving,1478732163819656762_jpg.rf.71c3c70c4bf142d6c059188eac3a28bb,/home/felix/vision_datasets/self-driving-car-v2-split/train/1478732163819656762_jpg.rf.71c3c70c4bf142d6c059188eac3a28bb.jpg,train,mllm_selection,1478732163819656762
driving,1478732426474266450_jpg.rf.d4e5a850e6922714077cdaa614bedc0c,/home/felix/vision_datasets/self-driving-car-v2-split/train/1478732426474266450_jpg.rf.d4e5a850e6922714077cdaa614bedc0c.jpg,train,mllm_selection,1478732426474266450
driving,1478732366832183313_jpg.rf.7a0af61d22ca9ccc0a8925a132f283f5,/home/felix/vision_datasets/self-driving-car-v2-split/train/1478732366832183313_jpg.rf.7a0af61d22ca9ccc0a8925a132f283f5.jpg,train,mllm_selection,1478732366832183313
driving,1478021619076679686_jpg.rf.3799359833f28c4a47ea76d731cf137c,/home/felix/vision_datasets/self-driving-car-v2-split/train/1478021619076679686_jpg.rf.3799359833f28c4a47ea76d731cf137c.jpg,train,mllm_selection,1478021619076679686
driving,1478732476941544547_jpg.rf.5298690997528af2d276f0fe4db6f59e,/home/felix/vision_datasets/self-driving-car-v2-split/train/1478732476941544547_jpg.rf.5298690997528af2d276f0fe4db6f59e.jpg,train,mllm_selection,1478732476941544547
driving,1478732839383202837_jpg.rf.86be49a317668e70d7c90ad27c00e281,/home/felix/vision_datasets/self-driving-car-v2-split/train/1478732839383202837_jpg.rf.86be49a317668e70d7c90ad27c00e281.jpg,train,mllm_selection,1478732839383202837
driving,1478732694864871539_jpg.rf.7d622fcf53e5e6aacd12bd29f05e6f0a,/home/felix/vision_datasets/self-driving-car-v2-split/train/1478732694864871539_jpg.rf.7d622fcf53e5e6aacd12bd29f05e6f0a.jpg,train,mllm_selection,1478732694864871539
driving,1478732762535644670_jpg.rf.e702cbc2835229fac63bb6d026ac2099,/home/felix/vision_datasets/self-driving-car-v2-split/train/1478732762535644670_jpg.rf.e702cbc2835229fac63bb6d026ac2099.jpg,train,mllm_selection,1478732762535644670
driving,1478732589343893631_jpg.rf.52b18538f0eebcde9fd2301ba36e2053,/home/felix/vision_datasets/self-driving-car-v2-split/train/1478732589343893631_jpg.rf.52b18538f0eebcde9fd2301ba36e2053.jpg,train,mllm_selection,1478732589343893631
driving,1478732140879033446_jpg.rf.bba0eae64f8c21f5b3a7d7ae56a3ee0b,/home/felix/vision_datasets/self-driving-car-v2-split/train/1478732140879033446_jpg.rf.bba0eae64f8c21f5b3a7d7ae56a3ee0b.jpg,train,mllm_selection,1478732140879033446
driving,1478732064605933058_jpg.rf.f0737c4bfd625b7292e5f6d1a33ac50a,/home/felix/vision_datasets/self-driving-car-v2-split/train/1478732064605933058_jpg.rf.f0737c4bfd625b7292e5f6d1a33ac50a.jpg,train,mllm_selection,1478732064605933058
driving,1478732279088894641_jpg.rf.a4a850c59f62fed5a11c18281e8f5a3d,/home/felix/vision_datasets/self-driving-car-v2-split/train/1478732279088894641_jpg.rf.a4a850c59f62fed5a11c18281e8f5a3d.jpg,train,mllm_selection,1478732279088894641
driving,1478021856081580734_jpg.rf.d9bd57539edc74f98861d7a853f45d24,/home/felix/vision_datasets/self-driving-car-v2-split/train/1478021856081580734_jpg.rf.d9bd57539edc74f98861d7a853f45d24.jpg,train,mllm_selection,1478021856081580734
driving,1478732746477661983_jpg.rf.67897a6624da021208ab778047bb18c3,/home/felix/vision_datasets/self-driving-car-v2-split/train/1478732746477661983_jpg.rf.67897a6624da021208ab778047bb18c3.jpg,train,mllm_selection,1478732746477661983
driving,1478732568698408904_jpg.rf.e12408cf156039bcc5cc84c3a3dbb227,/home/felix/vision_datasets/self-driving-car-v2-split/train/1478732568698408904_jpg.rf.e12408cf156039bcc5cc84c3a3dbb227.jpg,train,mllm_selection,1478732568698408904
driving,1478732248694316618_jpg.rf.15a52ceb578c3a91cd55b2a4b87a5cce,/home/felix/vision_datasets/self-driving-car-v2-split/train/1478732248694316618_jpg.rf.15a52ceb578c3a91cd55b2a4b87a5cce.jpg,train,mllm_selection,1478732248694316618
driving,1478731908045283440_jpg.rf.f519772c828d51b89d23f54d67b0d443,/home/felix/vision_datasets/self-driving-car-v2-split/train/1478731908045283440_jpg.rf.f519772c828d51b89d23f54d67b0d443.jpg,train,mllm_selection,1478731908045283440
driving,1478732505041069729_jpg.rf.9a3aa4f442ad673d7e057bce89fffa46,/home/felix/vision_datasets/self-driving-car-v2-split/train/1478732505041069729_jpg.rf.9a3aa4f442ad673d7e057bce89fffa46.jpg,train,mllm_selection,1478732505041069729
driving,1478732936875235392_jpg.rf.5a486131499d87ebc4137c9dca9d5d4e,/home/felix/vision_datasets/self-driving-car-v2-split/train/1478732936875235392_jpg.rf.5a486131499d87ebc4137c9dca9d5d4e.jpg,train,mllm_selection,1478732936875235392
driving,1478731922955810314_jpg.rf.ada1a1e03d47de548559aa5c31c9faff,/home/felix/vision_datasets/self-driving-car-v2-split/train/1478731922955810314_jpg.rf.ada1a1e03d47de548559aa5c31c9faff.jpg,train,mllm_selection,1478731922955810314
driving,1478732254428821715_jpg.rf.d6bc5524fd9c202fc70639f1287cd584,/home/felix/vision_datasets/self-driving-car-v2-split/train/1478732254428821715_jpg.rf.d6bc5524fd9c202fc70639f1287cd584.jpg,train,mllm_selection,1478732254428821715
driving,1478732934006779222_jpg.rf.aa129046428595b1c2273c475812437a,/home/felix/vision_datasets/self-driving-car-v2-split/train/1478732934006779222_jpg.rf.aa129046428595b1c2273c475812437a.jpg,train,mllm_selection,1478732934006779222
driving,1478732051415253563_jpg.rf.8538a43b2bf1049668c8c24c41823920,/home/felix/vision_datasets/self-driving-car-v2-split/train/1478732051415253563_jpg.rf.8538a43b2bf1049668c8c24c41823920.jpg,train,mllm_selection,1478732051415253563
driving,1478732665044073214_jpg.rf.ed2cbe469581a235ff0a35af1e9f5578,/home/felix/vision_datasets/self-driving-car-v2-split/train/1478732665044073214_jpg.rf.ed2cbe469581a235ff0a35af1e9f5578.jpg,train,mllm_selection,1478732665044073214
driving,1478732735008577958_jpg.rf.ea0dcf33063877cd77e7331c74487067,/home/felix/vision_datasets/self-driving-car-v2-split/train/1478732735008577958_jpg.rf.ea0dcf33063877cd77e7331c74487067.jpg,train,mllm_selection,1478732735008577958
driving,1478732497012063564_jpg.rf.1d14a59a4be8f441b2c6e51aded37f1a,/home/felix/vision_datasets/self-driving-car-v2-split/train/1478732497012063564_jpg.rf.1d14a59a4be8f441b2c6e51aded37f1a.jpg,train,mllm_selection,1478732497012063564
driving,1478732417298534320_jpg.rf.5762ebe1915098d7a6417f0e77e4f045,/home/felix/vision_datasets/self-driving-car-v2-split/train/1478732417298534320_jpg.rf.5762ebe1915098d7a6417f0e77e4f045.jpg,train,mllm_selection,1478732417298534320
driving,1478021896081520217_jpg.rf.a0b62d859c12e717b07b8e9a7c3ea1be,/home/felix/vision_datasets/self-driving-car-v2-split/train/1478021896081520217_jpg.rf.a0b62d859c12e717b07b8e9a7c3ea1be.jpg,train,mllm_selection,1478021896081520217
driving,1478021895088852236_jpg.rf.176945969af0f4944eaad48beab75ac7,/home/felix/vision_datasets/self-driving-car-v2-split/train/1478021895088852236_jpg.rf.176945969af0f4944eaad48beab75ac7.jpg,train,mllm_selection,1478021895088852236
driving,1478731905178133850_jpg.rf.11463a4632dc5fca9b6fdedbea76f277,/home/felix/vision_datasets/self-driving-car-v2-split/train/1478731905178133850_jpg.rf.11463a4632dc5fca9b6fdedbea76f277.jpg,train,mllm_selection,1478731905178133850
driving,1478732732140257449_jpg.rf.b43cb929de9f734e61b5612ac89ddcdf,/home/felix/vision_datasets/self-driving-car-v2-split/train/1478732732140257449_jpg.rf.b43cb929de9f734e61b5612ac89ddcdf.jpg,train,mllm_selection,1478732732140257449
driving,1478021136220908654_jpg.rf.7d7df410f94eec3d24d7a05b6228a3c0,/home/felix/vision_datasets/self-driving-car-v2-split/train/1478021136220908654_jpg.rf.7d7df410f94eec3d24d7a05b6228a3c0.jpg,train,mllm_selection,1478021136220908654
driving,1478732570419008898_jpg.rf.14788a476dc93976651496543b657fb3,/home/felix/vision_datasets/self-driving-car-v2-split/train/1478732570419008898_jpg.rf.14788a476dc93976651496543b657fb3.jpg,train,mllm_selection,1478732570419008898
driving,1478732194213672353_jpg.rf.3ed76638a63de523101b72c295131425,/home/felix/vision_datasets/self-driving-car-v2-split/train/1478732194213672353_jpg.rf.3ed76638a63de523101b72c295131425.jpg,train,mllm_selection,1478732194213672353
driving,1478021591075065430_jpg.rf.25cb42bae43352528faed6f8a349e83e,/home/felix/vision_datasets/self-driving-car-v2-split/train/1478021591075065430_jpg.rf.25cb42bae43352528faed6f8a349e83e.jpg,train,mllm_selection,1478021591075065430
driving,1478732197653916824_jpg.rf.1854480b1dc316cd32ef7f7db0c82ebd,/home/felix/vision_datasets/self-driving-car-v2-split/train/1478732197653916824_jpg.rf.1854480b1dc316cd32ef7f7db0c82ebd.jpg,train,mllm_selection,1478732197653916824
driving,1478021863080437795_jpg.rf.0d2afbdc3e81494ecd73c83e35837bd9,/home/felix/vision_datasets/self-driving-car-v2-split/train/1478021863080437795_jpg.rf.0d2afbdc3e81494ecd73c83e35837bd9.jpg,train,mllm_selection,1478021863080437795
driving,1478732609989393542_jpg.rf.5b1cf219d8c7cf186656139932b30c13,/home/felix/vision_datasets/self-driving-car-v2-split/train/1478732609989393542_jpg.rf.5b1cf219d8c7cf186656139932b30c13.jpg,train,mllm_selection,1478732609989393542
driving,1478731952204309550_jpg.rf.1ead7b2408ebf6beaed02e111870ccc6,/home/felix/vision_datasets/self-driving-car-v2-split/train/1478731952204309550_jpg.rf.1ead7b2408ebf6beaed02e111870ccc6.jpg,train,mllm_selection,1478731952204309550
driving,1478021921584124750_jpg.rf.fdc9d03cdb3bff6e0269e088e46984c2,/home/felix/vision_datasets/self-driving-car-v2-split/train/1478021921584124750_jpg.rf.fdc9d03cdb3bff6e0269e088e46984c2.jpg,train,mllm_selection,1478021921584124750
driving,1478732522247831679_jpg.rf.5446b239710ca83c6e4b02c218550a08,/home/felix/vision_datasets/self-driving-car-v2-split/train/1478732522247831679_jpg.rf.5446b239710ca83c6e4b02c218550a08.jpg,train,mllm_selection,1478732522247831679
driving,1478732645545338184_jpg.rf.42b61174f1128b92cd98665eae93baff,/home/felix/vision_datasets/self-driving-car-v2-split/train/1478732645545338184_jpg.rf.42b61174f1128b92cd98665eae93baff.jpg,train,mllm_selection,1478732645545338184
driving,1478732427048347945_jpg.rf.8e3655b709d4216ed3933a6f26359242,/home/felix/vision_datasets/self-driving-car-v2-split/train/1478732427048347945_jpg.rf.8e3655b709d4216ed3933a6f26359242.jpg,train,mllm_selection,1478732427048347945
driving,1478021900091242224_jpg.rf.4ded211f56c2754b81ce92f1a242e321,/home/felix/vision_datasets/self-driving-car-v2-split/train/1478021900091242224_jpg.rf.4ded211f56c2754b81ce92f1a242e321.jpg,train,mllm_selection,1478021900091242224
driving,1478732537730370889_jpg.rf.362e2e0b0b8e2204f5db2160329de079,/home/felix/vision_datasets/self-driving-car-v2-split/train/1478732537730370889_jpg.rf.362e2e0b0b8e2204f5db2160329de079.jpg,train,mllm_selection,1478732537730370889
driving,1478732413284320777_jpg.rf.8f5f43ec608bf6fa873dfb2d8dbccbb6,/home/felix/vision_datasets/self-driving-car-v2-split/train/1478732413284320777_jpg.rf.8f5f43ec608bf6fa873dfb2d8dbccbb6.jpg,train,mllm_selection,1478732413284320777
driving,1478732575006097967_jpg.rf.3e528808c808c8f88d467173540e8bed,/home/felix/vision_datasets/self-driving-car-v2-split/train/1478732575006097967_jpg.rf.3e528808c808c8f88d467173540e8bed.jpg,train,mllm_selection,1478732575006097967
driving,1478731980304824647_jpg.rf.bf710ccd0c288240cf67c08b69c653db,/home/felix/vision_datasets/self-driving-car-v2-split/train/1478731980304824647_jpg.rf.bf710ccd0c288240cf67c08b69c653db.jpg,train,mllm_selection,1478731980304824647
driving,1478732012992665205_jpg.rf.f7fe83a98df31084b67ae0f873b11200,/home/felix/vision_datasets/self-driving-car-v2-split/train/1478732012992665205_jpg.rf.f7fe83a98df31084b67ae0f873b11200.jpg,train,mllm_selection,1478732012992665205
driving,1478732813001609148_jpg.rf.650986088bd6d55adc39a08bdfe1be0b,/home/felix/vision_datasets/self-driving-car-v2-split/train/1478732813001609148_jpg.rf.650986088bd6d55adc39a08bdfe1be0b.jpg,train,mllm_selection,1478732813001609148
driving,1478732394934157688_jpg.rf.7845a9697624bf0f65878d201e6589ec,/home/felix/vision_datasets/self-driving-car-v2-split/train/1478732394934157688_jpg.rf.7845a9697624bf0f65878d201e6589ec.jpg,train,mllm_selection,1478732394934157688
driving,1478732757948822353_jpg.rf.eeb609c27e24c8b6b5d3ca99d53ba9e7,/home/felix/vision_datasets/self-driving-car-v2-split/train/1478732757948822353_jpg.rf.eeb609c27e24c8b6b5d3ca99d53ba9e7.jpg,train,mllm_selection,1478732757948822353
driving,1478731970554672018_jpg.rf.9fc4cb87c364fb6d708a4d2430f5b103,/home/felix/vision_datasets/self-driving-car-v2-split/train/1478731970554672018_jpg.rf.9fc4cb87c364fb6d708a4d2430f5b103.jpg,train,mllm_selection,1478731970554672018
driving,1478732125394959531_jpg.rf.c525b71541fc4dbb717e1c164bda0998,/home/felix/vision_datasets/self-driving-car-v2-split/train/1478732125394959531_jpg.rf.c525b71541fc4dbb717e1c164bda0998.jpg,train,mllm_selection,1478732125394959531
driving,1478732021594663317_jpg.rf.c7c3b7926127cab337b7bc7434ee6661,/home/felix/vision_datasets/self-driving-car-v2-split/train/1478732021594663317_jpg.rf.c7c3b7926127cab337b7bc7434ee6661.jpg,train,mllm_selection,1478732021594663317
driving,1478732509629447783_jpg.rf.70825bb2ebb5b4c9730225529cd6ed5a,/home/felix/vision_datasets/self-driving-car-v2-split/train/1478732509629447783_jpg.rf.70825bb2ebb5b4c9730225529cd6ed5a.jpg,train,mllm_selection,1478732509629447783
driving,1478732334717109749_jpg.rf.b1d667a8db5dafa559a81f9fb10de99e,/home/felix/vision_datasets/self-driving-car-v2-split/train/1478732334717109749_jpg.rf.b1d667a8db5dafa559a81f9fb10de99e.jpg,train,mllm_selection,1478732334717109749
driving,1478732095574780194_jpg.rf.76280ee1445a6f3c1582492e7a8890d4,/home/felix/vision_datasets/self-driving-car-v2-split/train/1478732095574780194_jpg.rf.76280ee1445a6f3c1582492e7a8890d4.jpg,train,mllm_selection,1478732095574780194
driving,1478021900588646231_jpg.rf.cf6aaf89ec70ffca2ba70f2054b82c95,/home/felix/vision_datasets/self-driving-car-v2-split/train/1478021900588646231_jpg.rf.cf6aaf89ec70ffca2ba70f2054b82c95.jpg,train,mllm_selection,1478021900588646231
driving,1478731888548331032_jpg.rf.d3ab94d1112959c68e8efd2266f64edb,/home/felix/vision_datasets/self-driving-car-v2-split/train/1478731888548331032_jpg.rf.d3ab94d1112959c68e8efd2266f64edb.jpg,train,mllm_selection,1478731888548331032
driving,1478732221167096674_jpg.rf.115c2efd4f909b753336473cf02b5854,/home/felix/vision_datasets/self-driving-car-v2-split/train/1478732221167096674_jpg.rf.115c2efd4f909b753336473cf02b5854.jpg,train,mllm_selection,1478732221167096674
driving,1478732104750074727_jpg.rf.0e3497034174b19074e18c4732c12b22,/home/felix/vision_datasets/self-driving-car-v2-split/train/1478732104750074727_jpg.rf.0e3497034174b19074e18c4732c12b22.jpg,train,mllm_selection,1478732104750074727
driving,1478732823899785434_jpg.rf.0bccd6576b8a4dd0959549bead795e91,/home/felix/vision_datasets/self-driving-car-v2-split/train/1478732823899785434_jpg.rf.0bccd6576b8a4dd0959549bead795e91.jpg,train,mllm_selection,1478732823899785434
driving,1478732552641838761_jpg.rf.c466442bd8b295bcde10f757cfd989d7,/home/felix/vision_datasets/self-driving-car-v2-split/train/1478732552641838761_jpg.rf.c466442bd8b295bcde10f757cfd989d7.jpg,train,mllm_selection,1478732552641838761
driving,1478732971283749678_jpg.rf.e5d6770d7e1e48997ad7776a177b8397,/home/felix/vision_datasets/self-driving-car-v2-split/train/1478732971283749678_jpg.rf.e5d6770d7e1e48997ad7776a177b8397.jpg,train,mllm_selection,1478732971283749678
driving,1478732944903300106_jpg.rf.1d1d0400bd3f9f407aca143ebed45f5d,/home/felix/vision_datasets/self-driving-car-v2-split/train/1478732944903300106_jpg.rf.1d1d0400bd3f9f407aca143ebed45f5d.jpg,train,mllm_selection,1478732944903300106
driving,1478732847984245719_jpg.rf.4f9af074d101a5626f7b9ce3d9a27429,/home/felix/vision_datasets/self-driving-car-v2-split/train/1478732847984245719_jpg.rf.4f9af074d101a5626f7b9ce3d9a27429.jpg,train,mllm_selection,1478732847984245719
driving,1478021146728598436_jpg.rf.95c3c7858ab88386d7d457773007a2a0,/home/felix/vision_datasets/self-driving-car-v2-split/train/1478021146728598436_jpg.rf.95c3c7858ab88386d7d457773007a2a0.jpg,train,mllm_selection,1478021146728598436
driving,1478732286545246496_jpg.rf.7a12abd4479a91c6ce6ec846d75c3636,/home/felix/vision_datasets/self-driving-car-v2-split/train/1478732286545246496_jpg.rf.7a12abd4479a91c6ce6ec846d75c3636.jpg,train,mllm_selection,1478732286545246496
driving,1478732606548471758_jpg.rf.dce1ce71ca1a36a8733d282e9262deb5,/home/felix/vision_datasets/self-driving-car-v2-split/train/1478732606548471758_jpg.rf.dce1ce71ca1a36a8733d282e9262deb5.jpg,train,mllm_selection,1478732606548471758
driving,1478732624899891839_jpg.rf.4e4d4362899c6716f384f28cd05ea917,/home/felix/vision_datasets/self-driving-car-v2-split/train/1478732624899891839_jpg.rf.4e4d4362899c6716f384f28cd05ea917.jpg,train,mllm_selection,1478732624899891839
driving,1478732397800168946_jpg.rf.1c64e86cdad6ffcd549d1609ba4df132,/home/felix/vision_datasets/self-driving-car-v2-split/train/1478732397800168946_jpg.rf.1c64e86cdad6ffcd549d1609ba4df132.jpg,train,mllm_selection,1478732397800168946
driving,1478732565830502735_jpg.rf.a9c0b407ae59c5dc7a45179c17626bcb,/home/felix/vision_datasets/self-driving-car-v2-split/train/1478732565830502735_jpg.rf.a9c0b407ae59c5dc7a45179c17626bcb.jpg,train,mllm_selection,1478732565830502735
driving,1478732387478070468_jpg.rf.cbf05e250c42bf58fc66bb5f08f78cf8,/home/felix/vision_datasets/self-driving-car-v2-split/train/1478732387478070468_jpg.rf.cbf05e250c42bf58fc66bb5f08f78cf8.jpg,train,mllm_selection,1478732387478070468
driving,1478022266104338704_jpg.rf.738d21481ed729984436adbc46303c33,/home/felix/vision_datasets/self-driving-car-v2-split/train/1478022266104338704_jpg.rf.738d21481ed729984436adbc46303c33.jpg,train,mllm_selection,1478022266104338704
driving,1478732214285304786_jpg.rf.93b74ab13813a862c0a66cfb159a250a,/home/felix/vision_datasets/self-driving-car-v2-split/train/1478732214285304786_jpg.rf.93b74ab13813a862c0a66cfb159a250a.jpg,train,mllm_selection,1478732214285304786
driving,1478732393785294802_jpg.rf.0fa9179276895f4884267fde562d0a5a,/home/felix/vision_datasets/self-driving-car-v2-split/train/1478732393785294802_jpg.rf.0fa9179276895f4884267fde562d0a5a.jpg,train,mllm_selection,1478732393785294802
driving,1478731974568998185_jpg.rf.3a53f4b807d779c1a4bf3c2e7fc39aac,/home/felix/vision_datasets/self-driving-car-v2-split/train/1478731974568998185_jpg.rf.3a53f4b807d779c1a4bf3c2e7fc39aac.jpg,train,mllm_selection,1478731974568998185
driving,1478732712068819718_jpg.rf.2691d1e7f53664251e15cd967ce47a1e,/home/felix/vision_datasets/self-driving-car-v2-split/train/1478732712068819718_jpg.rf.2691d1e7f53664251e15cd967ce47a1e.jpg,train,mllm_selection,1478732712068819718
driving,1478021140221546401_jpg.rf.9deb02cdb6bdd650f8cc892ca685969f,/home/felix/vision_datasets/self-driving-car-v2-split/train/1478021140221546401_jpg.rf.9deb02cdb6bdd650f8cc892ca685969f.jpg,train,mllm_selection,1478021140221546401
driving,1478732884687594327_jpg.rf.05468c18b97f3b130ad915107e32d5fa,/home/felix/vision_datasets/self-driving-car-v2-split/train/1478732884687594327_jpg.rf.05468c18b97f3b130ad915107e32d5fa.jpg,train,mllm_selection,1478732884687594327
driving,1478019973687625979_jpg.rf.b06716e426c0f3b0204841c1afaf961d,/home/felix/vision_datasets/self-driving-car-v2-split/train/1478019973687625979_jpg.rf.b06716e426c0f3b0204841c1afaf961d.jpg,train,mllm_selection,1478019973687625979
driving,1478732886981181580_jpg.rf.84933b34a5ee0f20d93a5478ac2d0a29,/home/felix/vision_datasets/self-driving-car-v2-split/train/1478732886981181580_jpg.rf.84933b34a5ee0f20d93a5478ac2d0a29.jpg,train,mllm_selection,1478732886981181580
driving,1478732974150823314_jpg.rf.0ccae4908973ad139ea345ffdccce64e,/home/felix/vision_datasets/self-driving-car-v2-split/train/1478732974150823314_jpg.rf.0ccae4908973ad139ea345ffdccce64e.jpg,train,mllm_selection,1478732974150823314
driving,1478732460309883734_jpg.rf.98df22fdf0ac1c074d494a2411b83bf8,/home/felix/vision_datasets/self-driving-car-v2-split/train/1478732460309883734_jpg.rf.98df22fdf0ac1c074d494a2411b83bf8.jpg,train,mllm_selection,1478732460309883734
driving,1478732790637449864_jpg.rf.2d26a7892987fd374f8dae9881c4d891,/home/felix/vision_datasets/self-driving-car-v2-split/train/1478732790637449864_jpg.rf.2d26a7892987fd374f8dae9881c4d891.jpg,train,mllm_selection,1478732790637449864
driving,1478732112778617977_jpg.rf.03823cea6df520208e99ff2f5645a481,/home/felix/vision_datasets/self-driving-car-v2-split/train/1478732112778617977_jpg.rf.03823cea6df520208e99ff2f5645a481.jpg,train,mllm_selection,1478732112778617977
driving,1478021908083034967_jpg.rf.28c5153a8924a88e269556fdc990a5fe,/home/felix/vision_datasets/self-driving-car-v2-split/train/1478021908083034967_jpg.rf.28c5153a8924a88e269556fdc990a5fe.jpg,train,mllm_selection,1478021908083034967
driving,1478732065752809956_jpg.rf.a364824cc050366315ac9c2b9e800d08,/home/felix/vision_datasets/self-driving-car-v2-split/train/1478732065752809956_jpg.rf.a364824cc050366315ac9c2b9e800d08.jpg,train,mllm_selection,1478732065752809956
driving,1478732324967583993_jpg.rf.7e0715bf21fc357b4e36a0c717b21f5f,/home/felix/vision_datasets/self-driving-car-v2-split/train/1478732324967583993_jpg.rf.7e0715bf21fc357b4e36a0c717b21f5f.jpg,train,mllm_selection,1478732324967583993
driving,1478732343320370176_jpg.rf.c7a6ac9f7590669a12f424650c63a184,/home/felix/vision_datasets/self-driving-car-v2-split/train/1478732343320370176_jpg.rf.c7a6ac9f7590669a12f424650c63a184.jpg,train,mllm_selection,1478732343320370176
driving,1478732296293131525_jpg.rf.c6681d90693ff562045407b01b59796e,/home/felix/vision_datasets/self-driving-car-v2-split/train/1478732296293131525_jpg.rf.c6681d90693ff562045407b01b59796e.jpg,train,mllm_selection,1478732296293131525
driving,1478732649561071734_jpg.rf.a89b71601f41a7bf55dd158e083f6f5b,/home/felix/vision_datasets/self-driving-car-v2-split/train/1478732649561071734_jpg.rf.a89b71601f41a7bf55dd158e083f6f5b.jpg,train,mllm_selection,1478732649561071734
driving,1478732611136062581_jpg.rf.81ab2e026d488cf379e37a8a62252f8d,/home/felix/vision_datasets/self-driving-car-v2-split/train/1478732611136062581_jpg.rf.81ab2e026d488cf379e37a8a62252f8d.jpg,train,mllm_selection,1478732611136062581
driving,1478732973577461706_jpg.rf.55d3824529b8cc389ff6a026592cfa12,/home/felix/vision_datasets/self-driving-car-v2-split/train/1478732973577461706_jpg.rf.55d3824529b8cc389ff6a026592cfa12.jpg,train,mllm_selection,1478732973577461706
driving,1478733006265597558_jpg.rf.94f512b25e57ba6abf1b84e97c4d5da9,/home/felix/vision_datasets/self-driving-car-v2-split/train/1478733006265597558_jpg.rf.94f512b25e57ba6abf1b84e97c4d5da9.jpg,train,mllm_selection,1478733006265597558
driving,1478732473500158996_jpg.rf.373c45631a47e3d4af9ea5be4374bd21,/home/felix/vision_datasets/self-driving-car-v2-split/train/1478732473500158996_jpg.rf.373c45631a47e3d4af9ea5be4374bd21.jpg,train,mllm_selection,1478732473500158996
driving,1478733009707432828_jpg.rf.c8a1a834fd3dd0da468ac1229ea1dbab,/home/felix/vision_datasets/self-driving-car-v2-split/train/1478733009707432828_jpg.rf.c8a1a834fd3dd0da468ac1229ea1dbab.jpg,train,mllm_selection,1478733009707432828
driving,1478732479809952454_jpg.rf.94bec32e92fcf8b239fd692535147f8c,/home/felix/vision_datasets/self-driving-car-v2-split/train/1478732479809952454_jpg.rf.94bec32e92fcf8b239fd692535147f8c.jpg,train,mllm_selection,1478732479809952454
driving,1478732752786896157_jpg.rf.6fbe8701a292064b5add5f4584896349,/home/felix/vision_datasets/self-driving-car-v2-split/train/1478732752786896157_jpg.rf.6fbe8701a292064b5add5f4584896349.jpg,train,mllm_selection,1478732752786896157
driving,1478732782607603807_jpg.rf.0e8444608228d8396806b8f3a70e240e,/home/felix/vision_datasets/self-driving-car-v2-split/train/1478732782607603807_jpg.rf.0e8444608228d8396806b8f3a70e240e.jpg,train,mllm_selection,1478732782607603807
driving,1478732393212147547_jpg.rf.3896e4534b9b5b72027739d8b266d212,/home/felix/vision_datasets/self-driving-car-v2-split/train/1478732393212147547_jpg.rf.3896e4534b9b5b72027739d8b266d212.jpg,train,mllm_selection,1478732393212147547
driving,1478732515363945693_jpg.rf.c6e9ed57a87807afde4cea1c56ec1901,/home/felix/vision_datasets/self-driving-car-v2-split/train/1478732515363945693_jpg.rf.c6e9ed57a87807afde4cea1c56ec1901.jpg,train,mllm_selection,1478732515363945693
driving,1478732521673008892_jpg.rf.89fd10810227d8558d2a42141a6f2038,/home/felix/vision_datasets/self-driving-car-v2-split/train/1478732521673008892_jpg.rf.89fd10810227d8558d2a42141a6f2038.jpg,train,mllm_selection,1478732521673008892
driving,1478732550347322334_jpg.rf.222320abd870b821b5209bd5cb594296,/home/felix/vision_datasets/self-driving-car-v2-split/train/1478732550347322334_jpg.rf.222320abd870b821b5209bd5cb594296.jpg,train,mllm_selection,1478732550347322334
driving,1478021586074767389_jpg.rf.634730f4292dee524cb2f53a022c49b2,/home/felix/vision_datasets/self-driving-car-v2-split/train/1478021586074767389_jpg.rf.634730f4292dee524cb2f53a022c49b2.jpg,train,mllm_selection,1478021586074767389
driving,1478732091559928959_jpg.rf.45e23cfd70e42d4904976d9379fc65cb,/home/felix/vision_datasets/self-driving-car-v2-split/train/1478732091559928959_jpg.rf.45e23cfd70e42d4904976d9379fc65cb.jpg,train,mllm_selection,1478732091559928959
driving,1478021641576314370_jpg.rf.5efbca30df4af2f78794bd6813c5339a,/home/felix/vision_datasets/self-driving-car-v2-split/train/1478021641576314370_jpg.rf.5efbca30df4af2f78794bd6813c5339a.jpg,train,mllm_selection,1478021641576314370
driving,1478732721244587933_jpg.rf.51ef6f6653213c6c55b708ca43cfe21b,/home/felix/vision_datasets/self-driving-car-v2-split/train/1478732721244587933_jpg.rf.51ef6f6653213c6c55b708ca43cfe21b.jpg,train,mllm_selection,1478732721244587933
driving,1478732817015745755_jpg.rf.8e5bfe68447a6320a2fc1d0005fee2c5,/home/felix/vision_datasets/self-driving-car-v2-split/train/1478732817015745755_jpg.rf.8e5bfe68447a6320a2fc1d0005fee2c5.jpg,train,mllm_selection,1478732817015745755
driving,1478732873218151467_jpg.rf.6e3005f6b1a62e957ac6ae9401047bcc,/home/felix/vision_datasets/self-driving-car-v2-split/train/1478732873218151467_jpg.rf.6e3005f6b1a62e957ac6ae9401047bcc.jpg,train,mllm_selection,1478732873218151467
driving,1478732697158233709_jpg.rf.aed01b75aeebe8446bc92c26feba0d17,/home/felix/vision_datasets/self-driving-car-v2-split/train/1478732697158233709_jpg.rf.aed01b75aeebe8446bc92c26feba0d17.jpg,train,mllm_selection,1478732697158233709
driving,1478732480381577611_jpg.rf.9adcc8c27838f0285bf7c21778fc8364,/home/felix/vision_datasets/self-driving-car-v2-split/train/1478732480381577611_jpg.rf.9adcc8c27838f0285bf7c21778fc8364.jpg,train,mllm_selection,1478732480381577611
driving,1478731965967172173_jpg.rf.8fff06a4f6f7fda9dfd6cff305f9e391,/home/felix/vision_datasets/self-driving-car-v2-split/train/1478731965967172173_jpg.rf.8fff06a4f6f7fda9dfd6cff305f9e391.jpg,train,mllm_selection,1478731965967172173
driving,1478732154643625989_jpg.rf.33be398affcb7819335201a1388df5ed,/home/felix/vision_datasets/self-driving-car-v2-split/train/1478732154643625989_jpg.rf.33be398affcb7819335201a1388df5ed.jpg,train,mllm_selection,1478732154643625989
driving,1478732070341152347_jpg.rf.db7aa3ca1b59f35c06807bc81646c897,/home/felix/vision_datasets/self-driving-car-v2-split/train/1478732070341152347_jpg.rf.db7aa3ca1b59f35c06807bc81646c897.jpg,train,mllm_selection,1478732070341152347
driving,1478732155216100057_jpg.rf.6b0dbb4dda5879a8c44a49fc18091927,/home/felix/vision_datasets/self-driving-car-v2-split/train/1478732155216100057_jpg.rf.6b0dbb4dda5879a8c44a49fc18091927.jpg,train,mllm_selection,1478732155216100057
driving,1478731968834315281_jpg.rf.099c7e80140f4072d1f233c714f5899c,/home/felix/vision_datasets/self-driving-car-v2-split/train/1478731968834315281_jpg.rf.099c7e80140f4072d1f233c714f5899c.jpg,train,mllm_selection,1478731968834315281
driving,1478732072062464583_jpg.rf.3b8f41dbe6bfbb05c82b3013b587064d,/home/felix/vision_datasets/self-driving-car-v2-split/train/1478732072062464583_jpg.rf.3b8f41dbe6bfbb05c82b3013b587064d.jpg,train,mllm_selection,1478732072062464583
driving,1478732600813069319_jpg.rf.aefadf9d3ae6f5ef9bfadc3df607b358,/home/felix/vision_datasets/self-driving-car-v2-split/train/1478732600813069319_jpg.rf.aefadf9d3ae6f5ef9bfadc3df607b358.jpg,train,mllm_selection,1478732600813069319
driving,1478021160725911228_jpg.rf.5f02790148fdb2f0513197dc70e8c4e6,/home/felix/vision_datasets/self-driving-car-v2-split/train/1478021160725911228_jpg.rf.5f02790148fdb2f0513197dc70e8c4e6.jpg,train,mllm_selection,1478021160725911228
driving,1478732925405806387_jpg.rf.099c59adc8c6c764b59596c58f4e801a,/home/felix/vision_datasets/self-driving-car-v2-split/train/1478732925405806387_jpg.rf.099c59adc8c6c764b59596c58f4e801a.jpg,train,mllm_selection,1478732925405806387
driving,1478731997508154897_jpg.rf.8c0d76e9b54964f6fb51db6692d6a661,/home/felix/vision_datasets/self-driving-car-v2-split/train/1478731997508154897_jpg.rf.8c0d76e9b54964f6fb51db6692d6a661.jpg,train,mllm_selection,1478731997508154897
driving,1478732245253206060_jpg.rf.967490568bf9e6d099ddac435a98634d,/home/felix/vision_datasets/self-driving-car-v2-split/train/1478732245253206060_jpg.rf.967490568bf9e6d099ddac435a98634d.jpg,train,mllm_selection,1478732245253206060
driving,1478732144320341944_jpg.rf.493a5b36a81e9cd6144954dabb9f08fa,/home/felix/vision_datasets/self-driving-car-v2-split/train/1478732144320341944_jpg.rf.493a5b36a81e9cd6144954dabb9f08fa.jpg,train,mllm_selection,1478732144320341944
driving,1478732256149167917_jpg.rf.13ed5a27da3b2bd2cf974e401502bf18,/home/felix/vision_datasets/self-driving-car-v2-split/train/1478732256149167917_jpg.rf.13ed5a27da3b2bd2cf974e401502bf18.jpg,train,mllm_selection,1478732256149167917
driving,1478732686835934146_jpg.rf.53766ac6be39bec90c4e669fec438f9d,/home/felix/vision_datasets/self-driving-car-v2-split/train/1478732686835934146_jpg.rf.53766ac6be39bec90c4e669fec438f9d.jpg,train,mllm_selection,1478732686835934146
driving,1478731975142430424_jpg.rf.2d0be0bf6792cd18f01db5bf3ad94203,/home/felix/vision_datasets/self-driving-car-v2-split/train/1478731975142430424_jpg.rf.2d0be0bf6792cd18f01db5bf3ad94203.jpg,train,mllm_selection,1478731975142430424
driving,1478732558948798805_jpg.rf.52f38bc8fbd529029e9cebfe115f73bd,/home/felix/vision_datasets/self-driving-car-v2-split/train/1478732558948798805_jpg.rf.52f38bc8fbd529029e9cebfe115f73bd.jpg,train,mllm_selection,1478732558948798805
driving,1478732478661687392_jpg.rf.c9453ff7ad31b6ded1f9ef7ce23c0f65,/home/felix/vision_datasets/self-driving-car-v2-split/train/1478732478661687392_jpg.rf.c9453ff7ad31b6ded1f9ef7ce23c0f65.jpg,train,mllm_selection,1478732478661687392
driving,1478732228622040844_jpg.rf.faa4873dcba3f5cdf60e81f02efa2de3,/home/felix/vision_datasets/self-driving-car-v2-split/train/1478732228622040844_jpg.rf.faa4873dcba3f5cdf60e81f02efa2de3.jpg,train,mllm_selection,1478732228622040844
driving,1478732392066002588_jpg.rf.8cd4f6fb52fb913909f063bad7203777,/home/felix/vision_datasets/self-driving-car-v2-split/train/1478732392066002588_jpg.rf.8cd4f6fb52fb913909f063bad7203777.jpg,train,mllm_selection,1478732392066002588
driving,1478732650706420269_jpg.rf.49cd2ffbb188ca18291f12740af4db7f,/home/felix/vision_datasets/self-driving-car-v2-split/train/1478732650706420269_jpg.rf.49cd2ffbb188ca18291f12740af4db7f.jpg,train,mllm_selection,1478732650706420269
driving,1478732951784880409_jpg.rf.6d0cd455080d71f979a3c3b6a782f576,/home/felix/vision_datasets/self-driving-car-v2-split/train/1478732951784880409_jpg.rf.6d0cd455080d71f979a3c3b6a782f576.jpg,train,mllm_selection,1478732951784880409
driving,1478732527980555378_jpg.rf.76e5852820055d59c9818f40e1772501,/home/felix/vision_datasets/self-driving-car-v2-split/train/1478732527980555378_jpg.rf.76e5852820055d59c9818f40e1772501.jpg,train,mllm_selection,1478732527980555378
driving,1478732503321948268_jpg.rf.e37347fc719f832763af83ccfc7f0b7d,/home/felix/vision_datasets/self-driving-car-v2-split/train/1478732503321948268_jpg.rf.e37347fc719f832763af83ccfc7f0b7d.jpg,train,mllm_selection,1478732503321948268
driving,1478732713216511604_jpg.rf.8f4c110ce4b19019e396a10745a91acc,/home/felix/vision_datasets/self-driving-car-v2-split/train/1478732713216511604_jpg.rf.8f4c110ce4b19019e396a10745a91acc.jpg,train,mllm_selection,1478732713216511604
driving,1478732046255613996_jpg.rf.df68f8d850f6b71dd775a6a2c7f41caf,/home/felix/vision_datasets/self-driving-car-v2-split/train/1478732046255613996_jpg.rf.df68f8d850f6b71dd775a6a2c7f41caf.jpg,train,mllm_selection,1478732046255613996
driving,1478731990053529647_jpg.rf.c173f5462d2ddd7a1d93d0bd0bcca137,/home/felix/vision_datasets/self-driving-car-v2-split/train/1478731990053529647_jpg.rf.c173f5462d2ddd7a1d93d0bd0bcca137.jpg,train,mllm_selection,1478731990053529647
driving,1478019975180844551_jpg.rf.eb623f1dbc06a78cc1948b9f4f862e90,/home/felix/vision_datasets/self-driving-car-v2-split/train/1478019975180844551_jpg.rf.eb623f1dbc06a78cc1948b9f4f862e90.jpg,train,mllm_selection,1478019975180844551
driving,1478021612075009416_jpg.rf.df9d001db8d6874fb01d6bd36303729a,/home/felix/vision_datasets/self-driving-car-v2-split/train/1478021612075009416_jpg.rf.df9d001db8d6874fb01d6bd36303729a.jpg,train,mllm_selection,1478021612075009416
driving,1478731923529575891_jpg.rf.a890569ad01e2cb7a86340ba6283aba8,/home/felix/vision_datasets/self-driving-car-v2-split/train/1478731923529575891_jpg.rf.a890569ad01e2cb7a86340ba6283aba8.jpg,train,mllm_selection,1478731923529575891
driving,1478732787768936972_jpg.rf.634a60085ce34caa24c55a879e2d6399,/home/felix/vision_datasets/self-driving-car-v2-split/train/1478732787768936972_jpg.rf.634a60085ce34caa24c55a879e2d6399.jpg,train,mllm_selection,1478732787768936972
driving,1478732569272870211_jpg.rf.26dbb0ff7c9cec06c17aa0c68d9b1867,/home/felix/vision_datasets/self-driving-car-v2-split/train/1478732569272870211_jpg.rf.26dbb0ff7c9cec06c17aa0c68d9b1867.jpg,train,mllm_selection,1478732569272870211
driving,1478732225182622157_jpg.rf.2f7b29b341e48b29c723d065b70243af,/home/felix/vision_datasets/self-driving-car-v2-split/train/1478732225182622157_jpg.rf.2f7b29b341e48b29c723d065b70243af.jpg,train,mllm_selection,1478732225182622157
driving,1478732420740509194_jpg.rf.fcfabe014eaa67f97a342af2ca86fca5,/home/felix/vision_datasets/self-driving-car-v2-split/train/1478732420740509194_jpg.rf.fcfabe014eaa67f97a342af2ca86fca5.jpg,train,mllm_selection,1478732420740509194
driving,1478732477515053511_jpg.rf.33378236b96f2103a104fb6c7522cbab,/home/felix/vision_datasets/self-driving-car-v2-split/train/1478732477515053511_jpg.rf.33378236b96f2103a104fb6c7522cbab.jpg,train,mllm_selection,1478732477515053511
driving,1478732483823194070_jpg.rf.630c72c2a1a8a7d0ba5cc358dd9b83df,/home/felix/vision_datasets/self-driving-car-v2-split/train/1478732483823194070_jpg.rf.630c72c2a1a8a7d0ba5cc358dd9b83df.jpg,train,mllm_selection,1478732483823194070
driving,1478021915585074264_jpg.rf.c6f470c22db59a125784f4a7644cecc6,/home/felix/vision_datasets/self-driving-car-v2-split/train/1478021915585074264_jpg.rf.c6f470c22db59a125784f4a7644cecc6.jpg,train,mllm_selection,1478021915585074264
driving,1478021591575368790_jpg.rf.c003e09d8da3a1f77b12e3b06954b755,/home/felix/vision_datasets/self-driving-car-v2-split/train/1478021591575368790_jpg.rf.c003e09d8da3a1f77b12e3b06954b755.jpg,train,mllm_selection,1478021591575368790
driving,1478731912632757590_jpg.rf.22adde738014d6928b23172539e3a49b,/home/felix/vision_datasets/self-driving-car-v2-split/train/1478731912632757590_jpg.rf.22adde738014d6928b23172539e3a49b.jpg,train,mllm_selection,1478731912632757590
driving,1478732716657032448_jpg.rf.b60600addc3ab732cd4d986181c9dc35,/home/felix/vision_datasets/self-driving-car-v2-split/train/1478732716657032448_jpg.rf.b60600addc3ab732cd4d986181c9dc35.jpg,train,mllm_selection,1478732716657032448
driving,1478731900016527024_jpg.rf.dcfb8d5663358d7ba93464ff7db13244,/home/felix/vision_datasets/self-driving-car-v2-split/train/1478731900016527024_jpg.rf.dcfb8d5663358d7ba93464ff7db13244.jpg,train,mllm_selection,1478731900016527024
driving,1478731988332708088_jpg.rf.d1093ae49702be0c5f7aa816aa98d3e5,/home/felix/vision_datasets/self-driving-car-v2-split/train/1478731988332708088_jpg.rf.d1093ae49702be0c5f7aa816aa98d3e5.jpg,train,mllm_selection,1478731988332708088
driving,1478732567551783355_jpg.rf.774d8f6cdf47c1946fe1823c38acd5a9,/home/felix/vision_datasets/self-driving-car-v2-split/train/1478732567551783355_jpg.rf.774d8f6cdf47c1946fe1823c38acd5a9.jpg,train,mllm_selection,1478732567551783355
driving,1478732939741396147_jpg.rf.584acb393690e8667efb0b5d11bc9f1f,/home/felix/vision_datasets/self-driving-car-v2-split/train/1478732939741396147_jpg.rf.584acb393690e8667efb0b5d11bc9f1f.jpg,train,mllm_selection,1478732939741396147
driving,1478732848557848794_jpg.rf.b1307acaf8574bdd375c1fd194f0a2d7,/home/felix/vision_datasets/self-driving-car-v2-split/train/1478732848557848794_jpg.rf.b1307acaf8574bdd375c1fd194f0a2d7.jpg,train,mllm_selection,1478732848557848794
driving,1478021143223082912_jpg.rf.b91504705c8ffd5cee65229305704d76,/home/felix/vision_datasets/self-driving-car-v2-split/train/1478021143223082912_jpg.rf.b91504705c8ffd5cee65229305704d76.jpg,train,mllm_selection,1478021143223082912
driving,1478732023315110483_jpg.rf.8228accfb6582f00abdffdc1c556436f,/home/felix/vision_datasets/self-driving-car-v2-split/train/1478732023315110483_jpg.rf.8228accfb6582f00abdffdc1c556436f.jpg,train,mllm_selection,1478732023315110483
driving,1478732429915351917_jpg.rf.609017103b5f18c67845d1280a5f6f8c,/home/felix/vision_datasets/self-driving-car-v2-split/train/1478732429915351917_jpg.rf.609017103b5f18c67845d1280a5f6f8c.jpg,train,mllm_selection,1478732429915351917
driving,1478021884090615519_jpg.rf.cec66dda63a0f2255472024f4b3ddfa5,/home/felix/vision_datasets/self-driving-car-v2-split/train/1478021884090615519_jpg.rf.cec66dda63a0f2255472024f4b3ddfa5.jpg,train,mllm_selection,1478021884090615519
driving,1478732566405287799_jpg.rf.c2b7ed2b46ec9af2d9396b4330eaffb0,/home/felix/vision_datasets/self-driving-car-v2-split/train/1478732566405287799_jpg.rf.c2b7ed2b46ec9af2d9396b4330eaffb0.jpg,train,mllm_selection,1478732566405287799
driving,1478731964819468882_jpg.rf.c6e22fddc19fe98063ddaed3f51f32f0,/home/felix/vision_datasets/self-driving-car-v2-split/train/1478731964819468882_jpg.rf.c6e22fddc19fe98063ddaed3f51f32f0.jpg,train,mllm_selection,1478731964819468882
driving,1478732183891042134_jpg.rf.5d2067695b45e3c1c9b021657bac01a5,/home/felix/vision_datasets/self-driving-car-v2-split/train/1478732183891042134_jpg.rf.5d2067695b45e3c1c9b021657bac01a5.jpg,train,mllm_selection,1478732183891042134
driving,1478732509055866905_jpg.rf.bfcb7364f069b28a2989ed7fd94eaea9,/home/felix/vision_datasets/self-driving-car-v2-split/train/1478732509055866905_jpg.rf.bfcb7364f069b28a2989ed7fd94eaea9.jpg,train,mllm_selection,1478732509055866905
driving,1478731996361513663_jpg.rf.5c1420dca7e7e3f8d47d27d938c46785,/home/felix/vision_datasets/self-driving-car-v2-split/train/1478731996361513663_jpg.rf.5c1420dca7e7e3f8d47d27d938c46785.jpg,train,mllm_selection,1478731996361513663
driving,1478732404681960679_jpg.rf.660974530b2ecd1892c6d088c9563b23,/home/felix/vision_datasets/self-driving-car-v2-split/train/1478732404681960679_jpg.rf.660974530b2ecd1892c6d088c9563b23.jpg,train,mllm_selection,1478732404681960679
driving,1478731911486196398_jpg.rf.28008ced4d00d07ba985ac3390ac3199,/home/felix/vision_datasets/self-driving-car-v2-split/train/1478731911486196398_jpg.rf.28008ced4d00d07ba985ac3390ac3199.jpg,train,mllm_selection,1478731911486196398
driving,1478731945894755646_jpg.rf.87ce1b2b014dfa13e6da20462f2a9a5f,/home/felix/vision_datasets/self-driving-car-v2-split/train/1478731945894755646_jpg.rf.87ce1b2b014dfa13e6da20462f2a9a5f.jpg,train,mllm_selection,1478731945894755646
driving,1478732217726925274_jpg.rf.0d0aebc64eadea29016ac0ef1490c062,/home/felix/vision_datasets/self-driving-car-v2-split/train/1478732217726925274_jpg.rf.0d0aebc64eadea29016ac0ef1490c062.jpg,train,mllm_selection,1478732217726925274
driving,1478732084678476962_jpg.rf.48b78a21e81b9c8d0d55471a11f0da0a,/home/felix/vision_datasets/self-driving-car-v2-split/train/1478732084678476962_jpg.rf.48b78a21e81b9c8d0d55471a11f0da0a.jpg,train,mllm_selection,1478732084678476962
driving,1478732536584103468_jpg.rf.d3f36e6499c47bfd8a3c268f97cbe6e2,/home/felix/vision_datasets/self-driving-car-v2-split/train/1478732536584103468_jpg.rf.d3f36e6499c47bfd8a3c268f97cbe6e2.jpg,train,mllm_selection,1478732536584103468
driving,1478021625575965611_jpg.rf.cdabe121a93cb68f4159d2a1401b28ed,/home/felix/vision_datasets/self-driving-car-v2-split/train/1478021625575965611_jpg.rf.cdabe121a93cb68f4159d2a1401b28ed.jpg,train,mllm_selection,1478021625575965611
driving,1478732164965721902_jpg.rf.82ca8e5d95cb93722a6a94267accf6ad,/home/felix/vision_datasets/self-driving-car-v2-split/train/1478732164965721902_jpg.rf.82ca8e5d95cb93722a6a94267accf6ad.jpg,train,mllm_selection,1478732164965721902
driving,1478021875081281646_jpg.rf.a03153da0a7da83181bc4f2609cac701,/home/felix/vision_datasets/self-driving-car-v2-split/train/1478021875081281646_jpg.rf.a03153da0a7da83181bc4f2609cac701.jpg,train,mllm_selection,1478021875081281646
driving,1478731947616305263_jpg.rf.c32bafead33aa7300341be54a1b007a8,/home/felix/vision_datasets/self-driving-car-v2-split/train/1478731947616305263_jpg.rf.c32bafead33aa7300341be54a1b007a8.jpg,train,mllm_selection,1478731947616305263
driving,1478732803252616256_jpg.rf.e8b60eebd84ecd83d74ea491d3f64434,/home/felix/vision_datasets/self-driving-car-v2-split/train/1478732803252616256_jpg.rf.e8b60eebd84ecd83d74ea491d3f64434.jpg,train,mllm_selection,1478732803252616256
driving,1478019968180276750_jpg.rf.f59d38c041b5dc5b31fe1eeaab5ce4a7,/home/felix/vision_datasets/self-driving-car-v2-split/train/1478019968180276750_jpg.rf.f59d38c041b5dc5b31fe1eeaab5ce4a7.jpg,train,mllm_selection,1478019968180276750
driving,1478732987914778356_jpg.rf.44e848a3700af90ba9e74b54572151e9,/home/felix/vision_datasets/self-driving-car-v2-split/train/1478732987914778356_jpg.rf.44e848a3700af90ba9e74b54572151e9.jpg,train,mllm_selection,1478732987914778356
driving,1478021645076295702_jpg.rf.8ebd3a54f4c089068c0f780287fd87a9,/home/felix/vision_datasets/self-driving-car-v2-split/train/1478021645076295702_jpg.rf.8ebd3a54f4c089068c0f780287fd87a9.jpg,train,mllm_selection,1478021645076295702
driving,1478732498159838987_jpg.rf.6cc8283b8d00c32b830289d135af0593,/home/felix/vision_datasets/self-driving-car-v2-split/train/1478732498159838987_jpg.rf.6cc8283b8d00c32b830289d135af0593.jpg,train,mllm_selection,1478732498159838987
driving,1478021871581211197_jpg.rf.5aefd9c1d2c11658082e383a1459a518,/home/felix/vision_datasets/self-driving-car-v2-split/train/1478021871581211197_jpg.rf.5aefd9c1d2c11658082e383a1459a518.jpg,train,mllm_selection,1478021871581211197
driving,1478732800385362099_jpg.rf.1a68ab2d9e77c571d99a28f94bafa102,/home/felix/vision_datasets/self-driving-car-v2-split/train/1478732800385362099_jpg.rf.1a68ab2d9e77c571d99a28f94bafa102.jpg,train,mllm_selection,1478732800385362099
driving,1478732350774221318_jpg.rf.4d15d04beb5487345083c24b0c6422f0,/home/felix/vision_datasets/self-driving-car-v2-split/train/1478732350774221318_jpg.rf.4d15d04beb5487345083c24b0c6422f0.jpg,train,mllm_selection,1478732350774221318
driving,1478732739024602398_jpg.rf.baa56d84a21eaa3585c895d65a0b83d5,/home/felix/vision_datasets/self-driving-car-v2-split/train/1478732739024602398_jpg.rf.baa56d84a21eaa3585c895d65a0b83d5.jpg,train,mllm_selection,1478732739024602398
driving,1478021143729873788_jpg.rf.f6933a4f58b75ec81c2eadd3bbd602c8,/home/felix/vision_datasets/self-driving-car-v2-split/train/1478021143729873788_jpg.rf.f6933a4f58b75ec81c2eadd3bbd602c8.jpg,train,mllm_selection,1478021143729873788
driving,1478732780313072350_jpg.rf.9b6e03313cc0fee260c8c310d87bac23,/home/felix/vision_datasets/self-driving-car-v2-split/train/1478732780313072350_jpg.rf.9b6e03313cc0fee260c8c310d87bac23.jpg,train,mllm_selection,1478732780313072350
driving,1478732168980767595_jpg.rf.d79857e8f548edd68c01e962c26b13d0,/home/felix/vision_datasets/self-driving-car-v2-split/train/1478732168980767595_jpg.rf.d79857e8f548edd68c01e962c26b13d0.jpg,train,mllm_selection,1478732168980767595
driving,1478733028633217247_jpg.rf.b8950531217bc0c10313b5676405a30d,/home/felix/vision_datasets/self-driving-car-v2-split/train/1478733028633217247_jpg.rf.b8950531217bc0c10313b5676405a30d.jpg,train,mllm_selection,1478733028633217247
driving,1478732179876744646_jpg.rf.487ff52f93a781d2ed9100fdc1bc0554,/home/felix/vision_datasets/self-driving-car-v2-split/train/1478732179876744646_jpg.rf.487ff52f93a781d2ed9100fdc1bc0554.jpg,train,mllm_selection,1478732179876744646
driving,1478021659077128068_jpg.rf.d1d9904a80063d13410bb990d62906b8,/home/felix/vision_datasets/self-driving-car-v2-split/train/1478021659077128068_jpg.rf.d1d9904a80063d13410bb990d62906b8.jpg,train,mllm_selection,1478021659077128068
driving,1478732607695050360_jpg.rf.02bd1042727ffc06697134b1a876f585,/home/felix/vision_datasets/self-driving-car-v2-split/train/1478732607695050360_jpg.rf.02bd1042727ffc06697134b1a876f585.jpg,train,mllm_selection,1478732607695050360
driving,1478732929993878978_jpg.rf.9b5be83f89476b8b36b5cc0265ed7fa0,/home/felix/vision_datasets/self-driving-car-v2-split/train/1478732929993878978_jpg.rf.9b5be83f89476b8b36b5cc0265ed7fa0.jpg,train,mllm_selection,1478732929993878978
driving,1478732863468878799_jpg.rf.97ca8fbc6c736a6eee85a72382315804,/home/felix/vision_datasets/self-driving-car-v2-split/train/1478732863468878799_jpg.rf.97ca8fbc6c736a6eee85a72382315804.jpg,train,mllm_selection,1478732863468878799
driving,1478732060591480227_jpg.rf.34f035695d9381c1b82913fa696d7f8e,/home/felix/vision_datasets/self-driving-car-v2-split/train/1478732060591480227_jpg.rf.34f035695d9381c1b82913fa696d7f8e.jpg,train,mllm_selection,1478732060591480227
driving,1478732838808287278_jpg.rf.b407a9fba57171e01e2e0cba5497f28e,/home/felix/vision_datasets/self-driving-car-v2-split/train/1478732838808287278_jpg.rf.b407a9fba57171e01e2e0cba5497f28e.jpg,train,mllm_selection,1478732838808287278
driving,1478732832500564321_jpg.rf.ff086885c919b828600dea4e68cb3d7c,/home/felix/vision_datasets/self-driving-car-v2-split/train/1478732832500564321_jpg.rf.ff086885c919b828600dea4e68cb3d7c.jpg,train,mllm_selection,1478732832500564321
driving,1478732041092751773_jpg.rf.03560277d242d1330753526ee5b3e500,/home/felix/vision_datasets/self-driving-car-v2-split/train/1478732041092751773_jpg.rf.03560277d242d1330753526ee5b3e500.jpg,train,mllm_selection,1478732041092751773
driving,1478731914926542251_jpg.rf.6c76eed58f671d46d1e52bce29731249,/home/felix/vision_datasets/self-driving-car-v2-split/train/1478731914926542251_jpg.rf.6c76eed58f671d46d1e52bce29731249.jpg,train,mllm_selection,1478731914926542251
driving,1478732185611673931_jpg.rf.922bfc33d95b70a2454345fed29de69a,/home/felix/vision_datasets/self-driving-car-v2-split/train/1478732185611673931_jpg.rf.922bfc33d95b70a2454345fed29de69a.jpg,train,mllm_selection,1478732185611673931
driving,1478731906898411450_jpg.rf.7998440a3a5f2cd2f7a4614c4a140ec3,/home/felix/vision_datasets/self-driving-car-v2-split/train/1478731906898411450_jpg.rf.7998440a3a5f2cd2f7a4614c4a140ec3.jpg,train,mllm_selection,1478731906898411450
driving,1478732438517155480_jpg.rf.5d39eb08a5e8fcf5aa5d4b62050ab347,/home/felix/vision_datasets/self-driving-car-v2-split/train/1478732438517155480_jpg.rf.5d39eb08a5e8fcf5aa5d4b62050ab347.jpg,train,mllm_selection,1478732438517155480
driving,1478732302601750827_jpg.rf.7d800c9743297403dcc19b19ecb3a8b2,/home/felix/vision_datasets/self-driving-car-v2-split/train/1478732302601750827_jpg.rf.7d800c9743297403dcc19b19ecb3a8b2.jpg,train,mllm_selection,1478732302601750827
driving,1478732685114681098_jpg.rf.01f9947e6ee0757bd60f9c23dfd2d088,/home/felix/vision_datasets/self-driving-car-v2-split/train/1478732685114681098_jpg.rf.01f9947e6ee0757bd60f9c23dfd2d088.jpg,train,mllm_selection,1478732685114681098
driving,1478021903089950737_jpg.rf.04cf4de54a5301382ce644cf20cfec33,/home/felix/vision_datasets/self-driving-car-v2-split/train/1478021903089950737_jpg.rf.04cf4de54a5301382ce644cf20cfec33.jpg,train,mllm_selection,1478021903089950737
driving,1478732722393046220_jpg.rf.82202cd42c87738a3daa1f4a16b19911,/home/felix/vision_datasets/self-driving-car-v2-split/train/1478732722393046220_jpg.rf.82202cd42c87738a3daa1f4a16b19911.jpg,train,mllm_selection,1478732722393046220
driving,1478732450560969266_jpg.rf.13b6e06c014de4791c9691d1d4c54fde,/home/felix/vision_datasets/self-driving-car-v2-split/train/1478732450560969266_jpg.rf.13b6e06c014de4791c9691d1d4c54fde.jpg,train,mllm_selection,1478732450560969266
driving,1478732236077398358_jpg.rf.58f38294c465aa8a4f5b8ed43212bd99,/home/felix/vision_datasets/self-driving-car-v2-split/train/1478732236077398358_jpg.rf.58f38294c465aa8a4f5b8ed43212bd99.jpg,train,mllm_selection,1478732236077398358
driving,1478732940315838154_jpg.rf.b4873488e86293550ba3576280c762ac,/home/felix/vision_datasets/self-driving-car-v2-split/train/1478732940315838154_jpg.rf.b4873488e86293550ba3576280c762ac.jpg,train,mllm_selection,1478732940315838154
driving,1478732409270883108_jpg.rf.e029ac02bad6871112a0b15d3e3ae33f,/home/felix/vision_datasets/self-driving-car-v2-split/train/1478732409270883108_jpg.rf.e029ac02bad6871112a0b15d3e3ae33f.jpg,train,mllm_selection,1478732409270883108
driving,1478732101881976909_jpg.rf.ddd029723fa387aa80e8cfc62e628deb,/home/felix/vision_datasets/self-driving-car-v2-split/train/1478732101881976909_jpg.rf.ddd029723fa387aa80e8cfc62e628deb.jpg,train,mllm_selection,1478732101881976909
driving,1478021602076017816_jpg.rf.e5b43436a04d4164ff175a7a13bf9195,/home/felix/vision_datasets/self-driving-car-v2-split/train/1478021602076017816_jpg.rf.e5b43436a04d4164ff175a7a13bf9195.jpg,train,mllm_selection,1478021602076017816
driving,1478732638663735783_jpg.rf.c3a7f8f9f1b5143e035ae0a9ef7fa402,/home/felix/vision_datasets/self-driving-car-v2-split/train/1478732638663735783_jpg.rf.c3a7f8f9f1b5143e035ae0a9ef7fa402.jpg,train,mllm_selection,1478732638663735783
driving,1478732022742570528_jpg.rf.6ce7489c9f65610f46b4abeb8c05b5f0,/home/felix/vision_datasets/self-driving-car-v2-split/train/1478732022742570528_jpg.rf.6ce7489c9f65610f46b4abeb8c05b5f0.jpg,train,mllm_selection,1478732022742570528
driving,1478733033220638347_jpg.rf.e95c584a0ed60204bd8f3c966a79d392,/home/felix/vision_datasets/self-driving-car-v2-split/train/1478733033220638347_jpg.rf.e95c584a0ed60204bd8f3c966a79d392.jpg,train,mllm_selection,1478733033220638347
driving,1478732852572408433_jpg.rf.58c5b86f290919d56026a9ed6dedccc1,/home/felix/vision_datasets/self-driving-car-v2-split/train/1478732852572408433_jpg.rf.58c5b86f290919d56026a9ed6dedccc1.jpg,train,mllm_selection,1478732852572408433
driving,1478733013721764398_jpg.rf.a328a4010411c37f79825dd3ff91db57,/home/felix/vision_datasets/self-driving-car-v2-split/train/1478733013721764398_jpg.rf.a328a4010411c37f79825dd3ff91db57.jpg,train,mllm_selection,1478733013721764398
driving,1478021605576751342_jpg.rf.9e9be3cac84ba72f9428c8fad9785142,/home/felix/vision_datasets/self-driving-car-v2-split/train/1478021605576751342_jpg.rf.9e9be3cac84ba72f9428c8fad9785142.jpg,train,mllm_selection,1478021605576751342
driving,1478732562963315530_jpg.rf.e5221595d1170f2b1d38e4a294c60286,/home/felix/vision_datasets/self-driving-car-v2-split/train/1478732562963315530_jpg.rf.e5221595d1170f2b1d38e4a294c60286.jpg,train,mllm_selection,1478732562963315530
driving,1478732520526019193_jpg.rf.35b00a4d20448d3d20140a0c8610020c,/home/felix/vision_datasets/self-driving-car-v2-split/train/1478732520526019193_jpg.rf.35b00a4d20448d3d20140a0c8610020c.jpg,train,mllm_selection,1478732520526019193
driving,1478732264177902965_jpg.rf.24dec69b08dc427a1d6c16dd1216e480,/home/felix/vision_datasets/self-driving-car-v2-split/train/1478732264177902965_jpg.rf.24dec69b08dc427a1d6c16dd1216e480.jpg,train,mllm_selection,1478732264177902965
driving,1478732845689970314_jpg.rf.d37ac9587d9254bd4db682b04284afdf,/home/felix/vision_datasets/self-driving-car-v2-split/train/1478732845689970314_jpg.rf.d37ac9587d9254bd4db682b04284afdf.jpg,train,mllm_selection,1478732845689970314
driving,1478732574432913634_jpg.rf.5cd3748228a7619b9c6f3998cf061d40,/home/felix/vision_datasets/self-driving-car-v2-split/train/1478732574432913634_jpg.rf.5cd3748228a7619b9c6f3998cf061d40.jpg,train,mllm_selection,1478732574432913634
driving,1478732336437490916_jpg.rf.2348645ab021e128c746af84a31d775d,/home/felix/vision_datasets/self-driving-car-v2-split/train/1478732336437490916_jpg.rf.2348645ab021e128c746af84a31d775d.jpg,train,mllm_selection,1478732336437490916
driving,1478733017735390483_jpg.rf.1aa56b8ba821bf8de06ca87644bb6725,/home/felix/vision_datasets/self-driving-car-v2-split/train/1478733017735390483_jpg.rf.1aa56b8ba821bf8de06ca87644bb6725.jpg,train,mllm_selection,1478733017735390483
driving,1478732379448687777_jpg.rf.35bf953d35132c4bb8229166f8bb7bc6,/home/felix/vision_datasets/self-driving-car-v2-split/train/1478732379448687777_jpg.rf.35bf953d35132c4bb8229166f8bb7bc6.jpg,train,mllm_selection,1478732379448687777
driving,1478732767123927424_jpg.rf.b08e67656c55b3233513737f584a01e3,/home/felix/vision_datasets/self-driving-car-v2-split/train/1478732767123927424_jpg.rf.b08e67656c55b3233513737f584a01e3.jpg,train,mllm_selection,1478732767123927424
driving,1478732484397106470_jpg.rf.6c1f8aaee216935f9f52b33e477e355b,/home/felix/vision_datasets/self-driving-car-v2-split/train/1478732484397106470_jpg.rf.6c1f8aaee216935f9f52b33e477e355b.jpg,train,mllm_selection,1478732484397106470
driving,1478021876589268855_jpg.rf.96a4851d3b8f19ae63b4e3dd4d267a2a,/home/felix/vision_datasets/self-driving-car-v2-split/train/1478021876589268855_jpg.rf.96a4851d3b8f19ae63b4e3dd4d267a2a.jpg,train,mllm_selection,1478021876589268855
driving,1478732338158235579_jpg.rf.3fbc7eda794e52b4d9132b813951aa2d,/home/felix/vision_datasets/self-driving-car-v2-split/train/1478732338158235579_jpg.rf.3fbc7eda794e52b4d9132b813951aa2d.jpg,train,mllm_selection,1478732338158235579
driving,1478731992346617871_jpg.rf.41a152a48dd48e974565cea725bcd737,/home/felix/vision_datasets/self-driving-car-v2-split/train/1478731992346617871_jpg.rf.41a152a48dd48e974565cea725bcd737.jpg,train,mllm_selection,1478731992346617871
driving,1478733022897077966_jpg.rf.dc5ae0bd615cf524b4a87c007d103675,/home/felix/vision_datasets/self-driving-car-v2-split/train/1478733022897077966_jpg.rf.dc5ae0bd615cf524b4a87c007d103675.jpg,train,mllm_selection,1478733022897077966
driving,1478732640383633414_jpg.rf.bf54081eea19a67b438a08ea1e543c11,/home/felix/vision_datasets/self-driving-car-v2-split/train/1478732640383633414_jpg.rf.bf54081eea19a67b438a08ea1e543c11.jpg,train,mllm_selection,1478732640383633414
driving,1478021878581596902_jpg.rf.b4b12b7f03f59777218eb334f61d0cea,/home/felix/vision_datasets/self-driving-car-v2-split/train/1478021878581596902_jpg.rf.b4b12b7f03f59777218eb334f61d0cea.jpg,train,mllm_selection,1478021878581596902
driving,1478021585075732100_jpg.rf.ae713c6f8413e3e2323007df9af68ff3,/home/felix/vision_datasets/self-driving-car-v2-split/train/1478021585075732100_jpg.rf.ae713c6f8413e3e2323007df9af68ff3.jpg,train,mllm_selection,1478021585075732100
driving,1478732246973274636_jpg.rf.7b53723867d9ac2bca3f9efd7c7f8c7c,/home/felix/vision_datasets/self-driving-car-v2-split/train/1478732246973274636_jpg.rf.7b53723867d9ac2bca3f9efd7c7f8c7c.jpg,train,mllm_selection,1478732246973274636
driving,1478732401814303528_jpg.rf.1c8471946881c64b271fda905afdf5f9,/home/felix/vision_datasets/self-driving-car-v2-split/train/1478732401814303528_jpg.rf.1c8471946881c64b271fda905afdf5f9.jpg,train,mllm_selection,1478732401814303528
driving,1478732900171504336_jpg.rf.ae901472b550c604d6f4c3887feb7465,/home/felix/vision_datasets/self-driving-car-v2-split/train/1478732900171504336_jpg.rf.ae901472b550c604d6f4c3887feb7465.jpg,train,mllm_selection,1478732900171504336
driving,1478732648986153999_jpg.rf.283996963322ae5468da0849ade0166f,/home/felix/vision_datasets/self-driving-car-v2-split/train/1478732648986153999_jpg.rf.283996963322ae5468da0849ade0166f.jpg,train,mllm_selection,1478732648986153999
driving,1478732928845769905_jpg.rf.b06a835959a57285d12c225f17ef6b1a,/home/felix/vision_datasets/self-driving-car-v2-split/train/1478732928845769905_jpg.rf.b06a835959a57285d12c225f17ef6b1a.jpg,train,mllm_selection,1478732928845769905
driving,1478732855439966723_jpg.rf.05931aff81a362cf5127d491e90646cc,/home/felix/vision_datasets/self-driving-car-v2-split/train/1478732855439966723_jpg.rf.05931aff81a362cf5127d491e90646cc.jpg,train,mllm_selection,1478732855439966723
driving,1478732734435577967_jpg.rf.717ee2710fbd4e12cc3b66d1c026f518,/home/felix/vision_datasets/self-driving-car-v2-split/train/1478732734435577967_jpg.rf.717ee2710fbd4e12cc3b66d1c026f518.jpg,train,mllm_selection,1478732734435577967
driving,1478732996516905635_jpg.rf.fbc33a47c29315d9e328eeee04ffe7da,/home/felix/vision_datasets/self-driving-car-v2-split/train/1478732996516905635_jpg.rf.fbc33a47c29315d9e328eeee04ffe7da.jpg,train,mllm_selection,1478732996516905635
driving,1478021650077132375_jpg.rf.8c8302b6361c0eae49c13b9f87653b44,/home/felix/vision_datasets/self-driving-car-v2-split/train/1478021650077132375_jpg.rf.8c8302b6361c0eae49c13b9f87653b44.jpg,train,mllm_selection,1478021650077132375
driving,1478021138720621428_jpg.rf.54da84fb5a076a2b908383ac8aef7626,/home/felix/vision_datasets/self-driving-car-v2-split/train/1478021138720621428_jpg.rf.54da84fb5a076a2b908383ac8aef7626.jpg,train,mllm_selection,1478021138720621428
driving,1478732205683340802_jpg.rf.ccf2e3df3d8b6a9fd47a2af9ebb9281d,/home/felix/vision_datasets/self-driving-car-v2-split/train/1478732205683340802_jpg.rf.ccf2e3df3d8b6a9fd47a2af9ebb9281d.jpg,train,mllm_selection,1478732205683340802
driving,1478732021021511907_jpg.rf.1d264b8f0f109b9534330f96519ac038,/home/felix/vision_datasets/self-driving-car-v2-split/train/1478732021021511907_jpg.rf.1d264b8f0f109b9534330f96519ac038.jpg,train,mllm_selection,1478732021021511907
driving,1478732376580661912_jpg.rf.b7728d3a3dd5b28668ba6c44b7815b34,/home/felix/vision_datasets/self-driving-car-v2-split/train/1478732376580661912_jpg.rf.b7728d3a3dd5b28668ba6c44b7815b34.jpg,train,mllm_selection,1478732376580661912
driving,1478732159804323195_jpg.rf.b1c3114c809b547e6a81b8c29a73620d,/home/felix/vision_datasets/self-driving-car-v2-split/train/1478732159804323195_jpg.rf.b1c3114c809b547e6a81b8c29a73620d.jpg,train,mllm_selection,1478732159804323195
driving,1478731920087449853_jpg.rf.7ee336921d5b1a946bc2bf10ec5b2d84,/home/felix/vision_datasets/self-driving-car-v2-split/train/1478731920087449853_jpg.rf.7ee336921d5b1a946bc2bf10ec5b2d84.jpg,train,mllm_selection,1478731920087449853
driving,1478732608842354792_jpg.rf.e868551492aa2fab8037fc7665804eef,/home/felix/vision_datasets/self-driving-car-v2-split/train/1478732608842354792_jpg.rf.e868551492aa2fab8037fc7665804eef.jpg,train,mllm_selection,1478732608842354792
driving,1478732507335692528_jpg.rf.d91f77e2725c5fd5906cba0a51e5403e,/home/felix/vision_datasets/self-driving-car-v2-split/train/1478732507335692528_jpg.rf.d91f77e2725c5fd5906cba0a51e5403e.jpg,train,mllm_selection,1478732507335692528
driving,1478732458016302374_jpg.rf.940e7db0d00578097898335c70edcca8,/home/felix/vision_datasets/self-driving-car-v2-split/train/1478732458016302374_jpg.rf.940e7db0d00578097898335c70edcca8.jpg,train,mllm_selection,1478732458016302374
driving,1478732044534048644_jpg.rf.0a0349b083dd39699e3ee7a6288d2bf7,/home/felix/vision_datasets/self-driving-car-v2-split/train/1478732044534048644_jpg.rf.0a0349b083dd39699e3ee7a6288d2bf7.jpg,train,mllm_selection,1478732044534048644
driving,1478732986195357716_jpg.rf.cc9971f3e27980a007b13c59e9da1e4d,/home/felix/vision_datasets/self-driving-car-v2-split/train/1478732986195357716_jpg.rf.cc9971f3e27980a007b13c59e9da1e4d.jpg,train,mllm_selection,1478732986195357716
driving,1478732136864260385_jpg.rf.47b6887876623aa8bdf3a5d436be7466,/home/felix/vision_datasets/self-driving-car-v2-split/train/1478732136864260385_jpg.rf.47b6887876623aa8bdf3a5d436be7466.jpg,train,mllm_selection,1478732136864260385
driving,1478731964246268981_jpg.rf.bfaa3eb727f8e9ccde266d37d1edd0c4,/home/felix/vision_datasets/self-driving-car-v2-split/train/1478731964246268981_jpg.rf.bfaa3eb727f8e9ccde266d37d1edd0c4.jpg,train,mllm_selection,1478731964246268981
driving,1478732162097877733_jpg.rf.8a49e896442f75539d85a9fdaeedd99d,/home/felix/vision_datasets/self-driving-car-v2-split/train/1478732162097877733_jpg.rf.8a49e896442f75539d85a9fdaeedd99d.jpg,train,mllm_selection,1478732162097877733
driving,1478732833647440928_jpg.rf.085a2ff13f03df333c3125662ac0fbc5,/home/felix/vision_datasets/self-driving-car-v2-split/train/1478732833647440928_jpg.rf.085a2ff13f03df333c3125662ac0fbc5.jpg,train,mllm_selection,1478732833647440928
driving,1478732216579832784_jpg.rf.2a3dced89873d0257f65453b8f18e62a,/home/felix/vision_datasets/self-driving-car-v2-split/train/1478732216579832784_jpg.rf.2a3dced89873d0257f65453b8f18e62a.jpg,train,mllm_selection,1478732216579832784
driving,1478732975871054932_jpg.rf.52dc252bcaeeea311d221997b37efacf,/home/felix/vision_datasets/self-driving-car-v2-split/train/1478732975871054932_jpg.rf.52dc252bcaeeea311d221997b37efacf.jpg,train,mllm_selection,1478732975871054932
driving,1478732922538236350_jpg.rf.dc5d04cdfd1646c48a076eb3cb5e57f9,/home/felix/vision_datasets/self-driving-car-v2-split/train/1478732922538236350_jpg.rf.dc5d04cdfd1646c48a076eb3cb5e57f9.jpg,train,mllm_selection,1478732922538236350
driving,1478021672077655635_jpg.rf.719ae9d2641c912078cd576519037ceb,/home/felix/vision_datasets/self-driving-car-v2-split/train/1478021672077655635_jpg.rf.719ae9d2641c912078cd576519037ceb.jpg,train,mllm_selection,1478021672077655635
driving,1478732840529749874_jpg.rf.dfe0c53118d8522fdbced70eaa34e39e,/home/felix/vision_datasets/self-driving-car-v2-split/train/1478732840529749874_jpg.rf.dfe0c53118d8522fdbced70eaa34e39e.jpg,train,mllm_selection,1478732840529749874
driving,1478731972848156967_jpg.rf.b808f71cc2fa7314876c05403e911f5a,/home/felix/vision_datasets/self-driving-car-v2-split/train/1478731972848156967_jpg.rf.b808f71cc2fa7314876c05403e911f5a.jpg,train,mllm_selection,1478731972848156967
driving,1478732476367216044_jpg.rf.fa18454d8995008a6284ab4f3645b3cb,/home/felix/vision_datasets/self-driving-car-v2-split/train/1478732476367216044_jpg.rf.fa18454d8995008a6284ab4f3645b3cb.jpg,train,mllm_selection,1478732476367216044
driving,1478732886407597083_jpg.rf.7fea27d2c575da5b36d8ffade5ba3a33,/home/felix/vision_datasets/self-driving-car-v2-split/train/1478732886407597083_jpg.rf.7fea27d2c575da5b36d8ffade5ba3a33.jpg,train,mllm_selection,1478732886407597083
driving,1478732820456498191_jpg.rf.2e58e5e2777527c478102d0f4c279c9d,/home/felix/vision_datasets/self-driving-car-v2-split/train/1478732820456498191_jpg.rf.2e58e5e2777527c478102d0f4c279c9d.jpg,train,mllm_selection,1478732820456498191
driving,1478732432784596071_jpg.rf.51c632b40cfc66ebdc40d23be0bc7131,/home/felix/vision_datasets/self-driving-car-v2-split/train/1478732432784596071_jpg.rf.51c632b40cfc66ebdc40d23be0bc7131.jpg,train,mllm_selection,1478732432784596071
driving,1478732719524171304_jpg.rf.554ac630419b5f846bd45e01aa319112,/home/felix/vision_datasets/self-driving-car-v2-split/train/1478732719524171304_jpg.rf.554ac630419b5f846bd45e01aa319112.jpg,train,mllm_selection,1478732719524171304
driving,1478021135227670937_jpg.rf.2c116cb089616948ff3791583c7348c4,/home/felix/vision_datasets/self-driving-car-v2-split/train/1478021135227670937_jpg.rf.2c116cb089616948ff3791583c7348c4.jpg,train,mllm_selection,1478021135227670937
driving,1478732627767004210_jpg.rf.796551ae49e78cd5b2cebb936a386fcb,/home/felix/vision_datasets/self-driving-car-v2-split/train/1478732627767004210_jpg.rf.796551ae49e78cd5b2cebb936a386fcb.jpg,train,mllm_selection,1478732627767004210
driving,1478731932705056747_jpg.rf.140c40253fda3e38f15e5a9f63afa1ae,/home/felix/vision_datasets/self-driving-car-v2-split/train/1478731932705056747_jpg.rf.140c40253fda3e38f15e5a9f63afa1ae.jpg,train,mllm_selection,1478731932705056747
driving,1478732652427122044_jpg.rf.42a65aab3b4cd98b4662fa904e96aa45,/home/felix/vision_datasets/self-driving-car-v2-split/train/1478732652427122044_jpg.rf.42a65aab3b4cd98b4662fa904e96aa45.jpg,train,mllm_selection,1478732652427122044
driving,1478732327835601560_jpg.rf.328bb42ab217e43b4c4d59f431aa66e8,/home/felix/vision_datasets/self-driving-car-v2-split/train/1478732327835601560_jpg.rf.328bb42ab217e43b4c4d59f431aa66e8.jpg,train,mllm_selection,1478732327835601560
driving,1478732040519148482_jpg.rf.43d0559414fb017b44181450acf591bc,/home/felix/vision_datasets/self-driving-car-v2-split/train/1478732040519148482_jpg.rf.43d0559414fb017b44181450acf591bc.jpg,train,mllm_selection,1478732040519148482
driving,1478732622606239531_jpg.rf.7ed813ca128546666298041588b6149b,/home/felix/vision_datasets/self-driving-car-v2-split/train/1478732622606239531_jpg.rf.7ed813ca128546666298041588b6149b.jpg,train,mllm_selection,1478732622606239531
driving,1478732845118698935_jpg.rf.29674e8251fb77edb1a4be9322140c30,/home/felix/vision_datasets/self-driving-car-v2-split/train/1478732845118698935_jpg.rf.29674e8251fb77edb1a4be9322140c30.jpg,train,mllm_selection,1478732845118698935
driving,1478732301454769296_jpg.rf.f0072251f8746ee9eb428cbb93477178,/home/felix/vision_datasets/self-driving-car-v2-split/train/1478732301454769296_jpg.rf.f0072251f8746ee9eb428cbb93477178.jpg,train,mllm_selection,1478732301454769296
driving,1478732908200343411_jpg.rf.d3072cfd6c8d2a8e38816f9bb23cf776,/home/felix/vision_datasets/self-driving-car-v2-split/train/1478732908200343411_jpg.rf.d3072cfd6c8d2a8e38816f9bb23cf776.jpg,train,mllm_selection,1478732908200343411
driving,1478021868580409436_jpg.rf.62adf7da77c9164626a6e97f71ea25a9,/home/felix/vision_datasets/self-driving-car-v2-split/train/1478021868580409436_jpg.rf.62adf7da77c9164626a6e97f71ea25a9.jpg,train,mllm_selection,1478021868580409436
driving,1478732544612004054_jpg.rf.47fbab23c99d516b81eecc902ec4a1c1,/home/felix/vision_datasets/self-driving-car-v2-split/train/1478732544612004054_jpg.rf.47fbab23c99d516b81eecc902ec4a1c1.jpg,train,mllm_selection,1478732544612004054
driving,1478021648584112453_jpg.rf.914120447e76287c0dd3136d49be45dc,/home/felix/vision_datasets/self-driving-car-v2-split/train/1478021648584112453_jpg.rf.914120447e76287c0dd3136d49be45dc.jpg,train,mllm_selection,1478021648584112453
driving,1478021657077811351_jpg.rf.caf2ea1425993008d3502c204abc29a4,/home/felix/vision_datasets/self-driving-car-v2-split/train/1478021657077811351_jpg.rf.caf2ea1425993008d3502c204abc29a4.jpg,train,mllm_selection,1478021657077811351
driving,1478732807268511377_jpg.rf.a73d443628acc4f73dac913d57dcbcca,/home/felix/vision_datasets/self-driving-car-v2-split/train/1478732807268511377_jpg.rf.a73d443628acc4f73dac913d57dcbcca.jpg,train,mllm_selection,1478732807268511377
driving,1478021158225570190_jpg.rf.6f08aa92703b1b48e205ec2b76a39aa9,/home/felix/vision_datasets/self-driving-car-v2-split/train/1478021158225570190_jpg.rf.6f08aa92703b1b48e205ec2b76a39aa9.jpg,train,mllm_selection,1478021158225570190
driving,1478732498734429277_jpg.rf.b4aaa671daf71cec987fefeb89652834,/home/felix/vision_datasets/self-driving-car-v2-split/train/1478732498734429277_jpg.rf.b4aaa671daf71cec987fefeb89652834.jpg,train,mllm_selection,1478732498734429277
driving,1478732831353246730_jpg.rf.86b784f7c223278968428e54cd98fe36,/home/felix/vision_datasets/self-driving-car-v2-split/train/1478732831353246730_jpg.rf.86b784f7c223278968428e54cd98fe36.jpg,train,mllm_selection,1478732831353246730
driving,1478732259589814879_jpg.rf.abd434f18635f3095fd20f785227598e,/home/felix/vision_datasets/self-driving-car-v2-split/train/1478732259589814879_jpg.rf.abd434f18635f3095fd20f785227598e.jpg,train,mllm_selection,1478732259589814879
driving,1478733012001598443_jpg.rf.d4b3286a0536fad0c7c8aa0a502e313e,/home/felix/vision_datasets/self-driving-car-v2-split/train/1478733012001598443_jpg.rf.d4b3286a0536fad0c7c8aa0a502e313e.jpg,train,mllm_selection,1478733012001598443
driving,1478021646076780944_jpg.rf.cf45c1a1fbeda1b142806f3c8fcd1ede,/home/felix/vision_datasets/self-driving-car-v2-split/train/1478021646076780944_jpg.rf.cf45c1a1fbeda1b142806f3c8fcd1ede.jpg,train,mllm_selection,1478021646076780944
driving,1478732755080410211_jpg.rf.ab9bb7c6c8471b9e9c7331985011408e,/home/felix/vision_datasets/self-driving-car-v2-split/train/1478732755080410211_jpg.rf.ab9bb7c6c8471b9e9c7331985011408e.jpg,train,mllm_selection,1478732755080410211
driving,1478732260736686477_jpg.rf.0569d719df28c10ee91bd5dc8defbd07,/home/felix/vision_datasets/self-driving-car-v2-split/train/1478732260736686477_jpg.rf.0569d719df28c10ee91bd5dc8defbd07.jpg,train,mllm_selection,1478732260736686477
driving,1478732798664670842_jpg.rf.e1584d56d521650c1104055a6f8f65c5,/home/felix/vision_datasets/self-driving-car-v2-split/train/1478732798664670842_jpg.rf.e1584d56d521650c1104055a6f8f65c5.jpg,train,mllm_selection,1478732798664670842
driving,1478732722965035036_jpg.rf.75c22b85fe781c0ec23546383962b54f,/home/felix/vision_datasets/self-driving-car-v2-split/train/1478732722965035036_jpg.rf.75c22b85fe781c0ec23546383962b54f.jpg,train,mllm_selection,1478732722965035036
driving,1478021154225442101_jpg.rf.a1a2c399613e96cf7791828363c94d37,/home/felix/vision_datasets/self-driving-car-v2-split/train/1478021154225442101_jpg.rf.a1a2c399613e96cf7791828363c94d37.jpg,train,mllm_selection,1478021154225442101
driving,1478021863580052463_jpg.rf.1c1627070cd57e5518a49be814d6103c,/home/felix/vision_datasets/self-driving-car-v2-split/train/1478021863580052463_jpg.rf.1c1627070cd57e5518a49be814d6103c.jpg,train,mllm_selection,1478021863580052463
driving,1478021656576889135_jpg.rf.fa8becdf7206b8b432ae7073552d2976,/home/felix/vision_datasets/self-driving-car-v2-split/train/1478021656576889135_jpg.rf.fa8becdf7206b8b432ae7073552d2976.jpg,train,mllm_selection,1478021656576889135
driving,1478732421312435160_jpg.rf.5b04d3a522068d02c464723581d4ef42,/home/felix/vision_datasets/self-driving-car-v2-split/train/1478732421312435160_jpg.rf.5b04d3a522068d02c464723581d4ef42.jpg,train,mllm_selection,1478732421312435160
driving,1478732853718868647_jpg.rf.8b4f2ac6cf5e49faae3d81b8c35c5e62,/home/felix/vision_datasets/self-driving-car-v2-split/train/1478732853718868647_jpg.rf.8b4f2ac6cf5e49faae3d81b8c35c5e62.jpg,train,mllm_selection,1478732853718868647
driving,1478732556655242811_jpg.rf.e038a70439da3b043c54d7b2dc5842f5,/home/felix/vision_datasets/self-driving-car-v2-split/train/1478732556655242811_jpg.rf.e038a70439da3b043c54d7b2dc5842f5.jpg,train,mllm_selection,1478732556655242811
driving,1478732389771192012_jpg.rf.8ba7a6d8a4cb03d54cf0f7a3d1111efc,/home/felix/vision_datasets/self-driving-car-v2-split/train/1478732389771192012_jpg.rf.8ba7a6d8a4cb03d54cf0f7a3d1111efc.jpg,train,mllm_selection,1478732389771192012
driving,1478732861748396020_jpg.rf.d2772d1d867d010e9b0dacaf4053995e,/home/felix/vision_datasets/self-driving-car-v2-split/train/1478732861748396020_jpg.rf.d2772d1d867d010e9b0dacaf4053995e.jpg,train,mllm_selection,1478732861748396020
driving,1478732486116743713_jpg.rf.8a11da9df98247794d401101188f7791,/home/felix/vision_datasets/self-driving-car-v2-split/train/1478732486116743713_jpg.rf.8a11da9df98247794d401101188f7791.jpg,train,mllm_selection,1478732486116743713
driving,1478733025191023835_jpg.rf.f42ae8b40a3eec1fea738d861842f999,/home/felix/vision_datasets/self-driving-car-v2-split/train/1478733025191023835_jpg.rf.f42ae8b40a3eec1fea738d861842f999.jpg,train,mllm_selection,1478733025191023835
driving,1478731893707434448_jpg.rf.c9864419a2129c53c2aad97c7896d7ba,/home/felix/vision_datasets/self-driving-car-v2-split/train/1478731893707434448_jpg.rf.c9864419a2129c53c2aad97c7896d7ba.jpg,train,mllm_selection,1478731893707434448
driving,1478732439664473045_jpg.rf.e1c0e123c81bd17a97974d2bb8f178d3,/home/felix/vision_datasets/self-driving-car-v2-split/train/1478732439664473045_jpg.rf.e1c0e123c81bd17a97974d2bb8f178d3.jpg,train,mllm_selection,1478732439664473045
driving,1478731937292762005_jpg.rf.3eeb69c85dfffd05bb474a1775e35bac,/home/felix/vision_datasets/self-driving-car-v2-split/train/1478731937292762005_jpg.rf.3eeb69c85dfffd05bb474a1775e35bac.jpg,train,mllm_selection,1478731937292762005
driving,1478732239519417996_jpg.rf.8c7fca914b804e8807de5cc886585d8e,/home/felix/vision_datasets/self-driving-car-v2-split/train/1478732239519417996_jpg.rf.8c7fca914b804e8807de5cc886585d8e.jpg,train,mllm_selection,1478732239519417996
driving,1478731939586542390_jpg.rf.39e4b87ee71b825d0f5f2e053afd9398,/home/felix/vision_datasets/self-driving-car-v2-split/train/1478731939586542390_jpg.rf.39e4b87ee71b825d0f5f2e053afd9398.jpg,train,mllm_selection,1478731939586542390
driving,1478732389197850085_jpg.rf.be98004272f4f35ddde0b3300752366e,/home/felix/vision_datasets/self-driving-car-v2-split/train/1478732389197850085_jpg.rf.be98004272f4f35ddde0b3300752366e.jpg,train,mllm_selection,1478732389197850085
driving,1478021658577593411_jpg.rf.9959917c5042b398a6b5d9321ab1b530,/home/felix/vision_datasets/self-driving-car-v2-split/train/1478021658577593411_jpg.rf.9959917c5042b398a6b5d9321ab1b530.jpg,train,mllm_selection,1478021658577593411
driving,1478732232638156164_jpg.rf.7fd43fabb644bd5a3004ad00ec6377db,/home/felix/vision_datasets/self-driving-car-v2-split/train/1478732232638156164_jpg.rf.7fd43fabb644bd5a3004ad00ec6377db.jpg,train,mllm_selection,1478732232638156164
driving,1478732943182922904_jpg.rf.7ecefe5e0eabb65c1fc78969acf1d962,/home/felix/vision_datasets/self-driving-car-v2-split/train/1478732943182922904_jpg.rf.7ecefe5e0eabb65c1fc78969acf1d962.jpg,train,mllm_selection,1478732943182922904
driving,1478732681100711053_jpg.rf.da90fe736a26c3d5522622f378628961,/home/felix/vision_datasets/self-driving-car-v2-split/train/1478732681100711053_jpg.rf.da90fe736a26c3d5522622f378628961.jpg,train,mllm_selection,1478732681100711053
driving,1478732206830187441_jpg.rf.33beaa23bb5a4e9e83336e76a7430077,/home/felix/vision_datasets/self-driving-car-v2-split/train/1478732206830187441_jpg.rf.33beaa23bb5a4e9e83336e76a7430077.jpg,train,mllm_selection,1478732206830187441
driving,1478021642575636607_jpg.rf.9a6901b3f930347941035857f76d6605,/home/felix/vision_datasets/self-driving-car-v2-split/train/1478021642575636607_jpg.rf.9a6901b3f930347941035857f76d6605.jpg,train,mllm_selection,1478021642575636607
driving,1478731928117014083_jpg.rf.87adf8b42c1e0fa4713b830850ff3cb3,/home/felix/vision_datasets/self-driving-car-v2-split/train/1478731928117014083_jpg.rf.87adf8b42c1e0fa4713b830850ff3cb3.jpg,train,mllm_selection,1478731928117014083
driving,1478732192492732302_jpg.rf.b82feafeb421eeb2ba55d58875be3973,/home/felix/vision_datasets/self-driving-car-v2-split/train/1478732192492732302_jpg.rf.b82feafeb421eeb2ba55d58875be3973.jpg,train,mllm_selection,1478732192492732302
driving,1478732747051381809_jpg.rf.f6b4ee22fd86ec4d5604e2d5eb779bd3,/home/felix/vision_datasets/self-driving-car-v2-split/train/1478732747051381809_jpg.rf.f6b4ee22fd86ec4d5604e2d5eb779bd3.jpg,train,mllm_selection,1478732747051381809
driving,1478733001678141720_jpg.rf.7f2756f52fd0102bff9ef29a47bcb321,/home/felix/vision_datasets/self-driving-car-v2-split/train/1478733001678141720_jpg.rf.7f2756f52fd0102bff9ef29a47bcb321.jpg,train,mllm_selection,1478733001678141720
driving,1478732372567061674_jpg.rf.1f7dce02519e0a632d34b610766a8dab,/home/felix/vision_datasets/self-driving-car-v2-split/train/1478732372567061674_jpg.rf.1f7dce02519e0a632d34b610766a8dab.jpg,train,mllm_selection,1478732372567061674
driving,1478732829632419246_jpg.rf.9c58a4c9079cc6ad484463f6fa342daa,/home/felix/vision_datasets/self-driving-car-v2-split/train/1478732829632419246_jpg.rf.9c58a4c9079cc6ad484463f6fa342daa.jpg,train,mllm_selection,1478732829632419246
driving,1478732676512705409_jpg.rf.e8de8ee107f3ad290db7dc9f7ad6953c,/home/felix/vision_datasets/self-driving-car-v2-split/train/1478732676512705409_jpg.rf.e8de8ee107f3ad290db7dc9f7ad6953c.jpg,train,mllm_selection,1478732676512705409
driving,1478732338731307449_jpg.rf.d65d3a9effa639f70d923d100b5bb81b,/home/felix/vision_datasets/self-driving-car-v2-split/train/1478732338731307449_jpg.rf.d65d3a9effa639f70d923d100b5bb81b.jpg,train,mllm_selection,1478732338731307449
driving,1478732140306193517_jpg.rf.f129592a42993e1adfb5267d2e11529a,/home/felix/vision_datasets/self-driving-car-v2-split/train/1478732140306193517_jpg.rf.f129592a42993e1adfb5267d2e11529a.jpg,train,mllm_selection,1478732140306193517
driving,1478732729273274199_jpg.rf.73a99e5dcd4714f978bd005d71cfa93c,/home/felix/vision_datasets/self-driving-car-v2-split/train/1478732729273274199_jpg.rf.73a99e5dcd4714f978bd005d71cfa93c.jpg,train,mllm_selection,1478732729273274199
driving,1478732628913891834_jpg.rf.a8ed4f1337199e707f3e1a2a2686abae,/home/felix/vision_datasets/self-driving-car-v2-split/train/1478732628913891834_jpg.rf.a8ed4f1337199e707f3e1a2a2686abae.jpg,train,mllm_selection,1478732628913891834
driving,1478731955643912218_jpg.rf.261774fa9c9c073bbfbde3fc64921424,/home/felix/vision_datasets/self-driving-car-v2-split/train/1478731955643912218_jpg.rf.261774fa9c9c073bbfbde3fc64921424.jpg,train,mllm_selection,1478731955643912218
driving,1478732707481947862_jpg.rf.13bdf4d4fb237bd97ddd589c74eb9fee,/home/felix/vision_datasets/self-driving-car-v2-split/train/1478732707481947862_jpg.rf.13bdf4d4fb237bd97ddd589c74eb9fee.jpg,train,mllm_selection,1478732707481947862
driving,1478732784901082560_jpg.rf.c40c8fe46e4dd43bfcbb2ac067c2d383,/home/felix/vision_datasets/self-driving-car-v2-split/train/1478732784901082560_jpg.rf.c40c8fe46e4dd43bfcbb2ac067c2d383.jpg,train,mllm_selection,1478732784901082560
driving,1478732062887750783_jpg.rf.a9b0d5ac0a9e0e6c756460bb4c9621e4,/home/felix/vision_datasets/self-driving-car-v2-split/train/1478732062887750783_jpg.rf.a9b0d5ac0a9e0e6c756460bb4c9621e4.jpg,train,mllm_selection,1478732062887750783
driving,1478732435649937271_jpg.rf.865d8b34a8eaafad5f54fa8863446638,/home/felix/vision_datasets/self-driving-car-v2-split/train/1478732435649937271_jpg.rf.865d8b34a8eaafad5f54fa8863446638.jpg,train,mllm_selection,1478732435649937271
driving,1478732666763521737_jpg.rf.df6f0357bfaa2cd371f56da09ac45691,/home/felix/vision_datasets/self-driving-car-v2-split/train/1478732666763521737_jpg.rf.df6f0357bfaa2cd371f56da09ac45691.jpg,train,mllm_selection,1478732666763521737
driving,1478732237226581995_jpg.rf.086b9c4e29c3b3d0f54702a317bc09ea,/home/felix/vision_datasets/self-driving-car-v2-split/train/1478732237226581995_jpg.rf.086b9c4e29c3b3d0f54702a317bc09ea.jpg,train,mllm_selection,1478732237226581995
driving,1478732774578218378_jpg.rf.0ff4d8754d5d34e8b51359baa29a89d5,/home/felix/vision_datasets/self-driving-car-v2-split/train/1478732774578218378_jpg.rf.0ff4d8754d5d34e8b51359baa29a89d5.jpg,train,mllm_selection,1478732774578218378
driving,1478732779739815477_jpg.rf.91081d275d0d5ce9cbcee5b10be2c303,/home/felix/vision_datasets/self-driving-car-v2-split/train/1478732779739815477_jpg.rf.91081d275d0d5ce9cbcee5b10be2c303.jpg,train,mllm_selection,1478732779739815477
driving,1478732784328535710_jpg.rf.746338c815e6216029ed7ade900550c1,/home/felix/vision_datasets/self-driving-car-v2-split/train/1478732784328535710_jpg.rf.746338c815e6216029ed7ade900550c1.jpg,train,mllm_selection,1478732784328535710
driving,1478732826192818112_jpg.rf.880e8fceb1b788a0990fe7a841845777,/home/felix/vision_datasets/self-driving-car-v2-split/train/1478732826192818112_jpg.rf.880e8fceb1b788a0990fe7a841845777.jpg,train,mllm_selection,1478732826192818112
driving,1478732938595131949_jpg.rf.c7d26c62c6a93f14a22b2b2f9672e79b,/home/felix/vision_datasets/self-driving-car-v2-split/train/1478732938595131949_jpg.rf.c7d26c62c6a93f14a22b2b2f9672e79b.jpg,train,mllm_selection,1478732938595131949
driving,1478021855579897603_jpg.rf.8da19d4a8e3980e3bcb7f3f0f9016184,/home/felix/vision_datasets/self-driving-car-v2-split/train/1478021855579897603_jpg.rf.8da19d4a8e3980e3bcb7f3f0f9016184.jpg,train,mllm_selection,1478021855579897603
driving,1478732229769480357_jpg.rf.01598654fbae375e7f0dcc10a2efd240,/home/felix/vision_datasets/self-driving-car-v2-split/train/1478732229769480357_jpg.rf.01598654fbae375e7f0dcc10a2efd240.jpg,train,mllm_selection,1478732229769480357
driving,1478732948344939058_jpg.rf.518e7d8e12ba9f7399381f274a08b843,/home/felix/vision_datasets/self-driving-car-v2-split/train/1478732948344939058_jpg.rf.518e7d8e12ba9f7399381f274a08b843.jpg,train,mllm_selection,1478732948344939058
driving,1478732009551183151_jpg.rf.5529f433ac5586a2bc2ce05d888cf7b2,/home/felix/vision_datasets/self-driving-car-v2-split/train/1478732009551183151_jpg.rf.5529f433ac5586a2bc2ce05d888cf7b2.jpg,train,mllm_selection,1478732009551183151
driving,1478732491851952106_jpg.rf.ffeed562b41ef46be7cd82af72a6d898,/home/felix/vision_datasets/self-driving-car-v2-split/train/1478732491851952106_jpg.rf.ffeed562b41ef46be7cd82af72a6d898.jpg,train,mllm_selection,1478732491851952106
driving,1478732841102722219_jpg.rf.02a606e54b1642488b93ef5582cf8fe4,/home/felix/vision_datasets/self-driving-car-v2-split/train/1478732841102722219_jpg.rf.02a606e54b1642488b93ef5582cf8fe4.jpg,train,mllm_selection,1478732841102722219
driving,1478732186184373721_jpg.rf.986989491c533b7ec18160a277068c12,/home/felix/vision_datasets/self-driving-car-v2-split/train/1478732186184373721_jpg.rf.986989491c533b7ec18160a277068c12.jpg,train,mllm_selection,1478732186184373721
driving,1478021671076656691_jpg.rf.b5cebbd17b25daf2baa9e154af30aa43,/home/felix/vision_datasets/self-driving-car-v2-split/train/1478021671076656691_jpg.rf.b5cebbd17b25daf2baa9e154af30aa43.jpg,train,mllm_selection,1478021671076656691
driving,1478732980459010114_jpg.rf.3290a1f0561bf3441923a8d03da561ba,/home/felix/vision_datasets/self-driving-car-v2-split/train/1478732980459010114_jpg.rf.3290a1f0561bf3441923a8d03da561ba.jpg,train,mllm_selection,1478732980459010114
driving,1478733031499787291_jpg.rf.9c35562d375164be0649d8629ed92ea0,/home/felix/vision_datasets/self-driving-car-v2-split/train/1478733031499787291_jpg.rf.9c35562d375164be0649d8629ed92ea0.jpg,train,mllm_selection,1478733031499787291
driving,1478732004390371345_jpg.rf.2252e7411b9bacdb59d1282541fb7a25,/home/felix/vision_datasets/self-driving-car-v2-split/train/1478732004390371345_jpg.rf.2252e7411b9bacdb59d1282541fb7a25.jpg,train,mllm_selection,1478732004390371345
driving,1478732419592508074_jpg.rf.6e171d3bc5c3bd3c7e525870466f319a,/home/felix/vision_datasets/self-driving-car-v2-split/train/1478732419592508074_jpg.rf.6e171d3bc5c3bd3c7e525870466f319a.jpg,train,mllm_selection,1478732419592508074
driving,1478732175862526356_jpg.rf.4e9f477b5fe493dad6adc68a5e119888,/home/felix/vision_datasets/self-driving-car-v2-split/train/1478732175862526356_jpg.rf.4e9f477b5fe493dad6adc68a5e119888.jpg,train,mllm_selection,1478732175862526356
driving,1478021647577121267_jpg.rf.5a97004f5257403ee73c4533a9613067,/home/felix/vision_datasets/self-driving-car-v2-split/train/1478021647577121267_jpg.rf.5a97004f5257403ee73c4533a9613067.jpg,train,mllm_selection,1478021647577121267
driving,1478732335290693042_jpg.rf.aa89c50e108aac2f15717c2f231a1351,/home/felix/vision_datasets/self-driving-car-v2-split/train/1478732335290693042_jpg.rf.aa89c50e108aac2f15717c2f231a1351.jpg,train,mllm_selection,1478732335290693042
driving,1478732499880356523_jpg.rf.da41802da7fb08702407f6b9c5e24398,/home/felix/vision_datasets/self-driving-car-v2-split/train/1478732499880356523_jpg.rf.da41802da7fb08702407f6b9c5e24398.jpg,train,mllm_selection,1478732499880356523
driving,1478732087545203723_jpg.rf.aa54794eb06d940f6f8784f878359743,/home/felix/vision_datasets/self-driving-car-v2-split/train/1478732087545203723_jpg.rf.aa54794eb06d940f6f8784f878359743.jpg,train,mllm_selection,1478732087545203723
driving,1478732109913708073_jpg.rf.bb825bcd6fe743c92bcaf2af46200152,/home/felix/vision_datasets/self-driving-car-v2-split/train/1478732109913708073_jpg.rf.bb825bcd6fe743c92bcaf2af46200152.jpg,train,mllm_selection,1478732109913708073
driving,1478732260164484474_jpg.rf.ec695b1b55cc8404b480cebc34bd21b0,/home/felix/vision_datasets/self-driving-car-v2-split/train/1478732260164484474_jpg.rf.ec695b1b55cc8404b480cebc34bd21b0.jpg,train,mllm_selection,1478732260164484474
driving,1478732080663536877_jpg.rf.7913a11aa152168c87ec69e89e157177,/home/felix/vision_datasets/self-driving-car-v2-split/train/1478732080663536877_jpg.rf.7913a11aa152168c87ec69e89e157177.jpg,train,mllm_selection,1478732080663536877
driving,1478732463178652805_jpg.rf.b5546b50828bf58cfff74360d83ab259,/home/felix/vision_datasets/self-driving-car-v2-split/train/1478732463178652805_jpg.rf.b5546b50828bf58cfff74360d83ab259.jpg,train,mllm_selection,1478732463178652805
driving,1478732350201234468_jpg.rf.87b52191b5b0e78a643af9557e88bcf6,/home/felix/vision_datasets/self-driving-car-v2-split/train/1478732350201234468_jpg.rf.87b52191b5b0e78a643af9557e88bcf6.jpg,train,mllm_selection,1478732350201234468
driving,1478021605076229291_jpg.rf.3535b9ed276f03360dd68fe1f876c36a,/home/felix/vision_datasets/self-driving-car-v2-split/train/1478021605076229291_jpg.rf.3535b9ed276f03360dd68fe1f876c36a.jpg,train,mllm_selection,1478021605076229291
driving,1478732585329130273_jpg.rf.5e236dca12df35d4999ba1ed86bbf4db,/home/felix/vision_datasets/self-driving-car-v2-split/train/1478732585329130273_jpg.rf.5e236dca12df35d4999ba1ed86bbf4db.jpg,train,mllm_selection,1478732585329130273
driving,1478732315218558518_jpg.rf.823eb0c0e9ee5a5d6fdbf98b3dbea953,/home/felix/vision_datasets/self-driving-car-v2-split/train/1478732315218558518_jpg.rf.823eb0c0e9ee5a5d6fdbf98b3dbea953.jpg,train,mllm_selection,1478732315218558518
driving,1478731957938168260_jpg.rf.ce7fe8367118d1a764009f8775f5576a,/home/felix/vision_datasets/self-driving-car-v2-split/train/1478731957938168260_jpg.rf.ce7fe8367118d1a764009f8775f5576a.jpg,train,mllm_selection,1478731957938168260
driving,1478732057724477245_jpg.rf.04f2884a5c768747fbdf5200a5e8a312,/home/felix/vision_datasets/self-driving-car-v2-split/train/1478732057724477245_jpg.rf.04f2884a5c768747fbdf5200a5e8a312.jpg,train,mllm_selection,1478732057724477245
driving,1478732008405210481_jpg.rf.51dae336254a70d90ee3cb8948458915,/home/felix/vision_datasets/self-driving-car-v2-split/train/1478732008405210481_jpg.rf.51dae336254a70d90ee3cb8948458915.jpg,train,mllm_selection,1478732008405210481
driving,1478732542318069234_jpg.rf.946b02a9d09a5409a254523be41a7bcd,/home/felix/vision_datasets/self-driving-car-v2-split/train/1478732542318069234_jpg.rf.946b02a9d09a5409a254523be41a7bcd.jpg,train,mllm_selection,1478732542318069234
driving,1478021133228114891_jpg.rf.356a499029fdf73fa5c5ac0bdab8285b,/home/felix/vision_datasets/self-driving-car-v2-split/train/1478021133228114891_jpg.rf.356a499029fdf73fa5c5ac0bdab8285b.jpg,train,mllm_selection,1478021133228114891
driving,1478732708054480824_jpg.rf.63805912f9c36fc0cfd78532ebef85d1,/home/felix/vision_datasets/self-driving-car-v2-split/train/1478732708054480824_jpg.rf.63805912f9c36fc0cfd78532ebef85d1.jpg,train,mllm_selection,1478732708054480824
driving,1478021873587811289_jpg.rf.dce997f003cf204e08ce28e4797a333b,/home/felix/vision_datasets/self-driving-car-v2-split/train/1478021873587811289_jpg.rf.dce997f003cf204e08ce28e4797a333b.jpg,train,mllm_selection,1478021873587811289
driving,1478021911082870895_jpg.rf.6945ec5351d9ffb063feb19915860fbd,/home/felix/vision_datasets/self-driving-car-v2-split/train/1478021911082870895_jpg.rf.6945ec5351d9ffb063feb19915860fbd.jpg,train,mllm_selection,1478021911082870895
driving,1478732050269353030_jpg.rf.b9600a29e60c9e9347ae19591b656be3,/home/felix/vision_datasets/self-driving-car-v2-split/train/1478732050269353030_jpg.rf.b9600a29e60c9e9347ae19591b656be3.jpg,train,mllm_selection,1478732050269353030
driving,1478021604081937351_jpg.rf.ac9e4f4f2dea0698bb14ac88bc8b82ff,/home/felix/vision_datasets/self-driving-car-v2-split/train/1478021604081937351_jpg.rf.ac9e4f4f2dea0698bb14ac88bc8b82ff.jpg,train,mllm_selection,1478021604081937351
driving,1478732222314650725_jpg.rf.f2c0c55b0c697a7f0ebfc881c909f660,/home/felix/vision_datasets/self-driving-car-v2-split/train/1478732222314650725_jpg.rf.f2c0c55b0c697a7f0ebfc881c909f660.jpg,train,mllm_selection,1478732222314650725
driving,1478732963254582789_jpg.rf.de1278bb44aa091836e99b12dca79848,/home/felix/vision_datasets/self-driving-car-v2-split/train/1478732963254582789_jpg.rf.de1278bb44aa091836e99b12dca79848.jpg,train,mllm_selection,1478732963254582789
driving,1478732125968667294_jpg.rf.69233d4589ddd4ff1ea41def9c33efe9,/home/felix/vision_datasets/self-driving-car-v2-split/train/1478732125968667294_jpg.rf.69233d4589ddd4ff1ea41def9c33efe9.jpg,train,mllm_selection,1478732125968667294
driving,1478731920661488084_jpg.rf.02130704d8205ec23d45f13a7828ab28,/home/felix/vision_datasets/self-driving-car-v2-split/train/1478731920661488084_jpg.rf.02130704d8205ec23d45f13a7828ab28.jpg,train,mllm_selection,1478731920661488084
driving,1478733027484857267_jpg.rf.a53e11efbc7132bb2939f9de9fc68a87,/home/felix/vision_datasets/self-driving-car-v2-split/train/1478733027484857267_jpg.rf.a53e11efbc7132bb2939f9de9fc68a87.jpg,train,mllm_selection,1478733027484857267
driving,1478021668577566780_jpg.rf.dd4adfc0be965c19bda9fe419e17f6a8,/home/felix/vision_datasets/self-driving-car-v2-split/train/1478021668577566780_jpg.rf.dd4adfc0be965c19bda9fe419e17f6a8.jpg,train,mllm_selection,1478021668577566780
driving,1478731945321140950_jpg.rf.e59ad23ad29cf9789481435866be4a76,/home/felix/vision_datasets/self-driving-car-v2-split/train/1478731945321140950_jpg.rf.e59ad23ad29cf9789481435866be4a76.jpg,train,mllm_selection,1478731945321140950
driving,1478732242959253774_jpg.rf.1807853abfaf926ffe3c09dd6f769e8d,/home/felix/vision_datasets/self-driving-car-v2-split/train/1478732242959253774_jpg.rf.1807853abfaf926ffe3c09dd6f769e8d.jpg,train,mllm_selection,1478732242959253774
driving,1478731993493681049_jpg.rf.a20e528323ad3bb98cd1526ad1f879a5,/home/felix/vision_datasets/self-driving-car-v2-split/train/1478731993493681049_jpg.rf.a20e528323ad3bb98cd1526ad1f879a5.jpg,train,mllm_selection,1478731993493681049
driving,1478022256102374289_jpg.rf.750be787e75ea3a97fec37edb4e0c65d,/home/felix/vision_datasets/self-driving-car-v2-split/train/1478022256102374289_jpg.rf.750be787e75ea3a97fec37edb4e0c65d.jpg,train,mllm_selection,1478022256102374289
driving,1478732671924898436_jpg.rf.91e3ae17ce2977dddc2b56a455623200,/home/felix/vision_datasets/self-driving-car-v2-split/train/1478732671924898436_jpg.rf.91e3ae17ce2977dddc2b56a455623200.jpg,train,mllm_selection,1478732671924898436
driving,1478732425327757606_jpg.rf.002d71b5f1de333a88069b128cdbae5c,/home/felix/vision_datasets/self-driving-car-v2-split/train/1478732425327757606_jpg.rf.002d71b5f1de333a88069b128cdbae5c.jpg,train,mllm_selection,1478732425327757606
driving,1478733029778687191_jpg.rf.03142ea66a21fa328935e037b8c62bd8,/home/felix/vision_datasets/self-driving-car-v2-split/train/1478733029778687191_jpg.rf.03142ea66a21fa328935e037b8c62bd8.jpg,train,mllm_selection,1478733029778687191
driving,1478021893582905196_jpg.rf.20f4133f8dce3d4c55da722c2e6bd329,/home/felix/vision_datasets/self-driving-car-v2-split/train/1478021893582905196_jpg.rf.20f4133f8dce3d4c55da722c2e6bd329.jpg,train,mllm_selection,1478021893582905196
driving,1478732281383466610_jpg.rf.1d108dce493792576ac14bad0e8de0b5,/home/felix/vision_datasets/self-driving-car-v2-split/train/1478732281383466610_jpg.rf.1d108dce493792576ac14bad0e8de0b5.jpg,train,mllm_selection,1478732281383466610
driving,1478731903457038554_jpg.rf.2156ce085a9983feb065dbac2e6a7366,/home/felix/vision_datasets/self-driving-car-v2-split/train/1478731903457038554_jpg.rf.2156ce085a9983feb065dbac2e6a7366.jpg,train,mllm_selection,1478731903457038554
driving,1478732533143048160_jpg.rf.af9c1496b0f8149f1e23487cb417c067,/home/felix/vision_datasets/self-driving-car-v2-split/train/1478732533143048160_jpg.rf.af9c1496b0f8149f1e23487cb417c067.jpg,train,mllm_selection,1478732533143048160
driving,1478021891590078387_jpg.rf.5978ba941769340f362314d9ee0bc0bd,/home/felix/vision_datasets/self-driving-car-v2-split/train/1478021891590078387_jpg.rf.5978ba941769340f362314d9ee0bc0bd.jpg,train,mllm_selection,1478021891590078387
driving,1478021152732922863_jpg.rf.23fea6adfc02f7d8fcac4aee861255e9,/home/felix/vision_datasets/self-driving-car-v2-split/train/1478021152732922863_jpg.rf.23fea6adfc02f7d8fcac4aee861255e9.jpg,train,mllm_selection,1478021152732922863
driving,1478731893136088946_jpg.rf.801541aa8571f07d0cb995a289256ab5,/home/felix/vision_datasets/self-driving-car-v2-split/train/1478731893136088946_jpg.rf.801541aa8571f07d0cb995a289256ab5.jpg,train,mllm_selection,1478731893136088946
driving,1478732595079673268_jpg.rf.c1559f9f84cfeb00c0f0cd94654253b7,/home/felix/vision_datasets/self-driving-car-v2-split/train/1478732595079673268_jpg.rf.c1559f9f84cfeb00c0f0cd94654253b7.jpg,train,mllm_selection,1478732595079673268
driving,1478021935083510984_jpg.rf.d20a2b35839924225e432345ec82cf47,/home/felix/vision_datasets/self-driving-car-v2-split/train/1478021935083510984_jpg.rf.d20a2b35839924225e432345ec82cf47.jpg,train,mllm_selection,1478021935083510984
driving,1478732113925789108_jpg.rf.b4e65f1575f3be88e8633b38bad14b6c,/home/felix/vision_datasets/self-driving-car-v2-split/train/1478732113925789108_jpg.rf.b4e65f1575f3be88e8633b38bad14b6c.jpg,train,mllm_selection,1478732113925789108
driving,1478732012419285484_jpg.rf.21e2ad428feb18001ed039419ce3b98e,/home/felix/vision_datasets/self-driving-car-v2-split/train/1478732012419285484_jpg.rf.21e2ad428feb18001ed039419ce3b98e.jpg,train,mllm_selection,1478732012419285484
driving,1478732835941438814_jpg.rf.0a6139b54da2ba145584d7597278b5ca,/home/felix/vision_datasets/self-driving-car-v2-split/train/1478732835941438814_jpg.rf.0a6139b54da2ba145584d7597278b5ca.jpg,train,mllm_selection,1478732835941438814
driving,1478732280809419544_jpg.rf.21fc5245f5bef9a6123b497b33fac703,/home/felix/vision_datasets/self-driving-car-v2-split/train/1478732280809419544_jpg.rf.21fc5245f5bef9a6123b497b33fac703.jpg,train,mllm_selection,1478732280809419544
driving,1478732690849906837_jpg.rf.f08b7f23489d4689ae04cd65c7aa4307,/home/felix/vision_datasets/self-driving-car-v2-split/train/1478732690849906837_jpg.rf.f08b7f23489d4689ae04cd65c7aa4307.jpg,train,mllm_selection,1478732690849906837
driving,1478732245827097612_jpg.rf.dbf20bb4101064dcfc4fd1436487acc5,/home/felix/vision_datasets/self-driving-car-v2-split/train/1478732245827097612_jpg.rf.dbf20bb4101064dcfc4fd1436487acc5.jpg,train,mllm_selection,1478732245827097612
driving,1478021924083491478_jpg.rf.4c43ce287d4bce5c691e15c92148f757,/home/felix/vision_datasets/self-driving-car-v2-split/train/1478021924083491478_jpg.rf.4c43ce287d4bce5c691e15c92148f757.jpg,train,mllm_selection,1478021924083491478
driving,1478731953924019135_jpg.rf.9f0b8ad5d34f596779bea3af0e7de249,/home/felix/vision_datasets/self-driving-car-v2-split/train/1478731953924019135_jpg.rf.9f0b8ad5d34f596779bea3af0e7de249.jpg,train,mllm_selection,1478731953924019135
driving,1478732876658409238_jpg.rf.6a1ba57e80acc99fa549f2c86b6e2f73,/home/felix/vision_datasets/self-driving-car-v2-split/train/1478732876658409238_jpg.rf.6a1ba57e80acc99fa549f2c86b6e2f73.jpg,train,mllm_selection,1478732876658409238
driving,1478732147187799695_jpg.rf.48bfa4477d3195d9d8d9aa635bed9863,/home/felix/vision_datasets/self-driving-car-v2-split/train/1478732147187799695_jpg.rf.48bfa4477d3195d9d8d9aa635bed9863.jpg,train,mllm_selection,1478732147187799695
driving,1478732316366066927_jpg.rf.aa2f06372671a201fccb808bba53c929,/home/felix/vision_datasets/self-driving-car-v2-split/train/1478732316366066927_jpg.rf.aa2f06372671a201fccb808bba53c929.jpg,train,mllm_selection,1478732316366066927
driving,1478732753932824027_jpg.rf.8476701d53c8de7eca982f9a99b1b9e1,/home/felix/vision_datasets/self-driving-car-v2-split/train/1478732753932824027_jpg.rf.8476701d53c8de7eca982f9a99b1b9e1.jpg,train,mllm_selection,1478732753932824027
driving,1478732849706610667_jpg.rf.3bd03c673c219d3682242612af7beda5,/home/felix/vision_datasets/self-driving-car-v2-split/train/1478732849706610667_jpg.rf.3bd03c673c219d3682242612af7beda5.jpg,train,mllm_selection,1478732849706610667
driving,1478732830780650240_jpg.rf.1f6d52abd1cbc1798b4046f90f165fb7,/home/felix/vision_datasets/self-driving-car-v2-split/train/1478732830780650240_jpg.rf.1f6d52abd1cbc1798b4046f90f165fb7.jpg,train,mllm_selection,1478732830780650240
driving,1478732406402586638_jpg.rf.dc788918719854a691f885edf1cdac07,/home/felix/vision_datasets/self-driving-car-v2-split/train/1478732406402586638_jpg.rf.dc788918719854a691f885edf1cdac07.jpg,train,mllm_selection,1478732406402586638
driving,1478021610082508663_jpg.rf.4d6db19def5d945c35f11bff186bdeea,/home/felix/vision_datasets/self-driving-car-v2-split/train/1478021610082508663_jpg.rf.4d6db19def5d945c35f11bff186bdeea.jpg,train,mllm_selection,1478021610082508663
driving,1478732113352220295_jpg.rf.af6672483daf93e9c61bfcaedae6a244,/home/felix/vision_datasets/self-driving-car-v2-split/train/1478732113352220295_jpg.rf.af6672483daf93e9c61bfcaedae6a244.jpg,train,mllm_selection,1478732113352220295
driving,1478732199376086918_jpg.rf.8877b4ad9da0f9ecb4f70028830417ac,/home/felix/vision_datasets/self-driving-car-v2-split/train/1478732199376086918_jpg.rf.8877b4ad9da0f9ecb4f70028830417ac.jpg,train,mllm_selection,1478732199376086918
driving,1478732947770805027_jpg.rf.bd79266cb495b21dbdac5b9e1b2488f5,/home/felix/vision_datasets/self-driving-car-v2-split/train/1478732947770805027_jpg.rf.bd79266cb495b21dbdac5b9e1b2488f5.jpg,train,mllm_selection,1478732947770805027
driving,1478732019874299628_jpg.rf.37e0d683380924059ad9a72d947fac0e,/home/felix/vision_datasets/self-driving-car-v2-split/train/1478732019874299628_jpg.rf.37e0d683380924059ad9a72d947fac0e.jpg,train,mllm_selection,1478732019874299628
driving,1478732064032457625_jpg.rf.0bb321daa532dd7a6a6fdaae31188b20,/home/felix/vision_datasets/self-driving-car-v2-split/train/1478732064032457625_jpg.rf.0bb321daa532dd7a6a6fdaae31188b20.jpg,train,mllm_selection,1478732064032457625
driving,1478732617443790876_jpg.rf.92706770770b49795dc188237b8d567c,/home/felix/vision_datasets/self-driving-car-v2-split/train/1478732617443790876_jpg.rf.92706770770b49795dc188237b8d567c.jpg,train,mllm_selection,1478732617443790876
driving,1478021868080132933_jpg.rf.662f099d5b10c2829bd5bf8876ca98b4,/home/felix/vision_datasets/self-driving-car-v2-split/train/1478021868080132933_jpg.rf.662f099d5b10c2829bd5bf8876ca98b4.jpg,train,mllm_selection,1478021868080132933
driving,1478732268192711525_jpg.rf.001a339620a8bab42a83600c8efb9ed1,/home/felix/vision_datasets/self-driving-car-v2-split/train/1478732268192711525_jpg.rf.001a339620a8bab42a83600c8efb9ed1.jpg,train,mllm_selection,1478732268192711525
driving,1478732142027543990_jpg.rf.0040cae296c16cd11fbb34d27765ba04,/home/felix/vision_datasets/self-driving-car-v2-split/train/1478732142027543990_jpg.rf.0040cae296c16cd11fbb34d27765ba04.jpg,train,mllm_selection,1478732142027543990
driving,1478021669077011820_jpg.rf.9caddc5bea67de745ba550f0cd1dc79a,/home/felix/vision_datasets/self-driving-car-v2-split/train/1478021669077011820_jpg.rf.9caddc5bea67de745ba550f0cd1dc79a.jpg,train,mllm_selection,1478021669077011820
driving,1478732794076822060_jpg.rf.acb7d20d56099168ff91f4fe78eb85ef,/home/felix/vision_datasets/self-driving-car-v2-split/train/1478732794076822060_jpg.rf.acb7d20d56099168ff91f4fe78eb85ef.jpg,train,mllm_selection,1478732794076822060
driving,1478732489557656368_jpg.rf.e2f82702b985dc1e11d2e08a933f9ad9,/home/felix/vision_datasets/self-driving-car-v2-split/train/1478732489557656368_jpg.rf.e2f82702b985dc1e11d2e08a933f9ad9.jpg,train,mllm_selection,1478732489557656368
driving,1478021660076651169_jpg.rf.ecdf2d4b8a937dfc3eff8e23b0c4ccd8,/home/felix/vision_datasets/self-driving-car-v2-split/train/1478021660076651169_jpg.rf.ecdf2d4b8a937dfc3eff8e23b0c4ccd8.jpg,train,mllm_selection,1478021660076651169
driving,1478732510203542555_jpg.rf.03573581e0de8b63312e74008241f7aa,/home/felix/vision_datasets/self-driving-car-v2-split/train/1478732510203542555_jpg.rf.03573581e0de8b63312e74008241f7aa.jpg,train,mllm_selection,1478732510203542555
driving,1478732511350215112_jpg.rf.75601b63c3b584072e00cbefe1591d39,/home/felix/vision_datasets/self-driving-car-v2-split/train/1478732511350215112_jpg.rf.75601b63c3b584072e00cbefe1591d39.jpg,train,mllm_selection,1478732511350215112
driving,1478732836514725088_jpg.rf.43d7cc6550add087467da4145e9cc2ed,/home/felix/vision_datasets/self-driving-car-v2-split/train/1478732836514725088_jpg.rf.43d7cc6550add087467da4145e9cc2ed.jpg,train,mllm_selection,1478732836514725088
driving,1478732432209204583_jpg.rf.efaa85bde307a440b0739847b0e2a194,/home/felix/vision_datasets/self-driving-car-v2-split/train/1478732432209204583_jpg.rf.efaa85bde307a440b0739847b0e2a194.jpg,train,mllm_selection,1478732432209204583
driving,1478019972180014279_jpg.rf.422a29d36d5c9be10d76fdd7622e217b,/home/felix/vision_datasets/self-driving-car-v2-split/train/1478019972180014279_jpg.rf.422a29d36d5c9be10d76fdd7622e217b.jpg,train,mllm_selection,1478019972180014279
driving,1478021590575550095_jpg.rf.b0f20b3e134b3656b4626b41aecd73b9,/home/felix/vision_datasets/self-driving-car-v2-split/train/1478021590575550095_jpg.rf.b0f20b3e134b3656b4626b41aecd73b9.jpg,train,mllm_selection,1478021590575550095
driving,1478733003971455127_jpg.rf.081787a12570dcad06f88628a1cddb21,/home/felix/vision_datasets/self-driving-car-v2-split/train/1478733003971455127_jpg.rf.081787a12570dcad06f88628a1cddb21.jpg,train,mllm_selection,1478733003971455127
driving,1478732931713058343_jpg.rf.1480101f86344e00a36bf69f0e4a10c1,/home/felix/vision_datasets/self-driving-car-v2-split/train/1478732931713058343_jpg.rf.1480101f86344e00a36bf69f0e4a10c1.jpg,train,mllm_selection,1478732931713058343
driving,1478732185037696304_jpg.rf.b772889b25b77bfa00079a21c8225ecf,/home/felix/vision_datasets/self-driving-car-v2-split/train/1478732185037696304_jpg.rf.b772889b25b77bfa00079a21c8225ecf.jpg,train,mllm_selection,1478732185037696304
driving,1478019957180061202_jpg.rf.b300a681fb0894be54fe7d8a09b06a10,/home/felix/vision_datasets/self-driving-car-v2-split/train/1478019957180061202_jpg.rf.b300a681fb0894be54fe7d8a09b06a10.jpg,train,mllm_selection,1478019957180061202
driving,1478732730420209239_jpg.rf.1a7484f6c8e714feeafa0a08b2296be7,/home/felix/vision_datasets/self-driving-car-v2-split/train/1478732730420209239_jpg.rf.1a7484f6c8e714feeafa0a08b2296be7.jpg,train,mllm_selection,1478732730420209239
driving,1478021927085989911_jpg.rf.ea7fc7e2fca324b0a370c10e06864374,/home/felix/vision_datasets/self-driving-car-v2-split/train/1478021927085989911_jpg.rf.ea7fc7e2fca324b0a370c10e06864374.jpg,train,mllm_selection,1478021927085989911
driving,1478021140730209519_jpg.rf.d7d2c38699b86d447b1b625f9dc19b6d,/home/felix/vision_datasets/self-driving-car-v2-split/train/1478021140730209519_jpg.rf.d7d2c38699b86d447b1b625f9dc19b6d.jpg,train,mllm_selection,1478021140730209519
driving,1478732240665100181_jpg.rf.10858f037737d7bb9d93798616bd684e,/home/felix/vision_datasets/self-driving-car-v2-split/train/1478732240665100181_jpg.rf.10858f037737d7bb9d93798616bd684e.jpg,train,mllm_selection,1478732240665100181
driving,1478731950482813213_jpg.rf.267eafba9c4c97ef2bfe828fafa2d299,/home/felix/vision_datasets/self-driving-car-v2-split/train/1478731950482813213_jpg.rf.267eafba9c4c97ef2bfe828fafa2d299.jpg,train,mllm_selection,1478731950482813213
driving,1478732189052062340_jpg.rf.d412367019a4aed4c7ee0b29835dea56,/home/felix/vision_datasets/self-driving-car-v2-split/train/1478732189052062340_jpg.rf.d412367019a4aed4c7ee0b29835dea56.jpg,train,mllm_selection,1478732189052062340
driving,1478732243532784041_jpg.rf.d73beefcc7ecd27e74293cdf3c4b2a6d,/home/felix/vision_datasets/self-driving-car-v2-split/train/1478732243532784041_jpg.rf.d73beefcc7ecd27e74293cdf3c4b2a6d.jpg,train,mllm_selection,1478732243532784041
driving,1478732238945026120_jpg.rf.0dc6ef071ebb9974266de128bb3bd576,/home/felix/vision_datasets/self-driving-car-v2-split/train/1478732238945026120_jpg.rf.0dc6ef071ebb9974266de128bb3bd576.jpg,train,mllm_selection,1478732238945026120
driving,1478732206256722037_jpg.rf.b81063cdd65ef70b36cd31db5b7b43ca,/home/felix/vision_datasets/self-driving-car-v2-split/train/1478732206256722037_jpg.rf.b81063cdd65ef70b36cd31db5b7b43ca.jpg,train,mllm_selection,1478732206256722037
driving,1478021889589056010_jpg.rf.c91604836a9313349aa2bcaf73e940d1,/home/felix/vision_datasets/self-driving-car-v2-split/train/1478021889589056010_jpg.rf.c91604836a9313349aa2bcaf73e940d1.jpg,train,mllm_selection,1478021889589056010
driving,1478021596580979395_jpg.rf.63381b70d7b725738ce996af193f7352,/home/felix/vision_datasets/self-driving-car-v2-split/train/1478021596580979395_jpg.rf.63381b70d7b725738ce996af193f7352.jpg,train,mllm_selection,1478021596580979395
driving,1478732962110057984_jpg.rf.33d71d06ab5dec26b2d9706f70b67b34,/home/felix/vision_datasets/self-driving-car-v2-split/train/1478732962110057984_jpg.rf.33d71d06ab5dec26b2d9706f70b67b34.jpg,train,mllm_selection,1478732962110057984
driving,1478732921389976557_jpg.rf.8c35c7c5372a7e88d13834794815f0b4,/home/felix/vision_datasets/self-driving-car-v2-split/train/1478732921389976557_jpg.rf.8c35c7c5372a7e88d13834794815f0b4.jpg,train,mllm_selection,1478732921389976557
driving,1478732347908473547_jpg.rf.30288dfad621048da6a438cf93da6073,/home/felix/vision_datasets/self-driving-car-v2-split/train/1478732347908473547_jpg.rf.30288dfad621048da6a438cf93da6073.jpg,train,mllm_selection,1478732347908473547
driving,1478021866080399860_jpg.rf.0c6398029891c0dfac3696f51b95d375,/home/felix/vision_datasets/self-driving-car-v2-split/train/1478021866080399860_jpg.rf.0c6398029891c0dfac3696f51b95d375.jpg,train,mllm_selection,1478021866080399860
driving,1478732474074220065_jpg.rf.85b4bf1fcdfd629758c86674c0d60a78,/home/felix/vision_datasets/self-driving-car-v2-split/train/1478732474074220065_jpg.rf.85b4bf1fcdfd629758c86674c0d60a78.jpg,train,mllm_selection,1478732474074220065
driving,1478731962525318310_jpg.rf.5d3fc0e3c377096d610408bbccfaa36b,/home/felix/vision_datasets/self-driving-car-v2-split/train/1478731962525318310_jpg.rf.5d3fc0e3c377096d610408bbccfaa36b.jpg,train,mllm_selection,1478731962525318310
driving,1478732683968087644_jpg.rf.aeb470d8c03f0fe2516b25592c32acc2,/home/felix/vision_datasets/self-driving-car-v2-split/train/1478732683968087644_jpg.rf.aeb470d8c03f0fe2516b25592c32acc2.jpg,train,mllm_selection,1478732683968087644
driving,1478732714362618442_jpg.rf.7c74ab17b1fb245aa50e54e18c82bbbc,/home/felix/vision_datasets/self-driving-car-v2-split/train/1478732714362618442_jpg.rf.7c74ab17b1fb245aa50e54e18c82bbbc.jpg,train,mllm_selection,1478732714362618442
driving,1478732218873593541_jpg.rf.877505950e425b3537981b39fe71666f,/home/felix/vision_datasets/self-driving-car-v2-split/train/1478732218873593541_jpg.rf.877505950e425b3537981b39fe71666f.jpg,train,mllm_selection,1478732218873593541
driving,1478731979156704756_jpg.rf.e1a732c86c563942c388a88c6cd3b597,/home/felix/vision_datasets/self-driving-car-v2-split/train/1478731979156704756_jpg.rf.e1a732c86c563942c388a88c6cd3b597.jpg,train,mllm_selection,1478731979156704756
driving,1478021894582003153_jpg.rf.9443fbf9fe37b8d571ac1bd81ac9dc84,/home/felix/vision_datasets/self-driving-car-v2-split/train/1478021894582003153_jpg.rf.9443fbf9fe37b8d571ac1bd81ac9dc84.jpg,train,mllm_selection,1478021894582003153
driving,1478732518231513348_jpg.rf.aeab381475cf458ae0953c52c74bfa4d,/home/felix/vision_datasets/self-driving-car-v2-split/train/1478732518231513348_jpg.rf.aeab381475cf458ae0953c52c74bfa4d.jpg,train,mllm_selection,1478732518231513348
driving,1478732982753103095_jpg.rf.69f808fc91ea2a6d0daa2015bf912c3e,/home/felix/vision_datasets/self-driving-car-v2-split/train/1478732982753103095_jpg.rf.69f808fc91ea2a6d0daa2015bf912c3e.jpg,train,mllm_selection,1478732982753103095
driving,1478732868630422111_jpg.rf.72483e0b5143318d023fe9c3cc7f8a99,/home/felix/vision_datasets/self-driving-car-v2-split/train/1478732868630422111_jpg.rf.72483e0b5143318d023fe9c3cc7f8a99.jpg,train,mllm_selection,1478732868630422111
driving,1478732670204369134_jpg.rf.d7d4cd503926e1785cba393cf6088cbe,/home/felix/vision_datasets/self-driving-car-v2-split/train/1478732670204369134_jpg.rf.d7d4cd503926e1785cba393cf6088cbe.jpg,train,mllm_selection,1478732670204369134
driving,1478021630576185118_jpg.rf.72b2ccb443eaebc77314bbef6da0233b,/home/felix/vision_datasets/self-driving-car-v2-split/train/1478021630576185118_jpg.rf.72b2ccb443eaebc77314bbef6da0233b.jpg,train,mllm_selection,1478021630576185118
driving,1478019967686224547_jpg.rf.ebe03f8acc63a7eef75f2a983b655291,/home/felix/vision_datasets/self-driving-car-v2-split/train/1478019967686224547_jpg.rf.ebe03f8acc63a7eef75f2a983b655291.jpg,train,mllm_selection,1478019967686224547
driving,1478732339878346293_jpg.rf.dcd8effb963b8ae89874d67f9cf84461,/home/felix/vision_datasets/self-driving-car-v2-split/train/1478732339878346293_jpg.rf.dcd8effb963b8ae89874d67f9cf84461.jpg,train,mllm_selection,1478732339878346293
driving,1478732342171971767_jpg.rf.ea582065699e23f3f7b02e4cbc61206b,/home/felix/vision_datasets/self-driving-car-v2-split/train/1478732342171971767_jpg.rf.ea582065699e23f3f7b02e4cbc61206b.jpg,train,mllm_selection,1478732342171971767
driving,1478731979730550139_jpg.rf.76c62725af1855b7b87552efa365865c,/home/felix/vision_datasets/self-driving-car-v2-split/train/1478731979730550139_jpg.rf.76c62725af1855b7b87552efa365865c.jpg,train,mllm_selection,1478731979730550139
driving,1478732926551977425_jpg.rf.fdad6a22a86e6158a68cb67af18c2ed4,/home/felix/vision_datasets/self-driving-car-v2-split/train/1478732926551977425_jpg.rf.fdad6a22a86e6158a68cb67af18c2ed4.jpg,train,mllm_selection,1478732926551977425
driving,1478021861579942332_jpg.rf.16e2ea86ef327ded69b628ecbba9e85a,/home/felix/vision_datasets/self-driving-car-v2-split/train/1478021861579942332_jpg.rf.16e2ea86ef327ded69b628ecbba9e85a.jpg,train,mllm_selection,1478021861579942332
driving,1478732392639477538_jpg.rf.bfbaa67cc8652378fd7d3f186f88ba09,/home/felix/vision_datasets/self-driving-car-v2-split/train/1478732392639477538_jpg.rf.bfbaa67cc8652378fd7d3f186f88ba09.jpg,train,mllm_selection,1478732392639477538
driving,1478021919084651321_jpg.rf.d568d5206cd540c44254986c1632cbbf,/home/felix/vision_datasets/self-driving-car-v2-split/train/1478021919084651321_jpg.rf.d568d5206cd540c44254986c1632cbbf.jpg,train,mllm_selection,1478021919084651321
driving,1478021668074935419_jpg.rf.d4a56b97af9f4312c897636343e650ad,/home/felix/vision_datasets/self-driving-car-v2-split/train/1478021668074935419_jpg.rf.d4a56b97af9f4312c897636343e650ad.jpg,train,mllm_selection,1478021668074935419
driving,1478732010125276209_jpg.rf.673162b15fec238d6f3b7bf059b0e2e4,/home/felix/vision_datasets/self-driving-car-v2-split/train/1478732010125276209_jpg.rf.673162b15fec238d6f3b7bf059b0e2e4.jpg,train,mllm_selection,1478732010125276209
driving,1478732729846626723_jpg.rf.45fb2e91b26ecd6245ffc712758186ad,/home/felix/vision_datasets/self-driving-car-v2-split/train/1478732729846626723_jpg.rf.45fb2e91b26ecd6245ffc712758186ad.jpg,train,mllm_selection,1478732729846626723
driving,1478732525113871869_jpg.rf.de3b86657f610bce7812dae021f54f3b,/home/felix/vision_datasets/self-driving-car-v2-split/train/1478732525113871869_jpg.rf.de3b86657f610bce7812dae021f54f3b.jpg,train,mllm_selection,1478732525113871869
driving,1478732979312316444_jpg.rf.957b9f2a263b60fba530b690b683cb5f,/home/felix/vision_datasets/self-driving-car-v2-split/train/1478732979312316444_jpg.rf.957b9f2a263b60fba530b690b683cb5f.jpg,train,mllm_selection,1478732979312316444
driving,1478021887082229674_jpg.rf.d87189643abe8e01f514aa23409a9286,/home/felix/vision_datasets/self-driving-car-v2-split/train/1478021887082229674_jpg.rf.d87189643abe8e01f514aa23409a9286.jpg,train,mllm_selection,1478021887082229674
driving,1478732566978330521_jpg.rf.463e6568910639523372e81012817954,/home/felix/vision_datasets/self-driving-car-v2-split/train/1478732566978330521_jpg.rf.463e6568910639523372e81012817954.jpg,train,mllm_selection,1478732566978330521
driving,1478732866337047269_jpg.rf.d335296b93dcac5bfe54884c93797930,/home/felix/vision_datasets/self-driving-car-v2-split/train/1478732866337047269_jpg.rf.d335296b93dcac5bfe54884c93797930.jpg,train,mllm_selection,1478732866337047269
driving,1478021626582995598_jpg.rf.cbe227c38f29eafc523856d78cc2e74b,/home/felix/vision_datasets/self-driving-car-v2-split/train/1478021626582995598_jpg.rf.cbe227c38f29eafc523856d78cc2e74b.jpg,train,mllm_selection,1478021626582995598
driving,1478732511923535248_jpg.rf.2b9c4db07fda4cbed7b4470733dc96f4,/home/felix/vision_datasets/self-driving-car-v2-split/train/1478732511923535248_jpg.rf.2b9c4db07fda4cbed7b4470733dc96f4.jpg,train,mllm_selection,1478732511923535248
driving,1478021651578433472_jpg.rf.61fab624b125631234e8e11e5c9d1e63,/home/felix/vision_datasets/self-driving-car-v2-split/train/1478021651578433472_jpg.rf.61fab624b125631234e8e11e5c9d1e63.jpg,train,mllm_selection,1478021651578433472
driving,1478732107617903437_jpg.rf.e38593fbc17e8fbf4ba1858c86345ac5,/home/felix/vision_datasets/self-driving-car-v2-split/train/1478732107617903437_jpg.rf.e38593fbc17e8fbf4ba1858c86345ac5.jpg,train,mllm_selection,1478732107617903437
driving,1478732257869720641_jpg.rf.7b1f047bad1edddee44d99df08954a85,/home/felix/vision_datasets/self-driving-car-v2-split/train/1478732257869720641_jpg.rf.7b1f047bad1edddee44d99df08954a85.jpg,train,mllm_selection,1478732257869720641
driving,1478732960388689345_jpg.rf.cbfe5b60a139688c6a59bb215dcb5975,/home/felix/vision_datasets/self-driving-car-v2-split/train/1478732960388689345_jpg.rf.cbfe5b60a139688c6a59bb215dcb5975.jpg,train,mllm_selection,1478732960388689345
driving,1478732349053731446_jpg.rf.9b12c6cdd916e4034800686890d21af1,/home/felix/vision_datasets/self-driving-car-v2-split/train/1478732349053731446_jpg.rf.9b12c6cdd916e4034800686890d21af1.jpg,train,mllm_selection,1478732349053731446
driving,1478732864041811713_jpg.rf.4c7bf4c5f169aa34e292e8bf9f436550,/home/felix/vision_datasets/self-driving-car-v2-split/train/1478732864041811713_jpg.rf.4c7bf4c5f169aa34e292e8bf9f436550.jpg,train,mllm_selection,1478732864041811713
driving,1478732796944479792_jpg.rf.8e1570abe6126d6e3ab92dcbdaaf8068,/home/felix/vision_datasets/self-driving-car-v2-split/train/1478732796944479792_jpg.rf.8e1570abe6126d6e3ab92dcbdaaf8068.jpg,train,mllm_selection,1478732796944479792
driving,1478733009133437324_jpg.rf.6b89a53ad913f22622890a22fb13a0e5,/home/felix/vision_datasets/self-driving-car-v2-split/train/1478733009133437324_jpg.rf.6b89a53ad913f22622890a22fb13a0e5.jpg,train,mllm_selection,1478733009133437324
driving,1478732626046686514_jpg.rf.cfb345a2aaaadf7c276f86b7755e72e6,/home/felix/vision_datasets/self-driving-car-v2-split/train/1478732626046686514_jpg.rf.cfb345a2aaaadf7c276f86b7755e72e6.jpg,train,mllm_selection,1478732626046686514
driving,1478021149725443000_jpg.rf.5aeaf432a23f4404c208ee20d929d42b,/home/felix/vision_datasets/self-driving-car-v2-split/train/1478021149725443000_jpg.rf.5aeaf432a23f4404c208ee20d929d42b.jpg,train,mllm_selection,1478021149725443000
driving,1478021852588198607_jpg.rf.30893a035ab7889a046626c02b3cd5df,/home/felix/vision_datasets/self-driving-car-v2-split/train/1478021852588198607_jpg.rf.30893a035ab7889a046626c02b3cd5df.jpg,train,mllm_selection,1478021852588198607
driving,1478732168406906494_jpg.rf.414db41dc5eb4a291e84ef21868db8ba,/home/felix/vision_datasets/self-driving-car-v2-split/train/1478732168406906494_jpg.rf.414db41dc5eb4a291e84ef21868db8ba.jpg,train,mllm_selection,1478732168406906494
driving,1478732166112903425_jpg.rf.2e9e762d9d393190fdf0adb41bb02a9a,/home/felix/vision_datasets/self-driving-car-v2-split/train/1478732166112903425_jpg.rf.2e9e762d9d393190fdf0adb41bb02a9a.jpg,train,mllm_selection,1478732166112903425
driving,1478732100161820605_jpg.rf.935e582faf2b6ed5095645598a4a6b39,/home/felix/vision_datasets/self-driving-car-v2-split/train/1478732100161820605_jpg.rf.935e582faf2b6ed5095645598a4a6b39.jpg,train,mllm_selection,1478732100161820605
driving,1478732154069932560_jpg.rf.9325211229fff08f1c579da486dd3eb6,/home/felix/vision_datasets/self-driving-car-v2-split/train/1478732154069932560_jpg.rf.9325211229fff08f1c579da486dd3eb6.jpg,train,mllm_selection,1478732154069932560
driving,1478731937866792874_jpg.rf.230b3195913f91cf01409d266351e70c,/home/felix/vision_datasets/self-driving-car-v2-split/train/1478731937866792874_jpg.rf.230b3195913f91cf01409d266351e70c.jpg,train,mllm_selection,1478731937866792874
driving,1478732663895984017_jpg.rf.1acff27a628c288582b3cbaf0f742274,/home/felix/vision_datasets/self-driving-car-v2-split/train/1478732663895984017_jpg.rf.1acff27a628c288582b3cbaf0f742274.jpg,train,mllm_selection,1478732663895984017
driving,1478732405828919120_jpg.rf.890f9dd3bfd056dd2bc5dabba3625bc5,/home/felix/vision_datasets/self-driving-car-v2-split/train/1478732405828919120_jpg.rf.890f9dd3bfd056dd2bc5dabba3625bc5.jpg,train,mllm_selection,1478732405828919120
driving,1478021888082529246_jpg.rf.9755e9ed821eba4f621940b8a5ce522a,/home/felix/vision_datasets/self-driving-car-v2-split/train/1478021888082529246_jpg.rf.9755e9ed821eba4f621940b8a5ce522a.jpg,train,mllm_selection,1478021888082529246
driving,1478021663075379371_jpg.rf.5c935bd717fa5c90a85181653f597311,/home/felix/vision_datasets/self-driving-car-v2-split/train/1478021663075379371_jpg.rf.5c935bd717fa5c90a85181653f597311.jpg,train,mllm_selection,1478021663075379371
driving,1478732975297354654_jpg.rf.fe6987ae7f182afc88f5c08ba4055a6a,/home/felix/vision_datasets/self-driving-car-v2-split/train/1478732975297354654_jpg.rf.fe6987ae7f182afc88f5c08ba4055a6a.jpg,train,mllm_selection,1478732975297354654
driving,1478732592785101627_jpg.rf.5996bcf3a442b48f060e9c9c094dc567,/home/felix/vision_datasets/self-driving-car-v2-split/train/1478732592785101627_jpg.rf.5996bcf3a442b48f060e9c9c094dc567.jpg,train,mllm_selection,1478732592785101627
driving,1478732761388024774_jpg.rf.0dc9c2abbf83b31f4d7667027fe4ddc3,/home/felix/vision_datasets/self-driving-car-v2-split/train/1478732761388024774_jpg.rf.0dc9c2abbf83b31f4d7667027fe4ddc3.jpg,train,mllm_selection,1478732761388024774
driving,1478732770564163043_jpg.rf.4f9556c491357556836e4aa7e5ee111e,/home/felix/vision_datasets/self-driving-car-v2-split/train/1478732770564163043_jpg.rf.4f9556c491357556836e4aa7e5ee111e.jpg,train,mllm_selection,1478732770564163043
driving,1478732882393694854_jpg.rf.aeae828c7cecc07340d6f1f328ba15c2,/home/felix/vision_datasets/self-driving-car-v2-split/train/1478732882393694854_jpg.rf.aeae828c7cecc07340d6f1f328ba15c2.jpg,train,mllm_selection,1478732882393694854
driving,1478732696586447888_jpg.rf.0c9e949492fbf66eb21ab7e5ea5d19d3,/home/felix/vision_datasets/self-driving-car-v2-split/train/1478732696586447888_jpg.rf.0c9e949492fbf66eb21ab7e5ea5d19d3.jpg,train,mllm_selection,1478732696586447888
driving,1478732701174052006_jpg.rf.a487a84699b105170da4a01a4889db1e,/home/felix/vision_datasets/self-driving-car-v2-split/train/1478732701174052006_jpg.rf.a487a84699b105170da4a01a4889db1e.jpg,train,mllm_selection,1478732701174052006
driving,1478022255100692396_jpg.rf.f2dab2664b91c1fb74893d365cdd69a5,/home/felix/vision_datasets/self-driving-car-v2-split/train/1478022255100692396_jpg.rf.f2dab2664b91c1fb74893d365cdd69a5.jpg,train,mllm_selection,1478022255100692396
driving,1478021892088048085_jpg.rf.6429035902c279d60d0cb4f1cc17ffab,/home/felix/vision_datasets/self-driving-car-v2-split/train/1478021892088048085_jpg.rf.6429035902c279d60d0cb4f1cc17ffab.jpg,train,mllm_selection,1478021892088048085
driving,1478732765976719647_jpg.rf.f242e23f780261d97765a90d2a6ad96f,/home/felix/vision_datasets/self-driving-car-v2-split/train/1478732765976719647_jpg.rf.f242e23f780261d97765a90d2a6ad96f.jpg,train,mllm_selection,1478732765976719647
driving,1478732795797101812_jpg.rf.b4d34a621191936fd9ea2aa0c15d73af,/home/felix/vision_datasets/self-driving-car-v2-split/train/1478732795797101812_jpg.rf.b4d34a621191936fd9ea2aa0c15d73af.jpg,train,mllm_selection,1478732795797101812
driving,1478732624325951686_jpg.rf.4314415cf5fc1f23949f4addf9fc5058,/home/felix/vision_datasets/self-driving-car-v2-split/train/1478732624325951686_jpg.rf.4314415cf5fc1f23949f4addf9fc5058.jpg,train,mllm_selection,1478732624325951686
driving,1478021858079954615_jpg.rf.eb7bc571f99441d0d41a705990737883,/home/felix/vision_datasets/self-driving-car-v2-split/train/1478021858079954615_jpg.rf.eb7bc571f99441d0d41a705990737883.jpg,train,mllm_selection,1478021858079954615
driving,1478021659576435894_jpg.rf.191f45e824bc0665bac27d5fd36305a5,/home/felix/vision_datasets/self-driving-car-v2-split/train/1478021659576435894_jpg.rf.191f45e824bc0665bac27d5fd36305a5.jpg,train,mllm_selection,1478021659576435894
driving,1478732043387329498_jpg.rf.c2ce24a9d62f0de1215f30cdfec9a5c6,/home/felix/vision_datasets/self-driving-car-v2-split/train/1478732043387329498_jpg.rf.c2ce24a9d62f0de1215f30cdfec9a5c6.jpg,train,mllm_selection,1478732043387329498
driving,1478732134570955261_jpg.rf.b7185b6fdfec8ef6d1f440bef3c62d2f,/home/felix/vision_datasets/self-driving-car-v2-split/train/1478732134570955261_jpg.rf.b7185b6fdfec8ef6d1f440bef3c62d2f.jpg,train,mllm_selection,1478732134570955261
driving,1478732285970833160_jpg.rf.530b18e510c21317c3687cd6bda1c89b,/home/felix/vision_datasets/self-driving-car-v2-split/train/1478732285970833160_jpg.rf.530b18e510c21317c3687cd6bda1c89b.jpg,train,mllm_selection,1478732285970833160
driving,1478732167259721087_jpg.rf.c7a51047b959a339bc99ea0150c31f3d,/home/felix/vision_datasets/self-driving-car-v2-split/train/1478732167259721087_jpg.rf.c7a51047b959a339bc99ea0150c31f3d.jpg,train,mllm_selection,1478732167259721087
driving,1478732623753590302_jpg.rf.40635756d4bf6e61e71a2bc610289d52,/home/felix/vision_datasets/self-driving-car-v2-split/train/1478732623753590302_jpg.rf.40635756d4bf6e61e71a2bc610289d52.jpg,train,mllm_selection,1478732623753590302
driving,1478021935590284075_jpg.rf.69522e294bf6a143b4272692f6ed5837,/home/felix/vision_datasets/self-driving-car-v2-split/train/1478021935590284075_jpg.rf.69522e294bf6a143b4272692f6ed5837.jpg,train,mllm_selection,1478021935590284075
driving,1478732571566312422_jpg.rf.548da0017ea95b4a362dc58521a97658,/home/felix/vision_datasets/self-driving-car-v2-split/train/1478732571566312422_jpg.rf.548da0017ea95b4a362dc58521a97658.jpg,train,mllm_selection,1478732571566312422
driving,1478732954652069815_jpg.rf.73e38d8b45eb69e1277de7b0dbc1239b,/home/felix/vision_datasets/self-driving-car-v2-split/train/1478732954652069815_jpg.rf.73e38d8b45eb69e1277de7b0dbc1239b.jpg,train,mllm_selection,1478732954652069815
driving,1478732610562564667_jpg.rf.7d6d2c29a39f1a7084d8d41b3d16c185,/home/felix/vision_datasets/self-driving-car-v2-split/train/1478732610562564667_jpg.rf.7d6d2c29a39f1a7084d8d41b3d16c185.jpg,train,mllm_selection,1478732610562564667
driving,1478021854080438284_jpg.rf.388d011a850521f1450217f44ffcd9a7,/home/felix/vision_datasets/self-driving-car-v2-split/train/1478021854080438284_jpg.rf.388d011a850521f1450217f44ffcd9a7.jpg,train,mllm_selection,1478021854080438284
driving,1478731961379707082_jpg.rf.89ad1c6da89158424b6372a8a6efb9b6,/home/felix/vision_datasets/self-driving-car-v2-split/train/1478731961379707082_jpg.rf.89ad1c6da89158424b6372a8a6efb9b6.jpg,train,mllm_selection,1478731961379707082
driving,1478732304321862973_jpg.rf.b35bd3f077958d2df04d774afb4ac4ef,/home/felix/vision_datasets/self-driving-car-v2-split/train/1478732304321862973_jpg.rf.b35bd3f077958d2df04d774afb4ac4ef.jpg,train,mllm_selection,1478732304321862973
driving,1478021164225183950_jpg.rf.ce8e617de8397d12ab6b5e07a9627433,/home/felix/vision_datasets/self-driving-car-v2-split/train/1478021164225183950_jpg.rf.ce8e617de8397d12ab6b5e07a9627433.jpg,train,mllm_selection,1478021164225183950
driving,1478732932859807891_jpg.rf.06d22a687192570e75f8841497cce1db,/home/felix/vision_datasets/self-driving-car-v2-split/train/1478732932859807891_jpg.rf.06d22a687192570e75f8841497cce1db.jpg,train,mllm_selection,1478732932859807891
driving,1478021649077631390_jpg.rf.75bb6656830dc173f3de25d5ef7bbbec,/home/felix/vision_datasets/self-driving-car-v2-split/train/1478021649077631390_jpg.rf.75bb6656830dc173f3de25d5ef7bbbec.jpg,train,mllm_selection,1478021649077631390
driving,1478732047975133618_jpg.rf.cf52dc77a08711aeb6fcfac798f993d4,/home/felix/vision_datasets/self-driving-car-v2-split/train/1478732047975133618_jpg.rf.cf52dc77a08711aeb6fcfac798f993d4.jpg,train,mllm_selection,1478732047975133618
driving,1478019957687018435_jpg.rf.a4e949d463c3bbda09538c76adc137f1,/home/felix/vision_datasets/self-driving-car-v2-split/train/1478019957687018435_jpg.rf.a4e949d463c3bbda09538c76adc137f1.jpg,train,mllm_selection,1478019957687018435
driving,1478732927699383292_jpg.rf.ed679d8aff43208da09db5b68b5d04bd,/home/felix/vision_datasets/self-driving-car-v2-split/train/1478732927699383292_jpg.rf.ed679d8aff43208da09db5b68b5d04bd.jpg,train,mllm_selection,1478732927699383292
driving,1478732129982600762_jpg.rf.6959cafd899d4dec007be56082425131,/home/felix/vision_datasets/self-driving-car-v2-split/train/1478732129982600762_jpg.rf.6959cafd899d4dec007be56082425131.jpg,train,mllm_selection,1478732129982600762
driving,1478731952776377798_jpg.rf.43f4461331df51db93cddf2f642e55c1,/home/felix/vision_datasets/self-driving-car-v2-split/train/1478731952776377798_jpg.rf.43f4461331df51db93cddf2f642e55c1.jpg,train,mllm_selection,1478731952776377798
driving,1478732913362468898_jpg.rf.b49af452cb884c62d7a1ef3bebe71a40,/home/felix/vision_datasets/self-driving-car-v2-split/train/1478732913362468898_jpg.rf.b49af452cb884c62d7a1ef3bebe71a40.jpg,train,mllm_selection,1478732913362468898
driving,1478732104176509026_jpg.rf.5d89a8b08c951565fad25a9161d7b8d0,/home/felix/vision_datasets/self-driving-car-v2-split/train/1478732104176509026_jpg.rf.5d89a8b08c951565fad25a9161d7b8d0.jpg,train,mllm_selection,1478732104176509026
driving,1478732788915382648_jpg.rf.9ab0c7caab8f7f6ab91075977bfe7338,/home/felix/vision_datasets/self-driving-car-v2-split/train/1478732788915382648_jpg.rf.9ab0c7caab8f7f6ab91075977bfe7338.jpg,train,mllm_selection,1478732788915382648
driving,1478021600076624852_jpg.rf.763d4b8cceb4bb933736a85c68f4c3dd,/home/felix/vision_datasets/self-driving-car-v2-split/train/1478021600076624852_jpg.rf.763d4b8cceb4bb933736a85c68f4c3dd.jpg,train,mllm_selection,1478021600076624852
driving,1478731915500143640_jpg.rf.9630dac59c58f72047f686e3c5390946,/home/felix/vision_datasets/self-driving-car-v2-split/train/1478731915500143640_jpg.rf.9630dac59c58f72047f686e3c5390946.jpg,train,mllm_selection,1478731915500143640
driving,1478732588197438692_jpg.rf.59e7734ee6fb0c4ed40fad810c2b649d,/home/felix/vision_datasets/self-driving-car-v2-split/train/1478732588197438692_jpg.rf.59e7734ee6fb0c4ed40fad810c2b649d.jpg,train,mllm_selection,1478732588197438692
driving,1478732501028983348_jpg.rf.4101b586dd6e3c5f726a2f9da4b1b1bf,/home/felix/vision_datasets/self-driving-car-v2-split/train/1478732501028983348_jpg.rf.4101b586dd6e3c5f726a2f9da4b1b1bf.jpg,train,mllm_selection,1478732501028983348
driving,1478732711495161908_jpg.rf.5fda0bb1d45da8ffd584537c1bcd38b8,/home/felix/vision_datasets/self-driving-car-v2-split/train/1478732711495161908_jpg.rf.5fda0bb1d45da8ffd584537c1bcd38b8.jpg,train,mllm_selection,1478732711495161908
driving,1478732569845259190_jpg.rf.3bc206b8b713fc7169e1c755655f24c6,/home/felix/vision_datasets/self-driving-car-v2-split/train/1478732569845259190_jpg.rf.3bc206b8b713fc7169e1c755655f24c6.jpg,train,mllm_selection,1478732569845259190
driving,1478731935574102796_jpg.rf.d51b7d7866e59044ce1c49d2084a9d00,/home/felix/vision_datasets/self-driving-car-v2-split/train/1478731935574102796_jpg.rf.d51b7d7866e59044ce1c49d2084a9d00.jpg,train,mllm_selection,1478731935574102796
driving,1478731982023883416_jpg.rf.ffb9dede7a23b7511a9bf7f4ee0fa130,/home/felix/vision_datasets/self-driving-car-v2-split/train/1478731982023883416_jpg.rf.ffb9dede7a23b7511a9bf7f4ee0fa130.jpg,train,mllm_selection,1478731982023883416
driving,1478732147762942715_jpg.rf.659ae9fd775acdf4c2af5162eec5f9d0,/home/felix/vision_datasets/self-driving-car-v2-split/train/1478732147762942715_jpg.rf.659ae9fd775acdf4c2af5162eec5f9d0.jpg,train,mllm_selection,1478732147762942715
driving,1478732186758922659_jpg.rf.976dc199f3b20ee4cd97cf4051ac1b87,/home/felix/vision_datasets/self-driving-car-v2-split/train/1478732186758922659_jpg.rf.976dc199f3b20ee4cd97cf4051ac1b87.jpg,train,mllm_selection,1478732186758922659
driving,1478021918584886453_jpg.rf.31d16dca87044b926384c33ae9930409,/home/felix/vision_datasets/self-driving-car-v2-split/train/1478021918584886453_jpg.rf.31d16dca87044b926384c33ae9930409.jpg,train,mllm_selection,1478021918584886453
driving,1478731931557128201_jpg.rf.7e961436c0fd2d26715af2503f3ceec2,/home/felix/vision_datasets/self-driving-car-v2-split/train/1478731931557128201_jpg.rf.7e961436c0fd2d26715af2503f3ceec2.jpg,train,mllm_selection,1478731931557128201
driving,1478732723538165885_jpg.rf.4bf0a616ee70da08696deda2e55b1f9a,/home/felix/vision_datasets/self-driving-car-v2-split/train/1478732723538165885_jpg.rf.4bf0a616ee70da08696deda2e55b1f9a.jpg,train,mllm_selection,1478732723538165885
driving,1478732628342734720_jpg.rf.6098ab385f214c3d1bbb9d59219f3682,/home/felix/vision_datasets/self-driving-car-v2-split/train/1478732628342734720_jpg.rf.6098ab385f214c3d1bbb9d59219f3682.jpg,train,mllm_selection,1478732628342734720
driving,1478732687410043476_jpg.rf.c52247c1851b9be7efa112bc9c523fa0,/home/felix/vision_datasets/self-driving-car-v2-split/train/1478732687410043476_jpg.rf.c52247c1851b9be7efa112bc9c523fa0.jpg,train,mllm_selection,1478732687410043476
driving,1478732370272802963_jpg.rf.81d49d7f196ab8f6f63da1fd4d7c28b3,/home/felix/vision_datasets/self-driving-car-v2-split/train/1478732370272802963_jpg.rf.81d49d7f196ab8f6f63da1fd4d7c28b3.jpg,train,mllm_selection,1478732370272802963
driving,1478732901319670094_jpg.rf.28c8d98054486729ce76cb8326e16477,/home/felix/vision_datasets/self-driving-car-v2-split/train/1478732901319670094_jpg.rf.28c8d98054486729ce76cb8326e16477.jpg,train,mllm_selection,1478732901319670094
driving,1478732337011343842_jpg.rf.0deeb75708f6417211008dcc4b87c92c,/home/felix/vision_datasets/self-driving-car-v2-split/train/1478732337011343842_jpg.rf.0deeb75708f6417211008dcc4b87c92c.jpg,train,mllm_selection,1478732337011343842
driving,1478732263605199120_jpg.rf.cb7e147e75e4f81e584759638ab58d01,/home/felix/vision_datasets/self-driving-car-v2-split/train/1478732263605199120_jpg.rf.cb7e147e75e4f81e584759638ab58d01.jpg,train,mllm_selection,1478732263605199120
driving,1478732259016634916_jpg.rf.7f0e0d3954fdbe1588e8c74828657c2a,/home/felix/vision_datasets/self-driving-car-v2-split/train/1478732259016634916_jpg.rf.7f0e0d3954fdbe1588e8c74828657c2a.jpg,train,mllm_selection,1478732259016634916
driving,1478732241238234430_jpg.rf.cf51d6955b24042f2992c6963f65289a,/home/felix/vision_datasets/self-driving-car-v2-split/train/1478732241238234430_jpg.rf.cf51d6955b24042f2992c6963f65289a.jpg,train,mllm_selection,1478732241238234430
driving,1478732513071153506_jpg.rf.7365ace20eb1ec56906b48d257471f40,/home/felix/vision_datasets/self-driving-car-v2-split/train/1478732513071153506_jpg.rf.7365ace20eb1ec56906b48d257471f40.jpg,train,mllm_selection,1478732513071153506
driving,1478019965682301515_jpg.rf.762b92626bedc71f6e09a23426518690,/home/felix/vision_datasets/self-driving-car-v2-split/train/1478019965682301515_jpg.rf.762b92626bedc71f6e09a23426518690.jpg,train,mllm_selection,1478019965682301515
driving,1478021632077737172_jpg.rf.262b27a695059cb9c6251f1659adb740,/home/felix/vision_datasets/self-driving-car-v2-split/train/1478021632077737172_jpg.rf.262b27a695059cb9c6251f1659adb740.jpg,train,mllm_selection,1478021632077737172
driving,1478732895584199014_jpg.rf.e15aa294e6e8ced30139cd2d33171c9c,/home/felix/vision_datasets/self-driving-car-v2-split/train/1478732895584199014_jpg.rf.e15aa294e6e8ced30139cd2d33171c9c.jpg,train,mllm_selection,1478732895584199014
driving,1478732698305678917_jpg.rf.30f7cc612f2b183946eaacd05484279c,/home/felix/vision_datasets/self-driving-car-v2-split/train/1478732698305678917_jpg.rf.30f7cc612f2b183946eaacd05484279c.jpg,train,mllm_selection,1478732698305678917
driving,1478732513643751707_jpg.rf.68b50e95c5539cd103690f033a810da4,/home/felix/vision_datasets/self-driving-car-v2-split/train/1478732513643751707_jpg.rf.68b50e95c5539cd103690f033a810da4.jpg,train,mllm_selection,1478732513643751707
driving,1478732622032099514_jpg.rf.39c44ff5a93bc79540a13e129ae39c35,/home/felix/vision_datasets/self-driving-car-v2-split/train/1478732622032099514_jpg.rf.39c44ff5a93bc79540a13e129ae39c35.jpg,train,mllm_selection,1478732622032099514
driving,1478732986767413455_jpg.rf.522d0ec37429b2cb5cf558e26cc3755b,/home/felix/vision_datasets/self-driving-car-v2-split/train/1478732986767413455_jpg.rf.522d0ec37429b2cb5cf558e26cc3755b.jpg,train,mllm_selection,1478732986767413455
driving,1478021601576498250_jpg.rf.b4a48e20aaa1647cfd9a2bf033535b59,/home/felix/vision_datasets/self-driving-car-v2-split/train/1478021601576498250_jpg.rf.b4a48e20aaa1647cfd9a2bf033535b59.jpg,train,mllm_selection,1478021601576498250
driving,1478732257296103152_jpg.rf.0d6518d4d3c80234aa28ada42885f189,/home/felix/vision_datasets/self-driving-car-v2-split/train/1478732257296103152_jpg.rf.0d6518d4d3c80234aa28ada42885f189.jpg,train,mllm_selection,1478732257296103152
driving,1478732914508107439_jpg.rf.55f206493c19adb9fc73c528b81a2d9c,/home/felix/vision_datasets/self-driving-car-v2-split/train/1478732914508107439_jpg.rf.55f206493c19adb9fc73c528b81a2d9c.jpg,train,mllm_selection,1478732914508107439
driving,1478732121381158415_jpg.rf.0eed274a8471cd241a6df368c430c7a9,/home/felix/vision_datasets/self-driving-car-v2-split/train/1478732121381158415_jpg.rf.0eed274a8471cd241a6df368c430c7a9.jpg,train,mllm_selection,1478732121381158415
driving,1478021857586940196_jpg.rf.33af9e8935088076db2a1126280de7dc,/home/felix/vision_datasets/self-driving-car-v2-split/train/1478021857586940196_jpg.rf.33af9e8935088076db2a1126280de7dc.jpg,train,mllm_selection,1478021857586940196
driving,1478732851999570885_jpg.rf.ac756738005ae202c44d7d1d422c430b,/home/felix/vision_datasets/self-driving-car-v2-split/train/1478732851999570885_jpg.rf.ac756738005ae202c44d7d1d422c430b.jpg,train,mllm_selection,1478732851999570885
driving,1478021665075322743_jpg.rf.4a7a9c0cdf1a65149878e2a248b7f677,/home/felix/vision_datasets/self-driving-car-v2-split/train/1478021665075322743_jpg.rf.4a7a9c0cdf1a65149878e2a248b7f677.jpg,train,mllm_selection,1478021665075322743
driving,1478732058871087595_jpg.rf.2164f2ad424dfd4f4fc6ad3f91986264,/home/felix/vision_datasets/self-driving-car-v2-split/train/1478732058871087595_jpg.rf.2164f2ad424dfd4f4fc6ad3f91986264.jpg,train,mllm_selection,1478732058871087595
driving,1478731956792476740_jpg.rf.e501ba0b742235668bc9a07d956637b6,/home/felix/vision_datasets/self-driving-car-v2-split/train/1478731956792476740_jpg.rf.e501ba0b742235668bc9a07d956637b6.jpg,train,mllm_selection,1478731956792476740
driving,1478732437372138273_jpg.rf.d56ab7884b381810dd94050241461855,/home/felix/vision_datasets/self-driving-car-v2-split/train/1478732437372138273_jpg.rf.d56ab7884b381810dd94050241461855.jpg,train,mllm_selection,1478732437372138273
driving,1478732211990876247_jpg.rf.1683c9b10017161a74297308eddf09d4,/home/felix/vision_datasets/self-driving-car-v2-split/train/1478732211990876247_jpg.rf.1683c9b10017161a74297308eddf09d4.jpg,train,mllm_selection,1478732211990876247
driving,1478021926084240764_jpg.rf.5ae505213762143fb7e90e7ca6f2ffd4,/home/felix/vision_datasets/self-driving-car-v2-split/train/1478021926084240764_jpg.rf.5ae505213762143fb7e90e7ca6f2ffd4.jpg,train,mllm_selection,1478021926084240764
driving,1478732045107922321_jpg.rf.a3559016ced0034a867b2371f49eac52,/home/felix/vision_datasets/self-driving-car-v2-split/train/1478732045107922321_jpg.rf.a3559016ced0034a867b2371f49eac52.jpg,train,mllm_selection,1478732045107922321
driving,1478732306042291692_jpg.rf.1fb460fdc9683469d09aa7253a9f2882,/home/felix/vision_datasets/self-driving-car-v2-split/train/1478732306042291692_jpg.rf.1fb460fdc9683469d09aa7253a9f2882.jpg,train,mllm_selection,1478732306042291692
driving,1478732860027335529_jpg.rf.ae2a96aa656a57df9c9e8d70a24cce1b,/home/felix/vision_datasets/self-driving-car-v2-split/train/1478732860027335529_jpg.rf.ae2a96aa656a57df9c9e8d70a24cce1b.jpg,train,mllm_selection,1478732860027335529
driving,1478732811856268654_jpg.rf.6eb95555cc2a50722d91ac2e9ee67353,/home/felix/vision_datasets/self-driving-car-v2-split/train/1478732811856268654_jpg.rf.6eb95555cc2a50722d91ac2e9ee67353.jpg,train,mllm_selection,1478732811856268654
driving,1478732378874855526_jpg.rf.94ea9ffb873d909f8debc459589540f1,/home/felix/vision_datasets/self-driving-car-v2-split/train/1478732378874855526_jpg.rf.94ea9ffb873d909f8debc459589540f1.jpg,train,mllm_selection,1478732378874855526
driving,1478021136720786416_jpg.rf.80639112e76813fce4d4f1bb9fb2f5bc,/home/felix/vision_datasets/self-driving-car-v2-split/train/1478021136720786416_jpg.rf.80639112e76813fce4d4f1bb9fb2f5bc.jpg,train,mllm_selection,1478021136720786416
driving,1478732407549234628_jpg.rf.04e288032eb87dd1004abae197a5ea7a,/home/felix/vision_datasets/self-driving-car-v2-split/train/1478732407549234628_jpg.rf.04e288032eb87dd1004abae197a5ea7a.jpg,train,mllm_selection,1478732407549234628
driving,1478732760243606166_jpg.rf.0c7ed07ceb8ec5e603dc2224308944a9,/home/felix/vision_datasets/self-driving-car-v2-split/train/1478732760243606166_jpg.rf.0c7ed07ceb8ec5e603dc2224308944a9.jpg,train,mllm_selection,1478732760243606166
driving,1478021593581158944_jpg.rf.e601d64f3ec3ab4f447edd9145734fe9,/home/felix/vision_datasets/self-driving-car-v2-split/train/1478021593581158944_jpg.rf.e601d64f3ec3ab4f447edd9145734fe9.jpg,train,mllm_selection,1478021593581158944
driving,1478732689702934747_jpg.rf.43a6596d34f82a16e8f012ef76d60b9d,/home/felix/vision_datasets/self-driving-car-v2-split/train/1478732689702934747_jpg.rf.43a6596d34f82a16e8f012ef76d60b9d.jpg,train,mllm_selection,1478732689702934747
driving,1478022262093656256_jpg.rf.571e833fcf03bc226108357d01b24bc8,/home/felix/vision_datasets/self-driving-car-v2-split/train/1478022262093656256_jpg.rf.571e833fcf03bc226108357d01b24bc8.jpg,train,mllm_selection,1478022262093656256
driving,1478021609075749308_jpg.rf.dfcad9122aeeb3353d2627e24e042160,/home/felix/vision_datasets/self-driving-car-v2-split/train/1478021609075749308_jpg.rf.dfcad9122aeeb3353d2627e24e042160.jpg,train,mllm_selection,1478021609075749308
driving,1478732317513619934_jpg.rf.d01600e10f4eb82e88fe2e6f8f1f8ed4,/home/felix/vision_datasets/self-driving-car-v2-split/train/1478732317513619934_jpg.rf.d01600e10f4eb82e88fe2e6f8f1f8ed4.jpg,train,mllm_selection,1478732317513619934
driving,1478732077222385142_jpg.rf.233d6db1d2ba9b5bdb02f6882ce1b2ae,/home/felix/vision_datasets/self-driving-car-v2-split/train/1478732077222385142_jpg.rf.233d6db1d2ba9b5bdb02f6882ce1b2ae.jpg,train,mllm_selection,1478732077222385142
driving,1478021912090247953_jpg.rf.c1115cc642abbe804e671fba439f8ecf,/home/felix/vision_datasets/self-driving-car-v2-split/train/1478021912090247953_jpg.rf.c1115cc642abbe804e671fba439f8ecf.jpg,train,mllm_selection,1478021912090247953
driving,1478732448840019875_jpg.rf.67e1af7c362f0c1bae9fe02c651e4288,/home/felix/vision_datasets/self-driving-car-v2-split/train/1478732448840019875_jpg.rf.67e1af7c362f0c1bae9fe02c651e4288.jpg,train,mllm_selection,1478732448840019875
driving,1478021884582292009_jpg.rf.d78f0b17366024327458e4c92950cbef,/home/felix/vision_datasets/self-driving-car-v2-split/train/1478021884582292009_jpg.rf.d78f0b17366024327458e4c92950cbef.jpg,train,mllm_selection,1478021884582292009
driving,1478019964687995430_jpg.rf.84582a0b8ca52e844106822430eb0104,/home/felix/vision_datasets/self-driving-car-v2-split/train/1478019964687995430_jpg.rf.84582a0b8ca52e844106822430eb0104.jpg,train,mllm_selection,1478019964687995430
driving,1478732068620144930_jpg.rf.3fd85df1081fcd84aacb9e852db93a97,/home/felix/vision_datasets/self-driving-car-v2-split/train/1478732068620144930_jpg.rf.3fd85df1081fcd84aacb9e852db93a97.jpg,train,mllm_selection,1478732068620144930
driving,1478733017161884754_jpg.rf.132cde97b9ccacc92e40b3a600c62acd,/home/felix/vision_datasets/self-driving-car-v2-split/train/1478733017161884754_jpg.rf.132cde97b9ccacc92e40b3a600c62acd.jpg,train,mllm_selection,1478733017161884754
driving,1478732308336740814_jpg.rf.17fdc8eee9821ca46f501f701417ec73,/home/felix/vision_datasets/self-driving-car-v2-split/train/1478732308336740814_jpg.rf.17fdc8eee9821ca46f501f701417ec73.jpg,train,mllm_selection,1478732308336740814
driving,1478732531995515497_jpg.rf.4f17bf856261976fce6f196a1b93430e,/home/felix/vision_datasets/self-driving-car-v2-split/train/1478732531995515497_jpg.rf.4f17bf856261976fce6f196a1b93430e.jpg,train,mllm_selection,1478732531995515497
driving,1478732015861064342_jpg.rf.c2f23058f4386d45727e2bf1f0c0fc5d,/home/felix/vision_datasets/self-driving-car-v2-split/train/1478732015861064342_jpg.rf.c2f23058f4386d45727e2bf1f0c0fc5d.jpg,train,mllm_selection,1478732015861064342
driving,1478022267101578643_jpg.rf.bc15aa66c9feabe32aecea1bc98bfc44,/home/felix/vision_datasets/self-driving-car-v2-split/train/1478022267101578643_jpg.rf.bc15aa66c9feabe32aecea1bc98bfc44.jpg,train,mllm_selection,1478022267101578643
driving,1478021674577388156_jpg.rf.e84b4a27fa3bf52bf82baa77f869cb7d,/home/felix/vision_datasets/self-driving-car-v2-split/train/1478021674577388156_jpg.rf.e84b4a27fa3bf52bf82baa77f869cb7d.jpg,train,mllm_selection,1478021674577388156
driving,1478732655293867150_jpg.rf.e11c4b1f1ead3876bab61732dd597050,/home/felix/vision_datasets/self-driving-car-v2-split/train/1478732655293867150_jpg.rf.e11c4b1f1ead3876bab61732dd597050.jpg,train,mllm_selection,1478732655293867150
driving,1478732994795959917_jpg.rf.71a602033aadf014605a28be159af993,/home/felix/vision_datasets/self-driving-car-v2-split/train/1478732994795959917_jpg.rf.71a602033aadf014605a28be159af993.jpg,train,mllm_selection,1478732994795959917
driving,1478021141723741790_jpg.rf.b94b6acd827b41e13e3255e63f98f3e7,/home/felix/vision_datasets/self-driving-car-v2-split/train/1478021141723741790_jpg.rf.b94b6acd827b41e13e3255e63f98f3e7.jpg,train,mllm_selection,1478021141723741790
driving,1478731926397700488_jpg.rf.d7de2e52892388c69f46ec2f61edd4e2,/home/felix/vision_datasets/self-driving-car-v2-split/train/1478731926397700488_jpg.rf.d7de2e52892388c69f46ec2f61edd4e2.jpg,train,mllm_selection,1478731926397700488
driving,1478732981032344637_jpg.rf.5a4558efac65db7f1f3f0d4c52147fdb,/home/felix/vision_datasets/self-driving-car-v2-split/train/1478732981032344637_jpg.rf.5a4558efac65db7f1f3f0d4c52147fdb.jpg,train,mllm_selection,1478732981032344637
driving,1478732181596582310_jpg.rf.bf39c4ee8148b818eb49525af35e1449,/home/felix/vision_datasets/self-driving-car-v2-split/train/1478732181596582310_jpg.rf.bf39c4ee8148b818eb49525af35e1449.jpg,train,mllm_selection,1478732181596582310
driving,1478732382890080250_jpg.rf.1f0f76d8b53c7d2792920d604af335a2,/home/felix/vision_datasets/self-driving-car-v2-split/train/1478732382890080250_jpg.rf.1f0f76d8b53c7d2792920d604af335a2.jpg,train,mllm_selection,1478732382890080250
driving,1478021917092650324_jpg.rf.090f77a97b6adb564f630c634b47e929,/home/felix/vision_datasets/self-driving-car-v2-split/train/1478021917092650324_jpg.rf.090f77a97b6adb564f630c634b47e929.jpg,train,mllm_selection,1478021917092650324
driving,1478732861174725016_jpg.rf.0f6e2f838759d42621fb2b488f88dae3,/home/felix/vision_datasets/self-driving-car-v2-split/train/1478732861174725016_jpg.rf.0f6e2f838759d42621fb2b488f88dae3.jpg,train,mllm_selection,1478732861174725016
driving,1478731946468466964_jpg.rf.08977ed5c42074a8a857c5c8120537d1,/home/felix/vision_datasets/self-driving-car-v2-split/train/1478731946468466964_jpg.rf.08977ed5c42074a8a857c5c8120537d1.jpg,train,mllm_selection,1478731946468466964
driving,1478019953180167674_jpg.rf.1f70b6e7d6dd087262c91a2bfa668400,/home/felix/vision_datasets/self-driving-car-v2-split/train/1478019953180167674_jpg.rf.1f70b6e7d6dd087262c91a2bfa668400.jpg,train,mllm_selection,1478019953180167674
driving,1478021929092031476_jpg.rf.ad2a34dccfa25b5da018df3cd01bcde2,/home/felix/vision_datasets/self-driving-car-v2-split/train/1478021929092031476_jpg.rf.ad2a34dccfa25b5da018df3cd01bcde2.jpg,train,mllm_selection,1478021929092031476
driving,1478732623179617370_jpg.rf.f3c60ae98ad8f6310ec7ff243236d470,/home/felix/vision_datasets/self-driving-car-v2-split/train/1478732623179617370_jpg.rf.f3c60ae98ad8f6310ec7ff243236d470.jpg,train,mllm_selection,1478732623179617370
driving,1478732029624383180_jpg.rf.b129b28d51b150f20620addcf95da9e3,/home/felix/vision_datasets/self-driving-car-v2-split/train/1478732029624383180_jpg.rf.b129b28d51b150f20620addcf95da9e3.jpg,train,mllm_selection,1478732029624383180
driving,1478732248120865890_jpg.rf.f01982815b5ff1e3af47ff3fc5fd7fb9,/home/felix/vision_datasets/self-driving-car-v2-split/train/1478732248120865890_jpg.rf.f01982815b5ff1e3af47ff3fc5fd7fb9.jpg,train,mllm_selection,1478732248120865890
driving,1478732494145380576_jpg.rf.bd63fc4513792fd2483bff6254e76253,/home/felix/vision_datasets/self-driving-car-v2-split/train/1478732494145380576_jpg.rf.bd63fc4513792fd2483bff6254e76253.jpg,train,mllm_selection,1478732494145380576
driving,1478732804973551360_jpg.rf.eaf4373b80b8a792cd08fbd54bd8ebd9,/home/felix/vision_datasets/self-driving-car-v2-split/train/1478732804973551360_jpg.rf.eaf4373b80b8a792cd08fbd54bd8ebd9.jpg,train,mllm_selection,1478732804973551360
driving,1478732846263714519_jpg.rf.d6d6cca1c72db53a910bdf5525688b38,/home/felix/vision_datasets/self-driving-car-v2-split/train/1478732846263714519_jpg.rf.d6d6cca1c72db53a910bdf5525688b38.jpg,train,mllm_selection,1478732846263714519
driving,1478732351921407145_jpg.rf.2be6fad9e2568e9e87563f93edeff5b3,/home/felix/vision_datasets/self-driving-car-v2-split/train/1478732351921407145_jpg.rf.2be6fad9e2568e9e87563f93edeff5b3.jpg,train,mllm_selection,1478732351921407145
driving,1478733024046205613_jpg.rf.4505522cbff344904e62837713b2f836,/home/felix/vision_datasets/self-driving-car-v2-split/train/1478733024046205613_jpg.rf.4505522cbff344904e62837713b2f836.jpg,train,mllm_selection,1478733024046205613
driving,1478021931086484359_jpg.rf.94088791161868acc8a0f8176107c1da,/home/felix/vision_datasets/self-driving-car-v2-split/train/1478021931086484359_jpg.rf.94088791161868acc8a0f8176107c1da.jpg,train,mllm_selection,1478021931086484359
driving,1478732596799633424_jpg.rf.8239ee9f2c90258680b7fd1af06c941d,/home/felix/vision_datasets/self-driving-car-v2-split/train/1478732596799633424_jpg.rf.8239ee9f2c90258680b7fd1af06c941d.jpg,train,mllm_selection,1478732596799633424
driving,1478021914584670438_jpg.rf.0cb7985bd9e4406b8f63806ee902e98d,/home/felix/vision_datasets/self-driving-car-v2-split/train/1478021914584670438_jpg.rf.0cb7985bd9e4406b8f63806ee902e98d.jpg,train,mllm_selection,1478021914584670438
driving,1478731975716619965_jpg.rf.cf3324c7cc33d9f150ef4fe273f8fab3,/home/felix/vision_datasets/self-driving-car-v2-split/train/1478731975716619965_jpg.rf.cf3324c7cc33d9f150ef4fe273f8fab3.jpg,train,mllm_selection,1478731975716619965
driving,1478021883589150865_jpg.rf.9f233dbdc5f55310984de6acd13d73cf,/home/felix/vision_datasets/self-driving-car-v2-split/train/1478021883589150865_jpg.rf.9f233dbdc5f55310984de6acd13d73cf.jpg,train,mllm_selection,1478021883589150865
driving,1478732262458168846_jpg.rf.1161e2ef8a484c95b68d54446573e042,/home/felix/vision_datasets/self-driving-car-v2-split/train/1478732262458168846_jpg.rf.1161e2ef8a484c95b68d54446573e042.jpg,train,mllm_selection,1478732262458168846
driving,1478732229196315515_jpg.rf.734b55974324135f02ea5129f4d08f5e,/home/felix/vision_datasets/self-driving-car-v2-split/train/1478732229196315515_jpg.rf.734b55974324135f02ea5129f4d08f5e.jpg,train,mllm_selection,1478732229196315515
driving,1478021615576337930_jpg.rf.a94449e01067dbd948f83383681e7139,/home/felix/vision_datasets/self-driving-car-v2-split/train/1478021615576337930_jpg.rf.a94449e01067dbd948f83383681e7139.jpg,train,mllm_selection,1478021615576337930
driving,1478021158724823705_jpg.rf.7151fd16d83a9b68e9f3123db5271964,/home/felix/vision_datasets/self-driving-car-v2-split/train/1478021158724823705_jpg.rf.7151fd16d83a9b68e9f3123db5271964.jpg,train,mllm_selection,1478021158724823705
driving,1478732597372427382_jpg.rf.5919184799dc53560f8e50c7ba80131d,/home/felix/vision_datasets/self-driving-car-v2-split/train/1478732597372427382_jpg.rf.5919184799dc53560f8e50c7ba80131d.jpg,train,mllm_selection,1478732597372427382
driving,1478731969981018140_jpg.rf.7d3631ebc326ab37419178fdc18e631b,/home/felix/vision_datasets/self-driving-car-v2-split/train/1478731969981018140_jpg.rf.7d3631ebc326ab37419178fdc18e631b.jpg,train,mllm_selection,1478731969981018140
driving,1478732958093722443_jpg.rf.384a3b6ab4f70c9bb4ca93729d5d48df,/home/felix/vision_datasets/self-driving-car-v2-split/train/1478732958093722443_jpg.rf.384a3b6ab4f70c9bb4ca93729d5d48df.jpg,train,mllm_selection,1478732958093722443
driving,1478731900589979897_jpg.rf.6621e54d789a7a0583fb309109749f5e,/home/felix/vision_datasets/self-driving-car-v2-split/train/1478731900589979897_jpg.rf.6621e54d789a7a0583fb309109749f5e.jpg,train,mllm_selection,1478731900589979897
driving,1478021879581846191_jpg.rf.efc58fe73e11438c75960aeefe04082a,/home/felix/vision_datasets/self-driving-car-v2-split/train/1478021879581846191_jpg.rf.efc58fe73e11438c75960aeefe04082a.jpg,train,mllm_selection,1478021879581846191
driving,1478021621076622324_jpg.rf.0df604adf306235e500bdbfe939eb122,/home/felix/vision_datasets/self-driving-car-v2-split/train/1478021621076622324_jpg.rf.0df604adf306235e500bdbfe939eb122.jpg,train,mllm_selection,1478021621076622324
driving,1478732175288936459_jpg.rf.6a69b107dc0f4000a9e697e576199da9,/home/felix/vision_datasets/self-driving-car-v2-split/train/1478732175288936459_jpg.rf.6a69b107dc0f4000a9e697e576199da9.jpg,train,mllm_selection,1478732175288936459
driving,1478733014294755775_jpg.rf.99e8175e4ffe10cc79c4f268b6a23664,/home/felix/vision_datasets/self-driving-car-v2-split/train/1478733014294755775_jpg.rf.99e8175e4ffe10cc79c4f268b6a23664.jpg,train,mllm_selection,1478733014294755775
driving,1478732130556478949_jpg.rf.91e1d208238863650c83c8993bf2a98a,/home/felix/vision_datasets/self-driving-car-v2-split/train/1478732130556478949_jpg.rf.91e1d208238863650c83c8993bf2a98a.jpg,train,mllm_selection,1478732130556478949
driving,1478732990782667737_jpg.rf.b37c0846403fe3d5eac1152827de3fb5,/home/felix/vision_datasets/self-driving-car-v2-split/train/1478732990782667737_jpg.rf.b37c0846403fe3d5eac1152827de3fb5.jpg,train,mllm_selection,1478732990782667737
driving,1478732424180769966_jpg.rf.26380bd9ae14ecc4dd8f8bb3fb43e2bb,/home/felix/vision_datasets/self-driving-car-v2-split/train/1478732424180769966_jpg.rf.26380bd9ae14ecc4dd8f8bb3fb43e2bb.jpg,train,mllm_selection,1478732424180769966
driving,1478732751639526655_jpg.rf.caf703a96ccd68e5658356b3572a0b35,/home/felix/vision_datasets/self-driving-car-v2-split/train/1478732751639526655_jpg.rf.caf703a96ccd68e5658356b3572a0b35.jpg,train,mllm_selection,1478732751639526655
driving,1478021629576085886_jpg.rf.3c369b947e180de31cce71f3ec81aea3,/home/felix/vision_datasets/self-driving-car-v2-split/train/1478021629576085886_jpg.rf.3c369b947e180de31cce71f3ec81aea3.jpg,train,mllm_selection,1478021629576085886
driving,1478732825618791801_jpg.rf.f6e1f4c70a091c26fdd67f65f5dc2348,/home/felix/vision_datasets/self-driving-car-v2-split/train/1478732825618791801_jpg.rf.f6e1f4c70a091c26fdd67f65f5dc2348.jpg,train,mllm_selection,1478732825618791801
driving,1478732790062799616_jpg.rf.9e4c9e49c777958cd3c99e54cf829e2d,/home/felix/vision_datasets/self-driving-car-v2-split/train/1478732790062799616_jpg.rf.9e4c9e49c777958cd3c99e54cf829e2d.jpg,train,mllm_selection,1478732790062799616
driving,1478732741889748239_jpg.rf.396a9e854b909871d12165a4b4e02d55,/home/felix/vision_datasets/self-driving-car-v2-split/train/1478732741889748239_jpg.rf.396a9e854b909871d12165a4b4e02d55.jpg,train,mllm_selection,1478732741889748239
driving,1478732821031065274_jpg.rf.dc4554e4a7517763a135ec0f8e58e90a,/home/felix/vision_datasets/self-driving-car-v2-split/train/1478732821031065274_jpg.rf.dc4554e4a7517763a135ec0f8e58e90a.jpg,train,mllm_selection,1478732821031065274
driving,1478021631577557209_jpg.rf.8039cb7f1c3961af3201e37d15cbfe49,/home/felix/vision_datasets/self-driving-car-v2-split/train/1478021631577557209_jpg.rf.8039cb7f1c3961af3201e37d15cbfe49.jpg,train,mllm_selection,1478021631577557209
driving,1478732188478386086_jpg.rf.24e7e66b1a68861b7855d1f61032f028,/home/felix/vision_datasets/self-driving-car-v2-split/train/1478732188478386086_jpg.rf.24e7e66b1a68861b7855d1f61032f028.jpg,train,mllm_selection,1478732188478386086
driving,1478732874364857715_jpg.rf.8d2dda3642329a03ed167b0a51cbe340,/home/felix/vision_datasets/self-driving-car-v2-split/train/1478732874364857715_jpg.rf.8d2dda3642329a03ed167b0a51cbe340.jpg,train,mllm_selection,1478732874364857715
driving,1478021670077345682_jpg.rf.228274db8f8cfcb06c8a9201f5701376,/home/felix/vision_datasets/self-driving-car-v2-split/train/1478021670077345682_jpg.rf.228274db8f8cfcb06c8a9201f5701376.jpg,train,mllm_selection,1478021670077345682
driving,1478732266472253311_jpg.rf.84d258666a1bc369a1dab6f9ee518a0d,/home/felix/vision_datasets/self-driving-car-v2-split/train/1478732266472253311_jpg.rf.84d258666a1bc369a1dab6f9ee518a0d.jpg,train,mllm_selection,1478732266472253311
driving,1478732653573817257_jpg.rf.9ab1f6f51d9a6c51c4a2b0c6dc288a05,/home/felix/vision_datasets/self-driving-car-v2-split/train/1478732653573817257_jpg.rf.9ab1f6f51d9a6c51c4a2b0c6dc288a05.jpg,train,mllm_selection,1478732653573817257
driving,1478732487264359590_jpg.rf.243a2036c8f5dba2cdcedf6ce2bb48b1,/home/felix/vision_datasets/self-driving-car-v2-split/train/1478732487264359590_jpg.rf.243a2036c8f5dba2cdcedf6ce2bb48b1.jpg,train,mllm_selection,1478732487264359590
driving,1478732563536648899_jpg.rf.8968e4bd5d3594bf6493337520d3c7b4,/home/felix/vision_datasets/self-driving-car-v2-split/train/1478732563536648899_jpg.rf.8968e4bd5d3594bf6493337520d3c7b4.jpg,train,mllm_selection,1478732563536648899
driving,1478021919585012601_jpg.rf.ec9d6dc3e93f4dc533c5eb0ccf82a1c7,/home/felix/vision_datasets/self-driving-car-v2-split/train/1478021919585012601_jpg.rf.ec9d6dc3e93f4dc533c5eb0ccf82a1c7.jpg,train,mllm_selection,1478021919585012601
driving,1478731948189057216_jpg.rf.0239b72b5229bb2b9437c18094e1198e,/home/felix/vision_datasets/self-driving-car-v2-split/train/1478731948189057216_jpg.rf.0239b72b5229bb2b9437c18094e1198e.jpg,train,mllm_selection,1478731948189057216
driving,1478021161225430356_jpg.rf.c07dff6d62b46c6530c10b993d82f521,/home/felix/vision_datasets/self-driving-car-v2-split/train/1478021161225430356_jpg.rf.c07dff6d62b46c6530c10b993d82f521.jpg,train,mllm_selection,1478021161225430356
driving,1478732492998452789_jpg.rf.2df4ee69de3a9d20a65d448f5ce5a8bf,/home/felix/vision_datasets/self-driving-car-v2-split/train/1478732492998452789_jpg.rf.2df4ee69de3a9d20a65d448f5ce5a8bf.jpg,train,mllm_selection,1478732492998452789
driving,1478732062311919775_jpg.rf.a4ec0a235b020a96d916cfe7b9ef838a,/home/felix/vision_datasets/self-driving-car-v2-split/train/1478732062311919775_jpg.rf.a4ec0a235b020a96d916cfe7b9ef838a.jpg,train,mllm_selection,1478732062311919775
driving,1478732717230493692_jpg.rf.eb94e9754ca875aed55a44c12c06784f,/home/felix/vision_datasets/self-driving-car-v2-split/train/1478732717230493692_jpg.rf.eb94e9754ca875aed55a44c12c06784f.jpg,train,mllm_selection,1478732717230493692
driving,1478732085825466179_jpg.rf.ccf238c99c8ebe597fb63bc71a87dbec,/home/felix/vision_datasets/self-driving-car-v2-split/train/1478732085825466179_jpg.rf.ccf238c99c8ebe597fb63bc71a87dbec.jpg,train,mllm_selection,1478732085825466179
driving,1478732034211543161_jpg.rf.f8e5debadd43e615249c3f7fded57885,/home/felix/vision_datasets/self-driving-car-v2-split/train/1478732034211543161_jpg.rf.f8e5debadd43e615249c3f7fded57885.jpg,train,mllm_selection,1478732034211543161
driving,1478021588575496071_jpg.rf.a8e71c006389d5ec373b23492afb5f32,/home/felix/vision_datasets/self-driving-car-v2-split/train/1478021588575496071_jpg.rf.a8e71c006389d5ec373b23492afb5f32.jpg,train,mllm_selection,1478021588575496071
driving,1478731910912086099_jpg.rf.c34de27fc53221ccd182910839b58887,/home/felix/vision_datasets/self-driving-car-v2-split/train/1478731910912086099_jpg.rf.c34de27fc53221ccd182910839b58887.jpg,train,mllm_selection,1478731910912086099
driving,1478732763682147890_jpg.rf.18e0923bbb9deafd899ddd456e211074,/home/felix/vision_datasets/self-driving-car-v2-split/train/1478732763682147890_jpg.rf.18e0923bbb9deafd899ddd456e211074.jpg,train,mllm_selection,1478732763682147890
driving,1478732679955159633_jpg.rf.097b7a4368e5040329208e55f691e061,/home/felix/vision_datasets/self-driving-car-v2-split/train/1478732679955159633_jpg.rf.097b7a4368e5040329208e55f691e061.jpg,train,mllm_selection,1478732679955159633
driving,1478021875581693354_jpg.rf.b8c2d09cfc5543b9a07162c1f79cabfc,/home/felix/vision_datasets/self-driving-car-v2-split/train/1478021875581693354_jpg.rf.b8c2d09cfc5543b9a07162c1f79cabfc.jpg,train,mllm_selection,1478021875581693354
driving,1478732377728447693_jpg.rf.aa25c2613b337c5ef04b2b5c77b59d00,/home/felix/vision_datasets/self-driving-car-v2-split/train/1478732377728447693_jpg.rf.aa25c2613b337c5ef04b2b5c77b59d00.jpg,train,mllm_selection,1478732377728447693
driving,1478021644574293010_jpg.rf.5aefc1786e6aaa04222a4e73bcad06f4,/home/felix/vision_datasets/self-driving-car-v2-split/train/1478021644574293010_jpg.rf.5aefc1786e6aaa04222a4e73bcad06f4.jpg,train,mllm_selection,1478021644574293010
driving,1478732706907150606_jpg.rf.567410f2e2113b0be99b8c1947fcb443,/home/felix/vision_datasets/self-driving-car-v2-split/train/1478732706907150606_jpg.rf.567410f2e2113b0be99b8c1947fcb443.jpg,train,mllm_selection,1478732706907150606
driving,1478732741316067783_jpg.rf.bd19503e85e0a6169720bc906e6a4a51,/home/felix/vision_datasets/self-driving-car-v2-split/train/1478732741316067783_jpg.rf.bd19503e85e0a6169720bc906e6a4a51.jpg,train,mllm_selection,1478732741316067783
driving,1478732681674104794_jpg.rf.9f2e61f6c9bc64a817c3ff4f32e3e9b0,/home/felix/vision_datasets/self-driving-car-v2-split/train/1478732681674104794_jpg.rf.9f2e61f6c9bc64a817c3ff4f32e3e9b0.jpg,train,mllm_selection,1478732681674104794
driving,1478732679380404885_jpg.rf.220a4b68761e31c9462663046619cb2e,/home/felix/vision_datasets/self-driving-car-v2-split/train/1478732679380404885_jpg.rf.220a4b68761e31c9462663046619cb2e.jpg,train,mllm_selection,1478732679380404885
driving,1478021588076349683_jpg.rf.be42ac06f9ef8c1de62456c5868ce58c,/home/felix/vision_datasets/self-driving-car-v2-split/train/1478021588076349683_jpg.rf.be42ac06f9ef8c1de62456c5868ce58c.jpg,train,mllm_selection,1478021588076349683
driving,1478732328983001271_jpg.rf.38376ad05f1df4553db23574cfac50d0,/home/felix/vision_datasets/self-driving-car-v2-split/train/1478732328983001271_jpg.rf.38376ad05f1df4553db23574cfac50d0.jpg,train,mllm_selection,1478732328983001271
driving,1478732210271031380_jpg.rf.9dd6f132867441fb88fbd4a0a0ece443,/home/felix/vision_datasets/self-driving-car-v2-split/train/1478732210271031380_jpg.rf.9dd6f132867441fb88fbd4a0a0ece443.jpg,train,mllm_selection,1478732210271031380
driving,1478732410990549080_jpg.rf.9e1175e0b2d3a325b0aaf60874a8176a,/home/felix/vision_datasets/self-driving-car-v2-split/train/1478732410990549080_jpg.rf.9e1175e0b2d3a325b0aaf60874a8176a.jpg,train,mllm_selection,1478732410990549080
driving,1478732743036994685_jpg.rf.3d2ebd53b9841786853f0292f5db2a59,/home/felix/vision_datasets/self-driving-car-v2-split/train/1478732743036994685_jpg.rf.3d2ebd53b9841786853f0292f5db2a59.jpg,train,mllm_selection,1478732743036994685
driving,1478731943600552589_jpg.rf.4a7566c1345896746ce32251f0309b6d,/home/felix/vision_datasets/self-driving-car-v2-split/train/1478731943600552589_jpg.rf.4a7566c1345896746ce32251f0309b6d.jpg,train,mllm_selection,1478731943600552589
driving,1478021667576987586_jpg.rf.3e1e8a605fd4995dbd136d6d7bac2afa,/home/felix/vision_datasets/self-driving-car-v2-split/train/1478021667576987586_jpg.rf.3e1e8a605fd4995dbd136d6d7bac2afa.jpg,train,mllm_selection,1478021667576987586
driving,1478021870087174223_jpg.rf.d44d3b1d6f033dc346f45dfb96fdb164,/home/felix/vision_datasets/self-driving-car-v2-split/train/1478021870087174223_jpg.rf.d44d3b1d6f033dc346f45dfb96fdb164.jpg,train,mllm_selection,1478021870087174223
driving,1478021855087664141_jpg.rf.174f5f23736c2444672721343caf3288,/home/felix/vision_datasets/self-driving-car-v2-split/train/1478021855087664141_jpg.rf.174f5f23736c2444672721343caf3288.jpg,train,mllm_selection,1478021855087664141
driving,1478732086399120137_jpg.rf.ac5da729515322f165f6a162fa3996f2,/home/felix/vision_datasets/self-driving-car-v2-split/train/1478732086399120137_jpg.rf.ac5da729515322f165f6a162fa3996f2.jpg,train,mllm_selection,1478732086399120137
driving,1478732271060617397_jpg.rf.e9eecb8a5ad35540bfde3bb59d13b72c,/home/felix/vision_datasets/self-driving-car-v2-split/train/1478732271060617397_jpg.rf.e9eecb8a5ad35540bfde3bb59d13b72c.jpg,train,mllm_selection,1478732271060617397
driving,1478732033064320725_jpg.rf.a7e8b86a3b69e7efd449f0558ca354c2,/home/felix/vision_datasets/self-driving-car-v2-split/train/1478732033064320725_jpg.rf.a7e8b86a3b69e7efd449f0558ca354c2.jpg,train,mllm_selection,1478732033064320725
driving,1478731972275644882_jpg.rf.f7b076b67fff11140c87ac43346d429f,/home/felix/vision_datasets/self-driving-car-v2-split/train/1478731972275644882_jpg.rf.f7b076b67fff11140c87ac43346d429f.jpg,train,mllm_selection,1478731972275644882
driving,1478732027903159148_jpg.rf.752c99cfb5d0de3c32aed644f69fec3a,/home/felix/vision_datasets/self-driving-car-v2-split/train/1478732027903159148_jpg.rf.752c99cfb5d0de3c32aed644f69fec3a.jpg,train,mllm_selection,1478732027903159148
driving,1478021654577410378_jpg.rf.1dfc6c594c6dc1ab49f0b863b8d0122a,/home/felix/vision_datasets/self-driving-car-v2-split/train/1478021654577410378_jpg.rf.1dfc6c594c6dc1ab49f0b863b8d0122a.jpg,train,mllm_selection,1478021654577410378
driving,1478732093854351959_jpg.rf.7ab0929ea0f2554d3658bea83856cfd0,/home/felix/vision_datasets/self-driving-car-v2-split/train/1478732093854351959_jpg.rf.7ab0929ea0f2554d3658bea83856cfd0.jpg,train,mllm_selection,1478732093854351959
driving,1478021586576665670_jpg.rf.8c62b7d017e324adf22a32436365a2da,/home/felix/vision_datasets/self-driving-car-v2-split/train/1478021586576665670_jpg.rf.8c62b7d017e324adf22a32436365a2da.jpg,train,mllm_selection,1478021586576665670
driving,1478732643825223931_jpg.rf.a850b1a95c97c134c5559c13a1079c91,/home/felix/vision_datasets/self-driving-car-v2-split/train/1478732643825223931_jpg.rf.a850b1a95c97c134c5559c13a1079c91.jpg,train,mllm_selection,1478732643825223931
driving,1478732217152436098_jpg.rf.e25818124ef23508cd2bf6edbb2a0df3,/home/felix/vision_datasets/self-driving-car-v2-split/train/1478732217152436098_jpg.rf.e25818124ef23508cd2bf6edbb2a0df3.jpg,train,mllm_selection,1478732217152436098
driving,1478731898295473636_jpg.rf.c64f526a8424e6e42fcd175de58f729f,/home/felix/vision_datasets/self-driving-car-v2-split/train/1478731898295473636_jpg.rf.c64f526a8424e6e42fcd175de58f729f.jpg,train,mllm_selection,1478731898295473636
driving,1478731904604397985_jpg.rf.342ccd9e4d5dc818be8ce0b0c06c4117,/home/felix/vision_datasets/self-driving-car-v2-split/train/1478731904604397985_jpg.rf.342ccd9e4d5dc818be8ce0b0c06c4117.jpg,train,mllm_selection,1478731904604397985
driving,1478732493572404397_jpg.rf.059c68673808f9a559a6a9f48702966c,/home/felix/vision_datasets/self-driving-car-v2-split/train/1478732493572404397_jpg.rf.059c68673808f9a559a6a9f48702966c.jpg,train,mllm_selection,1478732493572404397
driving,1478732970136541994_jpg.rf.a51cec3ca0099777307b046bd1745171,/home/felix/vision_datasets/self-driving-car-v2-split/train/1478732970136541994_jpg.rf.a51cec3ca0099777307b046bd1745171.jpg,train,mllm_selection,1478732970136541994
driving,1478021934583250021_jpg.rf.0aaa61f40575d07fb3dfe1c8104e7ebc,/home/felix/vision_datasets/self-driving-car-v2-split/train/1478021934583250021_jpg.rf.0aaa61f40575d07fb3dfe1c8104e7ebc.jpg,train,mllm_selection,1478021934583250021
driving,1478731983170711216_jpg.rf.e2a7da0bfcbef3099093c9f167a81a27,/home/felix/vision_datasets/self-driving-car-v2-split/train/1478731983170711216_jpg.rf.e2a7da0bfcbef3099093c9f167a81a27.jpg,train,mllm_selection,1478731983170711216
driving,1478019962681840550_jpg.rf.f485c3370e0fbb5609243344315d34d4,/home/felix/vision_datasets/self-driving-car-v2-split/train/1478019962681840550_jpg.rf.f485c3370e0fbb5609243344315d34d4.jpg,train,mllm_selection,1478019962681840550
driving,1478732151201728969_jpg.rf.338d1ffb90dd6e97c4cc32ece324ee65,/home/felix/vision_datasets/self-driving-car-v2-split/train/1478732151201728969_jpg.rf.338d1ffb90dd6e97c4cc32ece324ee65.jpg,train,mllm_selection,1478732151201728969
driving,1478021151224991193_jpg.rf.b2270a2cc3df544e851a52af49635262,/home/felix/vision_datasets/self-driving-car-v2-split/train/1478021151224991193_jpg.rf.b2270a2cc3df544e851a52af49635262.jpg,train,mllm_selection,1478021151224991193
driving,1478021869587169377_jpg.rf.cc5068d80eb8153f910d68edac56963e,/home/felix/vision_datasets/self-driving-car-v2-split/train/1478021869587169377_jpg.rf.cc5068d80eb8153f910d68edac56963e.jpg,train,mllm_selection,1478021869587169377
driving,1478732591063494267_jpg.rf.5e3f81e6fff93832b335b14b50260803,/home/felix/vision_datasets/self-driving-car-v2-split/train/1478732591063494267_jpg.rf.5e3f81e6fff93832b335b14b50260803.jpg,train,mllm_selection,1478732591063494267
driving,1478732500454044026_jpg.rf.c4511f657328e84c0a63878d8ca95468,/home/felix/vision_datasets/self-driving-car-v2-split/train/1478732500454044026_jpg.rf.c4511f657328e84c0a63878d8ca95468.jpg,train,mllm_selection,1478732500454044026
driving,1478732169553688082_jpg.rf.6172e25b7b6de52652096403c50bb7fe,/home/felix/vision_datasets/self-driving-car-v2-split/train/1478732169553688082_jpg.rf.6172e25b7b6de52652096403c50bb7fe.jpg,train,mllm_selection,1478732169553688082
driving,1478732056577328639_jpg.rf.87741d389b97648c7e5489f61182bfd1,/home/felix/vision_datasets/self-driving-car-v2-split/train/1478732056577328639_jpg.rf.87741d389b97648c7e5489f61182bfd1.jpg,train,mllm_selection,1478732056577328639
driving,1478732695437730284_jpg.rf.55266b1e518c3a8eeafa3529d53df927,/home/felix/vision_datasets/self-driving-car-v2-split/train/1478732695437730284_jpg.rf.55266b1e518c3a8eeafa3529d53df927.jpg,train,mllm_selection,1478732695437730284
driving,1478021630076588491_jpg.rf.b7666a877cf628f04a472222ca265f42,/home/felix/vision_datasets/self-driving-car-v2-split/train/1478021630076588491_jpg.rf.b7666a877cf628f04a472222ca265f42.jpg,train,mllm_selection,1478021630076588491
driving,1478021882581127731_jpg.rf.c303222654bdac6f95a36205ab18cc24,/home/felix/vision_datasets/self-driving-car-v2-split/train/1478021882581127731_jpg.rf.c303222654bdac6f95a36205ab18cc24.jpg,train,mllm_selection,1478021882581127731
driving,1478732242385466946_jpg.rf.689221eaf6d6b3272be5a2fea4f8fffd,/home/felix/vision_datasets/self-driving-car-v2-split/train/1478732242385466946_jpg.rf.689221eaf6d6b3272be5a2fea4f8fffd.jpg,train,mllm_selection,1478732242385466946
driving,1478732480955578537_jpg.rf.47e27a39e2f23f7e6b31a6a3083d0647,/home/felix/vision_datasets/self-driving-car-v2-split/train/1478732480955578537_jpg.rf.47e27a39e2f23f7e6b31a6a3083d0647.jpg,train,mllm_selection,1478732480955578537
driving,1478732096147449810_jpg.rf.ce574796fb5309af6b0966ee99e3f33d,/home/felix/vision_datasets/self-driving-car-v2-split/train/1478732096147449810_jpg.rf.ce574796fb5309af6b0966ee99e3f33d.jpg,train,mllm_selection,1478732096147449810
driving,1478019952686311006_jpg.rf.69b66a4136dffdf28f07a91f5649bb98,/home/felix/vision_datasets/self-driving-car-v2-split/train/1478019952686311006_jpg.rf.69b66a4136dffdf28f07a91f5649bb98.jpg,train,mllm_selection,1478019952686311006
driving,1478732488984582027_jpg.rf.e65469f985e82af83c682b0e9db7ffe6,/home/felix/vision_datasets/self-driving-car-v2-split/train/1478732488984582027_jpg.rf.e65469f985e82af83c682b0e9db7ffe6.jpg,train,mllm_selection,1478732488984582027
driving,1478019970680532186_jpg.rf.917158aaa412afef2d8a4c1f0b110989,/home/felix/vision_datasets/self-driving-car-v2-split/train/1478019970680532186_jpg.rf.917158aaa412afef2d8a4c1f0b110989.jpg,train,mllm_selection,1478019970680532186
driving,1478732993650038766_jpg.rf.15120f670de2c6a00d03025f9d85fb4d,/home/felix/vision_datasets/self-driving-car-v2-split/train/1478732993650038766_jpg.rf.15120f670de2c6a00d03025f9d85fb4d.jpg,train,mllm_selection,1478732993650038766
driving,1478021587075771948_jpg.rf.3db5294180fd52b4293ff60ef8b3fc66,/home/felix/vision_datasets/self-driving-car-v2-split/train/1478021587075771948_jpg.rf.3db5294180fd52b4293ff60ef8b3fc66.jpg,train,mllm_selection,1478021587075771948
driving,1478022260599678115_jpg.rf.1710d33705773696885eb23de9c11bbc,/home/felix/vision_datasets/self-driving-car-v2-split/train/1478022260599678115_jpg.rf.1710d33705773696885eb23de9c11bbc.jpg,train,mllm_selection,1478022260599678115
driving,1478021599074669648_jpg.rf.84190530121de1b4e0a369f775bf106d,/home/felix/vision_datasets/self-driving-car-v2-split/train/1478021599074669648_jpg.rf.84190530121de1b4e0a369f775bf106d.jpg,train,mllm_selection,1478021599074669648
driving,1478732486690433658_jpg.rf.d768ada30fbd0a8c818dd56120cedb56,/home/felix/vision_datasets/self-driving-car-v2-split/train/1478732486690433658_jpg.rf.d768ada30fbd0a8c818dd56120cedb56.jpg,train,mllm_selection,1478732486690433658
driving,1478733010281325731_jpg.rf.f2632a7d7f16715b6dc82cde70457db2,/home/felix/vision_datasets/self-driving-car-v2-split/train/1478733010281325731_jpg.rf.f2632a7d7f16715b6dc82cde70457db2.jpg,train,mllm_selection,1478733010281325731
driving,1478732918522732149_jpg.rf.cf805a963fed574f7808cb6408fc7e68,/home/felix/vision_datasets/self-driving-car-v2-split/train/1478732918522732149_jpg.rf.cf805a963fed574f7808cb6408fc7e68.jpg,train,mllm_selection,1478732918522732149
driving,1478021163225947184_jpg.rf.88098fe1787a920f5779245de4143fb2,/home/felix/vision_datasets/self-driving-car-v2-split/train/1478021163225947184_jpg.rf.88098fe1787a920f5779245de4143fb2.jpg,train,mllm_selection,1478021163225947184
driving,1478021137729854896_jpg.rf.526ef098f957bfc9b87be952b2c672e4,/home/felix/vision_datasets/self-driving-car-v2-split/train/1478021137729854896_jpg.rf.526ef098f957bfc9b87be952b2c672e4.jpg,train,mllm_selection,1478021137729854896
driving,1478733016588962011_jpg.rf.693e43534b83e3a20f282f5cf016dcbe,/home/felix/vision_datasets/self-driving-car-v2-split/train/1478733016588962011_jpg.rf.693e43534b83e3a20f282f5cf016dcbe.jpg,train,mllm_selection,1478733016588962011
driving,1478021871088935164_jpg.rf.fca2dfe7a8d4c040ca6fc6936be0d866,/home/felix/vision_datasets/self-driving-car-v2-split/train/1478021871088935164_jpg.rf.fca2dfe7a8d4c040ca6fc6936be0d866.jpg,train,mllm_selection,1478021871088935164
driving,1478732029050376041_jpg.rf.ecade3948b4111bb5db52796f6de738b,/home/felix/vision_datasets/self-driving-car-v2-split/train/1478732029050376041_jpg.rf.ecade3948b4111bb5db52796f6de738b.jpg,train,mllm_selection,1478732029050376041
driving,1478732744757106426_jpg.rf.8a2f008d18218d7b3723f8fd18d38e33,/home/felix/vision_datasets/self-driving-car-v2-split/train/1478732744757106426_jpg.rf.8a2f008d18218d7b3723f8fd18d38e33.jpg,train,mllm_selection,1478732744757106426
driving,1478732551494217480_jpg.rf.cce8c5fe59917acc100c33170fd8c962,/home/felix/vision_datasets/self-driving-car-v2-split/train/1478732551494217480_jpg.rf.cce8c5fe59917acc100c33170fd8c962.jpg,train,mllm_selection,1478732551494217480
driving,1478732787194815422_jpg.rf.7945491b141a8e8a2c44fb7e86a49ee1,/home/felix/vision_datasets/self-driving-car-v2-split/train/1478732787194815422_jpg.rf.7945491b141a8e8a2c44fb7e86a49ee1.jpg,train,mllm_selection,1478732787194815422
driving,1478733004545383201_jpg.rf.5f35b2121609a9278b67b5fa2189ea86,/home/felix/vision_datasets/self-driving-car-v2-split/train/1478733004545383201_jpg.rf.5f35b2121609a9278b67b5fa2189ea86.jpg,train,mllm_selection,1478733004545383201
driving,1478732538303548308_jpg.rf.d32b746d60d47c7c734e523994c70ac8,/home/felix/vision_datasets/self-driving-car-v2-split/train/1478732538303548308_jpg.rf.d32b746d60d47c7c734e523994c70ac8.jpg,train,mllm_selection,1478732538303548308
driving,1478021639574654679_jpg.rf.bdcdf1b1d4841d1ff5f2f4f330031ebd,/home/felix/vision_datasets/self-driving-car-v2-split/train/1478021639574654679_jpg.rf.bdcdf1b1d4841d1ff5f2f4f330031ebd.jpg,train,mllm_selection,1478021639574654679
driving,1478732135718935305_jpg.rf.99668f070d1ca9e9bd2708815f090c87,/home/felix/vision_datasets/self-driving-car-v2-split/train/1478732135718935305_jpg.rf.99668f070d1ca9e9bd2708815f090c87.jpg,train,mllm_selection,1478732135718935305
driving,1478732647839266789_jpg.rf.eb25b748ee2d48bb18683caa35d45c45,/home/felix/vision_datasets/self-driving-car-v2-split/train/1478732647839266789_jpg.rf.eb25b748ee2d48bb18683caa35d45c45.jpg,train,mllm_selection,1478732647839266789
driving,1478732875512420205_jpg.rf.14e0c09b622213491efa82b813bce605,/home/felix/vision_datasets/self-driving-car-v2-split/train/1478732875512420205_jpg.rf.14e0c09b622213491efa82b813bce605.jpg,train,mllm_selection,1478732875512420205
driving,1478732235503846922_jpg.rf.68fdfcf37ac9409b8b9735220ad306bb,/home/felix/vision_datasets/self-driving-car-v2-split/train/1478732235503846922_jpg.rf.68fdfcf37ac9409b8b9735220ad306bb.jpg,train,mllm_selection,1478732235503846922
driving,1478731971701410376_jpg.rf.9b7b7e432396f3be1d4f3545d00b6e35,/home/felix/vision_datasets/self-driving-car-v2-split/train/1478731971701410376_jpg.rf.9b7b7e432396f3be1d4f3545d00b6e35.jpg,train,mllm_selection,1478731971701410376
driving,1478021596080428149_jpg.rf.cba4d5c93ffebe83143a385f7f36db6e,/home/felix/vision_datasets/self-driving-car-v2-split/train/1478021596080428149_jpg.rf.cba4d5c93ffebe83143a385f7f36db6e.jpg,train,mllm_selection,1478021596080428149
driving,1478732971857193116_jpg.rf.5ee729f47666c64bc94ad64860391e6f,/home/felix/vision_datasets/self-driving-car-v2-split/train/1478732971857193116_jpg.rf.5ee729f47666c64bc94ad64860391e6f.jpg,train,mllm_selection,1478732971857193116
driving,1478732849131497055_jpg.rf.b54f81993eade0bbce32b0f47f4f5484,/home/felix/vision_datasets/self-driving-car-v2-split/train/1478732849131497055_jpg.rf.b54f81993eade0bbce32b0f47f4f5484.jpg,train,mllm_selection,1478732849131497055
driving,1478732966695979242_jpg.rf.1dccca9032c4000e5f85e67da601680b,/home/felix/vision_datasets/self-driving-car-v2-split/train/1478732966695979242_jpg.rf.1dccca9032c4000e5f85e67da601680b.jpg,train,mllm_selection,1478732966695979242
driving,1478732065179966049_jpg.rf.94e32d569a30bdde9e6fe23eac26273c,/home/felix/vision_datasets/self-driving-car-v2-split/train/1478732065179966049_jpg.rf.94e32d569a30bdde9e6fe23eac26273c.jpg,train,mllm_selection,1478732065179966049
driving,1478732955226686824_jpg.rf.829dbcec296d272c2e73f6e29c396045,/home/felix/vision_datasets/self-driving-car-v2-split/train/1478732955226686824_jpg.rf.829dbcec296d272c2e73f6e29c396045.jpg,train,mllm_selection,1478732955226686824
driving,1478732465471824686_jpg.rf.0dab9fbbd305a5630cf9455bd2fcd7b9,/home/felix/vision_datasets/self-driving-car-v2-split/train/1478732465471824686_jpg.rf.0dab9fbbd305a5630cf9455bd2fcd7b9.jpg,train,mllm_selection,1478732465471824686
driving,1478732904187119016_jpg.rf.ecf3756bb9e9d0e79745dd214569634d,/home/felix/vision_datasets/self-driving-car-v2-split/train/1478732904187119016_jpg.rf.ecf3756bb9e9d0e79745dd214569634d.jpg,train,mllm_selection,1478732904187119016
driving,1478021612574465127_jpg.rf.c1643d9956ec2b1d2d6cf0ed3fa19b26,/home/felix/vision_datasets/self-driving-car-v2-split/train/1478021612574465127_jpg.rf.c1643d9956ec2b1d2d6cf0ed3fa19b26.jpg,train,mllm_selection,1478021612574465127
driving,1478732600239787055_jpg.rf.b6a1ccf9d8c03a1b084151a12a35380c,/home/felix/vision_datasets/self-driving-car-v2-split/train/1478732600239787055_jpg.rf.b6a1ccf9d8c03a1b084151a12a35380c.jpg,train,mllm_selection,1478732600239787055
driving,1478732561242457409_jpg.rf.fb7c866d4f2a737035660ef192fbcafd,/home/felix/vision_datasets/self-driving-car-v2-split/train/1478732561242457409_jpg.rf.fb7c866d4f2a737035660ef192fbcafd.jpg,train,mllm_selection,1478732561242457409
driving,1478732859453709060_jpg.rf.b83b149380ebc0a0510d90c3c6079e9c,/home/felix/vision_datasets/self-driving-car-v2-split/train/1478732859453709060_jpg.rf.b83b149380ebc0a0510d90c3c6079e9c.jpg,train,mllm_selection,1478732859453709060
driving,1478021131230383640_jpg.rf.9aaa375446e891c1743c6c057d402428,/home/felix/vision_datasets/self-driving-car-v2-split/train/1478021131230383640_jpg.rf.9aaa375446e891c1743c6c057d402428.jpg,train,mllm_selection,1478021131230383640
driving,1478732167832571397_jpg.rf.bb6f5ef720e50bf23971175907d3ab06,/home/felix/vision_datasets/self-driving-car-v2-split/train/1478732167832571397_jpg.rf.bb6f5ef720e50bf23971175907d3ab06.jpg,train,mllm_selection,1478732167832571397
driving,1478732717805285711_jpg.rf.0665faf179c11168cf05f0081693caa1,/home/felix/vision_datasets/self-driving-car-v2-split/train/1478732717805285711_jpg.rf.0665faf179c11168cf05f0081693caa1.jpg,train,mllm_selection,1478732717805285711
driving,1478732180450038401_jpg.rf.8e84f810cf88183b1f6d38cb7f300a9b,/home/felix/vision_datasets/self-driving-car-v2-split/train/1478732180450038401_jpg.rf.8e84f810cf88183b1f6d38cb7f300a9b.jpg,train,mllm_selection,1478732180450038401
driving,1478732694290500683_jpg.rf.507648b19cf811506397319df7951ac3,/home/felix/vision_datasets/self-driving-car-v2-split/train/1478732694290500683_jpg.rf.507648b19cf811506397319df7951ac3.jpg,train,mllm_selection,1478732694290500683
driving,1478019966688931929_jpg.rf.352ebf5924e6ce43ee1ab8431163a51c,/home/felix/vision_datasets/self-driving-car-v2-split/train/1478019966688931929_jpg.rf.352ebf5924e6ce43ee1ab8431163a51c.jpg,train,mllm_selection,1478019966688931929
driving,1478732948916946156_jpg.rf.540ca77126200bf42b30b558b115815b,/home/felix/vision_datasets/self-driving-car-v2-split/train/1478732948916946156_jpg.rf.540ca77126200bf42b30b558b115815b.jpg,train,mllm_selection,1478732948916946156
driving,1478732534290215436_jpg.rf.7c61eb5ffe4702849eca646e8f16b617,/home/felix/vision_datasets/self-driving-car-v2-split/train/1478732534290215436_jpg.rf.7c61eb5ffe4702849eca646e8f16b617.jpg,train,mllm_selection,1478732534290215436
driving,1478732026756163246_jpg.rf.467884064e3b234f50ab70dd48dfc5bb,/home/felix/vision_datasets/self-driving-car-v2-split/train/1478732026756163246_jpg.rf.467884064e3b234f50ab70dd48dfc5bb.jpg,train,mllm_selection,1478732026756163246
driving,1478732903038910179_jpg.rf.5c23d8f730ea7136957d5e2dff60bc1d,/home/felix/vision_datasets/self-driving-car-v2-split/train/1478732903038910179_jpg.rf.5c23d8f730ea7136957d5e2dff60bc1d.jpg,train,mllm_selection,1478732903038910179
driving,1478732467191565377_jpg.rf.b94fe07d7e67ae19936706a0238ab2af,/home/felix/vision_datasets/self-driving-car-v2-split/train/1478732467191565377_jpg.rf.b94fe07d7e67ae19936706a0238ab2af.jpg,train,mllm_selection,1478732467191565377
driving,1478732253282605951_jpg.rf.6735b8b35b522a27bf881d0737635c7b,/home/felix/vision_datasets/self-driving-car-v2-split/train/1478732253282605951_jpg.rf.6735b8b35b522a27bf881d0737635c7b.jpg,train,mllm_selection,1478732253282605951
driving,1478732995370181742_jpg.rf.53c4456ff4f037340ca8abc9b06e7c70,/home/felix/vision_datasets/self-driving-car-v2-split/train/1478732995370181742_jpg.rf.53c4456ff4f037340ca8abc9b06e7c70.jpg,train,mllm_selection,1478732995370181742
driving,1478732929418915847_jpg.rf.cf257b55ec1b653732211eee779af7dd,/home/felix/vision_datasets/self-driving-car-v2-split/train/1478732929418915847_jpg.rf.cf257b55ec1b653732211eee779af7dd.jpg,train,mllm_selection,1478732929418915847
driving,1478732411565659486_jpg.rf.281dc0c2caccac37d72af1f50037705f,/home/felix/vision_datasets/self-driving-car-v2-split/train/1478732411565659486_jpg.rf.281dc0c2caccac37d72af1f50037705f.jpg,train,mllm_selection,1478732411565659486
driving,1478732261884215745_jpg.rf.cee3542842d782b3ad7ed41304e75151,/home/felix/vision_datasets/self-driving-car-v2-split/train/1478732261884215745_jpg.rf.cee3542842d782b3ad7ed41304e75151.jpg,train,mllm_selection,1478732261884215745
driving,1478732124822017147_jpg.rf.34f59dfd5f73a131df5ca8646094f636,/home/felix/vision_datasets/self-driving-car-v2-split/train/1478732124822017147_jpg.rf.34f59dfd5f73a131df5ca8646094f636.jpg,train,mllm_selection,1478732124822017147
driving,1478732298587141830_jpg.rf.4da95de5d037f85ef94f87ebabba1e7f,/home/felix/vision_datasets/self-driving-car-v2-split/train/1478732298587141830_jpg.rf.4da95de5d037f85ef94f87ebabba1e7f.jpg,train,mllm_selection,1478732298587141830
driving,1478732902465278216_jpg.rf.74ca6941d0304fd3fce521b1c0940c2f,/home/felix/vision_datasets/self-driving-car-v2-split/train/1478732902465278216_jpg.rf.74ca6941d0304fd3fce521b1c0940c2f.jpg,train,mllm_selection,1478732902465278216
driving,1478021926585144697_jpg.rf.dee1c6135fcd0490dc8e43c4326eb439,/home/felix/vision_datasets/self-driving-car-v2-split/train/1478021926585144697_jpg.rf.dee1c6135fcd0490dc8e43c4326eb439.jpg,train,mllm_selection,1478021926585144697
driving,1478731922382200668_jpg.rf.5fa800c30eecc493105f5cb880fe75de,/home/felix/vision_datasets/self-driving-car-v2-split/train/1478731922382200668_jpg.rf.5fa800c30eecc493105f5cb880fe75de.jpg,train,mllm_selection,1478731922382200668
driving,1478019956680248165_jpg.rf.7bb62246b05264218da83da12d3aa27c,/home/felix/vision_datasets/self-driving-car-v2-split/train/1478019956680248165_jpg.rf.7bb62246b05264218da83da12d3aa27c.jpg,train,mllm_selection,1478019956680248165
driving,1478732382315874637_jpg.rf.f35bf1afb80707e1bb43484df140162a,/home/felix/vision_datasets/self-driving-car-v2-split/train/1478732382315874637_jpg.rf.f35bf1afb80707e1bb43484df140162a.jpg,train,mllm_selection,1478732382315874637
driving,1478732702893512106_jpg.rf.b57cadbfdaf1daeb1b7e129ab3d7aeb2,/home/felix/vision_datasets/self-driving-car-v2-split/train/1478732702893512106_jpg.rf.b57cadbfdaf1daeb1b7e129ab3d7aeb2.jpg,train,mllm_selection,1478732702893512106
driving,1478731910338794116_jpg.rf.2a1de559ad5244b03dced801002f0896,/home/felix/vision_datasets/self-driving-car-v2-split/train/1478731910338794116_jpg.rf.2a1de559ad5244b03dced801002f0896.jpg,train,mllm_selection,1478731910338794116
driving,1478732454003114680_jpg.rf.73e66a1592a9d768b870e40f8b53819b,/home/felix/vision_datasets/self-driving-car-v2-split/train/1478732454003114680_jpg.rf.73e66a1592a9d768b870e40f8b53819b.jpg,train,mllm_selection,1478732454003114680
driving,1478732579020779485_jpg.rf.4b48a55074c0bc8a404acd59ac5c2e5e,/home/felix/vision_datasets/self-driving-car-v2-split/train/1478732579020779485_jpg.rf.4b48a55074c0bc8a404acd59ac5c2e5e.jpg,train,mllm_selection,1478732579020779485
driving,1478732625473482171_jpg.rf.20848a08bc0504e1a66aababb0ce0b86,/home/felix/vision_datasets/self-driving-car-v2-split/train/1478732625473482171_jpg.rf.20848a08bc0504e1a66aababb0ce0b86.jpg,train,mllm_selection,1478732625473482171
driving,1478732322673255240_jpg.rf.f0a533172400a767339efb4867ab70b6,/home/felix/vision_datasets/self-driving-car-v2-split/train/1478732322673255240_jpg.rf.f0a533172400a767339efb4867ab70b6.jpg,train,mllm_selection,1478732322673255240
driving,1478731918942286329_jpg.rf.a0fe81ef0cfc80c9aa29a1aa1eecd1ba,/home/felix/vision_datasets/self-driving-car-v2-split/train/1478731918942286329_jpg.rf.a0fe81ef0cfc80c9aa29a1aa1eecd1ba.jpg,train,mllm_selection,1478731918942286329
driving,1478732830206963711_jpg.rf.9fb71fa8b64fafba92599a5e93e1e60a,/home/felix/vision_datasets/self-driving-car-v2-split/train/1478732830206963711_jpg.rf.9fb71fa8b64fafba92599a5e93e1e60a.jpg,train,mllm_selection,1478732830206963711
driving,1478021133727692166_jpg.rf.9fda0d361a7cca8d69271d2969408392,/home/felix/vision_datasets/self-driving-car-v2-split/train/1478021133727692166_jpg.rf.9fda0d361a7cca8d69271d2969408392.jpg,train,mllm_selection,1478021133727692166
driving,1478731914354792809_jpg.rf.62081448eb2cdf18e52b46cf9a79e96a,/home/felix/vision_datasets/self-driving-car-v2-split/train/1478731914354792809_jpg.rf.62081448eb2cdf18e52b46cf9a79e96a.jpg,train,mllm_selection,1478731914354792809
driving,1478731949336872800_jpg.rf.e394af7795717855564576a397cf3f3f,/home/felix/vision_datasets/self-driving-car-v2-split/train/1478731949336872800_jpg.rf.e394af7795717855564576a397cf3f3f.jpg,train,mllm_selection,1478731949336872800
driving,1478732419018897827_jpg.rf.3ff33821f109ca1dc6a2a5b483c59b20,/home/felix/vision_datasets/self-driving-car-v2-split/train/1478732419018897827_jpg.rf.3ff33821f109ca1dc6a2a5b483c59b20.jpg,train,mllm_selection,1478732419018897827
driving,1478732964401356486_jpg.rf.5ec836742dd501458ad060d9db1485b9,/home/felix/vision_datasets/self-driving-car-v2-split/train/1478732964401356486_jpg.rf.5ec836742dd501458ad060d9db1485b9.jpg,train,mllm_selection,1478732964401356486
driving,1478732313498163338_jpg.rf.4e2d29e75a742a4c8ed236d119ea78a3,/home/felix/vision_datasets/self-driving-car-v2-split/train/1478732313498163338_jpg.rf.4e2d29e75a742a4c8ed236d119ea78a3.jpg,train,mllm_selection,1478732313498163338
driving,1478732601386621242_jpg.rf.476c8307c78f340ace5e2baad53bdf03,/home/felix/vision_datasets/self-driving-car-v2-split/train/1478732601386621242_jpg.rf.476c8307c78f340ace5e2baad53bdf03.jpg,train,mllm_selection,1478732601386621242
driving,1478732601960765766_jpg.rf.59fc1878d1eaafef4ab0fcaf03ad6123,/home/felix/vision_datasets/self-driving-car-v2-split/train/1478732601960765766_jpg.rf.59fc1878d1eaafef4ab0fcaf03ad6123.jpg,train,mllm_selection,1478732601960765766
driving,1478021652578425759_jpg.rf.9189be4128a3d363e503de76568b5d23,/home/felix/vision_datasets/self-driving-car-v2-split/train/1478021652578425759_jpg.rf.9189be4128a3d363e503de76568b5d23.jpg,train,mllm_selection,1478021652578425759
driving,1478732658162555763_jpg.rf.824d28dc0ecee29712f677f6692c1dd8,/home/felix/vision_datasets/self-driving-car-v2-split/train/1478732658162555763_jpg.rf.824d28dc0ecee29712f677f6692c1dd8.jpg,train,mllm_selection,1478732658162555763
driving,1478021144222210109_jpg.rf.57e2ebbaa5da94469df25a7c373685df,/home/felix/vision_datasets/self-driving-car-v2-split/train/1478021144222210109_jpg.rf.57e2ebbaa5da94469df25a7c373685df.jpg,train,mllm_selection,1478021144222210109
driving,1478732987340896685_jpg.rf.921995a47de07bad74def06310011e1b,/home/felix/vision_datasets/self-driving-car-v2-split/train/1478732987340896685_jpg.rf.921995a47de07bad74def06310011e1b.jpg,train,mllm_selection,1478732987340896685
driving,1478732709201270063_jpg.rf.581da29696776f026d1ef16d2ab764ed,/home/felix/vision_datasets/self-driving-car-v2-split/train/1478732709201270063_jpg.rf.581da29696776f026d1ef16d2ab764ed.jpg,train,mllm_selection,1478732709201270063
driving,1478732786621597048_jpg.rf.d08f5cd6cf9a17c29c7bb27eb6052ec3,/home/felix/vision_datasets/self-driving-car-v2-split/train/1478732786621597048_jpg.rf.d08f5cd6cf9a17c29c7bb27eb6052ec3.jpg,train,mllm_selection,1478732786621597048
driving,1478732155789476402_jpg.rf.ec3a9fbbccdbc40ec38af1abb5eb129f,/home/felix/vision_datasets/self-driving-car-v2-split/train/1478732155789476402_jpg.rf.ec3a9fbbccdbc40ec38af1abb5eb129f.jpg,train,mllm_selection,1478732155789476402
driving,1478732638089007825_jpg.rf.52d84d9014425f6e54b7e9f10970197d,/home/felix/vision_datasets/self-driving-car-v2-split/train/1478732638089007825_jpg.rf.52d84d9014425f6e54b7e9f10970197d.jpg,train,mllm_selection,1478732638089007825
driving,1478732244106911069_jpg.rf.e94d631a90007cc322b296c83b0a025c,/home/felix/vision_datasets/self-driving-car-v2-split/train/1478732244106911069_jpg.rf.e94d631a90007cc322b296c83b0a025c.jpg,train,mllm_selection,1478732244106911069
driving,1478021145728009806_jpg.rf.2d1340cd5427f1f7001bf64ad488455a,/home/felix/vision_datasets/self-driving-car-v2-split/train/1478021145728009806_jpg.rf.2d1340cd5427f1f7001bf64ad488455a.jpg,train,mllm_selection,1478021145728009806
driving,1478732101308907226_jpg.rf.c4b884f3c697e9092213a45a3159c3ef,/home/felix/vision_datasets/self-driving-car-v2-split/train/1478732101308907226_jpg.rf.c4b884f3c697e9092213a45a3159c3ef.jpg,train,mllm_selection,1478732101308907226
driving,1478732132276762790_jpg.rf.b4f63cdf400caa0e13b2d86fce64c87d,/home/felix/vision_datasets/self-driving-car-v2-split/train/1478732132276762790_jpg.rf.b4f63cdf400caa0e13b2d86fce64c87d.jpg,train,mllm_selection,1478732132276762790
driving,1478732808413878802_jpg.rf.4204ab3d0842aef4de1e075164595422,/home/felix/vision_datasets/self-driving-car-v2-split/train/1478732808413878802_jpg.rf.4204ab3d0842aef4de1e075164595422.jpg,train,mllm_selection,1478732808413878802
driving,1478732615151989237_jpg.rf.114f22338f859b5cdf57d098951e7b6d,/home/felix/vision_datasets/self-driving-car-v2-split/train/1478732615151989237_jpg.rf.114f22338f859b5cdf57d098951e7b6d.jpg,train,mllm_selection,1478732615151989237
driving,1478732934582152732_jpg.rf.299977ffcc452913f6aa0ff71b9e2c52,/home/felix/vision_datasets/self-driving-car-v2-split/train/1478732934582152732_jpg.rf.299977ffcc452913f6aa0ff71b9e2c52.jpg,train,mllm_selection,1478732934582152732
driving,1478732660455310842_jpg.rf.58a59a89b94e37cbf33f65c65bd39b5c,/home/felix/vision_datasets/self-driving-car-v2-split/train/1478732660455310842_jpg.rf.58a59a89b94e37cbf33f65c65bd39b5c.jpg,train,mllm_selection,1478732660455310842
driving,1478732384036739475_jpg.rf.8c4251d4bcbf6ad7dc332a84d22ee1ed,/home/felix/vision_datasets/self-driving-car-v2-split/train/1478732384036739475_jpg.rf.8c4251d4bcbf6ad7dc332a84d22ee1ed.jpg,train,mllm_selection,1478732384036739475
driving,1478732204535674720_jpg.rf.22c083111e2630c86e130eddc4202f15,/home/felix/vision_datasets/self-driving-car-v2-split/train/1478732204535674720_jpg.rf.22c083111e2630c86e130eddc4202f15.jpg,train,mllm_selection,1478732204535674720
driving,1478732659881617735_jpg.rf.cfa33d211cbd5ee9cad101792e5bde2c,/home/felix/vision_datasets/self-driving-car-v2-split/train/1478732659881617735_jpg.rf.cfa33d211cbd5ee9cad101792e5bde2c.jpg,train,mllm_selection,1478732659881617735
driving,1478733008559499173_jpg.rf.9303ea5cf60fd895164c12e06dd8cec9,/home/felix/vision_datasets/self-driving-car-v2-split/train/1478733008559499173_jpg.rf.9303ea5cf60fd895164c12e06dd8cec9.jpg,train,mllm_selection,1478733008559499173
driving,1478732423033974586_jpg.rf.effb5d45530f98eef60757e57adf8d02,/home/felix/vision_datasets/self-driving-car-v2-split/train/1478732423033974586_jpg.rf.effb5d45530f98eef60757e57adf8d02.jpg,train,mllm_selection,1478732423033974586
driving,1478021936589749664_jpg.rf.37dd7b3b29458e618dc9e16743fec9ae,/home/felix/vision_datasets/self-driving-car-v2-split/train/1478021936589749664_jpg.rf.37dd7b3b29458e618dc9e16743fec9ae.jpg,train,mllm_selection,1478021936589749664
driving,1478732657014461472_jpg.rf.f3a19b3704e04fc37a291b58409820ea,/home/felix/vision_datasets/self-driving-car-v2-split/train/1478732657014461472_jpg.rf.f3a19b3704e04fc37a291b58409820ea.jpg,train,mllm_selection,1478732657014461472
driving,1478732079517637714_jpg.rf.5c2cdad22bc4da50925a2998bb059e29,/home/felix/vision_datasets/self-driving-car-v2-split/train/1478732079517637714_jpg.rf.5c2cdad22bc4da50925a2998bb059e29.jpg,train,mllm_selection,1478732079517637714
driving,1478021910584009268_jpg.rf.dfd79298c66d3ad07f92daaf7078cf7b,/home/felix/vision_datasets/self-driving-car-v2-split/train/1478021910584009268_jpg.rf.dfd79298c66d3ad07f92daaf7078cf7b.jpg,train,mllm_selection,1478021910584009268
driving,1478732674218867444_jpg.rf.98f9f91d66e20109c1104cf135dddf8c,/home/felix/vision_datasets/self-driving-car-v2-split/train/1478732674218867444_jpg.rf.98f9f91d66e20109c1104cf135dddf8c.jpg,train,mllm_selection,1478732674218867444
driving,1478732088119042187_jpg.rf.333d5bafdfb2e51c12ca9de1c868b3e8,/home/felix/vision_datasets/self-driving-car-v2-split/train/1478732088119042187_jpg.rf.333d5bafdfb2e51c12ca9de1c868b3e8.jpg,train,mllm_selection,1478732088119042187
driving,1478732985047104511_jpg.rf.d412772a0dbe87157425b5ff7764d922,/home/felix/vision_datasets/self-driving-car-v2-split/train/1478732985047104511_jpg.rf.d412772a0dbe87157425b5ff7764d922.jpg,train,mllm_selection,1478732985047104511
driving,1478732061738411960_jpg.rf.396df848869dd3c1f81a16e83ee80114,/home/felix/vision_datasets/self-driving-car-v2-split/train/1478732061738411960_jpg.rf.396df848869dd3c1f81a16e83ee80114.jpg,train,mllm_selection,1478732061738411960
driving,1478021622076209517_jpg.rf.4eed3525e7b0aaf28a9776cb12b7b69d,/home/felix/vision_datasets/self-driving-car-v2-split/train/1478021622076209517_jpg.rf.4eed3525e7b0aaf28a9776cb12b7b69d.jpg,train,mllm_selection,1478021622076209517
driving,1478732193065782885_jpg.rf.0ba273f3aaa1f8c699fe62e71c1632ca,/home/felix/vision_datasets/self-driving-car-v2-split/train/1478732193065782885_jpg.rf.0ba273f3aaa1f8c699fe62e71c1632ca.jpg,train,mllm_selection,1478732193065782885
driving,1478733007986723760_jpg.rf.375e5ae7b5dc4b514c947ae7d55ddf97,/home/felix/vision_datasets/self-driving-car-v2-split/train/1478733007986723760_jpg.rf.375e5ae7b5dc4b514c947ae7d55ddf97.jpg,train,mllm_selection,1478733007986723760
driving,1478732573286699616_jpg.rf.d61d3f52039e1d8c6c02b61cb4748b3f,/home/felix/vision_datasets/self-driving-car-v2-split/train/1478732573286699616_jpg.rf.d61d3f52039e1d8c6c02b61cb4748b3f.jpg,train,mllm_selection,1478732573286699616
driving,1478732736155743545_jpg.rf.6a94d00ac90023e975ad5a4a76971b56,/home/felix/vision_datasets/self-driving-car-v2-split/train/1478732736155743545_jpg.rf.6a94d00ac90023e975ad5a4a76971b56.jpg,train,mllm_selection,1478732736155743545
driving,1478732706334689913_jpg.rf.d653fea88d459f3672ff8ab5521672a8,/home/felix/vision_datasets/self-driving-car-v2-split/train/1478732706334689913_jpg.rf.d653fea88d459f3672ff8ab5521672a8.jpg,train,mllm_selection,1478732706334689913
driving,1478732053136733208_jpg.rf.5a63039d203896698d9260e42543f40a,/home/felix/vision_datasets/self-driving-car-v2-split/train/1478732053136733208_jpg.rf.5a63039d203896698d9260e42543f40a.jpg,train,mllm_selection,1478732053136733208
driving,1478021634576505839_jpg.rf.5b06bfac7a32fc856433f724b3bb5df6,/home/felix/vision_datasets/self-driving-car-v2-split/train/1478021634576505839_jpg.rf.5b06bfac7a32fc856433f724b3bb5df6.jpg,train,mllm_selection,1478021634576505839
driving,1478732210844243833_jpg.rf.eeafc3919bd05bfe75d0f2e2bc2ab41d,/home/felix/vision_datasets/self-driving-car-v2-split/train/1478732210844243833_jpg.rf.eeafc3919bd05bfe75d0f2e2bc2ab41d.jpg,train,mllm_selection,1478732210844243833
driving,1478732066899902409_jpg.rf.5fa625acf4ba0c526e5fe91d3f58346c,/home/felix/vision_datasets/self-driving-car-v2-split/train/1478732066899902409_jpg.rf.5fa625acf4ba0c526e5fe91d3f58346c.jpg,train,mllm_selection,1478732066899902409
driving,1478732700025842877_jpg.rf.156f480c73b17670c18e0cbe1fc3d7f0,/home/felix/vision_datasets/self-driving-car-v2-split/train/1478732700025842877_jpg.rf.156f480c73b17670c18e0cbe1fc3d7f0.jpg,train,mllm_selection,1478732700025842877
driving,1478732263033173688_jpg.rf.1488a7e94da2034d76399853444ae34b,/home/felix/vision_datasets/self-driving-car-v2-split/train/1478732263033173688_jpg.rf.1488a7e94da2034d76399853444ae34b.jpg,train,mllm_selection,1478732263033173688
driving,1478732791209561287_jpg.rf.f479b11b4e4ca1e7076fd3c47d17049c,/home/felix/vision_datasets/self-driving-car-v2-split/train/1478732791209561287_jpg.rf.f479b11b4e4ca1e7076fd3c47d17049c.jpg,train,mllm_selection,1478732791209561287
driving,1478732815295675289_jpg.rf.39ea6984762a39e3b9a518ce5489010a,/home/felix/vision_datasets/self-driving-car-v2-split/train/1478732815295675289_jpg.rf.39ea6984762a39e3b9a518ce5489010a.jpg,train,mllm_selection,1478732815295675289
driving,1478732150054933348_jpg.rf.5d4f1e67d604c194260be02e2ca35103,/home/felix/vision_datasets/self-driving-car-v2-split/train/1478732150054933348_jpg.rf.5d4f1e67d604c194260be02e2ca35103.jpg,train,mllm_selection,1478732150054933348
driving,1478732768270092946_jpg.rf.46d86de97dd5ece531665d443ebbff5c,/home/felix/vision_datasets/self-driving-car-v2-split/train/1478732768270092946_jpg.rf.46d86de97dd5ece531665d443ebbff5c.jpg,train,mllm_selection,1478732768270092946
driving,1478732303748634478_jpg.rf.7c6c16d93fcbc037347a19caab6c3db5,/home/felix/vision_datasets/self-driving-car-v2-split/train/1478732303748634478_jpg.rf.7c6c16d93fcbc037347a19caab6c3db5.jpg,train,mllm_selection,1478732303748634478
driving,1478732363391121722_jpg.rf.19bb0951cc3cbb0877b38ad666daa983,/home/felix/vision_datasets/self-driving-car-v2-split/train/1478732363391121722_jpg.rf.19bb0951cc3cbb0877b38ad666daa983.jpg,train,mllm_selection,1478732363391121722
driving,1478732280236519100_jpg.rf.fc28527cc79feb223d25c6caf7d2a817,/home/felix/vision_datasets/self-driving-car-v2-split/train/1478732280236519100_jpg.rf.fc28527cc79feb223d25c6caf7d2a817.jpg,train,mllm_selection,1478732280236519100
driving,1478732773431711010_jpg.rf.9ace1f236eaff9d97fc437ddb7bfb196,/home/felix/vision_datasets/self-driving-car-v2-split/train/1478732773431711010_jpg.rf.9ace1f236eaff9d97fc437ddb7bfb196.jpg,train,mllm_selection,1478732773431711010
driving,1478021930085705341_jpg.rf.276a2cc8f87c32ff0c683e844f0e4587,/home/felix/vision_datasets/self-driving-car-v2-split/train/1478021930085705341_jpg.rf.276a2cc8f87c32ff0c683e844f0e4587.jpg,train,mllm_selection,1478021930085705341
driving,1478732966121895616_jpg.rf.f3a2a56f5310e1ba45a4749a3e2ef1ef,/home/felix/vision_datasets/self-driving-car-v2-split/train/1478732966121895616_jpg.rf.f3a2a56f5310e1ba45a4749a3e2ef1ef.jpg,train,mllm_selection,1478732966121895616
driving,1478732879526219865_jpg.rf.13a32806ca92bf99b212116abc60dac9,/home/felix/vision_datasets/self-driving-car-v2-split/train/1478732879526219865_jpg.rf.13a32806ca92bf99b212116abc60dac9.jpg,train,mllm_selection,1478732879526219865
driving,1478732053710843933_jpg.rf.cb6a3f38b2b0cd2604cb536f8e6373a6,/home/felix/vision_datasets/self-driving-car-v2-split/train/1478732053710843933_jpg.rf.cb6a3f38b2b0cd2604cb536f8e6373a6.jpg,train,mllm_selection,1478732053710843933
driving,1478732118513576050_jpg.rf.b214704256ecc6ace6eca231c1e341b0,/home/felix/vision_datasets/self-driving-car-v2-split/train/1478732118513576050_jpg.rf.b214704256ecc6ace6eca231c1e341b0.jpg,train,mllm_selection,1478732118513576050
driving,1478732854294151099_jpg.rf.a11bd9012994780caf54b2d049e967d8,/home/felix/vision_datasets/self-driving-car-v2-split/train/1478732854294151099_jpg.rf.a11bd9012994780caf54b2d049e967d8.jpg,train,mllm_selection,1478732854294151099
driving,1478732038225386074_jpg.rf.0a8488c3e64f0eee1785c29edd4b73b3,/home/felix/vision_datasets/self-driving-car-v2-split/train/1478732038225386074_jpg.rf.0a8488c3e64f0eee1785c29edd4b73b3.jpg,train,mllm_selection,1478732038225386074
driving,1478731930985874012_jpg.rf.3aab43dd5a3e3a529694e19e78ce8eee,/home/felix/vision_datasets/self-driving-car-v2-split/train/1478731930985874012_jpg.rf.3aab43dd5a3e3a529694e19e78ce8eee.jpg,train,mllm_selection,1478731930985874012
driving,1478732768844091693_jpg.rf.6397fc350c7315429f547cc463266a4d,/home/felix/vision_datasets/self-driving-car-v2-split/train/1478732768844091693_jpg.rf.6397fc350c7315429f547cc463266a4d.jpg,train,mllm_selection,1478732768844091693
driving,1478731988906140218_jpg.rf.dfa357404125a11864f4334f7d97461d,/home/felix/vision_datasets/self-driving-car-v2-split/train/1478731988906140218_jpg.rf.dfa357404125a11864f4334f7d97461d.jpg,train,mllm_selection,1478731988906140218
driving,1478731939013205781_jpg.rf.a07a521439848c4d04f86cc309218f32,/home/felix/vision_datasets/self-driving-car-v2-split/train/1478731939013205781_jpg.rf.a07a521439848c4d04f86cc309218f32.jpg,train,mllm_selection,1478731939013205781
driving,1478732177582131180_jpg.rf.89ebb5b86a44448362c927e59f984cda,/home/felix/vision_datasets/self-driving-car-v2-split/train/1478732177582131180_jpg.rf.89ebb5b86a44448362c927e59f984cda.jpg,train,mllm_selection,1478732177582131180
driving,1478019974679051391_jpg.rf.b8ed3695e8b0c07adc67995dd946e900,/home/felix/vision_datasets/self-driving-car-v2-split/train/1478019974679051391_jpg.rf.b8ed3695e8b0c07adc67995dd946e900.jpg,train,mllm_selection,1478019974679051391
driving,1478732745904460171_jpg.rf.fb8b052a5d863263b9f83db51a25eb2f,/home/felix/vision_datasets/self-driving-car-v2-split/train/1478732745904460171_jpg.rf.fb8b052a5d863263b9f83db51a25eb2f.jpg,train,mllm_selection,1478732745904460171
driving,1478732106470141171_jpg.rf.c77433cd98e26c4093f0e8c4b590ef0a,/home/felix/vision_datasets/self-driving-car-v2-split/train/1478732106470141171_jpg.rf.c77433cd98e26c4093f0e8c4b590ef0a.jpg,train,mllm_selection,1478732106470141171
driving,1478732385183504935_jpg.rf.599f2d80c76a4874eaf06a8f32034c74,/home/felix/vision_datasets/self-driving-car-v2-split/train/1478732385183504935_jpg.rf.599f2d80c76a4874eaf06a8f32034c74.jpg,train,mllm_selection,1478732385183504935
driving,1478732647265231196_jpg.rf.ac207f21191e25de47523dbdbe8e1895,/home/felix/vision_datasets/self-driving-car-v2-split/train/1478732647265231196_jpg.rf.ac207f21191e25de47523dbdbe8e1895.jpg,train,mllm_selection,1478732647265231196
driving,1478732915082675157_jpg.rf.651dd134aa869a46249a08cf4505e799,/home/felix/vision_datasets/self-driving-car-v2-split/train/1478732915082675157_jpg.rf.651dd134aa869a46249a08cf4505e799.jpg,train,mllm_selection,1478732915082675157
driving,1478732889275686494_jpg.rf.fd169df885f4f79c267b43bc97b21293,/home/felix/vision_datasets/self-driving-car-v2-split/train/1478732889275686494_jpg.rf.fd169df885f4f79c267b43bc97b21293.jpg,train,mllm_selection,1478732889275686494
driving,1478732899597733314_jpg.rf.ec95b8016f2249fccd3c7865e240a7d6,/home/felix/vision_datasets/self-driving-car-v2-split/train/1478732899597733314_jpg.rf.ec95b8016f2249fccd3c7865e240a7d6.jpg,train,mllm_selection,1478732899597733314
driving,1478731906324508684_jpg.rf.52019489ffdd35aedfcd8543511d26a1,/home/felix/vision_datasets/self-driving-car-v2-split/train/1478731906324508684_jpg.rf.52019489ffdd35aedfcd8543511d26a1.jpg,train,mllm_selection,1478731906324508684
driving,1478021665576463487_jpg.rf.6aeb6a02c87548ace062b097c27070e6,/home/felix/vision_datasets/self-driving-car-v2-split/train/1478021665576463487_jpg.rf.6aeb6a02c87548ace062b097c27070e6.jpg,train,mllm_selection,1478021665576463487
driving,1478732735581269354_jpg.rf.48618d9727f305798cebe1b4b7011ec8,/home/felix/vision_datasets/self-driving-car-v2-split/train/1478732735581269354_jpg.rf.48618d9727f305798cebe1b4b7011ec8.jpg,train,mllm_selection,1478732735581269354
driving,1478732354788956940_jpg.rf.ae8d88a37c2353233e98ad1323497444,/home/felix/vision_datasets/self-driving-car-v2-split/train/1478732354788956940_jpg.rf.ae8d88a37c2353233e98ad1323497444.jpg,train,mllm_selection,1478732354788956940
driving,1478732724686284152_jpg.rf.584b58203878c5e1fd9c8824e05d9a9e,/home/felix/vision_datasets/self-driving-car-v2-split/train/1478732724686284152_jpg.rf.584b58203878c5e1fd9c8824e05d9a9e.jpg,train,mllm_selection,1478732724686284152
driving,1478731999802559922_jpg.rf.6e98aa5b12986b4ec2771bf43a1376cc,/home/felix/vision_datasets/self-driving-car-v2-split/train/1478731999802559922_jpg.rf.6e98aa5b12986b4ec2771bf43a1376cc.jpg,train,mllm_selection,1478731999802559922
driving,1478732000949703315_jpg.rf.ce3d89b7d7f0ce5b12bab717ff06c5d1,/home/felix/vision_datasets/self-driving-car-v2-split/train/1478732000949703315_jpg.rf.ce3d89b7d7f0ce5b12bab717ff06c5d1.jpg,train,mllm_selection,1478732000949703315
driving,1478732007258035369_jpg.rf.344d4b96df51e09902c5e736f42b6a20,/home/felix/vision_datasets/self-driving-car-v2-split/train/1478732007258035369_jpg.rf.344d4b96df51e09902c5e736f42b6a20.jpg,train,mllm_selection,1478732007258035369
driving,1478732905332753122_jpg.rf.392def65e81bad2744482c2ca067ba4c,/home/felix/vision_datasets/self-driving-car-v2-split/train/1478732905332753122_jpg.rf.392def65e81bad2744482c2ca067ba4c.jpg,train,mllm_selection,1478732905332753122
driving,1478732285397471290_jpg.rf.e426eed21be29f09c496e7ef60e845d3,/home/felix/vision_datasets/self-driving-car-v2-split/train/1478732285397471290_jpg.rf.e426eed21be29f09c496e7ef60e845d3.jpg,train,mllm_selection,1478732285397471290
driving,1478732619164882765_jpg.rf.7b007f205b941c11f3290c89262401a6,/home/felix/vision_datasets/self-driving-car-v2-split/train/1478732619164882765_jpg.rf.7b007f205b941c11f3290c89262401a6.jpg,train,mllm_selection,1478732619164882765
driving,1478733007414196618_jpg.rf.b9ee4c94ffc2a88a466a9ffe4e7c80f7,/home/felix/vision_datasets/self-driving-car-v2-split/train/1478733007414196618_jpg.rf.b9ee4c94ffc2a88a466a9ffe4e7c80f7.jpg,train,mllm_selection,1478733007414196618
driving,1478732357083396620_jpg.rf.c76aecebbb2bdd99d0e440917b3c7e03,/home/felix/vision_datasets/self-driving-car-v2-split/train/1478732357083396620_jpg.rf.c76aecebbb2bdd99d0e440917b3c7e03.jpg,train,mllm_selection,1478732357083396620
driving,1478732923110525133_jpg.rf.184976d65887c878fdf85ae62be20362,/home/felix/vision_datasets/self-driving-car-v2-split/train/1478732923110525133_jpg.rf.184976d65887c878fdf85ae62be20362.jpg,train,mllm_selection,1478732923110525133
driving,1478732917376170689_jpg.rf.7219742de389562a70c9ed0a1edf3d22,/home/felix/vision_datasets/self-driving-car-v2-split/train/1478732917376170689_jpg.rf.7219742de389562a70c9ed0a1edf3d22.jpg,train,mllm_selection,1478732917376170689
driving,1478732538879551520_jpg.rf.4413720666424dbecd21a90d38f10416,/home/felix/vision_datasets/self-driving-car-v2-split/train/1478732538879551520_jpg.rf.4413720666424dbecd21a90d38f10416.jpg,train,mllm_selection,1478732538879551520
driving,1478732273353912968_jpg.rf.aa5cfb26422d715c8eaf483f1f0fa09f,/home/felix/vision_datasets/self-driving-car-v2-split/train/1478732273353912968_jpg.rf.aa5cfb26422d715c8eaf483f1f0fa09f.jpg,train,mllm_selection,1478732273353912968
driving,1478732114500710920_jpg.rf.88112027adf17e41b4b7ae972ba55976,/home/felix/vision_datasets/self-driving-car-v2-split/train/1478732114500710920_jpg.rf.88112027adf17e41b4b7ae972ba55976.jpg,train,mllm_selection,1478732114500710920
driving,1478732619738464275_jpg.rf.7116cc632c7b7a105e4a69f400356a28,/home/felix/vision_datasets/self-driving-car-v2-split/train/1478732619738464275_jpg.rf.7116cc632c7b7a105e4a69f400356a28.jpg,train,mllm_selection,1478732619738464275
driving,1478732020449501581_jpg.rf.0910673e9c4bdbf1bdb95d4eb2d92e81,/home/felix/vision_datasets/self-driving-car-v2-split/train/1478732020449501581_jpg.rf.0910673e9c4bdbf1bdb95d4eb2d92e81.jpg,train,mllm_selection,1478732020449501581
driving,1478732415577740567_jpg.rf.315c4ebe4d7688f9bcd29c94dc6383fa,/home/felix/vision_datasets/self-driving-car-v2-split/train/1478732415577740567_jpg.rf.315c4ebe4d7688f9bcd29c94dc6383fa.jpg,train,mllm_selection,1478732415577740567
driving,1478732048548391994_jpg.rf.89c2f1ce623655710f9c821c106b134a,/home/felix/vision_datasets/self-driving-car-v2-split/train/1478732048548391994_jpg.rf.89c2f1ce623655710f9c821c106b134a.jpg,train,mllm_selection,1478732048548391994
driving,1478021904584943852_jpg.rf.14364a57eca37a1384352f4f47d6be5d,/home/felix/vision_datasets/self-driving-car-v2-split/train/1478021904584943852_jpg.rf.14364a57eca37a1384352f4f47d6be5d.jpg,train,mllm_selection,1478021904584943852
driving,1478732054857024616_jpg.rf.9ebee428da82e52bd0509cc889164cc3,/home/felix/vision_datasets/self-driving-car-v2-split/train/1478732054857024616_jpg.rf.9ebee428da82e52bd0509cc889164cc3.jpg,train,mllm_selection,1478732054857024616
driving,1478732445399110743_jpg.rf.343c2b79f9b2993f865c105ffd110363,/home/felix/vision_datasets/self-driving-car-v2-split/train/1478732445399110743_jpg.rf.343c2b79f9b2993f865c105ffd110363.jpg,train,mllm_selection,1478732445399110743
driving,1478732472353500245_jpg.rf.40805ca650171656bb1d3de94028d325,/home/felix/vision_datasets/self-driving-car-v2-split/train/1478732472353500245_jpg.rf.40805ca650171656bb1d3de94028d325.jpg,train,mllm_selection,1478732472353500245
driving,1478021627576228430_jpg.rf.e1ab9dcd112acbcac252a64121c9eec9,/home/felix/vision_datasets/self-driving-car-v2-split/train/1478021627576228430_jpg.rf.e1ab9dcd112acbcac252a64121c9eec9.jpg,train,mllm_selection,1478021627576228430
driving,1478732586476172460_jpg.rf.2ec8133ef3d16945fbd8eb5b3e6c9d5e,/home/felix/vision_datasets/self-driving-car-v2-split/train/1478732586476172460_jpg.rf.2ec8133ef3d16945fbd8eb5b3e6c9d5e.jpg,train,mllm_selection,1478732586476172460
driving,1478732983900835709_jpg.rf.06b6555be49ffdec789d17eaf63b2464,/home/felix/vision_datasets/self-driving-car-v2-split/train/1478732983900835709_jpg.rf.06b6555be49ffdec789d17eaf63b2464.jpg,train,mllm_selection,1478732983900835709
driving,1478021151724345828_jpg.rf.f7dde22536fccfa20267e161fd268786,/home/felix/vision_datasets/self-driving-car-v2-split/train/1478021151724345828_jpg.rf.f7dde22536fccfa20267e161fd268786.jpg,train,mllm_selection,1478021151724345828
driving,1478732195359999065_jpg.rf.8db6c56be8dded8a107aef23e6db3c1a,/home/felix/vision_datasets/self-driving-car-v2-split/train/1478732195359999065_jpg.rf.8db6c56be8dded8a107aef23e6db3c1a.jpg,train,mllm_selection,1478732195359999065
driving,1478732174141575909_jpg.rf.827f0eaa15fda23b7d4d9c7dd3adb30a,/home/felix/vision_datasets/self-driving-car-v2-split/train/1478732174141575909_jpg.rf.827f0eaa15fda23b7d4d9c7dd3adb30a.jpg,train,mllm_selection,1478732174141575909
driving,1478732641531294076_jpg.rf.ade35d7b08a1b824381bd5ba32eaf388,/home/felix/vision_datasets/self-driving-car-v2-split/train/1478732641531294076_jpg.rf.ade35d7b08a1b824381bd5ba32eaf388.jpg,train,mllm_selection,1478732641531294076
driving,1478731963099338628_jpg.rf.b384ad831a24ade94522a3c1befc6800,/home/felix/vision_datasets/self-driving-car-v2-split/train/1478731963099338628_jpg.rf.b384ad831a24ade94522a3c1befc6800.jpg,train,mllm_selection,1478731963099338628
driving,1478732390918421400_jpg.rf.a20f6dd1a6365103ac06ba03b083dc25,/home/felix/vision_datasets/self-driving-car-v2-split/train/1478732390918421400_jpg.rf.a20f6dd1a6365103ac06ba03b083dc25.jpg,train,mllm_selection,1478732390918421400
driving,1478731951629602956_jpg.rf.03f2dbd003a5b73d662f7cf77565aad1,/home/felix/vision_datasets/self-driving-car-v2-split/train/1478731951629602956_jpg.rf.03f2dbd003a5b73d662f7cf77565aad1.jpg,train,mllm_selection,1478731951629602956
driving,1478732744183672578_jpg.rf.a966faf56031732e8b383fc2d76782a8,/home/felix/vision_datasets/self-driving-car-v2-split/train/1478732744183672578_jpg.rf.a966faf56031732e8b383fc2d76782a8.jpg,train,mllm_selection,1478732744183672578
driving,1478732550920508771_jpg.rf.bf1dc3cb73af4626b2353fb79c8e912e,/home/felix/vision_datasets/self-driving-car-v2-split/train/1478732550920508771_jpg.rf.bf1dc3cb73af4626b2353fb79c8e912e.jpg,train,mllm_selection,1478732550920508771
driving,1478732989060931744_jpg.rf.4e7421ac46608f12705decd96e3ed33e,/home/felix/vision_datasets/self-driving-car-v2-split/train/1478732989060931744_jpg.rf.4e7421ac46608f12705decd96e3ed33e.jpg,train,mllm_selection,1478732989060931744
driving,1478732877806466640_jpg.rf.b94fa64ad3e444a8de8f08ad1c9d5a0b,/home/felix/vision_datasets/self-driving-car-v2-split/train/1478732877806466640_jpg.rf.b94fa64ad3e444a8de8f08ad1c9d5a0b.jpg,train,mllm_selection,1478732877806466640
driving,1478732120233720046_jpg.rf.4f61fcbbe73678e51089d2f263d5d88e,/home/felix/vision_datasets/self-driving-car-v2-split/train/1478732120233720046_jpg.rf.4f61fcbbe73678e51089d2f263d5d88e.jpg,train,mllm_selection,1478732120233720046
driving,1478732564110428464_jpg.rf.71189cffce6d05ead9c020196e3369c3,/home/felix/vision_datasets/self-driving-car-v2-split/train/1478732564110428464_jpg.rf.71189cffce6d05ead9c020196e3369c3.jpg,train,mllm_selection,1478732564110428464
driving,1478732456295866959_jpg.rf.9796f14fdc8a74c1ced740a203a633c3,/home/felix/vision_datasets/self-driving-car-v2-split/train/1478732456295866959_jpg.rf.9796f14fdc8a74c1ced740a203a633c3.jpg,train,mllm_selection,1478732456295866959
driving,1478732314072325871_jpg.rf.117c434bd6b46107fc74017673382a2e,/home/felix/vision_datasets/self-driving-car-v2-split/train/1478732314072325871_jpg.rf.117c434bd6b46107fc74017673382a2e.jpg,train,mllm_selection,1478732314072325871
driving,1478732675367219846_jpg.rf.7f52c577bf3df7df62e73ce3dd427f31,/home/felix/vision_datasets/self-driving-car-v2-split/train/1478732675367219846_jpg.rf.7f52c577bf3df7df62e73ce3dd427f31.jpg,train,mllm_selection,1478732675367219846
driving,1478732312351121381_jpg.rf.5dc359e5d2a5e7c7e049d773b714cb06,/home/felix/vision_datasets/self-driving-car-v2-split/train/1478732312351121381_jpg.rf.5dc359e5d2a5e7c7e049d773b714cb06.jpg,train,mllm_selection,1478732312351121381
driving,1478732361097374354_jpg.rf.d5160b1de7d9ac52885a1029454ed0c2,/home/felix/vision_datasets/self-driving-car-v2-split/train/1478732361097374354_jpg.rf.d5160b1de7d9ac52885a1029454ed0c2.jpg,train,mllm_selection,1478732361097374354
driving,1478732968989766548_jpg.rf.bdf815c6c92814e92d32c54768c36f1c,/home/felix/vision_datasets/self-driving-car-v2-split/train/1478732968989766548_jpg.rf.bdf815c6c92814e92d32c54768c36f1c.jpg,train,mllm_selection,1478732968989766548
driving,1478732696011139716_jpg.rf.969f19a673bab5ae7eca5c923507dbd5,/home/felix/vision_datasets/self-driving-car-v2-split/train/1478732696011139716_jpg.rf.969f19a673bab5ae7eca5c923507dbd5.jpg,train,mllm_selection,1478732696011139716
driving,1478732846837584619_jpg.rf.84920f68654523b0adc66994329056ad,/home/felix/vision_datasets/self-driving-car-v2-split/train/1478732846837584619_jpg.rf.84920f68654523b0adc66994329056ad.jpg,train,mllm_selection,1478732846837584619
driving,1478021616075108812_jpg.rf.126bca039cc64edced53b7196e9bc0b7,/home/felix/vision_datasets/self-driving-car-v2-split/train/1478021616075108812_jpg.rf.126bca039cc64edced53b7196e9bc0b7.jpg,train,mllm_selection,1478021616075108812
driving,1478731951056019895_jpg.rf.76a85e1a7272bdcae35cf5d2b2e9988e,/home/felix/vision_datasets/self-driving-car-v2-split/train/1478731951056019895_jpg.rf.76a85e1a7272bdcae35cf5d2b2e9988e.jpg,train,mllm_selection,1478731951056019895
driving,1478732927125793727_jpg.rf.4ba9c0e4c9d35123ccee3090bfc5b0a1,/home/felix/vision_datasets/self-driving-car-v2-split/train/1478732927125793727_jpg.rf.4ba9c0e4c9d35123ccee3090bfc5b0a1.jpg,train,mllm_selection,1478732927125793727
driving,1478021614074899363_jpg.rf.98d4aaf515bbc9d6cf0a8680588a973f,/home/felix/vision_datasets/self-driving-car-v2-split/train/1478021614074899363_jpg.rf.98d4aaf515bbc9d6cf0a8680588a973f.jpg,train,mllm_selection,1478021614074899363
driving,1478732870925730258_jpg.rf.42336415928a41bdfb29fc1f8b08f4f7,/home/felix/vision_datasets/self-driving-car-v2-split/train/1478732870925730258_jpg.rf.42336415928a41bdfb29fc1f8b08f4f7.jpg,train,mllm_selection,1478732870925730258
driving,1478021599574809756_jpg.rf.981ac65e09d43fda836d8e0cb077204d,/home/felix/vision_datasets/self-driving-car-v2-split/train/1478021599574809756_jpg.rf.981ac65e09d43fda836d8e0cb077204d.jpg,train,mllm_selection,1478021599574809756
driving,1478732275076040513_jpg.rf.7de346d905c459e87f8bf5bbbe634f79,/home/felix/vision_datasets/self-driving-car-v2-split/train/1478732275076040513_jpg.rf.7de346d905c459e87f8bf5bbbe634f79.jpg,train,mllm_selection,1478732275076040513
driving,1478732170127012883_jpg.rf.25ef3cc3dabd69d8038fb427451dba6d,/home/felix/vision_datasets/self-driving-car-v2-split/train/1478732170127012883_jpg.rf.25ef3cc3dabd69d8038fb427451dba6d.jpg,train,mllm_selection,1478732170127012883
driving,1478732355363696153_jpg.rf.9f24043b4d27eaeb739b45a5fed3ca90,/home/felix/vision_datasets/self-driving-car-v2-split/train/1478732355363696153_jpg.rf.9f24043b4d27eaeb739b45a5fed3ca90.jpg,train,mllm_selection,1478732355363696153
driving,1478732644398174210_jpg.rf.49889f65efb4ba1a35fe46d7d77abd53,/home/felix/vision_datasets/self-driving-car-v2-split/train/1478732644398174210_jpg.rf.49889f65efb4ba1a35fe46d7d77abd53.jpg,train,mllm_selection,1478732644398174210
driving,1478733014869371321_jpg.rf.2e641b17facc557a35158f61ae1382f8,/home/felix/vision_datasets/self-driving-car-v2-split/train/1478733014869371321_jpg.rf.2e641b17facc557a35158f61ae1382f8.jpg,train,mllm_selection,1478733014869371321
driving,1478021637575043401_jpg.rf.80aa4875c52078b4ca281743426ac97a,/home/felix/vision_datasets/self-driving-car-v2-split/train/1478021637575043401_jpg.rf.80aa4875c52078b4ca281743426ac97a.jpg,train,mllm_selection,1478021637575043401
driving,1478732751065855575_jpg.rf.c9cdefe2c015df77edc1bfcd4716aaed,/home/felix/vision_datasets/self-driving-car-v2-split/train/1478732751065855575_jpg.rf.c9cdefe2c015df77edc1bfcd4716aaed.jpg,train,mllm_selection,1478732751065855575
driving,1478732958667234637_jpg.rf.b6177a5f6871360fbd393d23f53699e6,/home/felix/vision_datasets/self-driving-car-v2-split/train/1478732958667234637_jpg.rf.b6177a5f6871360fbd393d23f53699e6.jpg,train,mllm_selection,1478732958667234637
driving,1478732299161025719_jpg.rf.692667774cfee58a58c8b79063b94680,/home/felix/vision_datasets/self-driving-car-v2-split/train/1478732299161025719_jpg.rf.692667774cfee58a58c8b79063b94680.jpg,train,mllm_selection,1478732299161025719
driving,1478021660584529675_jpg.rf.ec959e700e27d4a64fb1bf01d127cd0d,/home/felix/vision_datasets/self-driving-car-v2-split/train/1478021660584529675_jpg.rf.ec959e700e27d4a64fb1bf01d127cd0d.jpg,train,mllm_selection,1478021660584529675
driving,1478732807840185446_jpg.rf.a17bc73600aaa9fa5291d3f5a24ef065,/home/felix/vision_datasets/self-driving-car-v2-split/train/1478732807840185446_jpg.rf.a17bc73600aaa9fa5291d3f5a24ef065.jpg,train,mllm_selection,1478732807840185446
driving,1478731961952427400_jpg.rf.4beb80e32c213af757ef613f451f4913,/home/felix/vision_datasets/self-driving-car-v2-split/train/1478731961952427400_jpg.rf.4beb80e32c213af757ef613f451f4913.jpg,train,mllm_selection,1478731961952427400
driving,1478732737875252756_jpg.rf.6ee20c24c94af723af46b61ec6c1427e,/home/felix/vision_datasets/self-driving-car-v2-split/train/1478732737875252756_jpg.rf.6ee20c24c94af723af46b61ec6c1427e.jpg,train,mllm_selection,1478732737875252756
driving,1478021607075894298_jpg.rf.bf3199db42a188dc7fdac1bf0b8b38b0,/home/felix/vision_datasets/self-driving-car-v2-split/train/1478021607075894298_jpg.rf.bf3199db42a188dc7fdac1bf0b8b38b0.jpg,train,mllm_selection,1478021607075894298
driving,1478732261310810045_jpg.rf.c11cd74cbb39f18fcdacc6e9c8ebd34c,/home/felix/vision_datasets/self-driving-car-v2-split/train/1478732261310810045_jpg.rf.c11cd74cbb39f18fcdacc6e9c8ebd34c.jpg,train,mllm_selection,1478732261310810045
driving,1478731943027632072_jpg.rf.3f3ef761eb5bb72357106689805173e7,/home/felix/vision_datasets/self-driving-car-v2-split/train/1478731943027632072_jpg.rf.3f3ef761eb5bb72357106689805173e7.jpg,train,mllm_selection,1478731943027632072
driving,1478732999958116914_jpg.rf.eb05a7a261b8c739af290cf653d9ad5a,/home/felix/vision_datasets/self-driving-car-v2-split/train/1478732999958116914_jpg.rf.eb05a7a261b8c739af290cf653d9ad5a.jpg,train,mllm_selection,1478732999958116914
driving,1478732223461112390_jpg.rf.fcf575fe0510a9e72668d6424278e059,/home/felix/vision_datasets/self-driving-car-v2-split/train/1478732223461112390_jpg.rf.fcf575fe0510a9e72668d6424278e059.jpg,train,mllm_selection,1478732223461112390
driving,1478732850278137720_jpg.rf.559b8aa2117b835a1ff7058b9e2b4d0d,/home/felix/vision_datasets/self-driving-car-v2-split/train/1478732850278137720_jpg.rf.559b8aa2117b835a1ff7058b9e2b4d0d.jpg,train,mllm_selection,1478732850278137720
driving,1478732750492382162_jpg.rf.af8a5366923dc5115c70164236be6766,/home/felix/vision_datasets/self-driving-car-v2-split/train/1478732750492382162_jpg.rf.af8a5366923dc5115c70164236be6766.jpg,train,mllm_selection,1478732750492382162
driving,1478732581888339303_jpg.rf.bfec6bb61170f2487930e2603c94b929,/home/felix/vision_datasets/self-driving-car-v2-split/train/1478732581888339303_jpg.rf.bfec6bb61170f2487930e2603c94b929.jpg,train,mllm_selection,1478732581888339303
driving,1478732535436607898_jpg.rf.2659b9673058b25ba87592d4b37d58b6,/home/felix/vision_datasets/self-driving-car-v2-split/train/1478732535436607898_jpg.rf.2659b9673058b25ba87592d4b37d58b6.jpg,train,mllm_selection,1478732535436607898
driving,1478732484969742895_jpg.rf.a498fffab61701881b1af04921c59a53,/home/felix/vision_datasets/self-driving-car-v2-split/train/1478732484969742895_jpg.rf.a498fffab61701881b1af04921c59a53.jpg,train,mllm_selection,1478732484969742895
driving,1478732689129921017_jpg.rf.42fea3bf2f51dd909c386ade1a15d49a,/home/felix/vision_datasets/self-driving-car-v2-split/train/1478732689129921017_jpg.rf.42fea3bf2f51dd909c386ade1a15d49a.jpg,train,mllm_selection,1478732689129921017
driving,1478732436796790243_jpg.rf.3a5de780664a4f87846e788e074dd150,/home/felix/vision_datasets/self-driving-car-v2-split/train/1478732436796790243_jpg.rf.3a5de780664a4f87846e788e074dd150.jpg,train,mllm_selection,1478732436796790243
driving,1478021598576296676_jpg.rf.4cf55e907ced2b6381081528e3bceaa2,/home/felix/vision_datasets/self-driving-car-v2-split/train/1478021598576296676_jpg.rf.4cf55e907ced2b6381081528e3bceaa2.jpg,train,mllm_selection,1478021598576296676
driving,1478732146614079323_jpg.rf.03789523f79328999cdbf70171f2c1c9,/home/felix/vision_datasets/self-driving-car-v2-split/train/1478732146614079323_jpg.rf.03789523f79328999cdbf70171f2c1c9.jpg,train,mllm_selection,1478732146614079323
driving,1478732189625323739_jpg.rf.8fea7bc8b8cd4e4c3f3750981abcee74,/home/felix/vision_datasets/self-driving-car-v2-split/train/1478732189625323739_jpg.rf.8fea7bc8b8cd4e4c3f3750981abcee74.jpg,train,mllm_selection,1478732189625323739
driving,1478732891569129686_jpg.rf.140af57d919cef36221e3b350554bd38,/home/felix/vision_datasets/self-driving-car-v2-split/train/1478732891569129686_jpg.rf.140af57d919cef36221e3b350554bd38.jpg,train,mllm_selection,1478732891569129686
driving,1478731917220411449_jpg.rf.bffc31232e6e8cf9439df3b1f0021bbf,/home/felix/vision_datasets/self-driving-car-v2-split/train/1478731917220411449_jpg.rf.bffc31232e6e8cf9439df3b1f0021bbf.jpg,train,mllm_selection,1478731917220411449
driving,1478732708628261653_jpg.rf.614d4883ee1ade160165392c72a6b13e,/home/felix/vision_datasets/self-driving-car-v2-split/train/1478732708628261653_jpg.rf.614d4883ee1ade160165392c72a6b13e.jpg,train,mllm_selection,1478732708628261653
driving,1478021870586760650_jpg.rf.cbf427240edee5dd42237a5187c85c9e,/home/felix/vision_datasets/self-driving-car-v2-split/train/1478021870586760650_jpg.rf.cbf427240edee5dd42237a5187c85c9e.jpg,train,mllm_selection,1478021870586760650
driving,1478732249841432415_jpg.rf.ffc7b7b634d5af4fc8fa9710dd934b8e,/home/felix/vision_datasets/self-driving-car-v2-split/train/1478732249841432415_jpg.rf.ffc7b7b634d5af4fc8fa9710dd934b8e.jpg,train,mllm_selection,1478732249841432415
driving,1478732603107233945_jpg.rf.9bf9f55301240cd6fe66dbcc782834bb,/home/felix/vision_datasets/self-driving-car-v2-split/train/1478732603107233945_jpg.rf.9bf9f55301240cd6fe66dbcc782834bb.jpg,train,mllm_selection,1478732603107233945
driving,1478732341598589543_jpg.rf.183862c0b6dd8cab9b759df2ce38c570,/home/felix/vision_datasets/self-driving-car-v2-split/train/1478732341598589543_jpg.rf.183862c0b6dd8cab9b759df2ce38c570.jpg,train,mllm_selection,1478732341598589543
driving,1478732814722139292_jpg.rf.054a71c892c7f31a4c54182dcb7c9467,/home/felix/vision_datasets/self-driving-car-v2-split/train/1478732814722139292_jpg.rf.054a71c892c7f31a4c54182dcb7c9467.jpg,train,mllm_selection,1478732814722139292
driving,1478731933279153553_jpg.rf.ed5ee91b3f74dbcffa7258c441a83517,/home/felix/vision_datasets/self-driving-car-v2-split/train/1478731933279153553_jpg.rf.ed5ee91b3f74dbcffa7258c441a83517.jpg,train,mllm_selection,1478731933279153553
driving,1478732946050736131_jpg.rf.b256c76c94ac9030dbd1f2d40fcdacc3,/home/felix/vision_datasets/self-driving-car-v2-split/train/1478732946050736131_jpg.rf.b256c76c94ac9030dbd1f2d40fcdacc3.jpg,train,mllm_selection,1478732946050736131
driving,1478732872070499330_jpg.rf.34a0b4df5defb9432a6ab9d1fab5ed2d,/home/felix/vision_datasets/self-driving-car-v2-split/train/1478732872070499330_jpg.rf.34a0b4df5defb9432a6ab9d1fab5ed2d.jpg,train,mllm_selection,1478732872070499330
driving,1478021666576646955_jpg.rf.aff8f4defbdc133983701d6e9fff07e3,/home/felix/vision_datasets/self-driving-car-v2-split/train/1478021666576646955_jpg.rf.aff8f4defbdc133983701d6e9fff07e3.jpg,train,mllm_selection,1478021666576646955
driving,1478021867580627987_jpg.rf.7fe9f1721317425942c17857a8234dab,/home/felix/vision_datasets/self-driving-car-v2-split/train/1478021867580627987_jpg.rf.7fe9f1721317425942c17857a8234dab.jpg,train,mllm_selection,1478021867580627987
driving,1478732618017980763_jpg.rf.05b2bf0dfa559f071202dd0ff8be5a1b,/home/felix/vision_datasets/self-driving-car-v2-split/train/1478732618017980763_jpg.rf.05b2bf0dfa559f071202dd0ff8be5a1b.jpg,train,mllm_selection,1478732618017980763
driving,1478733019457271417_jpg.rf.cd891114ad737d6ccdea391c349009c0,/home/felix/vision_datasets/self-driving-car-v2-split/train/1478733019457271417_jpg.rf.cd891114ad737d6ccdea391c349009c0.jpg,train,mllm_selection,1478733019457271417
driving,1478732027329792232_jpg.rf.717adcc47ad416eea18223a3c2becfca,/home/felix/vision_datasets/self-driving-car-v2-split/train/1478732027329792232_jpg.rf.717adcc47ad416eea18223a3c2becfca.jpg,train,mllm_selection,1478732027329792232
driving,1478732112205800957_jpg.rf.5420b5f49053d3e60dffe9cae1757181,/home/felix/vision_datasets/self-driving-car-v2-split/train/1478732112205800957_jpg.rf.5420b5f49053d3e60dffe9cae1757181.jpg,train,mllm_selection,1478732112205800957
driving,1478732123101820032_jpg.rf.b70a10cfc9c5c68f64479b8cb9f17835,/home/felix/vision_datasets/self-driving-car-v2-split/train/1478732123101820032_jpg.rf.b70a10cfc9c5c68f64479b8cb9f17835.jpg,train,mllm_selection,1478732123101820032
driving,1478732240091846704_jpg.rf.9cf22eb3ef97d3b1b1e8579a02bfffad,/home/felix/vision_datasets/self-driving-car-v2-split/train/1478732240091846704_jpg.rf.9cf22eb3ef97d3b1b1e8579a02bfffad.jpg,train,mllm_selection,1478732240091846704
driving,1478732798092393026_jpg.rf.66103c2e5129c702e0744e08e670cdbb,/home/felix/vision_datasets/self-driving-car-v2-split/train/1478732798092393026_jpg.rf.66103c2e5129c702e0744e08e670cdbb.jpg,train,mllm_selection,1478732798092393026
driving,1478021666076798229_jpg.rf.d1693a3f6ebb52ea622178e508b72bf3,/home/felix/vision_datasets/self-driving-car-v2-split/train/1478021666076798229_jpg.rf.d1693a3f6ebb52ea622178e508b72bf3.jpg,train,mllm_selection,1478021666076798229
driving,1478732202815289785_jpg.rf.7f7aebc1de6b18d3fc042910eeef59b5,/home/felix/vision_datasets/self-driving-car-v2-split/train/1478732202815289785_jpg.rf.7f7aebc1de6b18d3fc042910eeef59b5.jpg,train,mllm_selection,1478732202815289785
driving,1478732332423218667_jpg.rf.d0002061fe18b7ac092c10f133c01eb6,/home/felix/vision_datasets/self-driving-car-v2-split/train/1478732332423218667_jpg.rf.d0002061fe18b7ac092c10f133c01eb6.jpg,train,mllm_selection,1478732332423218667
driving,1478732294572993548_jpg.rf.844b0afff2b7945053bd1ac46fbe6ba8,/home/felix/vision_datasets/self-driving-car-v2-split/train/1478732294572993548_jpg.rf.844b0afff2b7945053bd1ac46fbe6ba8.jpg,train,mllm_selection,1478732294572993548
driving,1478732108764183325_jpg.rf.7bd489b7133c8206811547a273feb72b,/home/felix/vision_datasets/self-driving-car-v2-split/train/1478732108764183325_jpg.rf.7bd489b7133c8206811547a273feb72b.jpg,train,mllm_selection,1478732108764183325
driving,1478732290558352711_jpg.rf.ae9fb4844f99f2f7a72e38bde1c451d6,/home/felix/vision_datasets/self-driving-car-v2-split/train/1478732290558352711_jpg.rf.ae9fb4844f99f2f7a72e38bde1c451d6.jpg,train,mllm_selection,1478732290558352711
driving,1478731995787403737_jpg.rf.86ebf279e344cacbbef1feba2b276c78,/home/felix/vision_datasets/self-driving-car-v2-split/train/1478731995787403737_jpg.rf.86ebf279e344cacbbef1feba2b276c78.jpg,train,mllm_selection,1478731995787403737
driving,1478732529127804733_jpg.rf.60ffa8992befb90419ec0ca45bdc9860,/home/felix/vision_datasets/self-driving-car-v2-split/train/1478732529127804733_jpg.rf.60ffa8992befb90419ec0ca45bdc9860.jpg,train,mllm_selection,1478732529127804733
driving,1478021641076080557_jpg.rf.f6ccf7624e1f5f5abc18256e19280c1b,/home/felix/vision_datasets/self-driving-car-v2-split/train/1478021641076080557_jpg.rf.f6ccf7624e1f5f5abc18256e19280c1b.jpg,train,mllm_selection,1478021641076080557
driving,1478021621582859383_jpg.rf.f8be14a8c9eb891bd29b9695cf53a5c7,/home/felix/vision_datasets/self-driving-car-v2-split/train/1478021621582859383_jpg.rf.f8be14a8c9eb891bd29b9695cf53a5c7.jpg,train,mllm_selection,1478021621582859383
driving,1478732415004518133_jpg.rf.c3190f5fb9d900586bc8dd213fe4d1f2,/home/felix/vision_datasets/self-driving-car-v2-split/train/1478732415004518133_jpg.rf.c3190f5fb9d900586bc8dd213fe4d1f2.jpg,train,mllm_selection,1478732415004518133
driving,1478732025608594322_jpg.rf.cdad5a9c1d5b08fa6936162bb0ae79bb,/home/felix/vision_datasets/self-driving-car-v2-split/train/1478732025608594322_jpg.rf.cdad5a9c1d5b08fa6936162bb0ae79bb.jpg,train,mllm_selection,1478732025608594322
driving,1478732116219447082_jpg.rf.dabe4919045acea410924b39c78da3f0,/home/felix/vision_datasets/self-driving-car-v2-split/train/1478732116219447082_jpg.rf.dabe4919045acea410924b39c78da3f0.jpg,train,mllm_selection,1478732116219447082
driving,1478732501600245625_jpg.rf.55d1d75fcf32a96ed005a52462eb6ccd,/home/felix/vision_datasets/self-driving-car-v2-split/train/1478732501600245625_jpg.rf.55d1d75fcf32a96ed005a52462eb6ccd.jpg,train,mllm_selection,1478732501600245625
driving,1478732989634688871_jpg.rf.d27b8c7d633704c204e0c66db46817bd,/home/felix/vision_datasets/self-driving-car-v2-split/train/1478732989634688871_jpg.rf.d27b8c7d633704c204e0c66db46817bd.jpg,train,mllm_selection,1478732989634688871
driving,1478732321526924016_jpg.rf.7483f18c4da07b0d9762db370761f8a2,/home/felix/vision_datasets/self-driving-car-v2-split/train/1478732321526924016_jpg.rf.7483f18c4da07b0d9762db370761f8a2.jpg,train,mllm_selection,1478732321526924016
driving,1478732903612781798_jpg.rf.1659f11a9cf219a26e5494481d29c71d,/home/felix/vision_datasets/self-driving-car-v2-split/train/1478732903612781798_jpg.rf.1659f11a9cf219a26e5494481d29c71d.jpg,train,mllm_selection,1478732903612781798
driving,1478732684542711352_jpg.rf.bef84f65aff5469b0e4f4237c66bed40,/home/felix/vision_datasets/self-driving-car-v2-split/train/1478732684542711352_jpg.rf.bef84f65aff5469b0e4f4237c66bed40.jpg,train,mllm_selection,1478732684542711352
driving,1478731896575183881_jpg.rf.3c1b20b3c76364131f5f26f6e48af146,/home/felix/vision_datasets/self-driving-car-v2-split/train/1478731896575183881_jpg.rf.3c1b20b3c76364131f5f26f6e48af146.jpg,train,mllm_selection,1478731896575183881
driving,1478732519379104109_jpg.rf.192d18404aabd29be3e31135f561d27d,/home/felix/vision_datasets/self-driving-car-v2-split/train/1478732519379104109_jpg.rf.192d18404aabd29be3e31135f561d27d.jpg,train,mllm_selection,1478732519379104109
driving,1478732137438593687_jpg.rf.df5da5dbe7efa3aa2c9a29117ca839e8,/home/felix/vision_datasets/self-driving-car-v2-split/train/1478732137438593687_jpg.rf.df5da5dbe7efa3aa2c9a29117ca839e8.jpg,train,mllm_selection,1478732137438593687
driving,1478732441384971074_jpg.rf.84cce7ce307aca0be1e892852b99d114,/home/felix/vision_datasets/self-driving-car-v2-split/train/1478732441384971074_jpg.rf.84cce7ce307aca0be1e892852b99d114.jpg,train,mllm_selection,1478732441384971074
driving,1478732070914300065_jpg.rf.741bf3dfcf8a38bb2419be89d36aa11c,/home/felix/vision_datasets/self-driving-car-v2-split/train/1478732070914300065_jpg.rf.741bf3dfcf8a38bb2419be89d36aa11c.jpg,train,mllm_selection,1478732070914300065
driving,1478019972685986697_jpg.rf.d2071a076190c2b90dc6964cac016938,/home/felix/vision_datasets/self-driving-car-v2-split/train/1478019972685986697_jpg.rf.d2071a076190c2b90dc6964cac016938.jpg,train,mllm_selection,1478019972685986697
driving,1478732834794997710_jpg.rf.8b61d2316cb77e23e900208803121f1b,/home/felix/vision_datasets/self-driving-car-v2-split/train/1478732834794997710_jpg.rf.8b61d2316cb77e23e900208803121f1b.jpg,train,mllm_selection,1478732834794997710
driving,1478732731568148715_jpg.rf.a4af54a7cfae9c7c675102aa64029004,/home/felix/vision_datasets/self-driving-car-v2-split/train/1478732731568148715_jpg.rf.a4af54a7cfae9c7c675102aa64029004.jpg,train,mllm_selection,1478732731568148715
driving,1478732117939667772_jpg.rf.d2abd14fa69bb5ce1e47e71f3dbaa879,/home/felix/vision_datasets/self-driving-car-v2-split/train/1478732117939667772_jpg.rf.d2abd14fa69bb5ce1e47e71f3dbaa879.jpg,train,mllm_selection,1478732117939667772
driving,1478732950638362261_jpg.rf.4795c0622e2787a32e9813a7cbee72b0,/home/felix/vision_datasets/self-driving-car-v2-split/train/1478732950638362261_jpg.rf.4795c0622e2787a32e9813a7cbee72b0.jpg,train,mllm_selection,1478732950638362261
driving,1478732109337527291_jpg.rf.b895df941ecc1ddf433aaf5290bedf92,/home/felix/vision_datasets/self-driving-car-v2-split/train/1478732109337527291_jpg.rf.b895df941ecc1ddf433aaf5290bedf92.jpg,train,mllm_selection,1478732109337527291
driving,1478732211418198443_jpg.rf.a5d2f03788130e1c7f3050e38bdb1b6a,/home/felix/vision_datasets/self-driving-car-v2-split/train/1478732211418198443_jpg.rf.a5d2f03788130e1c7f3050e38bdb1b6a.jpg,train,mllm_selection,1478732211418198443
driving,1478732899025355494_jpg.rf.59118720c57e7170acf9f864abfcebad,/home/felix/vision_datasets/self-driving-car-v2-split/train/1478732899025355494_jpg.rf.59118720c57e7170acf9f864abfcebad.jpg,train,mllm_selection,1478732899025355494
driving,1478732530848731372_jpg.rf.cd7754d64aabac557c2c052ad62692ee,/home/felix/vision_datasets/self-driving-car-v2-split/train/1478732530848731372_jpg.rf.cd7754d64aabac557c2c052ad62692ee.jpg,train,mllm_selection,1478732530848731372
driving,1478731925822778182_jpg.rf.1d91cb05d19536b257f89fec0737a6e9,/home/felix/vision_datasets/self-driving-car-v2-split/train/1478731925822778182_jpg.rf.1d91cb05d19536b257f89fec0737a6e9.jpg,train,mllm_selection,1478731925822778182
driving,1478732880100401559_jpg.rf.db71e6327ecff05009dde34608e0825b,/home/felix/vision_datasets/self-driving-car-v2-split/train/1478732880100401559_jpg.rf.db71e6327ecff05009dde34608e0825b.jpg,train,mllm_selection,1478732880100401559
driving,1478732409843056784_jpg.rf.6cb235f1d5af255b58e94f5a038a0083,/home/felix/vision_datasets/self-driving-car-v2-split/train/1478732409843056784_jpg.rf.6cb235f1d5af255b58e94f5a038a0083.jpg,train,mllm_selection,1478732409843056784
driving,1478732521099453230_jpg.rf.b00b2c13419ece113fa735e30ada06bd,/home/felix/vision_datasets/self-driving-car-v2-split/train/1478732521099453230_jpg.rf.b00b2c13419ece113fa735e30ada06bd.jpg,train,mllm_selection,1478732521099453230
driving,1478732697731448890_jpg.rf.b6d82930f6f381c625f9e91b8c57b176,/home/felix/vision_datasets/self-driving-car-v2-split/train/1478732697731448890_jpg.rf.b6d82930f6f381c625f9e91b8c57b176.jpg,train,mllm_selection,1478732697731448890
driving,1478021598074177785_jpg.rf.ba1593121f387fa78c73c98f66fce9cb,/home/felix/vision_datasets/self-driving-car-v2-split/train/1478021598074177785_jpg.rf.ba1593121f387fa78c73c98f66fce9cb.jpg,train,mllm_selection,1478021598074177785
driving,1478021146223300141_jpg.rf.25d90602b0635ebb95f09883d08f8dc0,/home/felix/vision_datasets/self-driving-car-v2-split/train/1478021146223300141_jpg.rf.25d90602b0635ebb95f09883d08f8dc0.jpg,train,mllm_selection,1478021146223300141
driving,1478732122527576422_jpg.rf.63bffd4587160229e7e92ce1c39a7d3b,/home/felix/vision_datasets/self-driving-car-v2-split/train/1478732122527576422_jpg.rf.63bffd4587160229e7e92ce1c39a7d3b.jpg,train,mllm_selection,1478732122527576422
driving,1478021134729443586_jpg.rf.2d5dd99f930ba4ec8b3a0fa5ee1a76d7,/home/felix/vision_datasets/self-driving-car-v2-split/train/1478021134729443586_jpg.rf.2d5dd99f930ba4ec8b3a0fa5ee1a76d7.jpg,train,mllm_selection,1478021134729443586
driving,1478732671351486273_jpg.rf.4d5a4f73f49f23db3858e4a9c22b99c5,/home/felix/vision_datasets/self-driving-car-v2-split/train/1478732671351486273_jpg.rf.4d5a4f73f49f23db3858e4a9c22b99c5.jpg,train,mllm_selection,1478732671351486273
driving,1478021889088444512_jpg.rf.3ad3ce7cd5cafb66509527a4218a04c1,/home/felix/vision_datasets/self-driving-car-v2-split/train/1478021889088444512_jpg.rf.3ad3ce7cd5cafb66509527a4218a04c1.jpg,train,mllm_selection,1478021889088444512
driving,1478732940888951593_jpg.rf.197ed8789b4df9e26d95c54045a754f0,/home/felix/vision_datasets/self-driving-car-v2-split/train/1478732940888951593_jpg.rf.197ed8789b4df9e26d95c54045a754f0.jpg,train,mllm_selection,1478732940888951593
driving,1478732111631893382_jpg.rf.4b2daf7c0dac5c936d6d34aa71c7a477,/home/felix/vision_datasets/self-driving-car-v2-split/train/1478732111631893382_jpg.rf.4b2daf7c0dac5c936d6d34aa71c7a477.jpg,train,mllm_selection,1478732111631893382
driving,1478732553787782153_jpg.rf.9ca57d325a5a1c9a8d17258e0409b047,/home/felix/vision_datasets/self-driving-car-v2-split/train/1478732553787782153_jpg.rf.9ca57d325a5a1c9a8d17258e0409b047.jpg,train,mllm_selection,1478732553787782153
driving,1478732231490379387_jpg.rf.463f1ccd288904540297d6800a8d26b9,/home/felix/vision_datasets/self-driving-car-v2-split/train/1478732231490379387_jpg.rf.463f1ccd288904540297d6800a8d26b9.jpg,train,mllm_selection,1478732231490379387
driving,1478732363964532335_jpg.rf.8d11ef4c13e047fe7ec7da01cec91e24,/home/felix/vision_datasets/self-driving-car-v2-split/train/1478732363964532335_jpg.rf.8d11ef4c13e047fe7ec7da01cec91e24.jpg,train,mllm_selection,1478732363964532335
driving,1478732693144128058_jpg.rf.0d87f2874142b2c8c1e29faa35827ffe,/home/felix/vision_datasets/self-driving-car-v2-split/train/1478732693144128058_jpg.rf.0d87f2874142b2c8c1e29faa35827ffe.jpg,train,mllm_selection,1478732693144128058
driving,1478732733861677570_jpg.rf.cac95e09de2a88119dbef3a0f299f262,/home/felix/vision_datasets/self-driving-car-v2-split/train/1478732733861677570_jpg.rf.cac95e09de2a88119dbef3a0f299f262.jpg,train,mllm_selection,1478732733861677570
driving,1478732576728341261_jpg.rf.d758df91638e374a3ef38ed44a8dbbf2,/home/felix/vision_datasets/self-driving-car-v2-split/train/1478732576728341261_jpg.rf.d758df91638e374a3ef38ed44a8dbbf2.jpg,train,mllm_selection,1478732576728341261
driving,1478732224608270561_jpg.rf.6b09e50247993a87b0e640eccb005193,/home/felix/vision_datasets/self-driving-car-v2-split/train/1478732224608270561_jpg.rf.6b09e50247993a87b0e640eccb005193.jpg,train,mllm_selection,1478732224608270561
driving,1478732304895648093_jpg.rf.4b832bc2509d354e56987636b48bd7fb,/home/felix/vision_datasets/self-driving-car-v2-split/train/1478732304895648093_jpg.rf.4b832bc2509d354e56987636b48bd7fb.jpg,train,mllm_selection,1478732304895648093
driving,1478021933083430163_jpg.rf.02d51ee194c433cb04bd602a1db5eeae,/home/felix/vision_datasets/self-driving-car-v2-split/train/1478021933083430163_jpg.rf.02d51ee194c433cb04bd602a1db5eeae.jpg,train,mllm_selection,1478021933083430163
driving,1478732933433161191_jpg.rf.f4dc6a6b7acd9623d25899cced582f3c,/home/felix/vision_datasets/self-driving-car-v2-split/train/1478732933433161191_jpg.rf.f4dc6a6b7acd9623d25899cced582f3c.jpg,train,mllm_selection,1478732933433161191
driving,1478732234931549651_jpg.rf.82f1729844337ababe4f480f09b68aa9,/home/felix/vision_datasets/self-driving-car-v2-split/train/1478732234931549651_jpg.rf.82f1729844337ababe4f480f09b68aa9.jpg,train,mllm_selection,1478732234931549651
driving,1478732823324423222_jpg.rf.c8bff7b954fdd438e36d435bda3e471d,/home/felix/vision_datasets/self-driving-car-v2-split/train/1478732823324423222_jpg.rf.c8bff7b954fdd438e36d435bda3e471d.jpg,train,mllm_selection,1478732823324423222
driving,1478732456868781682_jpg.rf.9e24dd33977234c5e9bc8ab23a129d97,/home/felix/vision_datasets/self-driving-car-v2-split/train/1478732456868781682_jpg.rf.9e24dd33977234c5e9bc8ab23a129d97.jpg,train,mllm_selection,1478732456868781682
driving,1478732844543413389_jpg.rf.8139e3af7a28d4892b74372ccbfc2b97,/home/felix/vision_datasets/self-driving-car-v2-split/train/1478732844543413389_jpg.rf.8139e3af7a28d4892b74372ccbfc2b97.jpg,train,mllm_selection,1478732844543413389
driving,1478022263593108715_jpg.rf.a454d969ab43bd97d41fe8995c71d29f,/home/felix/vision_datasets/self-driving-car-v2-split/train/1478022263593108715_jpg.rf.a454d969ab43bd97d41fe8995c71d29f.jpg,train,mllm_selection,1478022263593108715
driving,1478732517084726248_jpg.rf.9e04315a988805c5228008c640350185,/home/felix/vision_datasets/self-driving-car-v2-split/train/1478732517084726248_jpg.rf.9e04315a988805c5228008c640350185.jpg,train,mllm_selection,1478732517084726248
driving,1478019969186707568_jpg.rf.e8cd0f4cc1d1706d5ab6fcae956af066,/home/felix/vision_datasets/self-driving-car-v2-split/train/1478019969186707568_jpg.rf.e8cd0f4cc1d1706d5ab6fcae956af066.jpg,train,mllm_selection,1478019969186707568
driving,1478021907084364883_jpg.rf.eaa64ad3684810bc08efdac72be364bc,/home/felix/vision_datasets/self-driving-car-v2-split/train/1478021907084364883_jpg.rf.eaa64ad3684810bc08efdac72be364bc.jpg,train,mllm_selection,1478021907084364883
driving,1478732698879202577_jpg.rf.2f77f6358d69e308118ad675de9a4149,/home/felix/vision_datasets/self-driving-car-v2-split/train/1478732698879202577_jpg.rf.2f77f6358d69e308118ad675de9a4149.jpg,train,mllm_selection,1478732698879202577
driving,1478732587623260946_jpg.rf.c1cd5246125c67d891b54a70518f90f5,/home/felix/vision_datasets/self-driving-car-v2-split/train/1478732587623260946_jpg.rf.c1cd5246125c67d891b54a70518f90f5.jpg,train,mllm_selection,1478732587623260946
driving,1478732326689982866_jpg.rf.5d16816d9946e92e1eff11c4587a99c0,/home/felix/vision_datasets/self-driving-car-v2-split/train/1478732326689982866_jpg.rf.5d16816d9946e92e1eff11c4587a99c0.jpg,train,mllm_selection,1478732326689982866
driving,1478732165539034472_jpg.rf.48c2d3fb035c163497da4648c034ffa5,/home/felix/vision_datasets/self-driving-car-v2-split/train/1478732165539034472_jpg.rf.48c2d3fb035c163497da4648c034ffa5.jpg,train,mllm_selection,1478732165539034472
driving,1478733018309388181_jpg.rf.962374e18ca9b9f1c85fdaaad642089e,/home/felix/vision_datasets/self-driving-car-v2-split/train/1478733018309388181_jpg.rf.962374e18ca9b9f1c85fdaaad642089e.jpg,train,mllm_selection,1478733018309388181
driving,1478021881091076785_jpg.rf.ef9010fa93691413d6091a066b011bca,/home/felix/vision_datasets/self-driving-car-v2-split/train/1478021881091076785_jpg.rf.ef9010fa93691413d6091a066b011bca.jpg,train,mllm_selection,1478021881091076785
driving,1478732935727436699_jpg.rf.5915daecfb36edd60ba5766b3d0d7fa0,/home/felix/vision_datasets/self-driving-car-v2-split/train/1478732935727436699_jpg.rf.5915daecfb36edd60ba5766b3d0d7fa0.jpg,train,mllm_selection,1478732935727436699
driving,1478021162725843772_jpg.rf.5efc91a1a3ee81a231a3ef0c64a4cb80,/home/felix/vision_datasets/self-driving-car-v2-split/train/1478021162725843772_jpg.rf.5efc91a1a3ee81a231a3ef0c64a4cb80.jpg,train,mllm_selection,1478021162725843772
driving,1478732772858647746_jpg.rf.13cfa19c5e1a0828c839d6840dbf64e2,/home/felix/vision_datasets/self-driving-car-v2-split/train/1478732772858647746_jpg.rf.13cfa19c5e1a0828c839d6840dbf64e2.jpg,train,mllm_selection,1478732772858647746
driving,1478732352495812412_jpg.rf.63ad92b5da737750f9db7ebd13073b50,/home/felix/vision_datasets/self-driving-car-v2-split/train/1478732352495812412_jpg.rf.63ad92b5da737750f9db7ebd13073b50.jpg,train,mllm_selection,1478732352495812412
driving,1478732753359777587_jpg.rf.925bbf6f1cabc258480666ed971b1fc9,/home/felix/vision_datasets/self-driving-car-v2-split/train/1478732753359777587_jpg.rf.925bbf6f1cabc258480666ed971b1fc9.jpg,train,mllm_selection,1478732753359777587
driving,1478021602576362799_jpg.rf.1d28ad2bf8fd37b0da5e76bba4312c61,/home/felix/vision_datasets/self-driving-car-v2-split/train/1478021602576362799_jpg.rf.1d28ad2bf8fd37b0da5e76bba4312c61.jpg,train,mllm_selection,1478021602576362799
driving,1478732556081500093_jpg.rf.52323d66ad4a5299cad5b66c4bcf2a78,/home/felix/vision_datasets/self-driving-car-v2-split/train/1478732556081500093_jpg.rf.52323d66ad4a5299cad5b66c4bcf2a78.jpg,train,mllm_selection,1478732556081500093
driving,1478732598519387314_jpg.rf.23c84fd21844ca9baf2701e75d49663e,/home/felix/vision_datasets/self-driving-car-v2-split/train/1478732598519387314_jpg.rf.23c84fd21844ca9baf2701e75d49663e.jpg,train,mllm_selection,1478732598519387314
driving,1478021635078019063_jpg.rf.3f55a6c0808ab989ac9cc24059787c8b,/home/felix/vision_datasets/self-driving-car-v2-split/train/1478021635078019063_jpg.rf.3f55a6c0808ab989ac9cc24059787c8b.jpg,train,mllm_selection,1478021635078019063
driving,1478732466618333846_jpg.rf.d541cf6b4cd82e1a1beb2d638b99cc2b,/home/felix/vision_datasets/self-driving-car-v2-split/train/1478732466618333846_jpg.rf.d541cf6b4cd82e1a1beb2d638b99cc2b.jpg,train,mllm_selection,1478732466618333846
driving,1478732792357045889_jpg.rf.bbb59dce62849075119c3047615a8674,/home/felix/vision_datasets/self-driving-car-v2-split/train/1478732792357045889_jpg.rf.bbb59dce62849075119c3047615a8674.jpg,train,mllm_selection,1478732792357045889
driving,1478732303175521265_jpg.rf.8ef72e8af582d2bc7eb0a8e8c5c705ed,/home/felix/vision_datasets/self-driving-car-v2-split/train/1478732303175521265_jpg.rf.8ef72e8af582d2bc7eb0a8e8c5c705ed.jpg,train,mllm_selection,1478732303175521265
driving,1478732406977456380_jpg.rf.e3201ab2d1cfff2500d0077aff28392c,/home/felix/vision_datasets/self-driving-car-v2-split/train/1478732406977456380_jpg.rf.e3201ab2d1cfff2500d0077aff28392c.jpg,train,mllm_selection,1478732406977456380
driving,1478732320954181631_jpg.rf.2d9ea86dfa33499b55ef9a89ac3c1df7,/home/felix/vision_datasets/self-driving-car-v2-split/train/1478732320954181631_jpg.rf.2d9ea86dfa33499b55ef9a89ac3c1df7.jpg,train,mllm_selection,1478732320954181631
driving,1478732502747595880_jpg.rf.16541a3530920cbb9312d6f6777bfb25,/home/felix/vision_datasets/self-driving-car-v2-split/train/1478732502747595880_jpg.rf.16541a3530920cbb9312d6f6777bfb25.jpg,train,mllm_selection,1478732502747595880
driving,1478732127115801105_jpg.rf.48367a40d82527c9fac9302efc22c074,/home/felix/vision_datasets/self-driving-car-v2-split/train/1478732127115801105_jpg.rf.48367a40d82527c9fac9302efc22c074.jpg,train,mllm_selection,1478732127115801105
driving,1478732710348678903_jpg.rf.39938fe091c3e1e0a7a190ce82071905,/home/felix/vision_datasets/self-driving-car-v2-split/train/1478732710348678903_jpg.rf.39938fe091c3e1e0a7a190ce82071905.jpg,train,mllm_selection,1478732710348678903
driving,1478732907626546960_jpg.rf.299d866536a877a43d4e84d9fbe0db2f,/home/felix/vision_datasets/self-driving-car-v2-split/train/1478732907626546960_jpg.rf.299d866536a877a43d4e84d9fbe0db2f.jpg,train,mllm_selection,1478732907626546960
driving,1478732716082671820_jpg.rf.839e9fa53c63b11d2353339b173042d3,/home/felix/vision_datasets/self-driving-car-v2-split/train/1478732716082671820_jpg.rf.839e9fa53c63b11d2353339b173042d3.jpg,train,mllm_selection,1478732716082671820
driving,1478732822177814931_jpg.rf.dd72df85a2990a28066c18ac8fb08726,/home/felix/vision_datasets/self-driving-car-v2-split/train/1478732822177814931_jpg.rf.dd72df85a2990a28066c18ac8fb08726.jpg,train,mllm_selection,1478732822177814931
driving,1478732353067948219_jpg.rf.322de065ec61a6b1f22e3a0f35a0b94f,/home/felix/vision_datasets/self-driving-car-v2-split/train/1478732353067948219_jpg.rf.322de065ec61a6b1f22e3a0f35a0b94f.jpg,train,mllm_selection,1478732353067948219
driving,1478732023888869446_jpg.rf.c7862991db81e23aae81b8ad08b2a2a0,/home/felix/vision_datasets/self-driving-car-v2-split/train/1478732023888869446_jpg.rf.c7862991db81e23aae81b8ad08b2a2a0.jpg,train,mllm_selection,1478732023888869446
driving,1478732815868875562_jpg.rf.870e222d667fbd20e65df5e8e8610554,/home/felix/vision_datasets/self-driving-car-v2-split/train/1478732815868875562_jpg.rf.870e222d667fbd20e65df5e8e8610554.jpg,train,mllm_selection,1478732815868875562
driving,1478732690277129702_jpg.rf.cdf979544f803b22fb958a92af9424de,/home/felix/vision_datasets/self-driving-car-v2-split/train/1478732690277129702_jpg.rf.cdf979544f803b22fb958a92af9424de.jpg,train,mllm_selection,1478732690277129702
driving,1478732322100536680_jpg.rf.ed434576487e843d6120113d4d30a225,/home/felix/vision_datasets/self-driving-car-v2-split/train/1478732322100536680_jpg.rf.ed434576487e843d6120113d4d30a225.jpg,train,mllm_selection,1478732322100536680
driving,1478732529702531401_jpg.rf.1aac7288caaacd95d940fb0a00865672,/home/felix/vision_datasets/self-driving-car-v2-split/train/1478732529702531401_jpg.rf.1aac7288caaacd95d940fb0a00865672.jpg,train,mllm_selection,1478732529702531401
driving,1478732049695145226_jpg.rf.e6e006a3aad26316b4c5a4be20d95d16,/home/felix/vision_datasets/self-driving-car-v2-split/train/1478732049695145226_jpg.rf.e6e006a3aad26316b4c5a4be20d95d16.jpg,train,mllm_selection,1478732049695145226
driving,1478732309484010075_jpg.rf.d1f9057135d33308f2d9e5234019d9fa,/home/felix/vision_datasets/self-driving-car-v2-split/train/1478732309484010075_jpg.rf.d1f9057135d33308f2d9e5234019d9fa.jpg,train,mllm_selection,1478732309484010075
driving,1478732869203652685_jpg.rf.11c65061abf00fcd1269d8f8c409303d,/home/felix/vision_datasets/self-driving-car-v2-split/train/1478732869203652685_jpg.rf.11c65061abf00fcd1269d8f8c409303d.jpg,train,mllm_selection,1478732869203652685
driving,1478731981450857344_jpg.rf.f3e5471f54cfe7282850f03db58dfc82,/home/felix/vision_datasets/self-driving-car-v2-split/train/1478731981450857344_jpg.rf.f3e5471f54cfe7282850f03db58dfc82.jpg,train,mllm_selection,1478731981450857344
driving,1478732661602446641_jpg.rf.51af307552d4762d32f274ee73743502,/home/felix/vision_datasets/self-driving-car-v2-split/train/1478732661602446641_jpg.rf.51af307552d4762d32f274ee73743502.jpg,train,mllm_selection,1478732661602446641
driving,1478732364540297630_jpg.rf.fee7fc2c789ce0e5b217aa2ac1257b75,/home/felix/vision_datasets/self-driving-car-v2-split/train/1478732364540297630_jpg.rf.fee7fc2c789ce0e5b217aa2ac1257b75.jpg,train,mllm_selection,1478732364540297630
driving,1478732504467962348_jpg.rf.e940133c9ce910590d7e0b68bf34a20e,/home/felix/vision_datasets/self-driving-car-v2-split/train/1478732504467962348_jpg.rf.e940133c9ce910590d7e0b68bf34a20e.jpg,train,mllm_selection,1478732504467962348
driving,1478732857160221208_jpg.rf.620a4c733d7e0b34be1158d398c9ce56,/home/felix/vision_datasets/self-driving-car-v2-split/train/1478732857160221208_jpg.rf.620a4c733d7e0b34be1158d398c9ce56.jpg,train,mllm_selection,1478732857160221208
driving,1478732704613439422_jpg.rf.312dabf9bddb4a14b5a123d5fd98521f,/home/felix/vision_datasets/self-driving-car-v2-split/train/1478732704613439422_jpg.rf.312dabf9bddb4a14b5a123d5fd98521f.jpg,train,mllm_selection,1478732704613439422
driving,1478732269340057279_jpg.rf.d37a3e00a9b082c6e3dea16baa6600a5,/home/felix/vision_datasets/self-driving-car-v2-split/train/1478732269340057279_jpg.rf.d37a3e00a9b082c6e3dea16baa6600a5.jpg,train,mllm_selection,1478732269340057279
driving,1478732238371880262_jpg.rf.dcb60cf2b7d191437dc204a1228092cd,/home/felix/vision_datasets/self-driving-car-v2-split/train/1478732238371880262_jpg.rf.dcb60cf2b7d191437dc204a1228092cd.jpg,train,mllm_selection,1478732238371880262
driving,1478732326114648258_jpg.rf.2fd6657de9e3dec2b62a3fb77bd119ae,/home/felix/vision_datasets/self-driving-car-v2-split/train/1478732326114648258_jpg.rf.2fd6657de9e3dec2b62a3fb77bd119ae.jpg,train,mllm_selection,1478732326114648258
driving,1478732310630426380_jpg.rf.3e118ff561aecc0d3c37905d217c8f7c,/home/felix/vision_datasets/self-driving-car-v2-split/train/1478732310630426380_jpg.rf.3e118ff561aecc0d3c37905d217c8f7c.jpg,train,mllm_selection,1478732310630426380
driving,1478732319806167869_jpg.rf.299a1fec63f85d2068dd18269388ff8c,/home/felix/vision_datasets/self-driving-car-v2-split/train/1478732319806167869_jpg.rf.299a1fec63f85d2068dd18269388ff8c.jpg,train,mllm_selection,1478732319806167869
driving,1478732809561526144_jpg.rf.ecfbc5c183b0de6a462d46de4097bccd,/home/felix/vision_datasets/self-driving-car-v2-split/train/1478732809561526144_jpg.rf.ecfbc5c183b0de6a462d46de4097bccd.jpg,train,mllm_selection,1478732809561526144
driving,1478021620582731523_jpg.rf.a7c4b9aeafd54db213acd27cd399a9e9,/home/felix/vision_datasets/self-driving-car-v2-split/train/1478021620582731523_jpg.rf.a7c4b9aeafd54db213acd27cd399a9e9.jpg,train,mllm_selection,1478021620582731523
driving,1478733021176598700_jpg.rf.e1bafaaf036794c74f5177c42b0fab43,/home/felix/vision_datasets/self-driving-car-v2-split/train/1478733021176598700_jpg.rf.e1bafaaf036794c74f5177c42b0fab43.jpg,train,mllm_selection,1478733021176598700
driving,1478732965548444956_jpg.rf.a613927d5d5ad7ecd8c78a37bfadc1ef,/home/felix/vision_datasets/self-driving-car-v2-split/train/1478732965548444956_jpg.rf.a613927d5d5ad7ecd8c78a37bfadc1ef.jpg,train,mllm_selection,1478732965548444956
driving,1478732856013083892_jpg.rf.9f395515442995ec64df67bd23a3d2ca,/home/felix/vision_datasets/self-driving-car-v2-split/train/1478732856013083892_jpg.rf.9f395515442995ec64df67bd23a3d2ca.jpg,train,mllm_selection,1478732856013083892
driving,1478022254600444299_jpg.rf.dfc1037822062080f6d44f31c7668dbc,/home/felix/vision_datasets/self-driving-car-v2-split/train/1478022254600444299_jpg.rf.dfc1037822062080f6d44f31c7668dbc.jpg,train,mllm_selection,1478022254600444299
driving,1478732006111355293_jpg.rf.75fe2ff479fb4cf57c5874797bdf9126,/home/felix/vision_datasets/self-driving-car-v2-split/train/1478732006111355293_jpg.rf.75fe2ff479fb4cf57c5874797bdf9126.jpg,train,mllm_selection,1478732006111355293
driving,1478021655578071630_jpg.rf.8b79ddeaeabe0bc4fa6bd3f7889750a8,/home/felix/vision_datasets/self-driving-car-v2-split/train/1478021655578071630_jpg.rf.8b79ddeaeabe0bc4fa6bd3f7889750a8.jpg,train,mllm_selection,1478021655578071630
driving,1478021633581441559_jpg.rf.97caf8f895899778a9e4b37119be7dd6,/home/felix/vision_datasets/self-driving-car-v2-split/train/1478021633581441559_jpg.rf.97caf8f895899778a9e4b37119be7dd6.jpg,train,mllm_selection,1478021633581441559
driving,1478732138586316807_jpg.rf.fe2e5848e48f8f84b3124e934f1a86b7,/home/felix/vision_datasets/self-driving-car-v2-split/train/1478732138586316807_jpg.rf.fe2e5848e48f8f84b3124e934f1a86b7.jpg,train,mllm_selection,1478732138586316807
driving,1478732865188599031_jpg.rf.9d22dcc7396611a25b62da954fbc90ee,/home/felix/vision_datasets/self-driving-car-v2-split/train/1478732865188599031_jpg.rf.9d22dcc7396611a25b62da954fbc90ee.jpg,train,mllm_selection,1478732865188599031
driving,1478732149481549225_jpg.rf.c9773bd0fbb37712e4fde7dc3e0b47e6,/home/felix/vision_datasets/self-driving-car-v2-split/train/1478732149481549225_jpg.rf.c9773bd0fbb37712e4fde7dc3e0b47e6.jpg,train,mllm_selection,1478732149481549225
driving,1478732974723946216_jpg.rf.68b6e02477817a70a140c5b9a44cc02e,/home/felix/vision_datasets/self-driving-car-v2-split/train/1478732974723946216_jpg.rf.68b6e02477817a70a140c5b9a44cc02e.jpg,train,mllm_selection,1478732974723946216
driving,1478731919514677100_jpg.rf.46c056361827c4d526d7cbbdd96e0736,/home/felix/vision_datasets/self-driving-car-v2-split/train/1478731919514677100_jpg.rf.46c056361827c4d526d7cbbdd96e0736.jpg,train,mllm_selection,1478731919514677100
driving,1478732408696113890_jpg.rf.cfcdbe1b66d0c4b638c7b7af73ed24d2,/home/felix/vision_datasets/self-driving-car-v2-split/train/1478732408696113890_jpg.rf.cfcdbe1b66d0c4b638c7b7af73ed24d2.jpg,train,mllm_selection,1478732408696113890
driving,1478732757374463949_jpg.rf.96d9bb927cf675d0b3737b767460b43e,/home/felix/vision_datasets/self-driving-car-v2-split/train/1478732757374463949_jpg.rf.96d9bb927cf675d0b3737b767460b43e.jpg,train,mllm_selection,1478732757374463949
driving,1478732311778217371_jpg.rf.cf653ffc49208311e90b2569d08b197a,/home/felix/vision_datasets/self-driving-car-v2-split/train/1478732311778217371_jpg.rf.cf653ffc49208311e90b2569d08b197a.jpg,train,mllm_selection,1478732311778217371
driving,1478021619576969976_jpg.rf.022e7c39759a013f2785c3623f8c45ec,/home/felix/vision_datasets/self-driving-car-v2-split/train/1478021619576969976_jpg.rf.022e7c39759a013f2785c3623f8c45ec.jpg,train,mllm_selection,1478021619576969976
driving,1478732944329602103_jpg.rf.f246e6ae1a5b7afa34115fa3a7e11047,/home/felix/vision_datasets/self-driving-car-v2-split/train/1478732944329602103_jpg.rf.f246e6ae1a5b7afa34115fa3a7e11047.jpg,train,mllm_selection,1478732944329602103
driving,1478732459736170527_jpg.rf.88978d7147d8098b2d77a9f03c167ed0,/home/felix/vision_datasets/self-driving-car-v2-split/train/1478732459736170527_jpg.rf.88978d7147d8098b2d77a9f03c167ed0.jpg,train,mllm_selection,1478732459736170527
driving,1478732133424528401_jpg.rf.72064c51f0986a890bb642de97831a27,/home/felix/vision_datasets/self-driving-car-v2-split/train/1478732133424528401_jpg.rf.72064c51f0986a890bb642de97831a27.jpg,train,mllm_selection,1478732133424528401
driving,1478021906085332225_jpg.rf.a39703f0dc0a62fcef39871652feea6a,/home/felix/vision_datasets/self-driving-car-v2-split/train/1478021906085332225_jpg.rf.a39703f0dc0a62fcef39871652feea6a.jpg,train,mllm_selection,1478021906085332225
driving,1478732375434183837_jpg.rf.8b9eb17c98dce7eaa66cb68d19ea4b33,/home/felix/vision_datasets/self-driving-car-v2-split/train/1478732375434183837_jpg.rf.8b9eb17c98dce7eaa66cb68d19ea4b33.jpg,train,mllm_selection,1478732375434183837
driving,1478732300308018185_jpg.rf.8b3455e39cd73ee66b8960144988f015,/home/felix/vision_datasets/self-driving-car-v2-split/train/1478732300308018185_jpg.rf.8b3455e39cd73ee66b8960144988f015.jpg,train,mllm_selection,1478732300308018185
driving,1478732250988810837_jpg.rf.81a691cb52df2940570bbfb09da9db4a,/home/felix/vision_datasets/self-driving-car-v2-split/train/1478732250988810837_jpg.rf.81a691cb52df2940570bbfb09da9db4a.jpg,train,mllm_selection,1478732250988810837
driving,1478732441959031578_jpg.rf.016558e34caec212a0bf59d16ed61db1,/home/felix/vision_datasets/self-driving-car-v2-split/train/1478732441959031578_jpg.rf.016558e34caec212a0bf59d16ed61db1.jpg,train,mllm_selection,1478732441959031578
driving,1478732156938578079_jpg.rf.693c60dc524902a39880ae6d11a1cea6,/home/felix/vision_datasets/self-driving-car-v2-split/train/1478732156938578079_jpg.rf.693c60dc524902a39880ae6d11a1cea6.jpg,train,mllm_selection,1478732156938578079
driving,1478732582461818636_jpg.rf.e5ef5378ecc27c2a5305e1589742f721,/home/felix/vision_datasets/self-driving-car-v2-split/train/1478732582461818636_jpg.rf.e5ef5378ecc27c2a5305e1589742f721.jpg,train,mllm_selection,1478732582461818636
driving,1478732662749059558_jpg.rf.b0cf6c9d0c2a4e5995dc6b6353689599,/home/felix/vision_datasets/self-driving-car-v2-split/train/1478732662749059558_jpg.rf.b0cf6c9d0c2a4e5995dc6b6353689599.jpg,train,mllm_selection,1478732662749059558
driving,1478732590492459450_jpg.rf.d84e4d7a14200b13110ef565858d08c4,/home/felix/vision_datasets/self-driving-car-v2-split/train/1478732590492459450_jpg.rf.d84e4d7a14200b13110ef565858d08c4.jpg,train,mllm_selection,1478732590492459450
driving,1478022265601341058_jpg.rf.c7cad94bf81312f647372d6b3f7332d2,/home/felix/vision_datasets/self-driving-car-v2-split/train/1478022265601341058_jpg.rf.c7cad94bf81312f647372d6b3f7332d2.jpg,train,mllm_selection,1478022265601341058
driving,1478731934425294080_jpg.rf.9919c73dcb6095574a15f53667ce9f12,/home/felix/vision_datasets/self-driving-car-v2-split/train/1478731934425294080_jpg.rf.9919c73dcb6095574a15f53667ce9f12.jpg,train,mllm_selection,1478731934425294080
driving,1478732288264461006_jpg.rf.2d5720743372db058fa6ff656d699a6b,/home/felix/vision_datasets/self-driving-car-v2-split/train/1478732288264461006_jpg.rf.2d5720743372db058fa6ff656d699a6b.jpg,train,mllm_selection,1478732288264461006
driving,1478022264093290678_jpg.rf.cf53d7a9ca5c2de301943ea15c13cb20,/home/felix/vision_datasets/self-driving-car-v2-split/train/1478022264093290678_jpg.rf.cf53d7a9ca5c2de301943ea15c13cb20.jpg,train,mllm_selection,1478022264093290678
driving,1478022258600724911_jpg.rf.27a07fe850acd1c5096eb0fc12ae5eeb,/home/felix/vision_datasets/self-driving-car-v2-split/train/1478022258600724911_jpg.rf.27a07fe850acd1c5096eb0fc12ae5eeb.jpg,train,mllm_selection,1478022258600724911
driving,1478021617075316884_jpg.rf.693264f0b1b7d2477116ff8eca15ffb3,/home/felix/vision_datasets/self-driving-car-v2-split/train/1478021617075316884_jpg.rf.693264f0b1b7d2477116ff8eca15ffb3.jpg,train,mllm_selection,1478021617075316884
driving,1478021162225653053_jpg.rf.8eb15e30200ec81f289f76e23be54fb8,/home/felix/vision_datasets/self-driving-car-v2-split/train/1478021162225653053_jpg.rf.8eb15e30200ec81f289f76e23be54fb8.jpg,train,mllm_selection,1478021162225653053
driving,1478731989479957469_jpg.rf.e877f938bd3f58ededd579a0dde94b18,/home/felix/vision_datasets/self-driving-car-v2-split/train/1478731989479957469_jpg.rf.e877f938bd3f58ededd579a0dde94b18.jpg,train,mllm_selection,1478731989479957469
driving,1478732443104886189_jpg.rf.0568799bc608ed2d336d8209417f5984,/home/felix/vision_datasets/self-driving-car-v2-split/train/1478732443104886189_jpg.rf.0568799bc608ed2d336d8209417f5984.jpg,train,mllm_selection,1478732443104886189
driving,1478021879087937197_jpg.rf.ddf737c852e771b7486a50d9a893239c,/home/felix/vision_datasets/self-driving-car-v2-split/train/1478021879087937197_jpg.rf.ddf737c852e771b7486a50d9a893239c.jpg,train,mllm_selection,1478021879087937197
driving,1478732487836855070_jpg.rf.876fa4a1fbe4e521ca33b249756aae09,/home/felix/vision_datasets/self-driving-car-v2-split/train/1478732487836855070_jpg.rf.876fa4a1fbe4e521ca33b249756aae09.jpg,train,mllm_selection,1478732487836855070
driving,1478022259101037864_jpg.rf.bbae0410e467b93fa32caa7cf1da8fea,/home/felix/vision_datasets/self-driving-car-v2-split/train/1478022259101037864_jpg.rf.bbae0410e467b93fa32caa7cf1da8fea.jpg,train,mllm_selection,1478022259101037864
driving,1478731927543141498_jpg.rf.6af3fc63ce9f1d85f600f06ad6e0b784,/home/felix/vision_datasets/self-driving-car-v2-split/train/1478731927543141498_jpg.rf.6af3fc63ce9f1d85f600f06ad6e0b784.jpg,train,mllm_selection,1478731927543141498
driving,1478732673644985899_jpg.rf.22bd14c0fd9fe3cf656f28a273ac8ae9,/home/felix/vision_datasets/self-driving-car-v2-split/train/1478732673644985899_jpg.rf.22bd14c0fd9fe3cf656f28a273ac8ae9.jpg,train,mllm_selection,1478732673644985899
driving,1478732895010040548_jpg.rf.526a1855c433803e023606cfdfe6bfa1,/home/felix/vision_datasets/self-driving-car-v2-split/train/1478732895010040548_jpg.rf.526a1855c433803e023606cfdfe6bfa1.jpg,train,mllm_selection,1478732895010040548
driving,1478732883540224287_jpg.rf.97c61a825e028a20c7726bebb21c6b6d,/home/felix/vision_datasets/self-driving-car-v2-split/train/1478732883540224287_jpg.rf.97c61a825e028a20c7726bebb21c6b6d.jpg,train,mllm_selection,1478732883540224287
driving,1478731998654906646_jpg.rf.a9155157a31486b63c4e48686fec5849,/home/felix/vision_datasets/self-driving-car-v2-split/train/1478731998654906646_jpg.rf.a9155157a31486b63c4e48686fec5849.jpg,train,mllm_selection,1478731998654906646
driving,1478732594505088472_jpg.rf.c6732a1a0d3de311142f747a62947647,/home/felix/vision_datasets/self-driving-car-v2-split/train/1478732594505088472_jpg.rf.c6732a1a0d3de311142f747a62947647.jpg,train,mllm_selection,1478732594505088472
driving,1478732747624587202_jpg.rf.5afd90d5f2ed385835c851c89429a1e1,/home/felix/vision_datasets/self-driving-car-v2-split/train/1478732747624587202_jpg.rf.5afd90d5f2ed385835c851c89429a1e1.jpg,train,mllm_selection,1478732747624587202
driving,1478732173569495155_jpg.rf.5a8510fff0d2c13fadc6f9913c6c9fd4,/home/felix/vision_datasets/self-driving-car-v2-split/train/1478732173569495155_jpg.rf.5a8510fff0d2c13fadc6f9913c6c9fd4.jpg,train,mllm_selection,1478732173569495155
driving,1478732626620276687_jpg.rf.26fae0e9d834f4fbacf7fbfbb0b19b00,/home/felix/vision_datasets/self-driving-car-v2-split/train/1478732626620276687_jpg.rf.26fae0e9d834f4fbacf7fbfbb0b19b00.jpg,train,mllm_selection,1478732626620276687
driving,1478731977436292831_jpg.rf.5fb1a54496e436604606d64b8782a3fa,/home/felix/vision_datasets/self-driving-car-v2-split/train/1478731977436292831_jpg.rf.5fb1a54496e436604606d64b8782a3fa.jpg,train,mllm_selection,1478731977436292831
driving,1478732995942826298_jpg.rf.bcf4a9c5eb8ebf69b936201b2dee523e,/home/felix/vision_datasets/self-driving-car-v2-split/train/1478732995942826298_jpg.rf.bcf4a9c5eb8ebf69b936201b2dee523e.jpg,train,mllm_selection,1478732995942826298
driving,1478732184464289856_jpg.rf.b7fc22258f518c2bfd641360d13ae5bc,/home/felix/vision_datasets/self-driving-car-v2-split/train/1478732184464289856_jpg.rf.b7fc22258f518c2bfd641360d13ae5bc.jpg,train,mllm_selection,1478732184464289856
driving,1478021908585658848_jpg.rf.9bfc7e45dcfa1f23647db9c9da8107a1,/home/felix/vision_datasets/self-driving-car-v2-split/train/1478021908585658848_jpg.rf.9bfc7e45dcfa1f23647db9c9da8107a1.jpg,train,mllm_selection,1478021908585658848
driving,1478021142222118635_jpg.rf.be67899151be5ea3a07504e6e446362c,/home/felix/vision_datasets/self-driving-car-v2-split/train/1478021142222118635_jpg.rf.be67899151be5ea3a07504e6e446362c.jpg,train,mllm_selection,1478021142222118635
driving,1478732804400164303_jpg.rf.4a45bc99daf4b1ceca5d835d0a78e020,/home/felix/vision_datasets/self-driving-car-v2-split/train/1478732804400164303_jpg.rf.4a45bc99daf4b1ceca5d835d0a78e020.jpg,train,mllm_selection,1478732804400164303
driving,1478732198800906859_jpg.rf.236e957124df7abcd1a8b098ceeab3f0,/home/felix/vision_datasets/self-driving-car-v2-split/train/1478732198800906859_jpg.rf.236e957124df7abcd1a8b098ceeab3f0.jpg,train,mllm_selection,1478732198800906859
driving,1478732748199118998_jpg.rf.9f8fa1e1be5173b8805d0f5f00530722,/home/felix/vision_datasets/self-driving-car-v2-split/train/1478732748199118998_jpg.rf.9f8fa1e1be5173b8805d0f5f00530722.jpg,train,mllm_selection,1478732748199118998
driving,1478021905085596859_jpg.rf.9991f53e4a8d89ed525c6f8abbe8c04c,/home/felix/vision_datasets/self-driving-car-v2-split/train/1478021905085596859_jpg.rf.9991f53e4a8d89ed525c6f8abbe8c04c.jpg,train,mllm_selection,1478021905085596859
driving,1478731971128152197_jpg.rf.ffff9feef5c8a1600bc4f90e41942f65,/home/felix/vision_datasets/self-driving-car-v2-split/train/1478731971128152197_jpg.rf.ffff9feef5c8a1600bc4f90e41942f65.jpg,train,mllm_selection,1478731971128152197
driving,1478732102455774969_jpg.rf.9d44fb7166c70bcd1c8822951d8c473d,/home/felix/vision_datasets/self-driving-car-v2-split/train/1478732102455774969_jpg.rf.9d44fb7166c70bcd1c8822951d8c473d.jpg,train,mllm_selection,1478732102455774969
driving,1478021904094546012_jpg.rf.a0d2781e89fbb57215529e61d7b3f056,/home/felix/vision_datasets/self-driving-car-v2-split/train/1478021904094546012_jpg.rf.a0d2781e89fbb57215529e61d7b3f056.jpg,train,mllm_selection,1478021904094546012
driving,1478732843396072841_jpg.rf.9c9a5f7a50b537f8d3547589fefd8597,/home/felix/vision_datasets/self-driving-car-v2-split/train/1478732843396072841_jpg.rf.9c9a5f7a50b537f8d3547589fefd8597.jpg,train,mllm_selection,1478732843396072841
driving,1478732246402021310_jpg.rf.7840c573ec63a6f476e2b0b7c766fbc8,/home/felix/vision_datasets/self-driving-car-v2-split/train/1478732246402021310_jpg.rf.7840c573ec63a6f476e2b0b7c766fbc8.jpg,train,mllm_selection,1478732246402021310
driving,1478732388624341236_jpg.rf.191835d4754baf04d3b2adc2608afa0a,/home/felix/vision_datasets/self-driving-car-v2-split/train/1478732388624341236_jpg.rf.191835d4754baf04d3b2adc2608afa0a.jpg,train,mllm_selection,1478732388624341236
driving,1478732769990150972_jpg.rf.e3c675d00e982f1047a4acf7ee2e13e4,/home/felix/vision_datasets/self-driving-car-v2-split/train/1478732769990150972_jpg.rf.e3c675d00e982f1047a4acf7ee2e13e4.jpg,train,mllm_selection,1478732769990150972
driving,1478732837662195457_jpg.rf.db60b07631ed88576b66dc1614ba95c5,/home/felix/vision_datasets/self-driving-car-v2-split/train/1478732837662195457_jpg.rf.db60b07631ed88576b66dc1614ba95c5.jpg,train,mllm_selection,1478732837662195457
driving,1478732298014683525_jpg.rf.b93e7b8c4384b6daae18299e3e6dc34d,/home/felix/vision_datasets/self-driving-car-v2-split/train/1478732298014683525_jpg.rf.b93e7b8c4384b6daae18299e3e6dc34d.jpg,train,mllm_selection,1478732298014683525
driving,1478021156232032863_jpg.rf.d0ca9a2e93639281084122047fa0316a,/home/felix/vision_datasets/self-driving-car-v2-split/train/1478021156232032863_jpg.rf.d0ca9a2e93639281084122047fa0316a.jpg,train,mllm_selection,1478021156232032863
driving,1478732682247855638_jpg.rf.247cb5b082e225b09114883922dfb98f,/home/felix/vision_datasets/self-driving-car-v2-split/train/1478732682247855638_jpg.rf.247cb5b082e225b09114883922dfb98f.jpg,train,mllm_selection,1478732682247855638
driving,1478732073208849677_jpg.rf.018a5b2af54a34ec3758b3fd4aa911de,/home/felix/vision_datasets/self-driving-car-v2-split/train/1478732073208849677_jpg.rf.018a5b2af54a34ec3758b3fd4aa911de.jpg,train,mllm_selection,1478732073208849677
driving,1478732105896505864_jpg.rf.f562a22eaa810bf8e6ae0e2e998dc398,/home/felix/vision_datasets/self-driving-car-v2-split/train/1478732105896505864_jpg.rf.f562a22eaa810bf8e6ae0e2e998dc398.jpg,train,mllm_selection,1478732105896505864
driving,1478021157225093627_jpg.rf.cdf4d491f28f2ed4f907ac86b1d565d9,/home/felix/vision_datasets/self-driving-car-v2-split/train/1478021157225093627_jpg.rf.cdf4d491f28f2ed4f907ac86b1d565d9.jpg,train,mllm_selection,1478021157225093627
driving,1478022267595100831_jpg.rf.b822233feee0c4022d58da254bd463e4,/home/felix/vision_datasets/self-driving-car-v2-split/train/1478022267595100831_jpg.rf.b822233feee0c4022d58da254bd463e4.jpg,train,mllm_selection,1478022267595100831
driving,1478732063458501553_jpg.rf.85726a831407fd64f8d3ae620a37cad1,/home/felix/vision_datasets/self-driving-car-v2-split/train/1478732063458501553_jpg.rf.85726a831407fd64f8d3ae620a37cad1.jpg,train,mllm_selection,1478732063458501553
driving,1478732740743279101_jpg.rf.a0cd4e2c821abd8afaa64b621f91e38a,/home/felix/vision_datasets/self-driving-car-v2-split/train/1478732740743279101_jpg.rf.a0cd4e2c821abd8afaa64b621f91e38a.jpg,train,mllm_selection,1478732740743279101
driving,1478021160231450076_jpg.rf.90a06dea65113bc9339cce84d5fe406c,/home/felix/vision_datasets/self-driving-car-v2-split/train/1478021160231450076_jpg.rf.90a06dea65113bc9339cce84d5fe406c.jpg,train,mllm_selection,1478021160231450076
driving,1478021661575475373_jpg.rf.d4adca76efdeeb101d273a1c73fccbdd,/home/felix/vision_datasets/self-driving-car-v2-split/train/1478021661575475373_jpg.rf.d4adca76efdeeb101d273a1c73fccbdd.jpg,train,mllm_selection,1478021661575475373
driving,1478732418446136432_jpg.rf.9b4fc14852a03a50fc2e3f2b7f0bb879,/home/felix/vision_datasets/self-driving-car-v2-split/train/1478732418446136432_jpg.rf.9b4fc14852a03a50fc2e3f2b7f0bb879.jpg,train,mllm_selection,1478732418446136432
driving,1478732376008651571_jpg.rf.ac225fd2907ab217daa0c12a7206fa68,/home/felix/vision_datasets/self-driving-car-v2-split/train/1478732376008651571_jpg.rf.ac225fd2907ab217daa0c12a7206fa68.jpg,train,mllm_selection,1478732376008651571
driving,1478732688555973177_jpg.rf.d3564f50502e9155a989f3cb9ea81974,/home/felix/vision_datasets/self-driving-car-v2-split/train/1478732688555973177_jpg.rf.d3564f50502e9155a989f3cb9ea81974.jpg,train,mllm_selection,1478732688555973177
driving,1478732209697613224_jpg.rf.eb88465f2fd027dfd749e773160f0464,/home/felix/vision_datasets/self-driving-car-v2-split/train/1478732209697613224_jpg.rf.eb88465f2fd027dfd749e773160f0464.jpg,train,mllm_selection,1478732209697613224
driving,1478019956186247611_jpg.rf.37f464fbe11c1bc1e63b6a16a4566a60,/home/felix/vision_datasets/self-driving-car-v2-split/train/1478019956186247611_jpg.rf.37f464fbe11c1bc1e63b6a16a4566a60.jpg,train,mllm_selection,1478019956186247611
driving,1478732226328072851_jpg.rf.5e1b89516292615739d4e83f6f743a59,/home/felix/vision_datasets/self-driving-car-v2-split/train/1478732226328072851_jpg.rf.5e1b89516292615739d4e83f6f743a59.jpg,train,mllm_selection,1478732226328072851
driving,1478732084106368311_jpg.rf.87cbc18ae707bb3f0092c0fa16a8f728,/home/felix/vision_datasets/self-driving-car-v2-split/train/1478732084106368311_jpg.rf.87cbc18ae707bb3f0092c0fa16a8f728.jpg,train,mllm_selection,1478732084106368311
driving,1478019975685727611_jpg.rf.1a9791d09b2502b21fbe1c7d1b61f2d3,/home/felix/vision_datasets/self-driving-car-v2-split/train/1478019975685727611_jpg.rf.1a9791d09b2502b21fbe1c7d1b61f2d3.jpg,train,mllm_selection,1478019975685727611
driving,1478732367405363138_jpg.rf.b01e7692b6e892305800bc2b1a9038ed,/home/felix/vision_datasets/self-driving-car-v2-split/train/1478732367405363138_jpg.rf.b01e7692b6e892305800bc2b1a9038ed.jpg,train,mllm_selection,1478732367405363138
driving,1478732666190699979_jpg.rf.44d615f3aa0e336c83ef5836f4fc9ead,/home/felix/vision_datasets/self-driving-car-v2-split/train/1478732666190699979_jpg.rf.44d615f3aa0e336c83ef5836f4fc9ead.jpg,train,mllm_selection,1478732666190699979
driving,1478732584755727098_jpg.rf.17153b9572a705422183e0d96ce05769,/home/felix/vision_datasets/self-driving-car-v2-split/train/1478732584755727098_jpg.rf.17153b9572a705422183e0d96ce05769.jpg,train,mllm_selection,1478732584755727098
driving,1478733025764544089_jpg.rf.ff071022df482b89e8e61404b45e21ab,/home/felix/vision_datasets/self-driving-car-v2-split/train/1478733025764544089_jpg.rf.ff071022df482b89e8e61404b45e21ab.jpg,train,mllm_selection,1478733025764544089
driving,1478732772284869633_jpg.rf.2a1d912735a11fb748c27b1189f32e5e,/home/felix/vision_datasets/self-driving-car-v2-split/train/1478732772284869633_jpg.rf.2a1d912735a11fb748c27b1189f32e5e.jpg,train,mllm_selection,1478732772284869633
driving,1478019978686299906_jpg.rf.78058fe3e56ef40cdbaf3d2775d94d49,/home/felix/vision_datasets/self-driving-car-v2-split/train/1478019978686299906_jpg.rf.78058fe3e56ef40cdbaf3d2775d94d49.jpg,train,mllm_selection,1478019978686299906
driving,1478732756226944498_jpg.rf.289ba0bce570d1d76c769050fd2f5a51,/home/felix/vision_datasets/self-driving-car-v2-split/train/1478732756226944498_jpg.rf.289ba0bce570d1d76c769050fd2f5a51.jpg,train,mllm_selection,1478732756226944498
driving,1478732779165905311_jpg.rf.7c08adb13133c2b7b89d19a15051e1a6,/home/felix/vision_datasets/self-driving-car-v2-split/train/1478732779165905311_jpg.rf.7c08adb13133c2b7b89d19a15051e1a6.jpg,train,mllm_selection,1478732779165905311
driving,1478732727552620374_jpg.rf.1962e2b7fba0d629b69daa2aa765c94e,/home/felix/vision_datasets/self-driving-car-v2-split/train/1478732727552620374_jpg.rf.1962e2b7fba0d629b69daa2aa765c94e.jpg,train,mllm_selection,1478732727552620374
driving,1478732674792188324_jpg.rf.7517d7616e58bd1f52c1db01946901a8,/home/felix/vision_datasets/self-driving-car-v2-split/train/1478732674792188324_jpg.rf.7517d7616e58bd1f52c1db01946901a8.jpg,train,mllm_selection,1478732674792188324
driving,1478732738449457370_jpg.rf.87e301db20b52bff5e7a4d1a035401cb,/home/felix/vision_datasets/self-driving-car-v2-split/train/1478732738449457370_jpg.rf.87e301db20b52bff5e7a4d1a035401cb.jpg,train,mllm_selection,1478732738449457370
driving,1478019954685370994_jpg.rf.b2725ec9e703c9644495d02cbd07b86d,/home/felix/vision_datasets/self-driving-car-v2-split/train/1478019954685370994_jpg.rf.b2725ec9e703c9644495d02cbd07b86d.jpg,train,mllm_selection,1478019954685370994
driving,1478732337584786072_jpg.rf.a27d291fbca223febfca720640de884d,/home/felix/vision_datasets/self-driving-car-v2-split/train/1478732337584786072_jpg.rf.a27d291fbca223febfca720640de884d.jpg,train,mllm_selection,1478732337584786072
driving,1478732818163176149_jpg.rf.a4e87bda14ff7f998acc3c481ce40e35,/home/felix/vision_datasets/self-driving-car-v2-split/train/1478732818163176149_jpg.rf.a4e87bda14ff7f998acc3c481ce40e35.jpg,train,mllm_selection,1478732818163176149
driving,1478732979885601586_jpg.rf.da18fb74aadbca103755ff2293163946,/home/felix/vision_datasets/self-driving-car-v2-split/train/1478732979885601586_jpg.rf.da18fb74aadbca103755ff2293163946.jpg,train,mllm_selection,1478732979885601586
driving,1478022260101295680_jpg.rf.d496a462e027f097148229f75aa489ab,/home/felix/vision_datasets/self-driving-car-v2-split/train/1478022260101295680_jpg.rf.d496a462e027f097148229f75aa489ab.jpg,train,mllm_selection,1478022260101295680
driving,1478021920593819567_jpg.rf.5b046e94dc97839dd7b8e9e97d2195c0,/home/felix/vision_datasets/self-driving-car-v2-split/train/1478021920593819567_jpg.rf.5b046e94dc97839dd7b8e9e97d2195c0.jpg,train,mllm_selection,1478021920593819567
driving,1478021626076157956_jpg.rf.a8a0ff0d054240318faae64997099d62,/home/felix/vision_datasets/self-driving-car-v2-split/train/1478021626076157956_jpg.rf.a8a0ff0d054240318faae64997099d62.jpg,train,mllm_selection,1478021626076157956
driving,1478732919096206897_jpg.rf.85f0077b1d76f50e5d8f562395df1470,/home/felix/vision_datasets/self-driving-car-v2-split/train/1478732919096206897_jpg.rf.85f0077b1d76f50e5d8f562395df1470.jpg,train,mllm_selection,1478732919096206897
driving,1478019958682197101_jpg.rf.478da7e25d17e4b5fc3edcf355e6af84,/home/felix/vision_datasets/self-driving-car-v2-split/train/1478019958682197101_jpg.rf.478da7e25d17e4b5fc3edcf355e6af84.jpg,train,mllm_selection,1478019958682197101
driving,1478732339304639709_jpg.rf.92f91ac1a1f02fd1ed79ce4d746e8550,/home/felix/vision_datasets/self-driving-car-v2-split/train/1478732339304639709_jpg.rf.92f91ac1a1f02fd1ed79ce4d746e8550.jpg,train,mllm_selection,1478732339304639709
driving,1478732157509903884_jpg.rf.3798865a1793436101f2129a302c8610,/home/felix/vision_datasets/self-driving-car-v2-split/train/1478732157509903884_jpg.rf.3798865a1793436101f2129a302c8610.jpg,train,mllm_selection,1478732157509903884
driving,1478021650586153550_jpg.rf.bd9c2b5fe4a6de7be87518183a7e6d90,/home/felix/vision_datasets/self-driving-car-v2-split/train/1478021650586153550_jpg.rf.bd9c2b5fe4a6de7be87518183a7e6d90.jpg,train,mllm_selection,1478021650586153550
driving,1478022256601373577_jpg.rf.ebacb0117d694508092b8298bdeca3df,/home/felix/vision_datasets/self-driving-car-v2-split/train/1478022256601373577_jpg.rf.ebacb0117d694508092b8298bdeca3df.jpg,train,mllm_selection,1478022256601373577
driving,1478731999230334392_jpg.rf.1c0a823e26c6c4542eadd098ca3ca83a,/home/felix/vision_datasets/self-driving-car-v2-split/train/1478731999230334392_jpg.rf.1c0a823e26c6c4542eadd098ca3ca83a.jpg,train,mllm_selection,1478731999230334392
driving,1478021673083938572_jpg.rf.8f696c270c8cbed1d5dcda6ba9ef1ad2,/home/felix/vision_datasets/self-driving-car-v2-split/train/1478021673083938572_jpg.rf.8f696c270c8cbed1d5dcda6ba9ef1ad2.jpg,train,mllm_selection,1478021673083938572
driving,1478732627193614828_jpg.rf.793a8a0c8a69dd06e73885a53c55e11e,/home/felix/vision_datasets/self-driving-car-v2-split/train/1478732627193614828_jpg.rf.793a8a0c8a69dd06e73885a53c55e11e.jpg,train,mllm_selection,1478732627193614828
driving,1478732908774555816_jpg.rf.816bf6573956986a9c0ef0534806bbbf,/home/felix/vision_datasets/self-driving-car-v2-split/train/1478732908774555816_jpg.rf.816bf6573956986a9c0ef0534806bbbf.jpg,train,mllm_selection,1478732908774555816
driving,1478732307764031850_jpg.rf.9dda7305d2bb0de0761626e430eef64b,/home/felix/vision_datasets/self-driving-car-v2-split/train/1478732307764031850_jpg.rf.9dda7305d2bb0de0761626e430eef64b.jpg,train,mllm_selection,1478732307764031850
driving,1478732236651082206_jpg.rf.241f9b938f6b28be8f429753007dcc78,/home/felix/vision_datasets/self-driving-car-v2-split/train/1478732236651082206_jpg.rf.241f9b938f6b28be8f429753007dcc78.jpg,train,mllm_selection,1478732236651082206
driving,1478021589574738640_jpg.rf.6c6149a4c432f68ecc3d58f4417dfef1,/home/felix/vision_datasets/self-driving-car-v2-split/train/1478021589574738640_jpg.rf.6c6149a4c432f68ecc3d58f4417dfef1.jpg,train,mllm_selection,1478021589574738640
driving,1478019953689774621_jpg.rf.d812409dfe6c0440581fb46f25d7a5cb,/home/felix/vision_datasets/self-driving-car-v2-split/train/1478019953689774621_jpg.rf.d812409dfe6c0440581fb46f25d7a5cb.jpg,train,mllm_selection,1478019953689774621
driving,1478732332996652078_jpg.rf.b8b0ffaf0bfd13b1dda7af1164233c69,/home/felix/vision_datasets/self-driving-car-v2-split/train/1478732332996652078_jpg.rf.b8b0ffaf0bfd13b1dda7af1164233c69.jpg,train,mllm_selection,1478732332996652078
driving,1478732404109158333_jpg.rf.b00b12a94132b9b778afc8e9693461c5,/home/felix/vision_datasets/self-driving-car-v2-split/train/1478732404109158333_jpg.rf.b00b12a94132b9b778afc8e9693461c5.jpg,train,mllm_selection,1478732404109158333
driving,1478732475222419862_jpg.rf.38b3757c3c97d877b31a1f9e5f91d5ad,/home/felix/vision_datasets/self-driving-car-v2-split/train/1478732475222419862_jpg.rf.38b3757c3c97d877b31a1f9e5f91d5ad.jpg,train,mllm_selection,1478732475222419862
driving,1478732632930101487_jpg.rf.346ad1d734895db648fa80e3569f5595,/home/felix/vision_datasets/self-driving-car-v2-split/train/1478732632930101487_jpg.rf.346ad1d734895db648fa80e3569f5595.jpg,train,mllm_selection,1478732632930101487
driving,1478019977680527341_jpg.rf.2cdeb2639e0543103149b76566945c2c,/home/felix/vision_datasets/self-driving-car-v2-split/train/1478019977680527341_jpg.rf.2cdeb2639e0543103149b76566945c2c.jpg,train,mllm_selection,1478019977680527341
driving,1478732358229336223_jpg.rf.d4d737131bba8596b3bf244f555f842a,/home/felix/vision_datasets/self-driving-car-v2-split/train/1478732358229336223_jpg.rf.d4d737131bba8596b3bf244f555f842a.jpg,train,mllm_selection,1478732358229336223
driving,1478732201095176811_jpg.rf.acc9a33c895d588d447c8db8d11b9150,/home/felix/vision_datasets/self-driving-car-v2-split/train/1478732201095176811_jpg.rf.acc9a33c895d588d447c8db8d11b9150.jpg,train,mllm_selection,1478732201095176811
driving,1478732049123514336_jpg.rf.d4f0fbc33f20d61ace88b92b70763f73,/home/felix/vision_datasets/self-driving-car-v2-split/train/1478732049123514336_jpg.rf.d4f0fbc33f20d61ace88b92b70763f73.jpg,train,mllm_selection,1478732049123514336
driving,1478732183317350846_jpg.rf.b88cf2c49247d4f6d4d0a357af1ce855,/home/felix/vision_datasets/self-driving-car-v2-split/train/1478732183317350846_jpg.rf.b88cf2c49247d4f6d4d0a357af1ce855.jpg,train,mllm_selection,1478732183317350846
driving,1478732171847754448_jpg.rf.7d73be009f34a376629ef18a9e0d8dbc,/home/felix/vision_datasets/self-driving-car-v2-split/train/1478732171847754448_jpg.rf.7d73be009f34a376629ef18a9e0d8dbc.jpg,train,mllm_selection,1478732171847754448
driving,1478021643576333245_jpg.rf.278d954eea60cff40ef99b494455c7da,/home/felix/vision_datasets/self-driving-car-v2-split/train/1478021643576333245_jpg.rf.278d954eea60cff40ef99b494455c7da.jpg,train,mllm_selection,1478021643576333245
driving,1478733000531736437_jpg.rf.7e20676e2d4910a39d9a428ef1fca172,/home/felix/vision_datasets/self-driving-car-v2-split/train/1478733000531736437_jpg.rf.7e20676e2d4910a39d9a428ef1fca172.jpg,train,mllm_selection,1478733000531736437
driving,1478021886087232040_jpg.rf.ee10249884259894ce17e70ac5912c83,/home/felix/vision_datasets/self-driving-car-v2-split/train/1478021886087232040_jpg.rf.ee10249884259894ce17e70ac5912c83.jpg,train,mllm_selection,1478021886087232040
driving,1478732630634750688_jpg.rf.8db1b702076329168dfb425bb4e5deb3,/home/felix/vision_datasets/self-driving-car-v2-split/train/1478732630634750688_jpg.rf.8db1b702076329168dfb425bb4e5deb3.jpg,train,mllm_selection,1478732630634750688
driving,1478732296867553692_jpg.rf.77ca0458cfc7a34d30caf753b87774f0,/home/felix/vision_datasets/self-driving-car-v2-split/train/1478732296867553692_jpg.rf.77ca0458cfc7a34d30caf753b87774f0.jpg,train,mllm_selection,1478732296867553692
driving,1478021851580017633_jpg.rf.4d4f3382e98a29b1cca482ad0f8316ae,/home/felix/vision_datasets/self-driving-car-v2-split/train/1478021851580017633_jpg.rf.4d4f3382e98a29b1cca482ad0f8316ae.jpg,train,mllm_selection,1478021851580017633
driving,1478732713789424518_jpg.rf.1fb9de03be6a7514ef51bc6af924e15b,/home/felix/vision_datasets/self-driving-car-v2-split/train/1478732713789424518_jpg.rf.1fb9de03be6a7514ef51bc6af924e15b.jpg,train,mllm_selection,1478732713789424518
driving,1478732158083870309_jpg.rf.89c500c6283f6df19507c7a79f896560,/home/felix/vision_datasets/self-driving-car-v2-split/train/1478732158083870309_jpg.rf.89c500c6283f6df19507c7a79f896560.jpg,train,mllm_selection,1478732158083870309
driving,1478732013565921400_jpg.rf.5285ead37d02e121d98f362725b469e7,/home/felix/vision_datasets/self-driving-car-v2-split/train/1478732013565921400_jpg.rf.5285ead37d02e121d98f362725b469e7.jpg,train,mllm_selection,1478732013565921400
driving,1478732537156431060_jpg.rf.beda2b136b70197608533504bb855943,/home/felix/vision_datasets/self-driving-car-v2-split/train/1478732537156431060_jpg.rf.beda2b136b70197608533504bb855943.jpg,train,mllm_selection,1478732537156431060
driving,1478021897592088670_jpg.rf.957883167ca257d0affe984e3a507abd,/home/felix/vision_datasets/self-driving-car-v2-split/train/1478021897592088670_jpg.rf.957883167ca257d0affe984e3a507abd.jpg,train,mllm_selection,1478021897592088670
driving,1478732709775330413_jpg.rf.4a2fdc7d0c7794fe7b0993cffcb7bfcd,/home/felix/vision_datasets/self-driving-car-v2-split/train/1478732709775330413_jpg.rf.4a2fdc7d0c7794fe7b0993cffcb7bfcd.jpg,train,mllm_selection,1478732709775330413
driving,1478732250414454214_jpg.rf.a326bff79147b551ec7d9aaee5fcd49d,/home/felix/vision_datasets/self-driving-car-v2-split/train/1478732250414454214_jpg.rf.a326bff79147b551ec7d9aaee5fcd49d.jpg,train,mllm_selection,1478732250414454214
driving,1478732577300324102_jpg.rf.4a93cbc03b13f0558275efb52e019996,/home/felix/vision_datasets/self-driving-car-v2-split/train/1478732577300324102_jpg.rf.4a93cbc03b13f0558275efb52e019996.jpg,train,mllm_selection,1478732577300324102
driving,1478732461456418669_jpg.rf.84843d928dc23d81fd01af0942e5ae01,/home/felix/vision_datasets/self-driving-car-v2-split/train/1478732461456418669_jpg.rf.84843d928dc23d81fd01af0942e5ae01.jpg,train,mllm_selection,1478732461456418669
driving,1478732307189720500_jpg.rf.8f4b0af218b38aee46fa177bc0911ffd,/home/felix/vision_datasets/self-driving-car-v2-split/train/1478732307189720500_jpg.rf.8f4b0af218b38aee46fa177bc0911ffd.jpg,train,mllm_selection,1478732307189720500
driving,1478021607584368228_jpg.rf.93f4171a6e6bfd42574367e7049db0f6,/home/felix/vision_datasets/self-driving-car-v2-split/train/1478021607584368228_jpg.rf.93f4171a6e6bfd42574367e7049db0f6.jpg,train,mllm_selection,1478021607584368228
driving,1478732919670157792_jpg.rf.5ca3a68e637265e40608293bfb0ab25a,/home/felix/vision_datasets/self-driving-car-v2-split/train/1478732919670157792_jpg.rf.5ca3a68e637265e40608293bfb0ab25a.jpg,train,mllm_selection,1478732919670157792
driving,1478732396079655808_jpg.rf.86a6397777a5d2bc8248779ce974f8fa,/home/felix/vision_datasets/self-driving-car-v2-split/train/1478732396079655808_jpg.rf.86a6397777a5d2bc8248779ce974f8fa.jpg,train,mllm_selection,1478732396079655808
driving,1478021618076698504_jpg.rf.9dc488f3f27d9eef79f8bfbe1ccbe8fe,/home/felix/vision_datasets/self-driving-car-v2-split/train/1478021618076698504_jpg.rf.9dc488f3f27d9eef79f8bfbe1ccbe8fe.jpg,train,mllm_selection,1478021618076698504
driving,1478732760814746294_jpg.rf.c54f8dcb94f4a1e6263b24a0f6e41370,/home/felix/vision_datasets/self-driving-car-v2-split/train/1478732760814746294_jpg.rf.c54f8dcb94f4a1e6263b24a0f6e41370.jpg,train,mllm_selection,1478732760814746294
driving,1478021614575337534_jpg.rf.d025d0c09ea94fa6861d0d0c95df2f9b,/home/felix/vision_datasets/self-driving-car-v2-split/train/1478021614575337534_jpg.rf.d025d0c09ea94fa6861d0d0c95df2f9b.jpg,train,mllm_selection,1478021614575337534
driving,1478732841676480113_jpg.rf.3ca7439ac42da77b5d60945a5ec12d0a,/home/felix/vision_datasets/self-driving-car-v2-split/train/1478732841676480113_jpg.rf.3ca7439ac42da77b5d60945a5ec12d0a.jpg,train,mllm_selection,1478732841676480113
driving,1478732213711693215_jpg.rf.9da24fe6265b3c6b744750d9a50d025e,/home/felix/vision_datasets/self-driving-car-v2-split/train/1478732213711693215_jpg.rf.9da24fe6265b3c6b744750d9a50d025e.jpg,train,mllm_selection,1478732213711693215
driving,1478732233783674595_jpg.rf.5c0c3e14955c8b82007d529c2f53ec00,/home/felix/vision_datasets/self-driving-car-v2-split/train/1478732233783674595_jpg.rf.5c0c3e14955c8b82007d529c2f53ec00.jpg,train,mllm_selection,1478732233783674595
driving,1478732687982611234_jpg.rf.01de274f905ef415c13b3c5ab494b957,/home/felix/vision_datasets/self-driving-car-v2-split/train/1478732687982611234_jpg.rf.01de274f905ef415c13b3c5ab494b957.jpg,train,mllm_selection,1478732687982611234
driving,1478732522819572733_jpg.rf.489cf453f98ea9f55cf66393b7a7d968,/home/felix/vision_datasets/self-driving-car-v2-split/train/1478732522819572733_jpg.rf.489cf453f98ea9f55cf66393b7a7d968.jpg,train,mllm_selection,1478732522819572733
driving,1478732034784865346_jpg.rf.51f6ece8f4548a63dbdf883af5873ea7,/home/felix/vision_datasets/self-driving-car-v2-split/train/1478732034784865346_jpg.rf.51f6ece8f4548a63dbdf883af5873ea7.jpg,train,mllm_selection,1478732034784865346
driving,1478732920816991690_jpg.rf.c0bcf8a255337090b0355c4e8d6c9ca4,/home/felix/vision_datasets/self-driving-car-v2-split/train/1478732920816991690_jpg.rf.c0bcf8a255337090b0355c4e8d6c9ca4.jpg,train,mllm_selection,1478732920816991690
driving,1478732642677891403_jpg.rf.3b24fa0e0ff0108377dccc6b28e5ff5c,/home/felix/vision_datasets/self-driving-car-v2-split/train/1478732642677891403_jpg.rf.3b24fa0e0ff0108377dccc6b28e5ff5c.jpg,train,mllm_selection,1478732642677891403
driving,1478732888701352901_jpg.rf.fe850d9e2500af25503b9e753eb734f7,/home/felix/vision_datasets/self-driving-car-v2-split/train/1478732888701352901_jpg.rf.fe850d9e2500af25503b9e753eb734f7.jpg,train,mllm_selection,1478732888701352901
driving,1478732172994492015_jpg.rf.a6016feb7d6dce48dcd4c4df707b6340,/home/felix/vision_datasets/self-driving-car-v2-split/train/1478732172994492015_jpg.rf.a6016feb7d6dce48dcd4c4df707b6340.jpg,train,mllm_selection,1478732172994492015
driving,1478731991773718423_jpg.rf.cd5aa1e3958a0c254f94c2c03b9cd722,/home/felix/vision_datasets/self-driving-car-v2-split/train/1478731991773718423_jpg.rf.cd5aa1e3958a0c254f94c2c03b9cd722.jpg,train,mllm_selection,1478731991773718423
driving,1478732664469393468_jpg.rf.e0f1757d7aee6f6415d89e74f3f25a3e,/home/felix/vision_datasets/self-driving-car-v2-split/train/1478732664469393468_jpg.rf.e0f1757d7aee6f6415d89e74f3f25a3e.jpg,train,mllm_selection,1478732664469393468
driving,1478732039945876696_jpg.rf.e626b6191a169c0aa1e4cfeaf7c3556c,/home/felix/vision_datasets/self-driving-car-v2-split/train/1478732039945876696_jpg.rf.e626b6191a169c0aa1e4cfeaf7c3556c.jpg,train,mllm_selection,1478732039945876696
driving,1478732856587236125_jpg.rf.b73423e5f609ba83ee00276690532199,/home/felix/vision_datasets/self-driving-car-v2-split/train/1478732856587236125_jpg.rf.b73423e5f609ba83ee00276690532199.jpg,train,mllm_selection,1478732856587236125
driving,1478732924831538099_jpg.rf.d9567d99934ce04421f37527db006f21,/home/felix/vision_datasets/self-driving-car-v2-split/train/1478732924831538099_jpg.rf.d9567d99934ce04421f37527db006f21.jpg,train,mllm_selection,1478732924831538099
driving,1478732788342237550_jpg.rf.378ce87962b0c007756c6a1939cc9d92,/home/felix/vision_datasets/self-driving-car-v2-split/train/1478732788342237550_jpg.rf.378ce87962b0c007756c6a1939cc9d92.jpg,train,mllm_selection,1478732788342237550
driving,1478732604827531945_jpg.rf.7f9e308ad193a49b8c21bb992948790c,/home/felix/vision_datasets/self-driving-car-v2-split/train/1478732604827531945_jpg.rf.7f9e308ad193a49b8c21bb992948790c.jpg,train,mllm_selection,1478732604827531945
driving,1478732232063585165_jpg.rf.8f6cd741e9bd97ddb22d98a76d256c67,/home/felix/vision_datasets/self-driving-car-v2-split/train/1478732232063585165_jpg.rf.8f6cd741e9bd97ddb22d98a76d256c67.jpg,train,mllm_selection,1478732232063585165
driving,1478731901736718571_jpg.rf.619a746b4cbf7187ef094ea5442cd2af,/home/felix/vision_datasets/self-driving-car-v2-split/train/1478731901736718571_jpg.rf.619a746b4cbf7187ef094ea5442cd2af.jpg,train,mllm_selection,1478731901736718571
driving,1478731963673092320_jpg.rf.c75e0c4f33a83cbc78a6f6d1fd78d215,/home/felix/vision_datasets/self-driving-car-v2-split/train/1478731963673092320_jpg.rf.c75e0c4f33a83cbc78a6f6d1fd78d215.jpg,train,mllm_selection,1478731963673092320
driving,1478732916229113329_jpg.rf.376347f0e60482b6c58fb3760a69f75f,/home/felix/vision_datasets/self-driving-car-v2-split/train/1478732916229113329_jpg.rf.376347f0e60482b6c58fb3760a69f75f.jpg,train,mllm_selection,1478732916229113329
driving,1478021584075204499_jpg.rf.4093bf30d4927b69aed5b04d199f1a14,/home/felix/vision_datasets/self-driving-car-v2-split/train/1478021584075204499_jpg.rf.4093bf30d4927b69aed5b04d199f1a14.jpg,train,mllm_selection,1478021584075204499
driving,1478731936718716748_jpg.rf.2ecba091b1f05d475786d3c5295d7462,/home/felix/vision_datasets/self-driving-car-v2-split/train/1478731936718716748_jpg.rf.2ecba091b1f05d475786d3c5295d7462.jpg,train,mllm_selection,1478731936718716748
driving,1478732761961861906_jpg.rf.402f5a9146238598e2c0ab705b8dc57b,/home/felix/vision_datasets/self-driving-car-v2-split/train/1478732761961861906_jpg.rf.402f5a9146238598e2c0ab705b8dc57b.jpg,train,mllm_selection,1478732761961861906
driving,1478732609415927759_jpg.rf.d9dc8b9ee4125a01254d3d341b0a7c63,/home/felix/vision_datasets/self-driving-car-v2-split/train/1478732609415927759_jpg.rf.d9dc8b9ee4125a01254d3d341b0a7c63.jpg,train,mllm_selection,1478732609415927759
driving,1478731966540086588_jpg.rf.f43192ae3eb848f68bce3d45d97c5949,/home/felix/vision_datasets/self-driving-car-v2-split/train/1478731966540086588_jpg.rf.f43192ae3eb848f68bce3d45d97c5949.jpg,train,mllm_selection,1478731966540086588
driving,1478732587049835014_jpg.rf.df425492c71629656aec15835f0fe8a4,/home/felix/vision_datasets/self-driving-car-v2-split/train/1478732587049835014_jpg.rf.df425492c71629656aec15835f0fe8a4.jpg,train,mllm_selection,1478732587049835014
driving,1478022265101530031_jpg.rf.30b7cc33d655405bedace6efbd175194,/home/felix/vision_datasets/self-driving-car-v2-split/train/1478022265101530031_jpg.rf.30b7cc33d655405bedace6efbd175194.jpg,train,mllm_selection,1478022265101530031
driving,1478732108190665020_jpg.rf.d3f7071e3843314df2cc22faab081690,/home/felix/vision_datasets/self-driving-car-v2-split/train/1478732108190665020_jpg.rf.d3f7071e3843314df2cc22faab081690.jpg,train,mllm_selection,1478732108190665020
driving,1478732282529520764_jpg.rf.cee35fa43edfb3267bc1fb7b4186f4df,/home/felix/vision_datasets/self-driving-car-v2-split/train/1478732282529520764_jpg.rf.cee35fa43edfb3267bc1fb7b4186f4df.jpg,train,mllm_selection,1478732282529520764
driving,1478732749345691354_jpg.rf.b6441288725c544eb9a4c7d96d9d5f15,/home/felix/vision_datasets/self-driving-car-v2-split/train/1478732749345691354_jpg.rf.b6441288725c544eb9a4c7d96d9d5f15.jpg,train,mllm_selection,1478732749345691354
driving,1478732821603865012_jpg.rf.8364e63cce7bcbb977ab1626cee08fa0,/home/felix/vision_datasets/self-driving-car-v2-split/train/1478732821603865012_jpg.rf.8364e63cce7bcbb977ab1626cee08fa0.jpg,train,mllm_selection,1478732821603865012
driving,1478732264752504539_jpg.rf.58ac20838d1b53ac0b433dddc729349e,/home/felix/vision_datasets/self-driving-car-v2-split/train/1478732264752504539_jpg.rf.58ac20838d1b53ac0b433dddc729349e.jpg,train,mllm_selection,1478732264752504539
driving,1478732082957393383_jpg.rf.2154905ff44f9fa6d80ef8f1b205765b,/home/felix/vision_datasets/self-driving-car-v2-split/train/1478732082957393383_jpg.rf.2154905ff44f9fa6d80ef8f1b205765b.jpg,train,mllm_selection,1478732082957393383
driving,1478732634649520519_jpg.rf.b9b66771aaa2234cb8be8cfbcac160f7,/home/felix/vision_datasets/self-driving-car-v2-split/train/1478732634649520519_jpg.rf.b9b66771aaa2234cb8be8cfbcac160f7.jpg,train,mllm_selection,1478732634649520519
driving,1478732002669459440_jpg.rf.e8ace8d274af1150725d15f8c31fcd10,/home/felix/vision_datasets/self-driving-car-v2-split/train/1478732002669459440_jpg.rf.e8ace8d274af1150725d15f8c31fcd10.jpg,train,mllm_selection,1478732002669459440
driving,1478732057151167731_jpg.rf.45935d3ad9c355d96a262c6bfc64228a,/home/felix/vision_datasets/self-driving-car-v2-split/train/1478732057151167731_jpg.rf.45935d3ad9c355d96a262c6bfc64228a.jpg,train,mllm_selection,1478732057151167731
driving,1478731894854932775_jpg.rf.35f732c59cfb436c40e7e39cd96d0a49,/home/felix/vision_datasets/self-driving-car-v2-split/train/1478731894854932775_jpg.rf.35f732c59cfb436c40e7e39cd96d0a49.jpg,train,mllm_selection,1478731894854932775
driving,1478732523392462578_jpg.rf.488275f294c58c94cf0bcaba9c151be2,/home/felix/vision_datasets/self-driving-car-v2-split/train/1478732523392462578_jpg.rf.488275f294c58c94cf0bcaba9c151be2.jpg,train,mllm_selection,1478732523392462578
driving,1478732258444367517_jpg.rf.e505bd0c10aded0943704681fa241c63,/home/felix/vision_datasets/self-driving-car-v2-split/train/1478732258444367517_jpg.rf.e505bd0c10aded0943704681fa241c63.jpg,train,mllm_selection,1478732258444367517
driving,1478732061164489684_jpg.rf.720b659410c88ff11afb0c7699f0a9f1,/home/felix/vision_datasets/self-driving-car-v2-split/train/1478732061164489684_jpg.rf.720b659410c88ff11afb0c7699f0a9f1.jpg,train,mllm_selection,1478732061164489684
driving,1478732295146232488_jpg.rf.50d2bd689c2e7c85f72fddba5297a47c,/home/felix/vision_datasets/self-driving-car-v2-split/train/1478732295146232488_jpg.rf.50d2bd689c2e7c85f72fddba5297a47c.jpg,train,mllm_selection,1478732295146232488
driving,1478732774005666759_jpg.rf.789244e70fc5f2f05a936cb746bb9f5b,/home/felix/vision_datasets/self-driving-car-v2-split/train/1478732774005666759_jpg.rf.789244e70fc5f2f05a936cb746bb9f5b.jpg,train,mllm_selection,1478732774005666759
driving,1478732478087801429_jpg.rf.3348d11f0b1b68d372a20a20cb091036,/home/felix/vision_datasets/self-driving-car-v2-split/train/1478732478087801429_jpg.rf.3348d11f0b1b68d372a20a20cb091036.jpg,train,mllm_selection,1478732478087801429
driving,1478732270487536556_jpg.rf.7cd701a75e5d14cad3a7dd5e404c08dd,/home/felix/vision_datasets/self-driving-car-v2-split/train/1478732270487536556_jpg.rf.7cd701a75e5d14cad3a7dd5e404c08dd.jpg,train,mllm_selection,1478732270487536556
driving,1478021593080174341_jpg.rf.abcc5dc1c0b17b4fba0964418f920b9f,/home/felix/vision_datasets/self-driving-car-v2-split/train/1478021593080174341_jpg.rf.abcc5dc1c0b17b4fba0964418f920b9f.jpg,train,mllm_selection,1478021593080174341
