dataset,image_id,filepath,source_split,partition,source_group_id
coco-rem,000000000139,/home/felix/fiftyone/coco-2017/validation/data/000000000139.jpg,validation,locked_confirmation,000000000139
coco-rem,000000000285,/home/felix/fiftyone/coco-2017/validation/data/000000000285.jpg,validation,locked_confirmation,000000000285
coco-rem,000000000632,/home/felix/fiftyone/coco-2017/validation/data/000000000632.jpg,validation,locked_confirmation,000000000632
coco-rem,000000000724,/home/felix/fiftyone/coco-2017/validation/data/000000000724.jpg,validation,locked_confirmation,000000000724
coco-rem,000000000776,/home/felix/fiftyone/coco-2017/validation/data/000000000776.jpg,validation,locked_confirmation,000000000776
coco-rem,000000000785,/home/felix/fiftyone/coco-2017/validation/data/000000000785.jpg,validation,locked_confirmation,000000000785
coco-rem,000000000802,/home/felix/fiftyone/coco-2017/validation/data/000000000802.jpg,validation,locked_confirmation,000000000802
coco-rem,000000000872,/home/felix/fiftyone/coco-2017/validation/data/000000000872.jpg,validation,locked_confirmation,000000000872
coco-rem,000000000885,/home/felix/fiftyone/coco-2017/validation/data/000000000885.jpg,validation,locked_confirmation,000000000885
coco-rem,000000001000,/home/felix/fiftyone/coco-2017/validation/data/000000001000.jpg,validation,locked_confirmation,000000001000
coco-rem,000000001268,/home/felix/fiftyone/coco-2017/validation/data/000000001268.jpg,validation,locked_confirmation,000000001268
coco-rem,000000001296,/home/felix/fiftyone/coco-2017/validation/data/000000001296.jpg,validation,locked_confirmation,000000001296
coco-rem,000000001353,/home/felix/fiftyone/coco-2017/validation/data/000000001353.jpg,validation,locked_confirmation,000000001353
coco-rem,000000001425,/home/felix/fiftyone/coco-2017/validation/data/000000001425.jpg,validation,locked_confirmation,000000001425
coco-rem,000000001490,/home/felix/fiftyone/coco-2017/validation/data/000000001490.jpg,validation,locked_confirmation,000000001490
coco-rem,000000001503,/home/felix/fiftyone/coco-2017/validation/data/000000001503.jpg,validation,locked_confirmation,000000001503
coco-rem,000000001532,/home/felix/fiftyone/coco-2017/validation/data/000000001532.jpg,validation,locked_confirmation,000000001532
coco-rem,000000001584,/home/felix/fiftyone/coco-2017/validation/data/000000001584.jpg,validation,locked_confirmation,000000001584
coco-rem,000000001675,/home/felix/fiftyone/coco-2017/validation/data/000000001675.jpg,validation,locked_confirmation,000000001675
coco-rem,000000001761,/home/felix/fiftyone/coco-2017/validation/data/000000001761.jpg,validation,locked_confirmation,000000001761
coco-rem,000000001818,/home/felix/fiftyone/coco-2017/validation/data/000000001818.jpg,validation,locked_confirmation,000000001818
coco-rem,000000001993,/home/felix/fiftyone/coco-2017/validation/data/000000001993.jpg,validation,locked_confirmation,000000001993
coco-rem,000000002006,/home/felix/fiftyone/coco-2017/validation/data/000000002006.jpg,validation,locked_confirmation,000000002006
coco-rem,000000002149,/home/felix/fiftyone/coco-2017/validation/data/000000002149.jpg,validation,locked_confirmation,000000002149
coco-rem,000000002153,/home/felix/fiftyone/coco-2017/validation/data/000000002153.jpg,validation,locked_confirmation,000000002153
coco-rem,000000002157,/home/felix/fiftyone/coco-2017/validation/data/000000002157.jpg,validation,locked_confirmation,000000002157
coco-rem,000000002261,/home/felix/fiftyone/coco-2017/validation/data/000000002261.jpg,validation,locked_confirmation,000000002261
coco-rem,000000002299,/home/felix/fiftyone/coco-2017/validation/data/000000002299.jpg,validation,locked_confirmation,000000002299
coco-rem,000000002431,/home/felix/fiftyone/coco-2017/validation/data/000000002431.jpg,validation,locked_confirmation,000000002431
coco-rem,000000002473,/home/felix/fiftyone/coco-2017/validation/data/000000002473.jpg,validation,locked_confirmation,000000002473
coco-rem,000000002532,/home/felix/fiftyone/coco-2017/validation/data/000000002532.jpg,validation,locked_confirmation,000000002532
coco-rem,000000002587,/home/felix/fiftyone/coco-2017/validation/data/000000002587.jpg,validation,locked_confirmation,000000002587
coco-rem,000000002592,/home/felix/fiftyone/coco-2017/validation/data/000000002592.jpg,validation,locked_confirmation,000000002592
coco-rem,000000002685,/home/felix/fiftyone/coco-2017/validation/data/000000002685.jpg,validation,locked_confirmation,000000002685
coco-rem,000000002923,/home/felix/fiftyone/coco-2017/validation/data/000000002923.jpg,validation,locked_confirmation,000000002923
coco-rem,000000003156,/home/felix/fiftyone/coco-2017/validation/data/000000003156.jpg,validation,locked_confirmation,000000003156
coco-rem,000000003255,/home/felix/fiftyone/coco-2017/validation/data/000000003255.jpg,validation,locked_confirmation,000000003255
coco-rem,000000003501,/home/felix/fiftyone/coco-2017/validation/data/000000003501.jpg,validation,locked_confirmation,000000003501
coco-rem,000000003553,/home/felix/fiftyone/coco-2017/validation/data/000000003553.jpg,validation,locked_confirmation,000000003553
coco-rem,000000003661,/home/felix/fiftyone/coco-2017/validation/data/000000003661.jpg,validation,locked_confirmation,000000003661
coco-rem,000000003845,/home/felix/fiftyone/coco-2017/validation/data/000000003845.jpg,validation,locked_confirmation,000000003845
coco-rem,000000003934,/home/felix/fiftyone/coco-2017/validation/data/000000003934.jpg,validation,locked_confirmation,000000003934
coco-rem,000000004134,/home/felix/fiftyone/coco-2017/validation/data/000000004134.jpg,validation,locked_confirmation,000000004134
coco-rem,000000004395,/home/felix/fiftyone/coco-2017/validation/data/000000004395.jpg,validation,locked_confirmation,000000004395
coco-rem,000000004495,/home/felix/fiftyone/coco-2017/validation/data/000000004495.jpg,validation,locked_confirmation,000000004495
coco-rem,000000004765,/home/felix/fiftyone/coco-2017/validation/data/000000004765.jpg,validation,locked_confirmation,000000004765
coco-rem,000000004795,/home/felix/fiftyone/coco-2017/validation/data/000000004795.jpg,validation,locked_confirmation,000000004795
coco-rem,000000005001,/home/felix/fiftyone/coco-2017/validation/data/000000005001.jpg,validation,locked_confirmation,000000005001
coco-rem,000000005037,/home/felix/fiftyone/coco-2017/validation/data/000000005037.jpg,validation,locked_confirmation,000000005037
coco-rem,000000005060,/home/felix/fiftyone/coco-2017/validation/data/000000005060.jpg,validation,locked_confirmation,000000005060
coco-rem,000000005193,/home/felix/fiftyone/coco-2017/validation/data/000000005193.jpg,validation,locked_confirmation,000000005193
coco-rem,000000005477,/home/felix/fiftyone/coco-2017/validation/data/000000005477.jpg,validation,locked_confirmation,000000005477
coco-rem,000000005503,/home/felix/fiftyone/coco-2017/validation/data/000000005503.jpg,validation,locked_confirmation,000000005503
coco-rem,000000005529,/home/felix/fiftyone/coco-2017/validation/data/000000005529.jpg,validation,locked_confirmation,000000005529
coco-rem,000000005586,/home/felix/fiftyone/coco-2017/validation/data/000000005586.jpg,validation,locked_confirmation,000000005586
coco-rem,000000005600,/home/felix/fiftyone/coco-2017/validation/data/000000005600.jpg,validation,locked_confirmation,000000005600
coco-rem,000000005992,/home/felix/fiftyone/coco-2017/validation/data/000000005992.jpg,validation,locked_confirmation,000000005992
coco-rem,000000006012,/home/felix/fiftyone/coco-2017/validation/data/000000006012.jpg,validation,locked_confirmation,000000006012
coco-rem,000000006040,/home/felix/fiftyone/coco-2017/validation/data/000000006040.jpg,validation,locked_confirmation,000000006040
coco-rem,000000006213,/home/felix/fiftyone/coco-2017/validation/data/000000006213.jpg,validation,locked_confirmation,000000006213
coco-rem,000000006460,/home/felix/fiftyone/coco-2017/validation/data/000000006460.jpg,validation,locked_confirmation,000000006460
coco-rem,000000006471,/home/felix/fiftyone/coco-2017/validation/data/000000006471.jpg,validation,locked_confirmation,000000006471
coco-rem,000000006614,/home/felix/fiftyone/coco-2017/validation/data/000000006614.jpg,validation,locked_confirmation,000000006614
coco-rem,000000006723,/home/felix/fiftyone/coco-2017/validation/data/000000006723.jpg,validation,locked_confirmation,000000006723
coco-rem,000000006763,/home/felix/fiftyone/coco-2017/validation/data/000000006763.jpg,validation,locked_confirmation,000000006763
coco-rem,000000006771,/home/felix/fiftyone/coco-2017/validation/data/000000006771.jpg,validation,locked_confirmation,000000006771
coco-rem,000000006818,/home/felix/fiftyone/coco-2017/validation/data/000000006818.jpg,validation,locked_confirmation,000000006818
coco-rem,000000006894,/home/felix/fiftyone/coco-2017/validation/data/000000006894.jpg,validation,locked_confirmation,000000006894
coco-rem,000000006954,/home/felix/fiftyone/coco-2017/validation/data/000000006954.jpg,validation,locked_confirmation,000000006954
coco-rem,000000007088,/home/felix/fiftyone/coco-2017/validation/data/000000007088.jpg,validation,locked_confirmation,000000007088
coco-rem,000000007108,/home/felix/fiftyone/coco-2017/validation/data/000000007108.jpg,validation,locked_confirmation,000000007108
coco-rem,000000007278,/home/felix/fiftyone/coco-2017/validation/data/000000007278.jpg,validation,locked_confirmation,000000007278
coco-rem,000000007281,/home/felix/fiftyone/coco-2017/validation/data/000000007281.jpg,validation,locked_confirmation,000000007281
coco-rem,000000007386,/home/felix/fiftyone/coco-2017/validation/data/000000007386.jpg,validation,locked_confirmation,000000007386
coco-rem,000000007511,/home/felix/fiftyone/coco-2017/validation/data/000000007511.jpg,validation,locked_confirmation,000000007511
coco-rem,000000007574,/home/felix/fiftyone/coco-2017/validation/data/000000007574.jpg,validation,locked_confirmation,000000007574
coco-rem,000000007784,/home/felix/fiftyone/coco-2017/validation/data/000000007784.jpg,validation,locked_confirmation,000000007784
coco-rem,000000007795,/home/felix/fiftyone/coco-2017/validation/data/000000007795.jpg,validation,locked_confirmation,000000007795
coco-rem,000000007816,/home/felix/fiftyone/coco-2017/validation/data/000000007816.jpg,validation,locked_confirmation,000000007816
coco-rem,000000007818,/home/felix/fiftyone/coco-2017/validation/data/000000007818.jpg,validation,locked_confirmation,000000007818
coco-rem,000000007888,/home/felix/fiftyone/coco-2017/validation/data/000000007888.jpg,validation,locked_confirmation,000000007888
coco-rem,000000007977,/home/felix/fiftyone/coco-2017/validation/data/000000007977.jpg,validation,locked_confirmation,000000007977
coco-rem,000000007991,/home/felix/fiftyone/coco-2017/validation/data/000000007991.jpg,validation,locked_confirmation,000000007991
coco-rem,000000008021,/home/felix/fiftyone/coco-2017/validation/data/000000008021.jpg,validation,locked_confirmation,000000008021
coco-rem,000000008211,/home/felix/fiftyone/coco-2017/validation/data/000000008211.jpg,validation,locked_confirmation,000000008211
coco-rem,000000008277,/home/felix/fiftyone/coco-2017/validation/data/000000008277.jpg,validation,locked_confirmation,000000008277
coco-rem,000000008532,/home/felix/fiftyone/coco-2017/validation/data/000000008532.jpg,validation,locked_confirmation,000000008532
coco-rem,000000008629,/home/felix/fiftyone/coco-2017/validation/data/000000008629.jpg,validation,locked_confirmation,000000008629
coco-rem,000000008690,/home/felix/fiftyone/coco-2017/validation/data/000000008690.jpg,validation,locked_confirmation,000000008690
coco-rem,000000008762,/home/felix/fiftyone/coco-2017/validation/data/000000008762.jpg,validation,locked_confirmation,000000008762
coco-rem,000000008844,/home/felix/fiftyone/coco-2017/validation/data/000000008844.jpg,validation,locked_confirmation,000000008844
coco-rem,000000008899,/home/felix/fiftyone/coco-2017/validation/data/000000008899.jpg,validation,locked_confirmation,000000008899
coco-rem,000000009378,/home/felix/fiftyone/coco-2017/validation/data/000000009378.jpg,validation,locked_confirmation,000000009378
coco-rem,000000009400,/home/felix/fiftyone/coco-2017/validation/data/000000009400.jpg,validation,locked_confirmation,000000009400
coco-rem,000000009448,/home/felix/fiftyone/coco-2017/validation/data/000000009448.jpg,validation,locked_confirmation,000000009448
coco-rem,000000009483,/home/felix/fiftyone/coco-2017/validation/data/000000009483.jpg,validation,locked_confirmation,000000009483
coco-rem,000000009590,/home/felix/fiftyone/coco-2017/validation/data/000000009590.jpg,validation,locked_confirmation,000000009590
coco-rem,000000009769,/home/felix/fiftyone/coco-2017/validation/data/000000009769.jpg,validation,locked_confirmation,000000009769
coco-rem,000000009772,/home/felix/fiftyone/coco-2017/validation/data/000000009772.jpg,validation,locked_confirmation,000000009772
coco-rem,000000009891,/home/felix/fiftyone/coco-2017/validation/data/000000009891.jpg,validation,locked_confirmation,000000009891
coco-rem,000000009914,/home/felix/fiftyone/coco-2017/validation/data/000000009914.jpg,validation,locked_confirmation,000000009914
coco-rem,000000010092,/home/felix/fiftyone/coco-2017/validation/data/000000010092.jpg,validation,locked_confirmation,000000010092
coco-rem,000000010363,/home/felix/fiftyone/coco-2017/validation/data/000000010363.jpg,validation,locked_confirmation,000000010363
coco-rem,000000010583,/home/felix/fiftyone/coco-2017/validation/data/000000010583.jpg,validation,locked_confirmation,000000010583
coco-rem,000000010707,/home/felix/fiftyone/coco-2017/validation/data/000000010707.jpg,validation,locked_confirmation,000000010707
coco-rem,000000010764,/home/felix/fiftyone/coco-2017/validation/data/000000010764.jpg,validation,locked_confirmation,000000010764
coco-rem,000000010977,/home/felix/fiftyone/coco-2017/validation/data/000000010977.jpg,validation,locked_confirmation,000000010977
coco-rem,000000010995,/home/felix/fiftyone/coco-2017/validation/data/000000010995.jpg,validation,locked_confirmation,000000010995
coco-rem,000000011051,/home/felix/fiftyone/coco-2017/validation/data/000000011051.jpg,validation,locked_confirmation,000000011051
coco-rem,000000011122,/home/felix/fiftyone/coco-2017/validation/data/000000011122.jpg,validation,locked_confirmation,000000011122
coco-rem,000000011149,/home/felix/fiftyone/coco-2017/validation/data/000000011149.jpg,validation,locked_confirmation,000000011149
coco-rem,000000011197,/home/felix/fiftyone/coco-2017/validation/data/000000011197.jpg,validation,locked_confirmation,000000011197
coco-rem,000000011511,/home/felix/fiftyone/coco-2017/validation/data/000000011511.jpg,validation,locked_confirmation,000000011511
coco-rem,000000011615,/home/felix/fiftyone/coco-2017/validation/data/000000011615.jpg,validation,locked_confirmation,000000011615
coco-rem,000000011699,/home/felix/fiftyone/coco-2017/validation/data/000000011699.jpg,validation,locked_confirmation,000000011699
coco-rem,000000011760,/home/felix/fiftyone/coco-2017/validation/data/000000011760.jpg,validation,locked_confirmation,000000011760
coco-rem,000000011813,/home/felix/fiftyone/coco-2017/validation/data/000000011813.jpg,validation,locked_confirmation,000000011813
coco-rem,000000012062,/home/felix/fiftyone/coco-2017/validation/data/000000012062.jpg,validation,locked_confirmation,000000012062
coco-rem,000000012120,/home/felix/fiftyone/coco-2017/validation/data/000000012120.jpg,validation,locked_confirmation,000000012120
coco-rem,000000012280,/home/felix/fiftyone/coco-2017/validation/data/000000012280.jpg,validation,locked_confirmation,000000012280
coco-rem,000000012576,/home/felix/fiftyone/coco-2017/validation/data/000000012576.jpg,validation,locked_confirmation,000000012576
coco-rem,000000012639,/home/felix/fiftyone/coco-2017/validation/data/000000012639.jpg,validation,locked_confirmation,000000012639
coco-rem,000000012667,/home/felix/fiftyone/coco-2017/validation/data/000000012667.jpg,validation,locked_confirmation,000000012667
coco-rem,000000012670,/home/felix/fiftyone/coco-2017/validation/data/000000012670.jpg,validation,locked_confirmation,000000012670
coco-rem,000000012748,/home/felix/fiftyone/coco-2017/validation/data/000000012748.jpg,validation,locked_confirmation,000000012748
coco-rem,000000013004,/home/felix/fiftyone/coco-2017/validation/data/000000013004.jpg,validation,locked_confirmation,000000013004
coco-rem,000000013177,/home/felix/fiftyone/coco-2017/validation/data/000000013177.jpg,validation,locked_confirmation,000000013177
coco-rem,000000013201,/home/felix/fiftyone/coco-2017/validation/data/000000013201.jpg,validation,locked_confirmation,000000013201
coco-rem,000000013291,/home/felix/fiftyone/coco-2017/validation/data/000000013291.jpg,validation,locked_confirmation,000000013291
coco-rem,000000013348,/home/felix/fiftyone/coco-2017/validation/data/000000013348.jpg,validation,locked_confirmation,000000013348
coco-rem,000000013546,/home/felix/fiftyone/coco-2017/validation/data/000000013546.jpg,validation,locked_confirmation,000000013546
coco-rem,000000013597,/home/felix/fiftyone/coco-2017/validation/data/000000013597.jpg,validation,locked_confirmation,000000013597
coco-rem,000000013659,/home/felix/fiftyone/coco-2017/validation/data/000000013659.jpg,validation,locked_confirmation,000000013659
coco-rem,000000013729,/home/felix/fiftyone/coco-2017/validation/data/000000013729.jpg,validation,locked_confirmation,000000013729
coco-rem,000000013774,/home/felix/fiftyone/coco-2017/validation/data/000000013774.jpg,validation,locked_confirmation,000000013774
coco-rem,000000013923,/home/felix/fiftyone/coco-2017/validation/data/000000013923.jpg,validation,locked_confirmation,000000013923
coco-rem,000000014007,/home/felix/fiftyone/coco-2017/validation/data/000000014007.jpg,validation,locked_confirmation,000000014007
coco-rem,000000014038,/home/felix/fiftyone/coco-2017/validation/data/000000014038.jpg,validation,locked_confirmation,000000014038
coco-rem,000000014226,/home/felix/fiftyone/coco-2017/validation/data/000000014226.jpg,validation,locked_confirmation,000000014226
coco-rem,000000014380,/home/felix/fiftyone/coco-2017/validation/data/000000014380.jpg,validation,locked_confirmation,000000014380
coco-rem,000000014439,/home/felix/fiftyone/coco-2017/validation/data/000000014439.jpg,validation,locked_confirmation,000000014439
coco-rem,000000014473,/home/felix/fiftyone/coco-2017/validation/data/000000014473.jpg,validation,locked_confirmation,000000014473
coco-rem,000000014831,/home/felix/fiftyone/coco-2017/validation/data/000000014831.jpg,validation,locked_confirmation,000000014831
coco-rem,000000014888,/home/felix/fiftyone/coco-2017/validation/data/000000014888.jpg,validation,locked_confirmation,000000014888
coco-rem,000000015079,/home/felix/fiftyone/coco-2017/validation/data/000000015079.jpg,validation,locked_confirmation,000000015079
coco-rem,000000015254,/home/felix/fiftyone/coco-2017/validation/data/000000015254.jpg,validation,locked_confirmation,000000015254
coco-rem,000000015272,/home/felix/fiftyone/coco-2017/validation/data/000000015272.jpg,validation,locked_confirmation,000000015272
coco-rem,000000015278,/home/felix/fiftyone/coco-2017/validation/data/000000015278.jpg,validation,locked_confirmation,000000015278
coco-rem,000000015335,/home/felix/fiftyone/coco-2017/validation/data/000000015335.jpg,validation,locked_confirmation,000000015335
coco-rem,000000015338,/home/felix/fiftyone/coco-2017/validation/data/000000015338.jpg,validation,locked_confirmation,000000015338
coco-rem,000000015440,/home/felix/fiftyone/coco-2017/validation/data/000000015440.jpg,validation,locked_confirmation,000000015440
coco-rem,000000015497,/home/felix/fiftyone/coco-2017/validation/data/000000015497.jpg,validation,locked_confirmation,000000015497
coco-rem,000000015517,/home/felix/fiftyone/coco-2017/validation/data/000000015517.jpg,validation,locked_confirmation,000000015517
coco-rem,000000015597,/home/felix/fiftyone/coco-2017/validation/data/000000015597.jpg,validation,locked_confirmation,000000015597
coco-rem,000000015660,/home/felix/fiftyone/coco-2017/validation/data/000000015660.jpg,validation,locked_confirmation,000000015660
coco-rem,000000015746,/home/felix/fiftyone/coco-2017/validation/data/000000015746.jpg,validation,locked_confirmation,000000015746
coco-rem,000000015751,/home/felix/fiftyone/coco-2017/validation/data/000000015751.jpg,validation,locked_confirmation,000000015751
coco-rem,000000015956,/home/felix/fiftyone/coco-2017/validation/data/000000015956.jpg,validation,locked_confirmation,000000015956
coco-rem,000000016010,/home/felix/fiftyone/coco-2017/validation/data/000000016010.jpg,validation,locked_confirmation,000000016010
coco-rem,000000016228,/home/felix/fiftyone/coco-2017/validation/data/000000016228.jpg,validation,locked_confirmation,000000016228
coco-rem,000000016249,/home/felix/fiftyone/coco-2017/validation/data/000000016249.jpg,validation,locked_confirmation,000000016249
coco-rem,000000016439,/home/felix/fiftyone/coco-2017/validation/data/000000016439.jpg,validation,locked_confirmation,000000016439
coco-rem,000000016451,/home/felix/fiftyone/coco-2017/validation/data/000000016451.jpg,validation,locked_confirmation,000000016451
coco-rem,000000016502,/home/felix/fiftyone/coco-2017/validation/data/000000016502.jpg,validation,locked_confirmation,000000016502
coco-rem,000000016598,/home/felix/fiftyone/coco-2017/validation/data/000000016598.jpg,validation,locked_confirmation,000000016598
coco-rem,000000016958,/home/felix/fiftyone/coco-2017/validation/data/000000016958.jpg,validation,locked_confirmation,000000016958
coco-rem,000000017029,/home/felix/fiftyone/coco-2017/validation/data/000000017029.jpg,validation,locked_confirmation,000000017029
coco-rem,000000017031,/home/felix/fiftyone/coco-2017/validation/data/000000017031.jpg,validation,locked_confirmation,000000017031
coco-rem,000000017115,/home/felix/fiftyone/coco-2017/validation/data/000000017115.jpg,validation,locked_confirmation,000000017115
coco-rem,000000017178,/home/felix/fiftyone/coco-2017/validation/data/000000017178.jpg,validation,locked_confirmation,000000017178
coco-rem,000000017182,/home/felix/fiftyone/coco-2017/validation/data/000000017182.jpg,validation,locked_confirmation,000000017182
coco-rem,000000017207,/home/felix/fiftyone/coco-2017/validation/data/000000017207.jpg,validation,locked_confirmation,000000017207
coco-rem,000000017379,/home/felix/fiftyone/coco-2017/validation/data/000000017379.jpg,validation,locked_confirmation,000000017379
coco-rem,000000017436,/home/felix/fiftyone/coco-2017/validation/data/000000017436.jpg,validation,locked_confirmation,000000017436
coco-rem,000000017627,/home/felix/fiftyone/coco-2017/validation/data/000000017627.jpg,validation,locked_confirmation,000000017627
coco-rem,000000017714,/home/felix/fiftyone/coco-2017/validation/data/000000017714.jpg,validation,locked_confirmation,000000017714
coco-rem,000000017899,/home/felix/fiftyone/coco-2017/validation/data/000000017899.jpg,validation,locked_confirmation,000000017899
coco-rem,000000017905,/home/felix/fiftyone/coco-2017/validation/data/000000017905.jpg,validation,locked_confirmation,000000017905
coco-rem,000000017959,/home/felix/fiftyone/coco-2017/validation/data/000000017959.jpg,validation,locked_confirmation,000000017959
coco-rem,000000018150,/home/felix/fiftyone/coco-2017/validation/data/000000018150.jpg,validation,locked_confirmation,000000018150
coco-rem,000000018193,/home/felix/fiftyone/coco-2017/validation/data/000000018193.jpg,validation,locked_confirmation,000000018193
coco-rem,000000018380,/home/felix/fiftyone/coco-2017/validation/data/000000018380.jpg,validation,locked_confirmation,000000018380
coco-rem,000000018491,/home/felix/fiftyone/coco-2017/validation/data/000000018491.jpg,validation,locked_confirmation,000000018491
coco-rem,000000018519,/home/felix/fiftyone/coco-2017/validation/data/000000018519.jpg,validation,locked_confirmation,000000018519
coco-rem,000000018575,/home/felix/fiftyone/coco-2017/validation/data/000000018575.jpg,validation,locked_confirmation,000000018575
coco-rem,000000018737,/home/felix/fiftyone/coco-2017/validation/data/000000018737.jpg,validation,locked_confirmation,000000018737
coco-rem,000000018770,/home/felix/fiftyone/coco-2017/validation/data/000000018770.jpg,validation,locked_confirmation,000000018770
coco-rem,000000018833,/home/felix/fiftyone/coco-2017/validation/data/000000018833.jpg,validation,locked_confirmation,000000018833
coco-rem,000000018837,/home/felix/fiftyone/coco-2017/validation/data/000000018837.jpg,validation,locked_confirmation,000000018837
coco-rem,000000019042,/home/felix/fiftyone/coco-2017/validation/data/000000019042.jpg,validation,locked_confirmation,000000019042
coco-rem,000000019109,/home/felix/fiftyone/coco-2017/validation/data/000000019109.jpg,validation,locked_confirmation,000000019109
coco-rem,000000019221,/home/felix/fiftyone/coco-2017/validation/data/000000019221.jpg,validation,locked_confirmation,000000019221
coco-rem,000000019402,/home/felix/fiftyone/coco-2017/validation/data/000000019402.jpg,validation,locked_confirmation,000000019402
coco-rem,000000019432,/home/felix/fiftyone/coco-2017/validation/data/000000019432.jpg,validation,locked_confirmation,000000019432
coco-rem,000000019742,/home/felix/fiftyone/coco-2017/validation/data/000000019742.jpg,validation,locked_confirmation,000000019742
coco-rem,000000019786,/home/felix/fiftyone/coco-2017/validation/data/000000019786.jpg,validation,locked_confirmation,000000019786
coco-rem,000000019924,/home/felix/fiftyone/coco-2017/validation/data/000000019924.jpg,validation,locked_confirmation,000000019924
coco-rem,000000020059,/home/felix/fiftyone/coco-2017/validation/data/000000020059.jpg,validation,locked_confirmation,000000020059
coco-rem,000000020107,/home/felix/fiftyone/coco-2017/validation/data/000000020107.jpg,validation,locked_confirmation,000000020107
coco-rem,000000020247,/home/felix/fiftyone/coco-2017/validation/data/000000020247.jpg,validation,locked_confirmation,000000020247
coco-rem,000000020333,/home/felix/fiftyone/coco-2017/validation/data/000000020333.jpg,validation,locked_confirmation,000000020333
coco-rem,000000020553,/home/felix/fiftyone/coco-2017/validation/data/000000020553.jpg,validation,locked_confirmation,000000020553
coco-rem,000000020571,/home/felix/fiftyone/coco-2017/validation/data/000000020571.jpg,validation,locked_confirmation,000000020571
coco-rem,000000020992,/home/felix/fiftyone/coco-2017/validation/data/000000020992.jpg,validation,locked_confirmation,000000020992
coco-rem,000000021167,/home/felix/fiftyone/coco-2017/validation/data/000000021167.jpg,validation,locked_confirmation,000000021167
coco-rem,000000021465,/home/felix/fiftyone/coco-2017/validation/data/000000021465.jpg,validation,locked_confirmation,000000021465
coco-rem,000000021503,/home/felix/fiftyone/coco-2017/validation/data/000000021503.jpg,validation,locked_confirmation,000000021503
coco-rem,000000021604,/home/felix/fiftyone/coco-2017/validation/data/000000021604.jpg,validation,locked_confirmation,000000021604
coco-rem,000000021839,/home/felix/fiftyone/coco-2017/validation/data/000000021839.jpg,validation,locked_confirmation,000000021839
coco-rem,000000021879,/home/felix/fiftyone/coco-2017/validation/data/000000021879.jpg,validation,locked_confirmation,000000021879
coco-rem,000000021903,/home/felix/fiftyone/coco-2017/validation/data/000000021903.jpg,validation,locked_confirmation,000000021903
coco-rem,000000022192,/home/felix/fiftyone/coco-2017/validation/data/000000022192.jpg,validation,locked_confirmation,000000022192
coco-rem,000000022371,/home/felix/fiftyone/coco-2017/validation/data/000000022371.jpg,validation,locked_confirmation,000000022371
coco-rem,000000022396,/home/felix/fiftyone/coco-2017/validation/data/000000022396.jpg,validation,locked_confirmation,000000022396
coco-rem,000000022479,/home/felix/fiftyone/coco-2017/validation/data/000000022479.jpg,validation,locked_confirmation,000000022479
coco-rem,000000022589,/home/felix/fiftyone/coco-2017/validation/data/000000022589.jpg,validation,locked_confirmation,000000022589
coco-rem,000000022623,/home/felix/fiftyone/coco-2017/validation/data/000000022623.jpg,validation,locked_confirmation,000000022623
coco-rem,000000022705,/home/felix/fiftyone/coco-2017/validation/data/000000022705.jpg,validation,locked_confirmation,000000022705
coco-rem,000000022755,/home/felix/fiftyone/coco-2017/validation/data/000000022755.jpg,validation,locked_confirmation,000000022755
coco-rem,000000022892,/home/felix/fiftyone/coco-2017/validation/data/000000022892.jpg,validation,locked_confirmation,000000022892
coco-rem,000000022935,/home/felix/fiftyone/coco-2017/validation/data/000000022935.jpg,validation,locked_confirmation,000000022935
coco-rem,000000022969,/home/felix/fiftyone/coco-2017/validation/data/000000022969.jpg,validation,locked_confirmation,000000022969
coco-rem,000000023023,/home/felix/fiftyone/coco-2017/validation/data/000000023023.jpg,validation,locked_confirmation,000000023023
coco-rem,000000023034,/home/felix/fiftyone/coco-2017/validation/data/000000023034.jpg,validation,locked_confirmation,000000023034
coco-rem,000000023126,/home/felix/fiftyone/coco-2017/validation/data/000000023126.jpg,validation,locked_confirmation,000000023126
coco-rem,000000023230,/home/felix/fiftyone/coco-2017/validation/data/000000023230.jpg,validation,locked_confirmation,000000023230
coco-rem,000000023272,/home/felix/fiftyone/coco-2017/validation/data/000000023272.jpg,validation,locked_confirmation,000000023272
coco-rem,000000023359,/home/felix/fiftyone/coco-2017/validation/data/000000023359.jpg,validation,locked_confirmation,000000023359
coco-rem,000000023666,/home/felix/fiftyone/coco-2017/validation/data/000000023666.jpg,validation,locked_confirmation,000000023666
coco-rem,000000023751,/home/felix/fiftyone/coco-2017/validation/data/000000023751.jpg,validation,locked_confirmation,000000023751
coco-rem,000000023781,/home/felix/fiftyone/coco-2017/validation/data/000000023781.jpg,validation,locked_confirmation,000000023781
coco-rem,000000023899,/home/felix/fiftyone/coco-2017/validation/data/000000023899.jpg,validation,locked_confirmation,000000023899
coco-rem,000000023937,/home/felix/fiftyone/coco-2017/validation/data/000000023937.jpg,validation,locked_confirmation,000000023937
coco-rem,000000024021,/home/felix/fiftyone/coco-2017/validation/data/000000024021.jpg,validation,locked_confirmation,000000024021
coco-rem,000000024027,/home/felix/fiftyone/coco-2017/validation/data/000000024027.jpg,validation,locked_confirmation,000000024027
coco-rem,000000024144,/home/felix/fiftyone/coco-2017/validation/data/000000024144.jpg,validation,locked_confirmation,000000024144
coco-rem,000000024243,/home/felix/fiftyone/coco-2017/validation/data/000000024243.jpg,validation,locked_confirmation,000000024243
coco-rem,000000024567,/home/felix/fiftyone/coco-2017/validation/data/000000024567.jpg,validation,locked_confirmation,000000024567
coco-rem,000000024610,/home/felix/fiftyone/coco-2017/validation/data/000000024610.jpg,validation,locked_confirmation,000000024610
coco-rem,000000024919,/home/felix/fiftyone/coco-2017/validation/data/000000024919.jpg,validation,locked_confirmation,000000024919
coco-rem,000000025057,/home/felix/fiftyone/coco-2017/validation/data/000000025057.jpg,validation,locked_confirmation,000000025057
coco-rem,000000025096,/home/felix/fiftyone/coco-2017/validation/data/000000025096.jpg,validation,locked_confirmation,000000025096
coco-rem,000000025139,/home/felix/fiftyone/coco-2017/validation/data/000000025139.jpg,validation,locked_confirmation,000000025139
coco-rem,000000025181,/home/felix/fiftyone/coco-2017/validation/data/000000025181.jpg,validation,locked_confirmation,000000025181
coco-rem,000000025228,/home/felix/fiftyone/coco-2017/validation/data/000000025228.jpg,validation,locked_confirmation,000000025228
coco-rem,000000025386,/home/felix/fiftyone/coco-2017/validation/data/000000025386.jpg,validation,locked_confirmation,000000025386
coco-rem,000000025393,/home/felix/fiftyone/coco-2017/validation/data/000000025393.jpg,validation,locked_confirmation,000000025393
coco-rem,000000025394,/home/felix/fiftyone/coco-2017/validation/data/000000025394.jpg,validation,locked_confirmation,000000025394
coco-rem,000000025424,/home/felix/fiftyone/coco-2017/validation/data/000000025424.jpg,validation,locked_confirmation,000000025424
coco-rem,000000025560,/home/felix/fiftyone/coco-2017/validation/data/000000025560.jpg,validation,locked_confirmation,000000025560
coco-rem,000000025593,/home/felix/fiftyone/coco-2017/validation/data/000000025593.jpg,validation,locked_confirmation,000000025593
coco-rem,000000025603,/home/felix/fiftyone/coco-2017/validation/data/000000025603.jpg,validation,locked_confirmation,000000025603
coco-rem,000000025986,/home/felix/fiftyone/coco-2017/validation/data/000000025986.jpg,validation,locked_confirmation,000000025986
coco-rem,000000026204,/home/felix/fiftyone/coco-2017/validation/data/000000026204.jpg,validation,locked_confirmation,000000026204
coco-rem,000000026465,/home/felix/fiftyone/coco-2017/validation/data/000000026465.jpg,validation,locked_confirmation,000000026465
coco-rem,000000026564,/home/felix/fiftyone/coco-2017/validation/data/000000026564.jpg,validation,locked_confirmation,000000026564
coco-rem,000000026690,/home/felix/fiftyone/coco-2017/validation/data/000000026690.jpg,validation,locked_confirmation,000000026690
coco-rem,000000026926,/home/felix/fiftyone/coco-2017/validation/data/000000026926.jpg,validation,locked_confirmation,000000026926
coco-rem,000000026941,/home/felix/fiftyone/coco-2017/validation/data/000000026941.jpg,validation,locked_confirmation,000000026941
coco-rem,000000027186,/home/felix/fiftyone/coco-2017/validation/data/000000027186.jpg,validation,locked_confirmation,000000027186
coco-rem,000000027620,/home/felix/fiftyone/coco-2017/validation/data/000000027620.jpg,validation,locked_confirmation,000000027620
coco-rem,000000027696,/home/felix/fiftyone/coco-2017/validation/data/000000027696.jpg,validation,locked_confirmation,000000027696
coco-rem,000000027768,/home/felix/fiftyone/coco-2017/validation/data/000000027768.jpg,validation,locked_confirmation,000000027768
coco-rem,000000027932,/home/felix/fiftyone/coco-2017/validation/data/000000027932.jpg,validation,locked_confirmation,000000027932
coco-rem,000000027972,/home/felix/fiftyone/coco-2017/validation/data/000000027972.jpg,validation,locked_confirmation,000000027972
coco-rem,000000027982,/home/felix/fiftyone/coco-2017/validation/data/000000027982.jpg,validation,locked_confirmation,000000027982
coco-rem,000000028285,/home/felix/fiftyone/coco-2017/validation/data/000000028285.jpg,validation,locked_confirmation,000000028285
coco-rem,000000028449,/home/felix/fiftyone/coco-2017/validation/data/000000028449.jpg,validation,locked_confirmation,000000028449
coco-rem,000000028452,/home/felix/fiftyone/coco-2017/validation/data/000000028452.jpg,validation,locked_confirmation,000000028452
coco-rem,000000028809,/home/felix/fiftyone/coco-2017/validation/data/000000028809.jpg,validation,locked_confirmation,000000028809
coco-rem,000000028993,/home/felix/fiftyone/coco-2017/validation/data/000000028993.jpg,validation,locked_confirmation,000000028993
coco-rem,000000029187,/home/felix/fiftyone/coco-2017/validation/data/000000029187.jpg,validation,locked_confirmation,000000029187
coco-rem,000000029393,/home/felix/fiftyone/coco-2017/validation/data/000000029393.jpg,validation,locked_confirmation,000000029393
coco-rem,000000029397,/home/felix/fiftyone/coco-2017/validation/data/000000029397.jpg,validation,locked_confirmation,000000029397
coco-rem,000000029596,/home/felix/fiftyone/coco-2017/validation/data/000000029596.jpg,validation,locked_confirmation,000000029596
coco-rem,000000029640,/home/felix/fiftyone/coco-2017/validation/data/000000029640.jpg,validation,locked_confirmation,000000029640
coco-rem,000000029675,/home/felix/fiftyone/coco-2017/validation/data/000000029675.jpg,validation,locked_confirmation,000000029675
coco-rem,000000029984,/home/felix/fiftyone/coco-2017/validation/data/000000029984.jpg,validation,locked_confirmation,000000029984
coco-rem,000000030213,/home/felix/fiftyone/coco-2017/validation/data/000000030213.jpg,validation,locked_confirmation,000000030213
coco-rem,000000030494,/home/felix/fiftyone/coco-2017/validation/data/000000030494.jpg,validation,locked_confirmation,000000030494
coco-rem,000000030504,/home/felix/fiftyone/coco-2017/validation/data/000000030504.jpg,validation,locked_confirmation,000000030504
coco-rem,000000030675,/home/felix/fiftyone/coco-2017/validation/data/000000030675.jpg,validation,locked_confirmation,000000030675
coco-rem,000000030785,/home/felix/fiftyone/coco-2017/validation/data/000000030785.jpg,validation,locked_confirmation,000000030785
coco-rem,000000030828,/home/felix/fiftyone/coco-2017/validation/data/000000030828.jpg,validation,locked_confirmation,000000030828
coco-rem,000000031050,/home/felix/fiftyone/coco-2017/validation/data/000000031050.jpg,validation,locked_confirmation,000000031050
coco-rem,000000031093,/home/felix/fiftyone/coco-2017/validation/data/000000031093.jpg,validation,locked_confirmation,000000031093
coco-rem,000000031118,/home/felix/fiftyone/coco-2017/validation/data/000000031118.jpg,validation,locked_confirmation,000000031118
coco-rem,000000031217,/home/felix/fiftyone/coco-2017/validation/data/000000031217.jpg,validation,locked_confirmation,000000031217
coco-rem,000000031248,/home/felix/fiftyone/coco-2017/validation/data/000000031248.jpg,validation,locked_confirmation,000000031248
coco-rem,000000031269,/home/felix/fiftyone/coco-2017/validation/data/000000031269.jpg,validation,locked_confirmation,000000031269
coco-rem,000000031296,/home/felix/fiftyone/coco-2017/validation/data/000000031296.jpg,validation,locked_confirmation,000000031296
coco-rem,000000031322,/home/felix/fiftyone/coco-2017/validation/data/000000031322.jpg,validation,locked_confirmation,000000031322
coco-rem,000000031620,/home/felix/fiftyone/coco-2017/validation/data/000000031620.jpg,validation,locked_confirmation,000000031620
coco-rem,000000031735,/home/felix/fiftyone/coco-2017/validation/data/000000031735.jpg,validation,locked_confirmation,000000031735
coco-rem,000000031749,/home/felix/fiftyone/coco-2017/validation/data/000000031749.jpg,validation,locked_confirmation,000000031749
coco-rem,000000031817,/home/felix/fiftyone/coco-2017/validation/data/000000031817.jpg,validation,locked_confirmation,000000031817
coco-rem,000000032038,/home/felix/fiftyone/coco-2017/validation/data/000000032038.jpg,validation,locked_confirmation,000000032038
coco-rem,000000032081,/home/felix/fiftyone/coco-2017/validation/data/000000032081.jpg,validation,locked_confirmation,000000032081
coco-rem,000000032285,/home/felix/fiftyone/coco-2017/validation/data/000000032285.jpg,validation,locked_confirmation,000000032285
coco-rem,000000032334,/home/felix/fiftyone/coco-2017/validation/data/000000032334.jpg,validation,locked_confirmation,000000032334
coco-rem,000000032570,/home/felix/fiftyone/coco-2017/validation/data/000000032570.jpg,validation,locked_confirmation,000000032570
coco-rem,000000032610,/home/felix/fiftyone/coco-2017/validation/data/000000032610.jpg,validation,locked_confirmation,000000032610
coco-rem,000000032735,/home/felix/fiftyone/coco-2017/validation/data/000000032735.jpg,validation,locked_confirmation,000000032735
coco-rem,000000032811,/home/felix/fiftyone/coco-2017/validation/data/000000032811.jpg,validation,locked_confirmation,000000032811
coco-rem,000000032817,/home/felix/fiftyone/coco-2017/validation/data/000000032817.jpg,validation,locked_confirmation,000000032817
coco-rem,000000032861,/home/felix/fiftyone/coco-2017/validation/data/000000032861.jpg,validation,locked_confirmation,000000032861
coco-rem,000000032887,/home/felix/fiftyone/coco-2017/validation/data/000000032887.jpg,validation,locked_confirmation,000000032887
coco-rem,000000032901,/home/felix/fiftyone/coco-2017/validation/data/000000032901.jpg,validation,locked_confirmation,000000032901
coco-rem,000000032941,/home/felix/fiftyone/coco-2017/validation/data/000000032941.jpg,validation,locked_confirmation,000000032941
coco-rem,000000033005,/home/felix/fiftyone/coco-2017/validation/data/000000033005.jpg,validation,locked_confirmation,000000033005
coco-rem,000000033104,/home/felix/fiftyone/coco-2017/validation/data/000000033104.jpg,validation,locked_confirmation,000000033104
coco-rem,000000033109,/home/felix/fiftyone/coco-2017/validation/data/000000033109.jpg,validation,locked_confirmation,000000033109
coco-rem,000000033114,/home/felix/fiftyone/coco-2017/validation/data/000000033114.jpg,validation,locked_confirmation,000000033114
coco-rem,000000033221,/home/felix/fiftyone/coco-2017/validation/data/000000033221.jpg,validation,locked_confirmation,000000033221
coco-rem,000000033368,/home/felix/fiftyone/coco-2017/validation/data/000000033368.jpg,validation,locked_confirmation,000000033368
coco-rem,000000033638,/home/felix/fiftyone/coco-2017/validation/data/000000033638.jpg,validation,locked_confirmation,000000033638
coco-rem,000000033707,/home/felix/fiftyone/coco-2017/validation/data/000000033707.jpg,validation,locked_confirmation,000000033707
coco-rem,000000033759,/home/felix/fiftyone/coco-2017/validation/data/000000033759.jpg,validation,locked_confirmation,000000033759
coco-rem,000000033854,/home/felix/fiftyone/coco-2017/validation/data/000000033854.jpg,validation,locked_confirmation,000000033854
coco-rem,000000034071,/home/felix/fiftyone/coco-2017/validation/data/000000034071.jpg,validation,locked_confirmation,000000034071
coco-rem,000000034139,/home/felix/fiftyone/coco-2017/validation/data/000000034139.jpg,validation,locked_confirmation,000000034139
coco-rem,000000034205,/home/felix/fiftyone/coco-2017/validation/data/000000034205.jpg,validation,locked_confirmation,000000034205
coco-rem,000000034257,/home/felix/fiftyone/coco-2017/validation/data/000000034257.jpg,validation,locked_confirmation,000000034257
coco-rem,000000034417,/home/felix/fiftyone/coco-2017/validation/data/000000034417.jpg,validation,locked_confirmation,000000034417
coco-rem,000000034452,/home/felix/fiftyone/coco-2017/validation/data/000000034452.jpg,validation,locked_confirmation,000000034452
coco-rem,000000034760,/home/felix/fiftyone/coco-2017/validation/data/000000034760.jpg,validation,locked_confirmation,000000034760
coco-rem,000000034873,/home/felix/fiftyone/coco-2017/validation/data/000000034873.jpg,validation,locked_confirmation,000000034873
coco-rem,000000035062,/home/felix/fiftyone/coco-2017/validation/data/000000035062.jpg,validation,locked_confirmation,000000035062
coco-rem,000000035197,/home/felix/fiftyone/coco-2017/validation/data/000000035197.jpg,validation,locked_confirmation,000000035197
coco-rem,000000035279,/home/felix/fiftyone/coco-2017/validation/data/000000035279.jpg,validation,locked_confirmation,000000035279
coco-rem,000000035326,/home/felix/fiftyone/coco-2017/validation/data/000000035326.jpg,validation,locked_confirmation,000000035326
coco-rem,000000035682,/home/felix/fiftyone/coco-2017/validation/data/000000035682.jpg,validation,locked_confirmation,000000035682
coco-rem,000000035770,/home/felix/fiftyone/coco-2017/validation/data/000000035770.jpg,validation,locked_confirmation,000000035770
coco-rem,000000035963,/home/felix/fiftyone/coco-2017/validation/data/000000035963.jpg,validation,locked_confirmation,000000035963
coco-rem,000000036494,/home/felix/fiftyone/coco-2017/validation/data/000000036494.jpg,validation,locked_confirmation,000000036494
coco-rem,000000036539,/home/felix/fiftyone/coco-2017/validation/data/000000036539.jpg,validation,locked_confirmation,000000036539
coco-rem,000000036660,/home/felix/fiftyone/coco-2017/validation/data/000000036660.jpg,validation,locked_confirmation,000000036660
coco-rem,000000036678,/home/felix/fiftyone/coco-2017/validation/data/000000036678.jpg,validation,locked_confirmation,000000036678
coco-rem,000000036844,/home/felix/fiftyone/coco-2017/validation/data/000000036844.jpg,validation,locked_confirmation,000000036844
coco-rem,000000036861,/home/felix/fiftyone/coco-2017/validation/data/000000036861.jpg,validation,locked_confirmation,000000036861
coco-rem,000000036936,/home/felix/fiftyone/coco-2017/validation/data/000000036936.jpg,validation,locked_confirmation,000000036936
coco-rem,000000037670,/home/felix/fiftyone/coco-2017/validation/data/000000037670.jpg,validation,locked_confirmation,000000037670
coco-rem,000000037689,/home/felix/fiftyone/coco-2017/validation/data/000000037689.jpg,validation,locked_confirmation,000000037689
coco-rem,000000037740,/home/felix/fiftyone/coco-2017/validation/data/000000037740.jpg,validation,locked_confirmation,000000037740
coco-rem,000000037751,/home/felix/fiftyone/coco-2017/validation/data/000000037751.jpg,validation,locked_confirmation,000000037751
coco-rem,000000037777,/home/felix/fiftyone/coco-2017/validation/data/000000037777.jpg,validation,locked_confirmation,000000037777
coco-rem,000000037988,/home/felix/fiftyone/coco-2017/validation/data/000000037988.jpg,validation,locked_confirmation,000000037988
coco-rem,000000038048,/home/felix/fiftyone/coco-2017/validation/data/000000038048.jpg,validation,locked_confirmation,000000038048
coco-rem,000000038070,/home/felix/fiftyone/coco-2017/validation/data/000000038070.jpg,validation,locked_confirmation,000000038070
coco-rem,000000038118,/home/felix/fiftyone/coco-2017/validation/data/000000038118.jpg,validation,locked_confirmation,000000038118
coco-rem,000000038210,/home/felix/fiftyone/coco-2017/validation/data/000000038210.jpg,validation,locked_confirmation,000000038210
coco-rem,000000038576,/home/felix/fiftyone/coco-2017/validation/data/000000038576.jpg,validation,locked_confirmation,000000038576
coco-rem,000000038678,/home/felix/fiftyone/coco-2017/validation/data/000000038678.jpg,validation,locked_confirmation,000000038678
coco-rem,000000038825,/home/felix/fiftyone/coco-2017/validation/data/000000038825.jpg,validation,locked_confirmation,000000038825
coco-rem,000000038829,/home/felix/fiftyone/coco-2017/validation/data/000000038829.jpg,validation,locked_confirmation,000000038829
coco-rem,000000039405,/home/felix/fiftyone/coco-2017/validation/data/000000039405.jpg,validation,locked_confirmation,000000039405
coco-rem,000000039477,/home/felix/fiftyone/coco-2017/validation/data/000000039477.jpg,validation,locked_confirmation,000000039477
coco-rem,000000039480,/home/felix/fiftyone/coco-2017/validation/data/000000039480.jpg,validation,locked_confirmation,000000039480
coco-rem,000000039484,/home/felix/fiftyone/coco-2017/validation/data/000000039484.jpg,validation,locked_confirmation,000000039484
coco-rem,000000039551,/home/felix/fiftyone/coco-2017/validation/data/000000039551.jpg,validation,locked_confirmation,000000039551
coco-rem,000000039670,/home/felix/fiftyone/coco-2017/validation/data/000000039670.jpg,validation,locked_confirmation,000000039670
coco-rem,000000039769,/home/felix/fiftyone/coco-2017/validation/data/000000039769.jpg,validation,locked_confirmation,000000039769
coco-rem,000000039785,/home/felix/fiftyone/coco-2017/validation/data/000000039785.jpg,validation,locked_confirmation,000000039785
coco-rem,000000039914,/home/felix/fiftyone/coco-2017/validation/data/000000039914.jpg,validation,locked_confirmation,000000039914
coco-rem,000000039951,/home/felix/fiftyone/coco-2017/validation/data/000000039951.jpg,validation,locked_confirmation,000000039951
coco-rem,000000039956,/home/felix/fiftyone/coco-2017/validation/data/000000039956.jpg,validation,locked_confirmation,000000039956
coco-rem,000000040036,/home/felix/fiftyone/coco-2017/validation/data/000000040036.jpg,validation,locked_confirmation,000000040036
coco-rem,000000040083,/home/felix/fiftyone/coco-2017/validation/data/000000040083.jpg,validation,locked_confirmation,000000040083
coco-rem,000000040471,/home/felix/fiftyone/coco-2017/validation/data/000000040471.jpg,validation,locked_confirmation,000000040471
coco-rem,000000040757,/home/felix/fiftyone/coco-2017/validation/data/000000040757.jpg,validation,locked_confirmation,000000040757
coco-rem,000000041488,/home/felix/fiftyone/coco-2017/validation/data/000000041488.jpg,validation,locked_confirmation,000000041488
coco-rem,000000041633,/home/felix/fiftyone/coco-2017/validation/data/000000041633.jpg,validation,locked_confirmation,000000041633
coco-rem,000000041635,/home/felix/fiftyone/coco-2017/validation/data/000000041635.jpg,validation,locked_confirmation,000000041635
coco-rem,000000041872,/home/felix/fiftyone/coco-2017/validation/data/000000041872.jpg,validation,locked_confirmation,000000041872
coco-rem,000000041888,/home/felix/fiftyone/coco-2017/validation/data/000000041888.jpg,validation,locked_confirmation,000000041888
coco-rem,000000041990,/home/felix/fiftyone/coco-2017/validation/data/000000041990.jpg,validation,locked_confirmation,000000041990
coco-rem,000000042070,/home/felix/fiftyone/coco-2017/validation/data/000000042070.jpg,validation,locked_confirmation,000000042070
coco-rem,000000042102,/home/felix/fiftyone/coco-2017/validation/data/000000042102.jpg,validation,locked_confirmation,000000042102
coco-rem,000000042178,/home/felix/fiftyone/coco-2017/validation/data/000000042178.jpg,validation,locked_confirmation,000000042178
coco-rem,000000042276,/home/felix/fiftyone/coco-2017/validation/data/000000042276.jpg,validation,locked_confirmation,000000042276
coco-rem,000000042296,/home/felix/fiftyone/coco-2017/validation/data/000000042296.jpg,validation,locked_confirmation,000000042296
coco-rem,000000042528,/home/felix/fiftyone/coco-2017/validation/data/000000042528.jpg,validation,locked_confirmation,000000042528
coco-rem,000000042563,/home/felix/fiftyone/coco-2017/validation/data/000000042563.jpg,validation,locked_confirmation,000000042563
coco-rem,000000042628,/home/felix/fiftyone/coco-2017/validation/data/000000042628.jpg,validation,locked_confirmation,000000042628
coco-rem,000000042888,/home/felix/fiftyone/coco-2017/validation/data/000000042888.jpg,validation,locked_confirmation,000000042888
coco-rem,000000042889,/home/felix/fiftyone/coco-2017/validation/data/000000042889.jpg,validation,locked_confirmation,000000042889
coco-rem,000000043314,/home/felix/fiftyone/coco-2017/validation/data/000000043314.jpg,validation,locked_confirmation,000000043314
coco-rem,000000043435,/home/felix/fiftyone/coco-2017/validation/data/000000043435.jpg,validation,locked_confirmation,000000043435
coco-rem,000000043581,/home/felix/fiftyone/coco-2017/validation/data/000000043581.jpg,validation,locked_confirmation,000000043581
coco-rem,000000043737,/home/felix/fiftyone/coco-2017/validation/data/000000043737.jpg,validation,locked_confirmation,000000043737
coco-rem,000000043816,/home/felix/fiftyone/coco-2017/validation/data/000000043816.jpg,validation,locked_confirmation,000000043816
coco-rem,000000044068,/home/felix/fiftyone/coco-2017/validation/data/000000044068.jpg,validation,locked_confirmation,000000044068
coco-rem,000000044195,/home/felix/fiftyone/coco-2017/validation/data/000000044195.jpg,validation,locked_confirmation,000000044195
coco-rem,000000044260,/home/felix/fiftyone/coco-2017/validation/data/000000044260.jpg,validation,locked_confirmation,000000044260
coco-rem,000000044279,/home/felix/fiftyone/coco-2017/validation/data/000000044279.jpg,validation,locked_confirmation,000000044279
coco-rem,000000044590,/home/felix/fiftyone/coco-2017/validation/data/000000044590.jpg,validation,locked_confirmation,000000044590
coco-rem,000000044652,/home/felix/fiftyone/coco-2017/validation/data/000000044652.jpg,validation,locked_confirmation,000000044652
coco-rem,000000044699,/home/felix/fiftyone/coco-2017/validation/data/000000044699.jpg,validation,locked_confirmation,000000044699
coco-rem,000000044877,/home/felix/fiftyone/coco-2017/validation/data/000000044877.jpg,validation,locked_confirmation,000000044877
coco-rem,000000045070,/home/felix/fiftyone/coco-2017/validation/data/000000045070.jpg,validation,locked_confirmation,000000045070
coco-rem,000000045090,/home/felix/fiftyone/coco-2017/validation/data/000000045090.jpg,validation,locked_confirmation,000000045090
coco-rem,000000045229,/home/felix/fiftyone/coco-2017/validation/data/000000045229.jpg,validation,locked_confirmation,000000045229
coco-rem,000000045472,/home/felix/fiftyone/coco-2017/validation/data/000000045472.jpg,validation,locked_confirmation,000000045472
coco-rem,000000045550,/home/felix/fiftyone/coco-2017/validation/data/000000045550.jpg,validation,locked_confirmation,000000045550
coco-rem,000000045596,/home/felix/fiftyone/coco-2017/validation/data/000000045596.jpg,validation,locked_confirmation,000000045596
coco-rem,000000045728,/home/felix/fiftyone/coco-2017/validation/data/000000045728.jpg,validation,locked_confirmation,000000045728
coco-rem,000000046031,/home/felix/fiftyone/coco-2017/validation/data/000000046031.jpg,validation,locked_confirmation,000000046031
coco-rem,000000046048,/home/felix/fiftyone/coco-2017/validation/data/000000046048.jpg,validation,locked_confirmation,000000046048
coco-rem,000000046252,/home/felix/fiftyone/coco-2017/validation/data/000000046252.jpg,validation,locked_confirmation,000000046252
coco-rem,000000046378,/home/felix/fiftyone/coco-2017/validation/data/000000046378.jpg,validation,locked_confirmation,000000046378
coco-rem,000000046463,/home/felix/fiftyone/coco-2017/validation/data/000000046463.jpg,validation,locked_confirmation,000000046463
coco-rem,000000046497,/home/felix/fiftyone/coco-2017/validation/data/000000046497.jpg,validation,locked_confirmation,000000046497
coco-rem,000000046804,/home/felix/fiftyone/coco-2017/validation/data/000000046804.jpg,validation,locked_confirmation,000000046804
coco-rem,000000046872,/home/felix/fiftyone/coco-2017/validation/data/000000046872.jpg,validation,locked_confirmation,000000046872
coco-rem,000000047010,/home/felix/fiftyone/coco-2017/validation/data/000000047010.jpg,validation,locked_confirmation,000000047010
coco-rem,000000047112,/home/felix/fiftyone/coco-2017/validation/data/000000047112.jpg,validation,locked_confirmation,000000047112
coco-rem,000000047121,/home/felix/fiftyone/coco-2017/validation/data/000000047121.jpg,validation,locked_confirmation,000000047121
coco-rem,000000047571,/home/felix/fiftyone/coco-2017/validation/data/000000047571.jpg,validation,locked_confirmation,000000047571
coco-rem,000000047585,/home/felix/fiftyone/coco-2017/validation/data/000000047585.jpg,validation,locked_confirmation,000000047585
coco-rem,000000047740,/home/felix/fiftyone/coco-2017/validation/data/000000047740.jpg,validation,locked_confirmation,000000047740
coco-rem,000000047769,/home/felix/fiftyone/coco-2017/validation/data/000000047769.jpg,validation,locked_confirmation,000000047769
coco-rem,000000047801,/home/felix/fiftyone/coco-2017/validation/data/000000047801.jpg,validation,locked_confirmation,000000047801
coco-rem,000000047819,/home/felix/fiftyone/coco-2017/validation/data/000000047819.jpg,validation,locked_confirmation,000000047819
coco-rem,000000047828,/home/felix/fiftyone/coco-2017/validation/data/000000047828.jpg,validation,locked_confirmation,000000047828
coco-rem,000000048153,/home/felix/fiftyone/coco-2017/validation/data/000000048153.jpg,validation,locked_confirmation,000000048153
coco-rem,000000048396,/home/felix/fiftyone/coco-2017/validation/data/000000048396.jpg,validation,locked_confirmation,000000048396
coco-rem,000000048504,/home/felix/fiftyone/coco-2017/validation/data/000000048504.jpg,validation,locked_confirmation,000000048504
coco-rem,000000048555,/home/felix/fiftyone/coco-2017/validation/data/000000048555.jpg,validation,locked_confirmation,000000048555
coco-rem,000000048564,/home/felix/fiftyone/coco-2017/validation/data/000000048564.jpg,validation,locked_confirmation,000000048564
coco-rem,000000048924,/home/felix/fiftyone/coco-2017/validation/data/000000048924.jpg,validation,locked_confirmation,000000048924
coco-rem,000000049060,/home/felix/fiftyone/coco-2017/validation/data/000000049060.jpg,validation,locked_confirmation,000000049060
coco-rem,000000049091,/home/felix/fiftyone/coco-2017/validation/data/000000049091.jpg,validation,locked_confirmation,000000049091
coco-rem,000000049259,/home/felix/fiftyone/coco-2017/validation/data/000000049259.jpg,validation,locked_confirmation,000000049259
coco-rem,000000049269,/home/felix/fiftyone/coco-2017/validation/data/000000049269.jpg,validation,locked_confirmation,000000049269
coco-rem,000000049759,/home/felix/fiftyone/coco-2017/validation/data/000000049759.jpg,validation,locked_confirmation,000000049759
coco-rem,000000049761,/home/felix/fiftyone/coco-2017/validation/data/000000049761.jpg,validation,locked_confirmation,000000049761
coco-rem,000000049810,/home/felix/fiftyone/coco-2017/validation/data/000000049810.jpg,validation,locked_confirmation,000000049810
coco-rem,000000050006,/home/felix/fiftyone/coco-2017/validation/data/000000050006.jpg,validation,locked_confirmation,000000050006
coco-rem,000000050145,/home/felix/fiftyone/coco-2017/validation/data/000000050145.jpg,validation,locked_confirmation,000000050145
coco-rem,000000050149,/home/felix/fiftyone/coco-2017/validation/data/000000050149.jpg,validation,locked_confirmation,000000050149
coco-rem,000000050165,/home/felix/fiftyone/coco-2017/validation/data/000000050165.jpg,validation,locked_confirmation,000000050165
coco-rem,000000050326,/home/felix/fiftyone/coco-2017/validation/data/000000050326.jpg,validation,locked_confirmation,000000050326
coco-rem,000000050331,/home/felix/fiftyone/coco-2017/validation/data/000000050331.jpg,validation,locked_confirmation,000000050331
coco-rem,000000050380,/home/felix/fiftyone/coco-2017/validation/data/000000050380.jpg,validation,locked_confirmation,000000050380
coco-rem,000000050638,/home/felix/fiftyone/coco-2017/validation/data/000000050638.jpg,validation,locked_confirmation,000000050638
coco-rem,000000050679,/home/felix/fiftyone/coco-2017/validation/data/000000050679.jpg,validation,locked_confirmation,000000050679
coco-rem,000000050811,/home/felix/fiftyone/coco-2017/validation/data/000000050811.jpg,validation,locked_confirmation,000000050811
coco-rem,000000050828,/home/felix/fiftyone/coco-2017/validation/data/000000050828.jpg,validation,locked_confirmation,000000050828
coco-rem,000000050844,/home/felix/fiftyone/coco-2017/validation/data/000000050844.jpg,validation,locked_confirmation,000000050844
coco-rem,000000050896,/home/felix/fiftyone/coco-2017/validation/data/000000050896.jpg,validation,locked_confirmation,000000050896
coco-rem,000000050943,/home/felix/fiftyone/coco-2017/validation/data/000000050943.jpg,validation,locked_confirmation,000000050943
coco-rem,000000051008,/home/felix/fiftyone/coco-2017/validation/data/000000051008.jpg,validation,locked_confirmation,000000051008
coco-rem,000000051309,/home/felix/fiftyone/coco-2017/validation/data/000000051309.jpg,validation,locked_confirmation,000000051309
coco-rem,000000051314,/home/felix/fiftyone/coco-2017/validation/data/000000051314.jpg,validation,locked_confirmation,000000051314
coco-rem,000000051326,/home/felix/fiftyone/coco-2017/validation/data/000000051326.jpg,validation,locked_confirmation,000000051326
coco-rem,000000051598,/home/felix/fiftyone/coco-2017/validation/data/000000051598.jpg,validation,locked_confirmation,000000051598
coco-rem,000000051610,/home/felix/fiftyone/coco-2017/validation/data/000000051610.jpg,validation,locked_confirmation,000000051610
coco-rem,000000051712,/home/felix/fiftyone/coco-2017/validation/data/000000051712.jpg,validation,locked_confirmation,000000051712
coco-rem,000000051738,/home/felix/fiftyone/coco-2017/validation/data/000000051738.jpg,validation,locked_confirmation,000000051738
coco-rem,000000051938,/home/felix/fiftyone/coco-2017/validation/data/000000051938.jpg,validation,locked_confirmation,000000051938
coco-rem,000000051961,/home/felix/fiftyone/coco-2017/validation/data/000000051961.jpg,validation,locked_confirmation,000000051961
coco-rem,000000051976,/home/felix/fiftyone/coco-2017/validation/data/000000051976.jpg,validation,locked_confirmation,000000051976
coco-rem,000000052007,/home/felix/fiftyone/coco-2017/validation/data/000000052007.jpg,validation,locked_confirmation,000000052007
coco-rem,000000052017,/home/felix/fiftyone/coco-2017/validation/data/000000052017.jpg,validation,locked_confirmation,000000052017
coco-rem,000000052412,/home/felix/fiftyone/coco-2017/validation/data/000000052412.jpg,validation,locked_confirmation,000000052412
coco-rem,000000052413,/home/felix/fiftyone/coco-2017/validation/data/000000052413.jpg,validation,locked_confirmation,000000052413
coco-rem,000000052462,/home/felix/fiftyone/coco-2017/validation/data/000000052462.jpg,validation,locked_confirmation,000000052462
coco-rem,000000052507,/home/felix/fiftyone/coco-2017/validation/data/000000052507.jpg,validation,locked_confirmation,000000052507
coco-rem,000000052565,/home/felix/fiftyone/coco-2017/validation/data/000000052565.jpg,validation,locked_confirmation,000000052565
coco-rem,000000052591,/home/felix/fiftyone/coco-2017/validation/data/000000052591.jpg,validation,locked_confirmation,000000052591
coco-rem,000000052891,/home/felix/fiftyone/coco-2017/validation/data/000000052891.jpg,validation,locked_confirmation,000000052891
coco-rem,000000052996,/home/felix/fiftyone/coco-2017/validation/data/000000052996.jpg,validation,locked_confirmation,000000052996
coco-rem,000000053505,/home/felix/fiftyone/coco-2017/validation/data/000000053505.jpg,validation,locked_confirmation,000000053505
coco-rem,000000053529,/home/felix/fiftyone/coco-2017/validation/data/000000053529.jpg,validation,locked_confirmation,000000053529
coco-rem,000000053624,/home/felix/fiftyone/coco-2017/validation/data/000000053624.jpg,validation,locked_confirmation,000000053624
coco-rem,000000053626,/home/felix/fiftyone/coco-2017/validation/data/000000053626.jpg,validation,locked_confirmation,000000053626
coco-rem,000000053909,/home/felix/fiftyone/coco-2017/validation/data/000000053909.jpg,validation,locked_confirmation,000000053909
coco-rem,000000053994,/home/felix/fiftyone/coco-2017/validation/data/000000053994.jpg,validation,locked_confirmation,000000053994
coco-rem,000000054123,/home/felix/fiftyone/coco-2017/validation/data/000000054123.jpg,validation,locked_confirmation,000000054123
coco-rem,000000054164,/home/felix/fiftyone/coco-2017/validation/data/000000054164.jpg,validation,locked_confirmation,000000054164
coco-rem,000000054592,/home/felix/fiftyone/coco-2017/validation/data/000000054592.jpg,validation,locked_confirmation,000000054592
coco-rem,000000054593,/home/felix/fiftyone/coco-2017/validation/data/000000054593.jpg,validation,locked_confirmation,000000054593
coco-rem,000000054605,/home/felix/fiftyone/coco-2017/validation/data/000000054605.jpg,validation,locked_confirmation,000000054605
coco-rem,000000054628,/home/felix/fiftyone/coco-2017/validation/data/000000054628.jpg,validation,locked_confirmation,000000054628
coco-rem,000000054654,/home/felix/fiftyone/coco-2017/validation/data/000000054654.jpg,validation,locked_confirmation,000000054654
coco-rem,000000054931,/home/felix/fiftyone/coco-2017/validation/data/000000054931.jpg,validation,locked_confirmation,000000054931
coco-rem,000000054967,/home/felix/fiftyone/coco-2017/validation/data/000000054967.jpg,validation,locked_confirmation,000000054967
coco-rem,000000055002,/home/felix/fiftyone/coco-2017/validation/data/000000055002.jpg,validation,locked_confirmation,000000055002
coco-rem,000000055022,/home/felix/fiftyone/coco-2017/validation/data/000000055022.jpg,validation,locked_confirmation,000000055022
coco-rem,000000055072,/home/felix/fiftyone/coco-2017/validation/data/000000055072.jpg,validation,locked_confirmation,000000055072
coco-rem,000000055150,/home/felix/fiftyone/coco-2017/validation/data/000000055150.jpg,validation,locked_confirmation,000000055150
coco-rem,000000055167,/home/felix/fiftyone/coco-2017/validation/data/000000055167.jpg,validation,locked_confirmation,000000055167
coco-rem,000000055299,/home/felix/fiftyone/coco-2017/validation/data/000000055299.jpg,validation,locked_confirmation,000000055299
coco-rem,000000055528,/home/felix/fiftyone/coco-2017/validation/data/000000055528.jpg,validation,locked_confirmation,000000055528
coco-rem,000000055950,/home/felix/fiftyone/coco-2017/validation/data/000000055950.jpg,validation,locked_confirmation,000000055950
coco-rem,000000056127,/home/felix/fiftyone/coco-2017/validation/data/000000056127.jpg,validation,locked_confirmation,000000056127
coco-rem,000000056288,/home/felix/fiftyone/coco-2017/validation/data/000000056288.jpg,validation,locked_confirmation,000000056288
coco-rem,000000056344,/home/felix/fiftyone/coco-2017/validation/data/000000056344.jpg,validation,locked_confirmation,000000056344
coco-rem,000000056350,/home/felix/fiftyone/coco-2017/validation/data/000000056350.jpg,validation,locked_confirmation,000000056350
coco-rem,000000056545,/home/felix/fiftyone/coco-2017/validation/data/000000056545.jpg,validation,locked_confirmation,000000056545
coco-rem,000000057027,/home/felix/fiftyone/coco-2017/validation/data/000000057027.jpg,validation,locked_confirmation,000000057027
coco-rem,000000057149,/home/felix/fiftyone/coco-2017/validation/data/000000057149.jpg,validation,locked_confirmation,000000057149
coco-rem,000000057150,/home/felix/fiftyone/coco-2017/validation/data/000000057150.jpg,validation,locked_confirmation,000000057150
coco-rem,000000057232,/home/felix/fiftyone/coco-2017/validation/data/000000057232.jpg,validation,locked_confirmation,000000057232
coco-rem,000000057238,/home/felix/fiftyone/coco-2017/validation/data/000000057238.jpg,validation,locked_confirmation,000000057238
coco-rem,000000057244,/home/felix/fiftyone/coco-2017/validation/data/000000057244.jpg,validation,locked_confirmation,000000057244
coco-rem,000000057597,/home/felix/fiftyone/coco-2017/validation/data/000000057597.jpg,validation,locked_confirmation,000000057597
coco-rem,000000057672,/home/felix/fiftyone/coco-2017/validation/data/000000057672.jpg,validation,locked_confirmation,000000057672
coco-rem,000000057725,/home/felix/fiftyone/coco-2017/validation/data/000000057725.jpg,validation,locked_confirmation,000000057725
coco-rem,000000057760,/home/felix/fiftyone/coco-2017/validation/data/000000057760.jpg,validation,locked_confirmation,000000057760
coco-rem,000000058029,/home/felix/fiftyone/coco-2017/validation/data/000000058029.jpg,validation,locked_confirmation,000000058029
coco-rem,000000058111,/home/felix/fiftyone/coco-2017/validation/data/000000058111.jpg,validation,locked_confirmation,000000058111
coco-rem,000000058350,/home/felix/fiftyone/coco-2017/validation/data/000000058350.jpg,validation,locked_confirmation,000000058350
coco-rem,000000058384,/home/felix/fiftyone/coco-2017/validation/data/000000058384.jpg,validation,locked_confirmation,000000058384
coco-rem,000000058393,/home/felix/fiftyone/coco-2017/validation/data/000000058393.jpg,validation,locked_confirmation,000000058393
coco-rem,000000058539,/home/felix/fiftyone/coco-2017/validation/data/000000058539.jpg,validation,locked_confirmation,000000058539
coco-rem,000000058636,/home/felix/fiftyone/coco-2017/validation/data/000000058636.jpg,validation,locked_confirmation,000000058636
coco-rem,000000058655,/home/felix/fiftyone/coco-2017/validation/data/000000058655.jpg,validation,locked_confirmation,000000058655
coco-rem,000000058705,/home/felix/fiftyone/coco-2017/validation/data/000000058705.jpg,validation,locked_confirmation,000000058705
coco-rem,000000059044,/home/felix/fiftyone/coco-2017/validation/data/000000059044.jpg,validation,locked_confirmation,000000059044
coco-rem,000000059386,/home/felix/fiftyone/coco-2017/validation/data/000000059386.jpg,validation,locked_confirmation,000000059386
coco-rem,000000059598,/home/felix/fiftyone/coco-2017/validation/data/000000059598.jpg,validation,locked_confirmation,000000059598
coco-rem,000000059635,/home/felix/fiftyone/coco-2017/validation/data/000000059635.jpg,validation,locked_confirmation,000000059635
coco-rem,000000059920,/home/felix/fiftyone/coco-2017/validation/data/000000059920.jpg,validation,locked_confirmation,000000059920
coco-rem,000000060052,/home/felix/fiftyone/coco-2017/validation/data/000000060052.jpg,validation,locked_confirmation,000000060052
coco-rem,000000060090,/home/felix/fiftyone/coco-2017/validation/data/000000060090.jpg,validation,locked_confirmation,000000060090
coco-rem,000000060102,/home/felix/fiftyone/coco-2017/validation/data/000000060102.jpg,validation,locked_confirmation,000000060102
coco-rem,000000060347,/home/felix/fiftyone/coco-2017/validation/data/000000060347.jpg,validation,locked_confirmation,000000060347
coco-rem,000000060363,/home/felix/fiftyone/coco-2017/validation/data/000000060363.jpg,validation,locked_confirmation,000000060363
coco-rem,000000060449,/home/felix/fiftyone/coco-2017/validation/data/000000060449.jpg,validation,locked_confirmation,000000060449
coco-rem,000000060507,/home/felix/fiftyone/coco-2017/validation/data/000000060507.jpg,validation,locked_confirmation,000000060507
coco-rem,000000060770,/home/felix/fiftyone/coco-2017/validation/data/000000060770.jpg,validation,locked_confirmation,000000060770
coco-rem,000000060823,/home/felix/fiftyone/coco-2017/validation/data/000000060823.jpg,validation,locked_confirmation,000000060823
coco-rem,000000060835,/home/felix/fiftyone/coco-2017/validation/data/000000060835.jpg,validation,locked_confirmation,000000060835
coco-rem,000000060855,/home/felix/fiftyone/coco-2017/validation/data/000000060855.jpg,validation,locked_confirmation,000000060855
coco-rem,000000060886,/home/felix/fiftyone/coco-2017/validation/data/000000060886.jpg,validation,locked_confirmation,000000060886
coco-rem,000000060899,/home/felix/fiftyone/coco-2017/validation/data/000000060899.jpg,validation,locked_confirmation,000000060899
coco-rem,000000060932,/home/felix/fiftyone/coco-2017/validation/data/000000060932.jpg,validation,locked_confirmation,000000060932
coco-rem,000000061108,/home/felix/fiftyone/coco-2017/validation/data/000000061108.jpg,validation,locked_confirmation,000000061108
coco-rem,000000061171,/home/felix/fiftyone/coco-2017/validation/data/000000061171.jpg,validation,locked_confirmation,000000061171
coco-rem,000000061268,/home/felix/fiftyone/coco-2017/validation/data/000000061268.jpg,validation,locked_confirmation,000000061268
coco-rem,000000061333,/home/felix/fiftyone/coco-2017/validation/data/000000061333.jpg,validation,locked_confirmation,000000061333
coco-rem,000000061418,/home/felix/fiftyone/coco-2017/validation/data/000000061418.jpg,validation,locked_confirmation,000000061418
coco-rem,000000061471,/home/felix/fiftyone/coco-2017/validation/data/000000061471.jpg,validation,locked_confirmation,000000061471
coco-rem,000000061584,/home/felix/fiftyone/coco-2017/validation/data/000000061584.jpg,validation,locked_confirmation,000000061584
coco-rem,000000061658,/home/felix/fiftyone/coco-2017/validation/data/000000061658.jpg,validation,locked_confirmation,000000061658
coco-rem,000000061747,/home/felix/fiftyone/coco-2017/validation/data/000000061747.jpg,validation,locked_confirmation,000000061747
coco-rem,000000061960,/home/felix/fiftyone/coco-2017/validation/data/000000061960.jpg,validation,locked_confirmation,000000061960
coco-rem,000000062025,/home/felix/fiftyone/coco-2017/validation/data/000000062025.jpg,validation,locked_confirmation,000000062025
coco-rem,000000062353,/home/felix/fiftyone/coco-2017/validation/data/000000062353.jpg,validation,locked_confirmation,000000062353
coco-rem,000000062355,/home/felix/fiftyone/coco-2017/validation/data/000000062355.jpg,validation,locked_confirmation,000000062355
coco-rem,000000062554,/home/felix/fiftyone/coco-2017/validation/data/000000062554.jpg,validation,locked_confirmation,000000062554
coco-rem,000000062692,/home/felix/fiftyone/coco-2017/validation/data/000000062692.jpg,validation,locked_confirmation,000000062692
coco-rem,000000062808,/home/felix/fiftyone/coco-2017/validation/data/000000062808.jpg,validation,locked_confirmation,000000062808
coco-rem,000000063047,/home/felix/fiftyone/coco-2017/validation/data/000000063047.jpg,validation,locked_confirmation,000000063047
coco-rem,000000063154,/home/felix/fiftyone/coco-2017/validation/data/000000063154.jpg,validation,locked_confirmation,000000063154
coco-rem,000000063552,/home/felix/fiftyone/coco-2017/validation/data/000000063552.jpg,validation,locked_confirmation,000000063552
coco-rem,000000063602,/home/felix/fiftyone/coco-2017/validation/data/000000063602.jpg,validation,locked_confirmation,000000063602
coco-rem,000000063740,/home/felix/fiftyone/coco-2017/validation/data/000000063740.jpg,validation,locked_confirmation,000000063740
coco-rem,000000063965,/home/felix/fiftyone/coco-2017/validation/data/000000063965.jpg,validation,locked_confirmation,000000063965
coco-rem,000000064084,/home/felix/fiftyone/coco-2017/validation/data/000000064084.jpg,validation,locked_confirmation,000000064084
coco-rem,000000064359,/home/felix/fiftyone/coco-2017/validation/data/000000064359.jpg,validation,locked_confirmation,000000064359
coco-rem,000000064462,/home/felix/fiftyone/coco-2017/validation/data/000000064462.jpg,validation,locked_confirmation,000000064462
coco-rem,000000064495,/home/felix/fiftyone/coco-2017/validation/data/000000064495.jpg,validation,locked_confirmation,000000064495
coco-rem,000000064499,/home/felix/fiftyone/coco-2017/validation/data/000000064499.jpg,validation,locked_confirmation,000000064499
coco-rem,000000064523,/home/felix/fiftyone/coco-2017/validation/data/000000064523.jpg,validation,locked_confirmation,000000064523
coco-rem,000000064574,/home/felix/fiftyone/coco-2017/validation/data/000000064574.jpg,validation,locked_confirmation,000000064574
coco-rem,000000064718,/home/felix/fiftyone/coco-2017/validation/data/000000064718.jpg,validation,locked_confirmation,000000064718
coco-rem,000000064868,/home/felix/fiftyone/coco-2017/validation/data/000000064868.jpg,validation,locked_confirmation,000000064868
coco-rem,000000064898,/home/felix/fiftyone/coco-2017/validation/data/000000064898.jpg,validation,locked_confirmation,000000064898
coco-rem,000000065074,/home/felix/fiftyone/coco-2017/validation/data/000000065074.jpg,validation,locked_confirmation,000000065074
coco-rem,000000065288,/home/felix/fiftyone/coco-2017/validation/data/000000065288.jpg,validation,locked_confirmation,000000065288
coco-rem,000000065350,/home/felix/fiftyone/coco-2017/validation/data/000000065350.jpg,validation,locked_confirmation,000000065350
coco-rem,000000065455,/home/felix/fiftyone/coco-2017/validation/data/000000065455.jpg,validation,locked_confirmation,000000065455
coco-rem,000000065485,/home/felix/fiftyone/coco-2017/validation/data/000000065485.jpg,validation,locked_confirmation,000000065485
coco-rem,000000065736,/home/felix/fiftyone/coco-2017/validation/data/000000065736.jpg,validation,locked_confirmation,000000065736
coco-rem,000000065798,/home/felix/fiftyone/coco-2017/validation/data/000000065798.jpg,validation,locked_confirmation,000000065798
coco-rem,000000066038,/home/felix/fiftyone/coco-2017/validation/data/000000066038.jpg,validation,locked_confirmation,000000066038
coco-rem,000000066135,/home/felix/fiftyone/coco-2017/validation/data/000000066135.jpg,validation,locked_confirmation,000000066135
coco-rem,000000066231,/home/felix/fiftyone/coco-2017/validation/data/000000066231.jpg,validation,locked_confirmation,000000066231
coco-rem,000000066523,/home/felix/fiftyone/coco-2017/validation/data/000000066523.jpg,validation,locked_confirmation,000000066523
coco-rem,000000066561,/home/felix/fiftyone/coco-2017/validation/data/000000066561.jpg,validation,locked_confirmation,000000066561
coco-rem,000000066635,/home/felix/fiftyone/coco-2017/validation/data/000000066635.jpg,validation,locked_confirmation,000000066635
coco-rem,000000066706,/home/felix/fiftyone/coco-2017/validation/data/000000066706.jpg,validation,locked_confirmation,000000066706
coco-rem,000000066771,/home/felix/fiftyone/coco-2017/validation/data/000000066771.jpg,validation,locked_confirmation,000000066771
coco-rem,000000066817,/home/felix/fiftyone/coco-2017/validation/data/000000066817.jpg,validation,locked_confirmation,000000066817
coco-rem,000000066841,/home/felix/fiftyone/coco-2017/validation/data/000000066841.jpg,validation,locked_confirmation,000000066841
coco-rem,000000066886,/home/felix/fiftyone/coco-2017/validation/data/000000066886.jpg,validation,locked_confirmation,000000066886
coco-rem,000000066926,/home/felix/fiftyone/coco-2017/validation/data/000000066926.jpg,validation,locked_confirmation,000000066926
coco-rem,000000067180,/home/felix/fiftyone/coco-2017/validation/data/000000067180.jpg,validation,locked_confirmation,000000067180
coco-rem,000000067213,/home/felix/fiftyone/coco-2017/validation/data/000000067213.jpg,validation,locked_confirmation,000000067213
coco-rem,000000067310,/home/felix/fiftyone/coco-2017/validation/data/000000067310.jpg,validation,locked_confirmation,000000067310
coco-rem,000000067315,/home/felix/fiftyone/coco-2017/validation/data/000000067315.jpg,validation,locked_confirmation,000000067315
coco-rem,000000067406,/home/felix/fiftyone/coco-2017/validation/data/000000067406.jpg,validation,locked_confirmation,000000067406
coco-rem,000000067534,/home/felix/fiftyone/coco-2017/validation/data/000000067534.jpg,validation,locked_confirmation,000000067534
coco-rem,000000067616,/home/felix/fiftyone/coco-2017/validation/data/000000067616.jpg,validation,locked_confirmation,000000067616
coco-rem,000000067896,/home/felix/fiftyone/coco-2017/validation/data/000000067896.jpg,validation,locked_confirmation,000000067896
coco-rem,000000068078,/home/felix/fiftyone/coco-2017/validation/data/000000068078.jpg,validation,locked_confirmation,000000068078
coco-rem,000000068093,/home/felix/fiftyone/coco-2017/validation/data/000000068093.jpg,validation,locked_confirmation,000000068093
coco-rem,000000068286,/home/felix/fiftyone/coco-2017/validation/data/000000068286.jpg,validation,locked_confirmation,000000068286
coco-rem,000000068387,/home/felix/fiftyone/coco-2017/validation/data/000000068387.jpg,validation,locked_confirmation,000000068387
coco-rem,000000068409,/home/felix/fiftyone/coco-2017/validation/data/000000068409.jpg,validation,locked_confirmation,000000068409
coco-rem,000000068628,/home/felix/fiftyone/coco-2017/validation/data/000000068628.jpg,validation,locked_confirmation,000000068628
coco-rem,000000068765,/home/felix/fiftyone/coco-2017/validation/data/000000068765.jpg,validation,locked_confirmation,000000068765
coco-rem,000000068833,/home/felix/fiftyone/coco-2017/validation/data/000000068833.jpg,validation,locked_confirmation,000000068833
coco-rem,000000068933,/home/felix/fiftyone/coco-2017/validation/data/000000068933.jpg,validation,locked_confirmation,000000068933
coco-rem,000000069106,/home/felix/fiftyone/coco-2017/validation/data/000000069106.jpg,validation,locked_confirmation,000000069106
coco-rem,000000069138,/home/felix/fiftyone/coco-2017/validation/data/000000069138.jpg,validation,locked_confirmation,000000069138
coco-rem,000000069213,/home/felix/fiftyone/coco-2017/validation/data/000000069213.jpg,validation,locked_confirmation,000000069213
coco-rem,000000069224,/home/felix/fiftyone/coco-2017/validation/data/000000069224.jpg,validation,locked_confirmation,000000069224
coco-rem,000000069356,/home/felix/fiftyone/coco-2017/validation/data/000000069356.jpg,validation,locked_confirmation,000000069356
coco-rem,000000069795,/home/felix/fiftyone/coco-2017/validation/data/000000069795.jpg,validation,locked_confirmation,000000069795
coco-rem,000000070048,/home/felix/fiftyone/coco-2017/validation/data/000000070048.jpg,validation,locked_confirmation,000000070048
coco-rem,000000070158,/home/felix/fiftyone/coco-2017/validation/data/000000070158.jpg,validation,locked_confirmation,000000070158
coco-rem,000000070229,/home/felix/fiftyone/coco-2017/validation/data/000000070229.jpg,validation,locked_confirmation,000000070229
coco-rem,000000070254,/home/felix/fiftyone/coco-2017/validation/data/000000070254.jpg,validation,locked_confirmation,000000070254
coco-rem,000000070739,/home/felix/fiftyone/coco-2017/validation/data/000000070739.jpg,validation,locked_confirmation,000000070739
coco-rem,000000070774,/home/felix/fiftyone/coco-2017/validation/data/000000070774.jpg,validation,locked_confirmation,000000070774
coco-rem,000000071226,/home/felix/fiftyone/coco-2017/validation/data/000000071226.jpg,validation,locked_confirmation,000000071226
coco-rem,000000071451,/home/felix/fiftyone/coco-2017/validation/data/000000071451.jpg,validation,locked_confirmation,000000071451
coco-rem,000000071711,/home/felix/fiftyone/coco-2017/validation/data/000000071711.jpg,validation,locked_confirmation,000000071711
coco-rem,000000071756,/home/felix/fiftyone/coco-2017/validation/data/000000071756.jpg,validation,locked_confirmation,000000071756
coco-rem,000000071877,/home/felix/fiftyone/coco-2017/validation/data/000000071877.jpg,validation,locked_confirmation,000000071877
coco-rem,000000071938,/home/felix/fiftyone/coco-2017/validation/data/000000071938.jpg,validation,locked_confirmation,000000071938
coco-rem,000000072281,/home/felix/fiftyone/coco-2017/validation/data/000000072281.jpg,validation,locked_confirmation,000000072281
coco-rem,000000072795,/home/felix/fiftyone/coco-2017/validation/data/000000072795.jpg,validation,locked_confirmation,000000072795
coco-rem,000000072813,/home/felix/fiftyone/coco-2017/validation/data/000000072813.jpg,validation,locked_confirmation,000000072813
coco-rem,000000072852,/home/felix/fiftyone/coco-2017/validation/data/000000072852.jpg,validation,locked_confirmation,000000072852
coco-rem,000000073118,/home/felix/fiftyone/coco-2017/validation/data/000000073118.jpg,validation,locked_confirmation,000000073118
coco-rem,000000073153,/home/felix/fiftyone/coco-2017/validation/data/000000073153.jpg,validation,locked_confirmation,000000073153
coco-rem,000000073326,/home/felix/fiftyone/coco-2017/validation/data/000000073326.jpg,validation,locked_confirmation,000000073326
coco-rem,000000073533,/home/felix/fiftyone/coco-2017/validation/data/000000073533.jpg,validation,locked_confirmation,000000073533
coco-rem,000000073702,/home/felix/fiftyone/coco-2017/validation/data/000000073702.jpg,validation,locked_confirmation,000000073702
coco-rem,000000073946,/home/felix/fiftyone/coco-2017/validation/data/000000073946.jpg,validation,locked_confirmation,000000073946
coco-rem,000000074058,/home/felix/fiftyone/coco-2017/validation/data/000000074058.jpg,validation,locked_confirmation,000000074058
coco-rem,000000074092,/home/felix/fiftyone/coco-2017/validation/data/000000074092.jpg,validation,locked_confirmation,000000074092
coco-rem,000000074200,/home/felix/fiftyone/coco-2017/validation/data/000000074200.jpg,validation,locked_confirmation,000000074200
coco-rem,000000074209,/home/felix/fiftyone/coco-2017/validation/data/000000074209.jpg,validation,locked_confirmation,000000074209
coco-rem,000000074256,/home/felix/fiftyone/coco-2017/validation/data/000000074256.jpg,validation,locked_confirmation,000000074256
coco-rem,000000074457,/home/felix/fiftyone/coco-2017/validation/data/000000074457.jpg,validation,locked_confirmation,000000074457
coco-rem,000000074646,/home/felix/fiftyone/coco-2017/validation/data/000000074646.jpg,validation,locked_confirmation,000000074646
coco-rem,000000074733,/home/felix/fiftyone/coco-2017/validation/data/000000074733.jpg,validation,locked_confirmation,000000074733
coco-rem,000000074860,/home/felix/fiftyone/coco-2017/validation/data/000000074860.jpg,validation,locked_confirmation,000000074860
coco-rem,000000075393,/home/felix/fiftyone/coco-2017/validation/data/000000075393.jpg,validation,locked_confirmation,000000075393
coco-rem,000000075456,/home/felix/fiftyone/coco-2017/validation/data/000000075456.jpg,validation,locked_confirmation,000000075456
coco-rem,000000075612,/home/felix/fiftyone/coco-2017/validation/data/000000075612.jpg,validation,locked_confirmation,000000075612
coco-rem,000000076211,/home/felix/fiftyone/coco-2017/validation/data/000000076211.jpg,validation,locked_confirmation,000000076211
coco-rem,000000076261,/home/felix/fiftyone/coco-2017/validation/data/000000076261.jpg,validation,locked_confirmation,000000076261
coco-rem,000000076416,/home/felix/fiftyone/coco-2017/validation/data/000000076416.jpg,validation,locked_confirmation,000000076416
coco-rem,000000076417,/home/felix/fiftyone/coco-2017/validation/data/000000076417.jpg,validation,locked_confirmation,000000076417
coco-rem,000000076468,/home/felix/fiftyone/coco-2017/validation/data/000000076468.jpg,validation,locked_confirmation,000000076468
coco-rem,000000076547,/home/felix/fiftyone/coco-2017/validation/data/000000076547.jpg,validation,locked_confirmation,000000076547
coco-rem,000000076625,/home/felix/fiftyone/coco-2017/validation/data/000000076625.jpg,validation,locked_confirmation,000000076625
coco-rem,000000076731,/home/felix/fiftyone/coco-2017/validation/data/000000076731.jpg,validation,locked_confirmation,000000076731
coco-rem,000000077396,/home/felix/fiftyone/coco-2017/validation/data/000000077396.jpg,validation,locked_confirmation,000000077396
coco-rem,000000077460,/home/felix/fiftyone/coco-2017/validation/data/000000077460.jpg,validation,locked_confirmation,000000077460
coco-rem,000000077595,/home/felix/fiftyone/coco-2017/validation/data/000000077595.jpg,validation,locked_confirmation,000000077595
coco-rem,000000078032,/home/felix/fiftyone/coco-2017/validation/data/000000078032.jpg,validation,locked_confirmation,000000078032
coco-rem,000000078170,/home/felix/fiftyone/coco-2017/validation/data/000000078170.jpg,validation,locked_confirmation,000000078170
coco-rem,000000078266,/home/felix/fiftyone/coco-2017/validation/data/000000078266.jpg,validation,locked_confirmation,000000078266
coco-rem,000000078404,/home/felix/fiftyone/coco-2017/validation/data/000000078404.jpg,validation,locked_confirmation,000000078404
coco-rem,000000078420,/home/felix/fiftyone/coco-2017/validation/data/000000078420.jpg,validation,locked_confirmation,000000078420
coco-rem,000000078426,/home/felix/fiftyone/coco-2017/validation/data/000000078426.jpg,validation,locked_confirmation,000000078426
coco-rem,000000078565,/home/felix/fiftyone/coco-2017/validation/data/000000078565.jpg,validation,locked_confirmation,000000078565
coco-rem,000000078748,/home/felix/fiftyone/coco-2017/validation/data/000000078748.jpg,validation,locked_confirmation,000000078748
coco-rem,000000078823,/home/felix/fiftyone/coco-2017/validation/data/000000078823.jpg,validation,locked_confirmation,000000078823
coco-rem,000000078843,/home/felix/fiftyone/coco-2017/validation/data/000000078843.jpg,validation,locked_confirmation,000000078843
coco-rem,000000078915,/home/felix/fiftyone/coco-2017/validation/data/000000078915.jpg,validation,locked_confirmation,000000078915
coco-rem,000000078959,/home/felix/fiftyone/coco-2017/validation/data/000000078959.jpg,validation,locked_confirmation,000000078959
coco-rem,000000079014,/home/felix/fiftyone/coco-2017/validation/data/000000079014.jpg,validation,locked_confirmation,000000079014
coco-rem,000000079031,/home/felix/fiftyone/coco-2017/validation/data/000000079031.jpg,validation,locked_confirmation,000000079031
coco-rem,000000079034,/home/felix/fiftyone/coco-2017/validation/data/000000079034.jpg,validation,locked_confirmation,000000079034
coco-rem,000000079144,/home/felix/fiftyone/coco-2017/validation/data/000000079144.jpg,validation,locked_confirmation,000000079144
coco-rem,000000079188,/home/felix/fiftyone/coco-2017/validation/data/000000079188.jpg,validation,locked_confirmation,000000079188
coco-rem,000000079229,/home/felix/fiftyone/coco-2017/validation/data/000000079229.jpg,validation,locked_confirmation,000000079229
coco-rem,000000079408,/home/felix/fiftyone/coco-2017/validation/data/000000079408.jpg,validation,locked_confirmation,000000079408
coco-rem,000000079565,/home/felix/fiftyone/coco-2017/validation/data/000000079565.jpg,validation,locked_confirmation,000000079565
coco-rem,000000079588,/home/felix/fiftyone/coco-2017/validation/data/000000079588.jpg,validation,locked_confirmation,000000079588
coco-rem,000000079651,/home/felix/fiftyone/coco-2017/validation/data/000000079651.jpg,validation,locked_confirmation,000000079651
coco-rem,000000079837,/home/felix/fiftyone/coco-2017/validation/data/000000079837.jpg,validation,locked_confirmation,000000079837
coco-rem,000000079969,/home/felix/fiftyone/coco-2017/validation/data/000000079969.jpg,validation,locked_confirmation,000000079969
coco-rem,000000080022,/home/felix/fiftyone/coco-2017/validation/data/000000080022.jpg,validation,locked_confirmation,000000080022
coco-rem,000000080057,/home/felix/fiftyone/coco-2017/validation/data/000000080057.jpg,validation,locked_confirmation,000000080057
coco-rem,000000080153,/home/felix/fiftyone/coco-2017/validation/data/000000080153.jpg,validation,locked_confirmation,000000080153
coco-rem,000000080273,/home/felix/fiftyone/coco-2017/validation/data/000000080273.jpg,validation,locked_confirmation,000000080273
coco-rem,000000080274,/home/felix/fiftyone/coco-2017/validation/data/000000080274.jpg,validation,locked_confirmation,000000080274
coco-rem,000000080340,/home/felix/fiftyone/coco-2017/validation/data/000000080340.jpg,validation,locked_confirmation,000000080340
coco-rem,000000080413,/home/felix/fiftyone/coco-2017/validation/data/000000080413.jpg,validation,locked_confirmation,000000080413
coco-rem,000000080659,/home/felix/fiftyone/coco-2017/validation/data/000000080659.jpg,validation,locked_confirmation,000000080659
coco-rem,000000080666,/home/felix/fiftyone/coco-2017/validation/data/000000080666.jpg,validation,locked_confirmation,000000080666
coco-rem,000000080671,/home/felix/fiftyone/coco-2017/validation/data/000000080671.jpg,validation,locked_confirmation,000000080671
coco-rem,000000080932,/home/felix/fiftyone/coco-2017/validation/data/000000080932.jpg,validation,locked_confirmation,000000080932
coco-rem,000000080949,/home/felix/fiftyone/coco-2017/validation/data/000000080949.jpg,validation,locked_confirmation,000000080949
coco-rem,000000081061,/home/felix/fiftyone/coco-2017/validation/data/000000081061.jpg,validation,locked_confirmation,000000081061
coco-rem,000000081394,/home/felix/fiftyone/coco-2017/validation/data/000000081394.jpg,validation,locked_confirmation,000000081394
coco-rem,000000081594,/home/felix/fiftyone/coco-2017/validation/data/000000081594.jpg,validation,locked_confirmation,000000081594
coco-rem,000000081738,/home/felix/fiftyone/coco-2017/validation/data/000000081738.jpg,validation,locked_confirmation,000000081738
coco-rem,000000081766,/home/felix/fiftyone/coco-2017/validation/data/000000081766.jpg,validation,locked_confirmation,000000081766
coco-rem,000000081988,/home/felix/fiftyone/coco-2017/validation/data/000000081988.jpg,validation,locked_confirmation,000000081988
coco-rem,000000082085,/home/felix/fiftyone/coco-2017/validation/data/000000082085.jpg,validation,locked_confirmation,000000082085
coco-rem,000000082180,/home/felix/fiftyone/coco-2017/validation/data/000000082180.jpg,validation,locked_confirmation,000000082180
coco-rem,000000082688,/home/felix/fiftyone/coco-2017/validation/data/000000082688.jpg,validation,locked_confirmation,000000082688
coco-rem,000000082696,/home/felix/fiftyone/coco-2017/validation/data/000000082696.jpg,validation,locked_confirmation,000000082696
coco-rem,000000082715,/home/felix/fiftyone/coco-2017/validation/data/000000082715.jpg,validation,locked_confirmation,000000082715
coco-rem,000000082765,/home/felix/fiftyone/coco-2017/validation/data/000000082765.jpg,validation,locked_confirmation,000000082765
coco-rem,000000082807,/home/felix/fiftyone/coco-2017/validation/data/000000082807.jpg,validation,locked_confirmation,000000082807
coco-rem,000000082812,/home/felix/fiftyone/coco-2017/validation/data/000000082812.jpg,validation,locked_confirmation,000000082812
coco-rem,000000082821,/home/felix/fiftyone/coco-2017/validation/data/000000082821.jpg,validation,locked_confirmation,000000082821
coco-rem,000000082846,/home/felix/fiftyone/coco-2017/validation/data/000000082846.jpg,validation,locked_confirmation,000000082846
coco-rem,000000082986,/home/felix/fiftyone/coco-2017/validation/data/000000082986.jpg,validation,locked_confirmation,000000082986
coco-rem,000000083113,/home/felix/fiftyone/coco-2017/validation/data/000000083113.jpg,validation,locked_confirmation,000000083113
coco-rem,000000083172,/home/felix/fiftyone/coco-2017/validation/data/000000083172.jpg,validation,locked_confirmation,000000083172
coco-rem,000000083531,/home/felix/fiftyone/coco-2017/validation/data/000000083531.jpg,validation,locked_confirmation,000000083531
coco-rem,000000083540,/home/felix/fiftyone/coco-2017/validation/data/000000083540.jpg,validation,locked_confirmation,000000083540
coco-rem,000000084031,/home/felix/fiftyone/coco-2017/validation/data/000000084031.jpg,validation,locked_confirmation,000000084031
coco-rem,000000084170,/home/felix/fiftyone/coco-2017/validation/data/000000084170.jpg,validation,locked_confirmation,000000084170
coco-rem,000000084241,/home/felix/fiftyone/coco-2017/validation/data/000000084241.jpg,validation,locked_confirmation,000000084241
coco-rem,000000084270,/home/felix/fiftyone/coco-2017/validation/data/000000084270.jpg,validation,locked_confirmation,000000084270
coco-rem,000000084362,/home/felix/fiftyone/coco-2017/validation/data/000000084362.jpg,validation,locked_confirmation,000000084362
coco-rem,000000084431,/home/felix/fiftyone/coco-2017/validation/data/000000084431.jpg,validation,locked_confirmation,000000084431
coco-rem,000000084477,/home/felix/fiftyone/coco-2017/validation/data/000000084477.jpg,validation,locked_confirmation,000000084477
coco-rem,000000084492,/home/felix/fiftyone/coco-2017/validation/data/000000084492.jpg,validation,locked_confirmation,000000084492
coco-rem,000000084650,/home/felix/fiftyone/coco-2017/validation/data/000000084650.jpg,validation,locked_confirmation,000000084650
coco-rem,000000084664,/home/felix/fiftyone/coco-2017/validation/data/000000084664.jpg,validation,locked_confirmation,000000084664
coco-rem,000000084674,/home/felix/fiftyone/coco-2017/validation/data/000000084674.jpg,validation,locked_confirmation,000000084674
coco-rem,000000084752,/home/felix/fiftyone/coco-2017/validation/data/000000084752.jpg,validation,locked_confirmation,000000084752
coco-rem,000000085089,/home/felix/fiftyone/coco-2017/validation/data/000000085089.jpg,validation,locked_confirmation,000000085089
coco-rem,000000085157,/home/felix/fiftyone/coco-2017/validation/data/000000085157.jpg,validation,locked_confirmation,000000085157
coco-rem,000000085195,/home/felix/fiftyone/coco-2017/validation/data/000000085195.jpg,validation,locked_confirmation,000000085195
coco-rem,000000085329,/home/felix/fiftyone/coco-2017/validation/data/000000085329.jpg,validation,locked_confirmation,000000085329
coco-rem,000000085376,/home/felix/fiftyone/coco-2017/validation/data/000000085376.jpg,validation,locked_confirmation,000000085376
coco-rem,000000085478,/home/felix/fiftyone/coco-2017/validation/data/000000085478.jpg,validation,locked_confirmation,000000085478
coco-rem,000000085576,/home/felix/fiftyone/coco-2017/validation/data/000000085576.jpg,validation,locked_confirmation,000000085576
coco-rem,000000085665,/home/felix/fiftyone/coco-2017/validation/data/000000085665.jpg,validation,locked_confirmation,000000085665
coco-rem,000000085682,/home/felix/fiftyone/coco-2017/validation/data/000000085682.jpg,validation,locked_confirmation,000000085682
coco-rem,000000085772,/home/felix/fiftyone/coco-2017/validation/data/000000085772.jpg,validation,locked_confirmation,000000085772
coco-rem,000000085823,/home/felix/fiftyone/coco-2017/validation/data/000000085823.jpg,validation,locked_confirmation,000000085823
coco-rem,000000085911,/home/felix/fiftyone/coco-2017/validation/data/000000085911.jpg,validation,locked_confirmation,000000085911
coco-rem,000000086220,/home/felix/fiftyone/coco-2017/validation/data/000000086220.jpg,validation,locked_confirmation,000000086220
coco-rem,000000086483,/home/felix/fiftyone/coco-2017/validation/data/000000086483.jpg,validation,locked_confirmation,000000086483
coco-rem,000000086582,/home/felix/fiftyone/coco-2017/validation/data/000000086582.jpg,validation,locked_confirmation,000000086582
coco-rem,000000086755,/home/felix/fiftyone/coco-2017/validation/data/000000086755.jpg,validation,locked_confirmation,000000086755
coco-rem,000000086956,/home/felix/fiftyone/coco-2017/validation/data/000000086956.jpg,validation,locked_confirmation,000000086956
coco-rem,000000087038,/home/felix/fiftyone/coco-2017/validation/data/000000087038.jpg,validation,locked_confirmation,000000087038
coco-rem,000000087144,/home/felix/fiftyone/coco-2017/validation/data/000000087144.jpg,validation,locked_confirmation,000000087144
coco-rem,000000087244,/home/felix/fiftyone/coco-2017/validation/data/000000087244.jpg,validation,locked_confirmation,000000087244
coco-rem,000000087470,/home/felix/fiftyone/coco-2017/validation/data/000000087470.jpg,validation,locked_confirmation,000000087470
coco-rem,000000087476,/home/felix/fiftyone/coco-2017/validation/data/000000087476.jpg,validation,locked_confirmation,000000087476
coco-rem,000000087742,/home/felix/fiftyone/coco-2017/validation/data/000000087742.jpg,validation,locked_confirmation,000000087742
coco-rem,000000087875,/home/felix/fiftyone/coco-2017/validation/data/000000087875.jpg,validation,locked_confirmation,000000087875
coco-rem,000000088040,/home/felix/fiftyone/coco-2017/validation/data/000000088040.jpg,validation,locked_confirmation,000000088040
coco-rem,000000088218,/home/felix/fiftyone/coco-2017/validation/data/000000088218.jpg,validation,locked_confirmation,000000088218
coco-rem,000000088250,/home/felix/fiftyone/coco-2017/validation/data/000000088250.jpg,validation,locked_confirmation,000000088250
coco-rem,000000088265,/home/felix/fiftyone/coco-2017/validation/data/000000088265.jpg,validation,locked_confirmation,000000088265
coco-rem,000000088269,/home/felix/fiftyone/coco-2017/validation/data/000000088269.jpg,validation,locked_confirmation,000000088269
coco-rem,000000088345,/home/felix/fiftyone/coco-2017/validation/data/000000088345.jpg,validation,locked_confirmation,000000088345
coco-rem,000000088432,/home/felix/fiftyone/coco-2017/validation/data/000000088432.jpg,validation,locked_confirmation,000000088432
coco-rem,000000088462,/home/felix/fiftyone/coco-2017/validation/data/000000088462.jpg,validation,locked_confirmation,000000088462
coco-rem,000000088485,/home/felix/fiftyone/coco-2017/validation/data/000000088485.jpg,validation,locked_confirmation,000000088485
coco-rem,000000088848,/home/felix/fiftyone/coco-2017/validation/data/000000088848.jpg,validation,locked_confirmation,000000088848
coco-rem,000000088951,/home/felix/fiftyone/coco-2017/validation/data/000000088951.jpg,validation,locked_confirmation,000000088951
coco-rem,000000088970,/home/felix/fiftyone/coco-2017/validation/data/000000088970.jpg,validation,locked_confirmation,000000088970
coco-rem,000000089045,/home/felix/fiftyone/coco-2017/validation/data/000000089045.jpg,validation,locked_confirmation,000000089045
coco-rem,000000089078,/home/felix/fiftyone/coco-2017/validation/data/000000089078.jpg,validation,locked_confirmation,000000089078
coco-rem,000000089271,/home/felix/fiftyone/coco-2017/validation/data/000000089271.jpg,validation,locked_confirmation,000000089271
coco-rem,000000089296,/home/felix/fiftyone/coco-2017/validation/data/000000089296.jpg,validation,locked_confirmation,000000089296
coco-rem,000000089556,/home/felix/fiftyone/coco-2017/validation/data/000000089556.jpg,validation,locked_confirmation,000000089556
coco-rem,000000089648,/home/felix/fiftyone/coco-2017/validation/data/000000089648.jpg,validation,locked_confirmation,000000089648
coco-rem,000000089670,/home/felix/fiftyone/coco-2017/validation/data/000000089670.jpg,validation,locked_confirmation,000000089670
coco-rem,000000089697,/home/felix/fiftyone/coco-2017/validation/data/000000089697.jpg,validation,locked_confirmation,000000089697
coco-rem,000000089761,/home/felix/fiftyone/coco-2017/validation/data/000000089761.jpg,validation,locked_confirmation,000000089761
coco-rem,000000089880,/home/felix/fiftyone/coco-2017/validation/data/000000089880.jpg,validation,locked_confirmation,000000089880
coco-rem,000000090003,/home/felix/fiftyone/coco-2017/validation/data/000000090003.jpg,validation,locked_confirmation,000000090003
coco-rem,000000090062,/home/felix/fiftyone/coco-2017/validation/data/000000090062.jpg,validation,locked_confirmation,000000090062
coco-rem,000000090108,/home/felix/fiftyone/coco-2017/validation/data/000000090108.jpg,validation,locked_confirmation,000000090108
coco-rem,000000090155,/home/felix/fiftyone/coco-2017/validation/data/000000090155.jpg,validation,locked_confirmation,000000090155
coco-rem,000000090208,/home/felix/fiftyone/coco-2017/validation/data/000000090208.jpg,validation,locked_confirmation,000000090208
coco-rem,000000090284,/home/felix/fiftyone/coco-2017/validation/data/000000090284.jpg,validation,locked_confirmation,000000090284
coco-rem,000000090631,/home/felix/fiftyone/coco-2017/validation/data/000000090631.jpg,validation,locked_confirmation,000000090631
coco-rem,000000090891,/home/felix/fiftyone/coco-2017/validation/data/000000090891.jpg,validation,locked_confirmation,000000090891
coco-rem,000000090956,/home/felix/fiftyone/coco-2017/validation/data/000000090956.jpg,validation,locked_confirmation,000000090956
coco-rem,000000091406,/home/felix/fiftyone/coco-2017/validation/data/000000091406.jpg,validation,locked_confirmation,000000091406
coco-rem,000000091495,/home/felix/fiftyone/coco-2017/validation/data/000000091495.jpg,validation,locked_confirmation,000000091495
coco-rem,000000091500,/home/felix/fiftyone/coco-2017/validation/data/000000091500.jpg,validation,locked_confirmation,000000091500
coco-rem,000000091615,/home/felix/fiftyone/coco-2017/validation/data/000000091615.jpg,validation,locked_confirmation,000000091615
coco-rem,000000091619,/home/felix/fiftyone/coco-2017/validation/data/000000091619.jpg,validation,locked_confirmation,000000091619
coco-rem,000000091654,/home/felix/fiftyone/coco-2017/validation/data/000000091654.jpg,validation,locked_confirmation,000000091654
coco-rem,000000091779,/home/felix/fiftyone/coco-2017/validation/data/000000091779.jpg,validation,locked_confirmation,000000091779
coco-rem,000000091921,/home/felix/fiftyone/coco-2017/validation/data/000000091921.jpg,validation,locked_confirmation,000000091921
coco-rem,000000092053,/home/felix/fiftyone/coco-2017/validation/data/000000092053.jpg,validation,locked_confirmation,000000092053
coco-rem,000000092091,/home/felix/fiftyone/coco-2017/validation/data/000000092091.jpg,validation,locked_confirmation,000000092091
coco-rem,000000092124,/home/felix/fiftyone/coco-2017/validation/data/000000092124.jpg,validation,locked_confirmation,000000092124
coco-rem,000000092177,/home/felix/fiftyone/coco-2017/validation/data/000000092177.jpg,validation,locked_confirmation,000000092177
coco-rem,000000092416,/home/felix/fiftyone/coco-2017/validation/data/000000092416.jpg,validation,locked_confirmation,000000092416
coco-rem,000000092660,/home/felix/fiftyone/coco-2017/validation/data/000000092660.jpg,validation,locked_confirmation,000000092660
coco-rem,000000092839,/home/felix/fiftyone/coco-2017/validation/data/000000092839.jpg,validation,locked_confirmation,000000092839
coco-rem,000000092939,/home/felix/fiftyone/coco-2017/validation/data/000000092939.jpg,validation,locked_confirmation,000000092939
coco-rem,000000093154,/home/felix/fiftyone/coco-2017/validation/data/000000093154.jpg,validation,locked_confirmation,000000093154
coco-rem,000000093261,/home/felix/fiftyone/coco-2017/validation/data/000000093261.jpg,validation,locked_confirmation,000000093261
coco-rem,000000093353,/home/felix/fiftyone/coco-2017/validation/data/000000093353.jpg,validation,locked_confirmation,000000093353
coco-rem,000000093437,/home/felix/fiftyone/coco-2017/validation/data/000000093437.jpg,validation,locked_confirmation,000000093437
coco-rem,000000093717,/home/felix/fiftyone/coco-2017/validation/data/000000093717.jpg,validation,locked_confirmation,000000093717
coco-rem,000000093965,/home/felix/fiftyone/coco-2017/validation/data/000000093965.jpg,validation,locked_confirmation,000000093965
coco-rem,000000094157,/home/felix/fiftyone/coco-2017/validation/data/000000094157.jpg,validation,locked_confirmation,000000094157
coco-rem,000000094185,/home/felix/fiftyone/coco-2017/validation/data/000000094185.jpg,validation,locked_confirmation,000000094185
coco-rem,000000094326,/home/felix/fiftyone/coco-2017/validation/data/000000094326.jpg,validation,locked_confirmation,000000094326
coco-rem,000000094336,/home/felix/fiftyone/coco-2017/validation/data/000000094336.jpg,validation,locked_confirmation,000000094336
coco-rem,000000094614,/home/felix/fiftyone/coco-2017/validation/data/000000094614.jpg,validation,locked_confirmation,000000094614
coco-rem,000000094751,/home/felix/fiftyone/coco-2017/validation/data/000000094751.jpg,validation,locked_confirmation,000000094751
coco-rem,000000094852,/home/felix/fiftyone/coco-2017/validation/data/000000094852.jpg,validation,locked_confirmation,000000094852
coco-rem,000000094871,/home/felix/fiftyone/coco-2017/validation/data/000000094871.jpg,validation,locked_confirmation,000000094871
coco-rem,000000094944,/home/felix/fiftyone/coco-2017/validation/data/000000094944.jpg,validation,locked_confirmation,000000094944
coco-rem,000000095069,/home/felix/fiftyone/coco-2017/validation/data/000000095069.jpg,validation,locked_confirmation,000000095069
coco-rem,000000095155,/home/felix/fiftyone/coco-2017/validation/data/000000095155.jpg,validation,locked_confirmation,000000095155
coco-rem,000000095707,/home/felix/fiftyone/coco-2017/validation/data/000000095707.jpg,validation,locked_confirmation,000000095707
coco-rem,000000095786,/home/felix/fiftyone/coco-2017/validation/data/000000095786.jpg,validation,locked_confirmation,000000095786
coco-rem,000000095843,/home/felix/fiftyone/coco-2017/validation/data/000000095843.jpg,validation,locked_confirmation,000000095843
coco-rem,000000095862,/home/felix/fiftyone/coco-2017/validation/data/000000095862.jpg,validation,locked_confirmation,000000095862
coco-rem,000000095899,/home/felix/fiftyone/coco-2017/validation/data/000000095899.jpg,validation,locked_confirmation,000000095899
coco-rem,000000096001,/home/felix/fiftyone/coco-2017/validation/data/000000096001.jpg,validation,locked_confirmation,000000096001
coco-rem,000000096427,/home/felix/fiftyone/coco-2017/validation/data/000000096427.jpg,validation,locked_confirmation,000000096427
coco-rem,000000096493,/home/felix/fiftyone/coco-2017/validation/data/000000096493.jpg,validation,locked_confirmation,000000096493
coco-rem,000000096549,/home/felix/fiftyone/coco-2017/validation/data/000000096549.jpg,validation,locked_confirmation,000000096549
coco-rem,000000096825,/home/felix/fiftyone/coco-2017/validation/data/000000096825.jpg,validation,locked_confirmation,000000096825
coco-rem,000000096960,/home/felix/fiftyone/coco-2017/validation/data/000000096960.jpg,validation,locked_confirmation,000000096960
coco-rem,000000097022,/home/felix/fiftyone/coco-2017/validation/data/000000097022.jpg,validation,locked_confirmation,000000097022
coco-rem,000000097230,/home/felix/fiftyone/coco-2017/validation/data/000000097230.jpg,validation,locked_confirmation,000000097230
coco-rem,000000097278,/home/felix/fiftyone/coco-2017/validation/data/000000097278.jpg,validation,locked_confirmation,000000097278
coco-rem,000000097337,/home/felix/fiftyone/coco-2017/validation/data/000000097337.jpg,validation,locked_confirmation,000000097337
coco-rem,000000097585,/home/felix/fiftyone/coco-2017/validation/data/000000097585.jpg,validation,locked_confirmation,000000097585
coco-rem,000000097679,/home/felix/fiftyone/coco-2017/validation/data/000000097679.jpg,validation,locked_confirmation,000000097679
coco-rem,000000097924,/home/felix/fiftyone/coco-2017/validation/data/000000097924.jpg,validation,locked_confirmation,000000097924
coco-rem,000000097988,/home/felix/fiftyone/coco-2017/validation/data/000000097988.jpg,validation,locked_confirmation,000000097988
coco-rem,000000097994,/home/felix/fiftyone/coco-2017/validation/data/000000097994.jpg,validation,locked_confirmation,000000097994
coco-rem,000000098018,/home/felix/fiftyone/coco-2017/validation/data/000000098018.jpg,validation,locked_confirmation,000000098018
coco-rem,000000098261,/home/felix/fiftyone/coco-2017/validation/data/000000098261.jpg,validation,locked_confirmation,000000098261
coco-rem,000000098287,/home/felix/fiftyone/coco-2017/validation/data/000000098287.jpg,validation,locked_confirmation,000000098287
coco-rem,000000098392,/home/felix/fiftyone/coco-2017/validation/data/000000098392.jpg,validation,locked_confirmation,000000098392
coco-rem,000000098497,/home/felix/fiftyone/coco-2017/validation/data/000000098497.jpg,validation,locked_confirmation,000000098497
coco-rem,000000098520,/home/felix/fiftyone/coco-2017/validation/data/000000098520.jpg,validation,locked_confirmation,000000098520
coco-rem,000000098633,/home/felix/fiftyone/coco-2017/validation/data/000000098633.jpg,validation,locked_confirmation,000000098633
coco-rem,000000098716,/home/felix/fiftyone/coco-2017/validation/data/000000098716.jpg,validation,locked_confirmation,000000098716
coco-rem,000000098839,/home/felix/fiftyone/coco-2017/validation/data/000000098839.jpg,validation,locked_confirmation,000000098839
coco-rem,000000098853,/home/felix/fiftyone/coco-2017/validation/data/000000098853.jpg,validation,locked_confirmation,000000098853
coco-rem,000000099024,/home/felix/fiftyone/coco-2017/validation/data/000000099024.jpg,validation,locked_confirmation,000000099024
coco-rem,000000099039,/home/felix/fiftyone/coco-2017/validation/data/000000099039.jpg,validation,locked_confirmation,000000099039
coco-rem,000000099053,/home/felix/fiftyone/coco-2017/validation/data/000000099053.jpg,validation,locked_confirmation,000000099053
coco-rem,000000099054,/home/felix/fiftyone/coco-2017/validation/data/000000099054.jpg,validation,locked_confirmation,000000099054
coco-rem,000000099114,/home/felix/fiftyone/coco-2017/validation/data/000000099114.jpg,validation,locked_confirmation,000000099114
coco-rem,000000099182,/home/felix/fiftyone/coco-2017/validation/data/000000099182.jpg,validation,locked_confirmation,000000099182
coco-rem,000000099242,/home/felix/fiftyone/coco-2017/validation/data/000000099242.jpg,validation,locked_confirmation,000000099242
coco-rem,000000099428,/home/felix/fiftyone/coco-2017/validation/data/000000099428.jpg,validation,locked_confirmation,000000099428
coco-rem,000000099810,/home/felix/fiftyone/coco-2017/validation/data/000000099810.jpg,validation,locked_confirmation,000000099810
coco-rem,000000100238,/home/felix/fiftyone/coco-2017/validation/data/000000100238.jpg,validation,locked_confirmation,000000100238
coco-rem,000000100274,/home/felix/fiftyone/coco-2017/validation/data/000000100274.jpg,validation,locked_confirmation,000000100274
coco-rem,000000100283,/home/felix/fiftyone/coco-2017/validation/data/000000100283.jpg,validation,locked_confirmation,000000100283
coco-rem,000000100428,/home/felix/fiftyone/coco-2017/validation/data/000000100428.jpg,validation,locked_confirmation,000000100428
coco-rem,000000100489,/home/felix/fiftyone/coco-2017/validation/data/000000100489.jpg,validation,locked_confirmation,000000100489
coco-rem,000000100510,/home/felix/fiftyone/coco-2017/validation/data/000000100510.jpg,validation,locked_confirmation,000000100510
coco-rem,000000100582,/home/felix/fiftyone/coco-2017/validation/data/000000100582.jpg,validation,locked_confirmation,000000100582
coco-rem,000000100624,/home/felix/fiftyone/coco-2017/validation/data/000000100624.jpg,validation,locked_confirmation,000000100624
coco-rem,000000100723,/home/felix/fiftyone/coco-2017/validation/data/000000100723.jpg,validation,locked_confirmation,000000100723
coco-rem,000000101022,/home/felix/fiftyone/coco-2017/validation/data/000000101022.jpg,validation,locked_confirmation,000000101022
coco-rem,000000101068,/home/felix/fiftyone/coco-2017/validation/data/000000101068.jpg,validation,locked_confirmation,000000101068
coco-rem,000000101420,/home/felix/fiftyone/coco-2017/validation/data/000000101420.jpg,validation,locked_confirmation,000000101420
coco-rem,000000101762,/home/felix/fiftyone/coco-2017/validation/data/000000101762.jpg,validation,locked_confirmation,000000101762
coco-rem,000000101780,/home/felix/fiftyone/coco-2017/validation/data/000000101780.jpg,validation,locked_confirmation,000000101780
coco-rem,000000101787,/home/felix/fiftyone/coco-2017/validation/data/000000101787.jpg,validation,locked_confirmation,000000101787
coco-rem,000000101884,/home/felix/fiftyone/coco-2017/validation/data/000000101884.jpg,validation,locked_confirmation,000000101884
coco-rem,000000102331,/home/felix/fiftyone/coco-2017/validation/data/000000102331.jpg,validation,locked_confirmation,000000102331
coco-rem,000000102356,/home/felix/fiftyone/coco-2017/validation/data/000000102356.jpg,validation,locked_confirmation,000000102356
coco-rem,000000102411,/home/felix/fiftyone/coco-2017/validation/data/000000102411.jpg,validation,locked_confirmation,000000102411
coco-rem,000000102644,/home/felix/fiftyone/coco-2017/validation/data/000000102644.jpg,validation,locked_confirmation,000000102644
coco-rem,000000102707,/home/felix/fiftyone/coco-2017/validation/data/000000102707.jpg,validation,locked_confirmation,000000102707
coco-rem,000000102805,/home/felix/fiftyone/coco-2017/validation/data/000000102805.jpg,validation,locked_confirmation,000000102805
coco-rem,000000102820,/home/felix/fiftyone/coco-2017/validation/data/000000102820.jpg,validation,locked_confirmation,000000102820
coco-rem,000000103548,/home/felix/fiftyone/coco-2017/validation/data/000000103548.jpg,validation,locked_confirmation,000000103548
coco-rem,000000103585,/home/felix/fiftyone/coco-2017/validation/data/000000103585.jpg,validation,locked_confirmation,000000103585
coco-rem,000000103723,/home/felix/fiftyone/coco-2017/validation/data/000000103723.jpg,validation,locked_confirmation,000000103723
coco-rem,000000104119,/home/felix/fiftyone/coco-2017/validation/data/000000104119.jpg,validation,locked_confirmation,000000104119
coco-rem,000000104198,/home/felix/fiftyone/coco-2017/validation/data/000000104198.jpg,validation,locked_confirmation,000000104198
coco-rem,000000104424,/home/felix/fiftyone/coco-2017/validation/data/000000104424.jpg,validation,locked_confirmation,000000104424
coco-rem,000000104455,/home/felix/fiftyone/coco-2017/validation/data/000000104455.jpg,validation,locked_confirmation,000000104455
coco-rem,000000104572,/home/felix/fiftyone/coco-2017/validation/data/000000104572.jpg,validation,locked_confirmation,000000104572
coco-rem,000000104603,/home/felix/fiftyone/coco-2017/validation/data/000000104603.jpg,validation,locked_confirmation,000000104603
coco-rem,000000104612,/home/felix/fiftyone/coco-2017/validation/data/000000104612.jpg,validation,locked_confirmation,000000104612
coco-rem,000000104619,/home/felix/fiftyone/coco-2017/validation/data/000000104619.jpg,validation,locked_confirmation,000000104619
coco-rem,000000104666,/home/felix/fiftyone/coco-2017/validation/data/000000104666.jpg,validation,locked_confirmation,000000104666
coco-rem,000000104669,/home/felix/fiftyone/coco-2017/validation/data/000000104669.jpg,validation,locked_confirmation,000000104669
coco-rem,000000104782,/home/felix/fiftyone/coco-2017/validation/data/000000104782.jpg,validation,locked_confirmation,000000104782
coco-rem,000000104803,/home/felix/fiftyone/coco-2017/validation/data/000000104803.jpg,validation,locked_confirmation,000000104803
coco-rem,000000105014,/home/felix/fiftyone/coco-2017/validation/data/000000105014.jpg,validation,locked_confirmation,000000105014
coco-rem,000000105249,/home/felix/fiftyone/coco-2017/validation/data/000000105249.jpg,validation,locked_confirmation,000000105249
coco-rem,000000105264,/home/felix/fiftyone/coco-2017/validation/data/000000105264.jpg,validation,locked_confirmation,000000105264
coco-rem,000000105335,/home/felix/fiftyone/coco-2017/validation/data/000000105335.jpg,validation,locked_confirmation,000000105335
coco-rem,000000105455,/home/felix/fiftyone/coco-2017/validation/data/000000105455.jpg,validation,locked_confirmation,000000105455
coco-rem,000000105912,/home/felix/fiftyone/coco-2017/validation/data/000000105912.jpg,validation,locked_confirmation,000000105912
coco-rem,000000105923,/home/felix/fiftyone/coco-2017/validation/data/000000105923.jpg,validation,locked_confirmation,000000105923
coco-rem,000000106048,/home/felix/fiftyone/coco-2017/validation/data/000000106048.jpg,validation,locked_confirmation,000000106048
coco-rem,000000106235,/home/felix/fiftyone/coco-2017/validation/data/000000106235.jpg,validation,locked_confirmation,000000106235
coco-rem,000000106266,/home/felix/fiftyone/coco-2017/validation/data/000000106266.jpg,validation,locked_confirmation,000000106266
coco-rem,000000106281,/home/felix/fiftyone/coco-2017/validation/data/000000106281.jpg,validation,locked_confirmation,000000106281
coco-rem,000000106330,/home/felix/fiftyone/coco-2017/validation/data/000000106330.jpg,validation,locked_confirmation,000000106330
coco-rem,000000106389,/home/felix/fiftyone/coco-2017/validation/data/000000106389.jpg,validation,locked_confirmation,000000106389
coco-rem,000000106563,/home/felix/fiftyone/coco-2017/validation/data/000000106563.jpg,validation,locked_confirmation,000000106563
coco-rem,000000106757,/home/felix/fiftyone/coco-2017/validation/data/000000106757.jpg,validation,locked_confirmation,000000106757
coco-rem,000000106881,/home/felix/fiftyone/coco-2017/validation/data/000000106881.jpg,validation,locked_confirmation,000000106881
coco-rem,000000106912,/home/felix/fiftyone/coco-2017/validation/data/000000106912.jpg,validation,locked_confirmation,000000106912
coco-rem,000000107087,/home/felix/fiftyone/coco-2017/validation/data/000000107087.jpg,validation,locked_confirmation,000000107087
coco-rem,000000107094,/home/felix/fiftyone/coco-2017/validation/data/000000107094.jpg,validation,locked_confirmation,000000107094
coco-rem,000000107226,/home/felix/fiftyone/coco-2017/validation/data/000000107226.jpg,validation,locked_confirmation,000000107226
coco-rem,000000107339,/home/felix/fiftyone/coco-2017/validation/data/000000107339.jpg,validation,locked_confirmation,000000107339
coco-rem,000000107554,/home/felix/fiftyone/coco-2017/validation/data/000000107554.jpg,validation,locked_confirmation,000000107554
coco-rem,000000107851,/home/felix/fiftyone/coco-2017/validation/data/000000107851.jpg,validation,locked_confirmation,000000107851
coco-rem,000000108026,/home/felix/fiftyone/coco-2017/validation/data/000000108026.jpg,validation,locked_confirmation,000000108026
coco-rem,000000108244,/home/felix/fiftyone/coco-2017/validation/data/000000108244.jpg,validation,locked_confirmation,000000108244
coco-rem,000000108253,/home/felix/fiftyone/coco-2017/validation/data/000000108253.jpg,validation,locked_confirmation,000000108253
coco-rem,000000108440,/home/felix/fiftyone/coco-2017/validation/data/000000108440.jpg,validation,locked_confirmation,000000108440
coco-rem,000000108495,/home/felix/fiftyone/coco-2017/validation/data/000000108495.jpg,validation,locked_confirmation,000000108495
coco-rem,000000108503,/home/felix/fiftyone/coco-2017/validation/data/000000108503.jpg,validation,locked_confirmation,000000108503
coco-rem,000000108864,/home/felix/fiftyone/coco-2017/validation/data/000000108864.jpg,validation,locked_confirmation,000000108864
coco-rem,000000109055,/home/felix/fiftyone/coco-2017/validation/data/000000109055.jpg,validation,locked_confirmation,000000109055
coco-rem,000000109118,/home/felix/fiftyone/coco-2017/validation/data/000000109118.jpg,validation,locked_confirmation,000000109118
coco-rem,000000109313,/home/felix/fiftyone/coco-2017/validation/data/000000109313.jpg,validation,locked_confirmation,000000109313
coco-rem,000000109441,/home/felix/fiftyone/coco-2017/validation/data/000000109441.jpg,validation,locked_confirmation,000000109441
coco-rem,000000109798,/home/felix/fiftyone/coco-2017/validation/data/000000109798.jpg,validation,locked_confirmation,000000109798
coco-rem,000000109827,/home/felix/fiftyone/coco-2017/validation/data/000000109827.jpg,validation,locked_confirmation,000000109827
coco-rem,000000109900,/home/felix/fiftyone/coco-2017/validation/data/000000109900.jpg,validation,locked_confirmation,000000109900
coco-rem,000000109916,/home/felix/fiftyone/coco-2017/validation/data/000000109916.jpg,validation,locked_confirmation,000000109916
coco-rem,000000109976,/home/felix/fiftyone/coco-2017/validation/data/000000109976.jpg,validation,locked_confirmation,000000109976
coco-rem,000000109992,/home/felix/fiftyone/coco-2017/validation/data/000000109992.jpg,validation,locked_confirmation,000000109992
coco-rem,000000110042,/home/felix/fiftyone/coco-2017/validation/data/000000110042.jpg,validation,locked_confirmation,000000110042
coco-rem,000000110211,/home/felix/fiftyone/coco-2017/validation/data/000000110211.jpg,validation,locked_confirmation,000000110211
coco-rem,000000110282,/home/felix/fiftyone/coco-2017/validation/data/000000110282.jpg,validation,locked_confirmation,000000110282
coco-rem,000000110359,/home/felix/fiftyone/coco-2017/validation/data/000000110359.jpg,validation,locked_confirmation,000000110359
coco-rem,000000110449,/home/felix/fiftyone/coco-2017/validation/data/000000110449.jpg,validation,locked_confirmation,000000110449
coco-rem,000000110638,/home/felix/fiftyone/coco-2017/validation/data/000000110638.jpg,validation,locked_confirmation,000000110638
coco-rem,000000110721,/home/felix/fiftyone/coco-2017/validation/data/000000110721.jpg,validation,locked_confirmation,000000110721
coco-rem,000000110784,/home/felix/fiftyone/coco-2017/validation/data/000000110784.jpg,validation,locked_confirmation,000000110784
coco-rem,000000110884,/home/felix/fiftyone/coco-2017/validation/data/000000110884.jpg,validation,locked_confirmation,000000110884
coco-rem,000000110972,/home/felix/fiftyone/coco-2017/validation/data/000000110972.jpg,validation,locked_confirmation,000000110972
coco-rem,000000110999,/home/felix/fiftyone/coco-2017/validation/data/000000110999.jpg,validation,locked_confirmation,000000110999
coco-rem,000000111036,/home/felix/fiftyone/coco-2017/validation/data/000000111036.jpg,validation,locked_confirmation,000000111036
coco-rem,000000111086,/home/felix/fiftyone/coco-2017/validation/data/000000111086.jpg,validation,locked_confirmation,000000111086
coco-rem,000000111179,/home/felix/fiftyone/coco-2017/validation/data/000000111179.jpg,validation,locked_confirmation,000000111179
coco-rem,000000111207,/home/felix/fiftyone/coco-2017/validation/data/000000111207.jpg,validation,locked_confirmation,000000111207
coco-rem,000000111609,/home/felix/fiftyone/coco-2017/validation/data/000000111609.jpg,validation,locked_confirmation,000000111609
coco-rem,000000111951,/home/felix/fiftyone/coco-2017/validation/data/000000111951.jpg,validation,locked_confirmation,000000111951
coco-rem,000000112110,/home/felix/fiftyone/coco-2017/validation/data/000000112110.jpg,validation,locked_confirmation,000000112110
coco-rem,000000112298,/home/felix/fiftyone/coco-2017/validation/data/000000112298.jpg,validation,locked_confirmation,000000112298
coco-rem,000000112378,/home/felix/fiftyone/coco-2017/validation/data/000000112378.jpg,validation,locked_confirmation,000000112378
coco-rem,000000112626,/home/felix/fiftyone/coco-2017/validation/data/000000112626.jpg,validation,locked_confirmation,000000112626
coco-rem,000000112634,/home/felix/fiftyone/coco-2017/validation/data/000000112634.jpg,validation,locked_confirmation,000000112634
coco-rem,000000112798,/home/felix/fiftyone/coco-2017/validation/data/000000112798.jpg,validation,locked_confirmation,000000112798
coco-rem,000000112997,/home/felix/fiftyone/coco-2017/validation/data/000000112997.jpg,validation,locked_confirmation,000000112997
coco-rem,000000113051,/home/felix/fiftyone/coco-2017/validation/data/000000113051.jpg,validation,locked_confirmation,000000113051
coco-rem,000000113235,/home/felix/fiftyone/coco-2017/validation/data/000000113235.jpg,validation,locked_confirmation,000000113235
coco-rem,000000113354,/home/felix/fiftyone/coco-2017/validation/data/000000113354.jpg,validation,locked_confirmation,000000113354
coco-rem,000000113403,/home/felix/fiftyone/coco-2017/validation/data/000000113403.jpg,validation,locked_confirmation,000000113403
coco-rem,000000113589,/home/felix/fiftyone/coco-2017/validation/data/000000113589.jpg,validation,locked_confirmation,000000113589
coco-rem,000000113720,/home/felix/fiftyone/coco-2017/validation/data/000000113720.jpg,validation,locked_confirmation,000000113720
coco-rem,000000113867,/home/felix/fiftyone/coco-2017/validation/data/000000113867.jpg,validation,locked_confirmation,000000113867
coco-rem,000000114049,/home/felix/fiftyone/coco-2017/validation/data/000000114049.jpg,validation,locked_confirmation,000000114049
coco-rem,000000114770,/home/felix/fiftyone/coco-2017/validation/data/000000114770.jpg,validation,locked_confirmation,000000114770
coco-rem,000000114871,/home/felix/fiftyone/coco-2017/validation/data/000000114871.jpg,validation,locked_confirmation,000000114871
coco-rem,000000114884,/home/felix/fiftyone/coco-2017/validation/data/000000114884.jpg,validation,locked_confirmation,000000114884
coco-rem,000000114907,/home/felix/fiftyone/coco-2017/validation/data/000000114907.jpg,validation,locked_confirmation,000000114907
coco-rem,000000115118,/home/felix/fiftyone/coco-2017/validation/data/000000115118.jpg,validation,locked_confirmation,000000115118
coco-rem,000000115245,/home/felix/fiftyone/coco-2017/validation/data/000000115245.jpg,validation,locked_confirmation,000000115245
coco-rem,000000115870,/home/felix/fiftyone/coco-2017/validation/data/000000115870.jpg,validation,locked_confirmation,000000115870
coco-rem,000000115885,/home/felix/fiftyone/coco-2017/validation/data/000000115885.jpg,validation,locked_confirmation,000000115885
coco-rem,000000115898,/home/felix/fiftyone/coco-2017/validation/data/000000115898.jpg,validation,locked_confirmation,000000115898
coco-rem,000000115946,/home/felix/fiftyone/coco-2017/validation/data/000000115946.jpg,validation,locked_confirmation,000000115946
coco-rem,000000116068,/home/felix/fiftyone/coco-2017/validation/data/000000116068.jpg,validation,locked_confirmation,000000116068
coco-rem,000000116206,/home/felix/fiftyone/coco-2017/validation/data/000000116206.jpg,validation,locked_confirmation,000000116206
coco-rem,000000116208,/home/felix/fiftyone/coco-2017/validation/data/000000116208.jpg,validation,locked_confirmation,000000116208
coco-rem,000000116362,/home/felix/fiftyone/coco-2017/validation/data/000000116362.jpg,validation,locked_confirmation,000000116362
coco-rem,000000116439,/home/felix/fiftyone/coco-2017/validation/data/000000116439.jpg,validation,locked_confirmation,000000116439
coco-rem,000000116479,/home/felix/fiftyone/coco-2017/validation/data/000000116479.jpg,validation,locked_confirmation,000000116479
coco-rem,000000116589,/home/felix/fiftyone/coco-2017/validation/data/000000116589.jpg,validation,locked_confirmation,000000116589
coco-rem,000000116825,/home/felix/fiftyone/coco-2017/validation/data/000000116825.jpg,validation,locked_confirmation,000000116825
coco-rem,000000117197,/home/felix/fiftyone/coco-2017/validation/data/000000117197.jpg,validation,locked_confirmation,000000117197
coco-rem,000000117374,/home/felix/fiftyone/coco-2017/validation/data/000000117374.jpg,validation,locked_confirmation,000000117374
coco-rem,000000117425,/home/felix/fiftyone/coco-2017/validation/data/000000117425.jpg,validation,locked_confirmation,000000117425
coco-rem,000000117492,/home/felix/fiftyone/coco-2017/validation/data/000000117492.jpg,validation,locked_confirmation,000000117492
coco-rem,000000117525,/home/felix/fiftyone/coco-2017/validation/data/000000117525.jpg,validation,locked_confirmation,000000117525
coco-rem,000000117645,/home/felix/fiftyone/coco-2017/validation/data/000000117645.jpg,validation,locked_confirmation,000000117645
coco-rem,000000117719,/home/felix/fiftyone/coco-2017/validation/data/000000117719.jpg,validation,locked_confirmation,000000117719
coco-rem,000000117744,/home/felix/fiftyone/coco-2017/validation/data/000000117744.jpg,validation,locked_confirmation,000000117744
coco-rem,000000117908,/home/felix/fiftyone/coco-2017/validation/data/000000117908.jpg,validation,locked_confirmation,000000117908
coco-rem,000000117914,/home/felix/fiftyone/coco-2017/validation/data/000000117914.jpg,validation,locked_confirmation,000000117914
coco-rem,000000118209,/home/felix/fiftyone/coco-2017/validation/data/000000118209.jpg,validation,locked_confirmation,000000118209
coco-rem,000000118367,/home/felix/fiftyone/coco-2017/validation/data/000000118367.jpg,validation,locked_confirmation,000000118367
coco-rem,000000118405,/home/felix/fiftyone/coco-2017/validation/data/000000118405.jpg,validation,locked_confirmation,000000118405
coco-rem,000000118515,/home/felix/fiftyone/coco-2017/validation/data/000000118515.jpg,validation,locked_confirmation,000000118515
coco-rem,000000118594,/home/felix/fiftyone/coco-2017/validation/data/000000118594.jpg,validation,locked_confirmation,000000118594
coco-rem,000000118921,/home/felix/fiftyone/coco-2017/validation/data/000000118921.jpg,validation,locked_confirmation,000000118921
coco-rem,000000119038,/home/felix/fiftyone/coco-2017/validation/data/000000119038.jpg,validation,locked_confirmation,000000119038
coco-rem,000000119088,/home/felix/fiftyone/coco-2017/validation/data/000000119088.jpg,validation,locked_confirmation,000000119088
coco-rem,000000119233,/home/felix/fiftyone/coco-2017/validation/data/000000119233.jpg,validation,locked_confirmation,000000119233
coco-rem,000000119365,/home/felix/fiftyone/coco-2017/validation/data/000000119365.jpg,validation,locked_confirmation,000000119365
coco-rem,000000119445,/home/felix/fiftyone/coco-2017/validation/data/000000119445.jpg,validation,locked_confirmation,000000119445
coco-rem,000000119452,/home/felix/fiftyone/coco-2017/validation/data/000000119452.jpg,validation,locked_confirmation,000000119452
coco-rem,000000119516,/home/felix/fiftyone/coco-2017/validation/data/000000119516.jpg,validation,locked_confirmation,000000119516
coco-rem,000000119641,/home/felix/fiftyone/coco-2017/validation/data/000000119641.jpg,validation,locked_confirmation,000000119641
coco-rem,000000119677,/home/felix/fiftyone/coco-2017/validation/data/000000119677.jpg,validation,locked_confirmation,000000119677
coco-rem,000000119828,/home/felix/fiftyone/coco-2017/validation/data/000000119828.jpg,validation,locked_confirmation,000000119828
coco-rem,000000119911,/home/felix/fiftyone/coco-2017/validation/data/000000119911.jpg,validation,locked_confirmation,000000119911
coco-rem,000000119995,/home/felix/fiftyone/coco-2017/validation/data/000000119995.jpg,validation,locked_confirmation,000000119995
coco-rem,000000120420,/home/felix/fiftyone/coco-2017/validation/data/000000120420.jpg,validation,locked_confirmation,000000120420
coco-rem,000000120572,/home/felix/fiftyone/coco-2017/validation/data/000000120572.jpg,validation,locked_confirmation,000000120572
coco-rem,000000120584,/home/felix/fiftyone/coco-2017/validation/data/000000120584.jpg,validation,locked_confirmation,000000120584
coco-rem,000000120777,/home/felix/fiftyone/coco-2017/validation/data/000000120777.jpg,validation,locked_confirmation,000000120777
coco-rem,000000120853,/home/felix/fiftyone/coco-2017/validation/data/000000120853.jpg,validation,locked_confirmation,000000120853
coco-rem,000000121031,/home/felix/fiftyone/coco-2017/validation/data/000000121031.jpg,validation,locked_confirmation,000000121031
coco-rem,000000121153,/home/felix/fiftyone/coco-2017/validation/data/000000121153.jpg,validation,locked_confirmation,000000121153
coco-rem,000000121242,/home/felix/fiftyone/coco-2017/validation/data/000000121242.jpg,validation,locked_confirmation,000000121242
coco-rem,000000121417,/home/felix/fiftyone/coco-2017/validation/data/000000121417.jpg,validation,locked_confirmation,000000121417
coco-rem,000000121497,/home/felix/fiftyone/coco-2017/validation/data/000000121497.jpg,validation,locked_confirmation,000000121497
coco-rem,000000121506,/home/felix/fiftyone/coco-2017/validation/data/000000121506.jpg,validation,locked_confirmation,000000121506
coco-rem,000000121586,/home/felix/fiftyone/coco-2017/validation/data/000000121586.jpg,validation,locked_confirmation,000000121586
coco-rem,000000121591,/home/felix/fiftyone/coco-2017/validation/data/000000121591.jpg,validation,locked_confirmation,000000121591
coco-rem,000000121673,/home/felix/fiftyone/coco-2017/validation/data/000000121673.jpg,validation,locked_confirmation,000000121673
coco-rem,000000121744,/home/felix/fiftyone/coco-2017/validation/data/000000121744.jpg,validation,locked_confirmation,000000121744
coco-rem,000000122046,/home/felix/fiftyone/coco-2017/validation/data/000000122046.jpg,validation,locked_confirmation,000000122046
coco-rem,000000122166,/home/felix/fiftyone/coco-2017/validation/data/000000122166.jpg,validation,locked_confirmation,000000122166
coco-rem,000000122217,/home/felix/fiftyone/coco-2017/validation/data/000000122217.jpg,validation,locked_confirmation,000000122217
coco-rem,000000122606,/home/felix/fiftyone/coco-2017/validation/data/000000122606.jpg,validation,locked_confirmation,000000122606
coco-rem,000000122672,/home/felix/fiftyone/coco-2017/validation/data/000000122672.jpg,validation,locked_confirmation,000000122672
coco-rem,000000122745,/home/felix/fiftyone/coco-2017/validation/data/000000122745.jpg,validation,locked_confirmation,000000122745
coco-rem,000000122927,/home/felix/fiftyone/coco-2017/validation/data/000000122927.jpg,validation,locked_confirmation,000000122927
coco-rem,000000122962,/home/felix/fiftyone/coco-2017/validation/data/000000122962.jpg,validation,locked_confirmation,000000122962
coco-rem,000000122969,/home/felix/fiftyone/coco-2017/validation/data/000000122969.jpg,validation,locked_confirmation,000000122969
coco-rem,000000123131,/home/felix/fiftyone/coco-2017/validation/data/000000123131.jpg,validation,locked_confirmation,000000123131
coco-rem,000000123213,/home/felix/fiftyone/coco-2017/validation/data/000000123213.jpg,validation,locked_confirmation,000000123213
coco-rem,000000123321,/home/felix/fiftyone/coco-2017/validation/data/000000123321.jpg,validation,locked_confirmation,000000123321
coco-rem,000000123480,/home/felix/fiftyone/coco-2017/validation/data/000000123480.jpg,validation,locked_confirmation,000000123480
coco-rem,000000123585,/home/felix/fiftyone/coco-2017/validation/data/000000123585.jpg,validation,locked_confirmation,000000123585
coco-rem,000000123633,/home/felix/fiftyone/coco-2017/validation/data/000000123633.jpg,validation,locked_confirmation,000000123633
coco-rem,000000124277,/home/felix/fiftyone/coco-2017/validation/data/000000124277.jpg,validation,locked_confirmation,000000124277
coco-rem,000000124442,/home/felix/fiftyone/coco-2017/validation/data/000000124442.jpg,validation,locked_confirmation,000000124442
coco-rem,000000124636,/home/felix/fiftyone/coco-2017/validation/data/000000124636.jpg,validation,locked_confirmation,000000124636
coco-rem,000000124659,/home/felix/fiftyone/coco-2017/validation/data/000000124659.jpg,validation,locked_confirmation,000000124659
coco-rem,000000124798,/home/felix/fiftyone/coco-2017/validation/data/000000124798.jpg,validation,locked_confirmation,000000124798
coco-rem,000000124975,/home/felix/fiftyone/coco-2017/validation/data/000000124975.jpg,validation,locked_confirmation,000000124975
coco-rem,000000125062,/home/felix/fiftyone/coco-2017/validation/data/000000125062.jpg,validation,locked_confirmation,000000125062
coco-rem,000000125072,/home/felix/fiftyone/coco-2017/validation/data/000000125072.jpg,validation,locked_confirmation,000000125072
coco-rem,000000125129,/home/felix/fiftyone/coco-2017/validation/data/000000125129.jpg,validation,locked_confirmation,000000125129
coco-rem,000000125211,/home/felix/fiftyone/coco-2017/validation/data/000000125211.jpg,validation,locked_confirmation,000000125211
coco-rem,000000125245,/home/felix/fiftyone/coco-2017/validation/data/000000125245.jpg,validation,locked_confirmation,000000125245
coco-rem,000000125257,/home/felix/fiftyone/coco-2017/validation/data/000000125257.jpg,validation,locked_confirmation,000000125257
coco-rem,000000125405,/home/felix/fiftyone/coco-2017/validation/data/000000125405.jpg,validation,locked_confirmation,000000125405
coco-rem,000000125472,/home/felix/fiftyone/coco-2017/validation/data/000000125472.jpg,validation,locked_confirmation,000000125472
coco-rem,000000125572,/home/felix/fiftyone/coco-2017/validation/data/000000125572.jpg,validation,locked_confirmation,000000125572
coco-rem,000000125778,/home/felix/fiftyone/coco-2017/validation/data/000000125778.jpg,validation,locked_confirmation,000000125778
coco-rem,000000125806,/home/felix/fiftyone/coco-2017/validation/data/000000125806.jpg,validation,locked_confirmation,000000125806
coco-rem,000000125850,/home/felix/fiftyone/coco-2017/validation/data/000000125850.jpg,validation,locked_confirmation,000000125850
coco-rem,000000125936,/home/felix/fiftyone/coco-2017/validation/data/000000125936.jpg,validation,locked_confirmation,000000125936
coco-rem,000000125952,/home/felix/fiftyone/coco-2017/validation/data/000000125952.jpg,validation,locked_confirmation,000000125952
coco-rem,000000126107,/home/felix/fiftyone/coco-2017/validation/data/000000126107.jpg,validation,locked_confirmation,000000126107
coco-rem,000000126110,/home/felix/fiftyone/coco-2017/validation/data/000000126110.jpg,validation,locked_confirmation,000000126110
coco-rem,000000126137,/home/felix/fiftyone/coco-2017/validation/data/000000126137.jpg,validation,locked_confirmation,000000126137
coco-rem,000000126216,/home/felix/fiftyone/coco-2017/validation/data/000000126216.jpg,validation,locked_confirmation,000000126216
coco-rem,000000126226,/home/felix/fiftyone/coco-2017/validation/data/000000126226.jpg,validation,locked_confirmation,000000126226
coco-rem,000000126592,/home/felix/fiftyone/coco-2017/validation/data/000000126592.jpg,validation,locked_confirmation,000000126592
coco-rem,000000127092,/home/felix/fiftyone/coco-2017/validation/data/000000127092.jpg,validation,locked_confirmation,000000127092
coco-rem,000000127135,/home/felix/fiftyone/coco-2017/validation/data/000000127135.jpg,validation,locked_confirmation,000000127135
coco-rem,000000127182,/home/felix/fiftyone/coco-2017/validation/data/000000127182.jpg,validation,locked_confirmation,000000127182
coco-rem,000000127263,/home/felix/fiftyone/coco-2017/validation/data/000000127263.jpg,validation,locked_confirmation,000000127263
coco-rem,000000127270,/home/felix/fiftyone/coco-2017/validation/data/000000127270.jpg,validation,locked_confirmation,000000127270
coco-rem,000000127394,/home/felix/fiftyone/coco-2017/validation/data/000000127394.jpg,validation,locked_confirmation,000000127394
coco-rem,000000127476,/home/felix/fiftyone/coco-2017/validation/data/000000127476.jpg,validation,locked_confirmation,000000127476
coco-rem,000000127494,/home/felix/fiftyone/coco-2017/validation/data/000000127494.jpg,validation,locked_confirmation,000000127494
coco-rem,000000127517,/home/felix/fiftyone/coco-2017/validation/data/000000127517.jpg,validation,locked_confirmation,000000127517
coco-rem,000000127530,/home/felix/fiftyone/coco-2017/validation/data/000000127530.jpg,validation,locked_confirmation,000000127530
coco-rem,000000127624,/home/felix/fiftyone/coco-2017/validation/data/000000127624.jpg,validation,locked_confirmation,000000127624
coco-rem,000000127660,/home/felix/fiftyone/coco-2017/validation/data/000000127660.jpg,validation,locked_confirmation,000000127660
coco-rem,000000127955,/home/felix/fiftyone/coco-2017/validation/data/000000127955.jpg,validation,locked_confirmation,000000127955
coco-rem,000000127987,/home/felix/fiftyone/coco-2017/validation/data/000000127987.jpg,validation,locked_confirmation,000000127987
coco-rem,000000128051,/home/felix/fiftyone/coco-2017/validation/data/000000128051.jpg,validation,locked_confirmation,000000128051
coco-rem,000000128112,/home/felix/fiftyone/coco-2017/validation/data/000000128112.jpg,validation,locked_confirmation,000000128112
coco-rem,000000128148,/home/felix/fiftyone/coco-2017/validation/data/000000128148.jpg,validation,locked_confirmation,000000128148
coco-rem,000000128372,/home/felix/fiftyone/coco-2017/validation/data/000000128372.jpg,validation,locked_confirmation,000000128372
coco-rem,000000128476,/home/felix/fiftyone/coco-2017/validation/data/000000128476.jpg,validation,locked_confirmation,000000128476
coco-rem,000000128598,/home/felix/fiftyone/coco-2017/validation/data/000000128598.jpg,validation,locked_confirmation,000000128598
coco-rem,000000128654,/home/felix/fiftyone/coco-2017/validation/data/000000128654.jpg,validation,locked_confirmation,000000128654
coco-rem,000000128658,/home/felix/fiftyone/coco-2017/validation/data/000000128658.jpg,validation,locked_confirmation,000000128658
coco-rem,000000128675,/home/felix/fiftyone/coco-2017/validation/data/000000128675.jpg,validation,locked_confirmation,000000128675
coco-rem,000000128699,/home/felix/fiftyone/coco-2017/validation/data/000000128699.jpg,validation,locked_confirmation,000000128699
coco-rem,000000128748,/home/felix/fiftyone/coco-2017/validation/data/000000128748.jpg,validation,locked_confirmation,000000128748
coco-rem,000000129054,/home/felix/fiftyone/coco-2017/validation/data/000000129054.jpg,validation,locked_confirmation,000000129054
coco-rem,000000129062,/home/felix/fiftyone/coco-2017/validation/data/000000129062.jpg,validation,locked_confirmation,000000129062
coco-rem,000000129113,/home/felix/fiftyone/coco-2017/validation/data/000000129113.jpg,validation,locked_confirmation,000000129113
coco-rem,000000129135,/home/felix/fiftyone/coco-2017/validation/data/000000129135.jpg,validation,locked_confirmation,000000129135
coco-rem,000000129322,/home/felix/fiftyone/coco-2017/validation/data/000000129322.jpg,validation,locked_confirmation,000000129322
coco-rem,000000129416,/home/felix/fiftyone/coco-2017/validation/data/000000129416.jpg,validation,locked_confirmation,000000129416
coco-rem,000000129492,/home/felix/fiftyone/coco-2017/validation/data/000000129492.jpg,validation,locked_confirmation,000000129492
coco-rem,000000129756,/home/felix/fiftyone/coco-2017/validation/data/000000129756.jpg,validation,locked_confirmation,000000129756
coco-rem,000000129812,/home/felix/fiftyone/coco-2017/validation/data/000000129812.jpg,validation,locked_confirmation,000000129812
coco-rem,000000129945,/home/felix/fiftyone/coco-2017/validation/data/000000129945.jpg,validation,locked_confirmation,000000129945
coco-rem,000000130386,/home/felix/fiftyone/coco-2017/validation/data/000000130386.jpg,validation,locked_confirmation,000000130386
coco-rem,000000130465,/home/felix/fiftyone/coco-2017/validation/data/000000130465.jpg,validation,locked_confirmation,000000130465
coco-rem,000000130566,/home/felix/fiftyone/coco-2017/validation/data/000000130566.jpg,validation,locked_confirmation,000000130566
coco-rem,000000130579,/home/felix/fiftyone/coco-2017/validation/data/000000130579.jpg,validation,locked_confirmation,000000130579
coco-rem,000000130586,/home/felix/fiftyone/coco-2017/validation/data/000000130586.jpg,validation,locked_confirmation,000000130586
coco-rem,000000130599,/home/felix/fiftyone/coco-2017/validation/data/000000130599.jpg,validation,locked_confirmation,000000130599
coco-rem,000000130613,/home/felix/fiftyone/coco-2017/validation/data/000000130613.jpg,validation,locked_confirmation,000000130613
coco-rem,000000130699,/home/felix/fiftyone/coco-2017/validation/data/000000130699.jpg,validation,locked_confirmation,000000130699
coco-rem,000000130826,/home/felix/fiftyone/coco-2017/validation/data/000000130826.jpg,validation,locked_confirmation,000000130826
coco-rem,000000131131,/home/felix/fiftyone/coco-2017/validation/data/000000131131.jpg,validation,locked_confirmation,000000131131
coco-rem,000000131138,/home/felix/fiftyone/coco-2017/validation/data/000000131138.jpg,validation,locked_confirmation,000000131138
coco-rem,000000131273,/home/felix/fiftyone/coco-2017/validation/data/000000131273.jpg,validation,locked_confirmation,000000131273
coco-rem,000000131379,/home/felix/fiftyone/coco-2017/validation/data/000000131379.jpg,validation,locked_confirmation,000000131379
coco-rem,000000131386,/home/felix/fiftyone/coco-2017/validation/data/000000131386.jpg,validation,locked_confirmation,000000131386
coco-rem,000000131431,/home/felix/fiftyone/coco-2017/validation/data/000000131431.jpg,validation,locked_confirmation,000000131431
coco-rem,000000131444,/home/felix/fiftyone/coco-2017/validation/data/000000131444.jpg,validation,locked_confirmation,000000131444
coco-rem,000000131556,/home/felix/fiftyone/coco-2017/validation/data/000000131556.jpg,validation,locked_confirmation,000000131556
coco-rem,000000131938,/home/felix/fiftyone/coco-2017/validation/data/000000131938.jpg,validation,locked_confirmation,000000131938
coco-rem,000000132116,/home/felix/fiftyone/coco-2017/validation/data/000000132116.jpg,validation,locked_confirmation,000000132116
coco-rem,000000132329,/home/felix/fiftyone/coco-2017/validation/data/000000132329.jpg,validation,locked_confirmation,000000132329
coco-rem,000000132375,/home/felix/fiftyone/coco-2017/validation/data/000000132375.jpg,validation,locked_confirmation,000000132375
coco-rem,000000132408,/home/felix/fiftyone/coco-2017/validation/data/000000132408.jpg,validation,locked_confirmation,000000132408
coco-rem,000000132544,/home/felix/fiftyone/coco-2017/validation/data/000000132544.jpg,validation,locked_confirmation,000000132544
coco-rem,000000132587,/home/felix/fiftyone/coco-2017/validation/data/000000132587.jpg,validation,locked_confirmation,000000132587
coco-rem,000000132622,/home/felix/fiftyone/coco-2017/validation/data/000000132622.jpg,validation,locked_confirmation,000000132622
coco-rem,000000132703,/home/felix/fiftyone/coco-2017/validation/data/000000132703.jpg,validation,locked_confirmation,000000132703
coco-rem,000000132796,/home/felix/fiftyone/coco-2017/validation/data/000000132796.jpg,validation,locked_confirmation,000000132796
coco-rem,000000132931,/home/felix/fiftyone/coco-2017/validation/data/000000132931.jpg,validation,locked_confirmation,000000132931
coco-rem,000000133000,/home/felix/fiftyone/coco-2017/validation/data/000000133000.jpg,validation,locked_confirmation,000000133000
coco-rem,000000133087,/home/felix/fiftyone/coco-2017/validation/data/000000133087.jpg,validation,locked_confirmation,000000133087
coco-rem,000000133233,/home/felix/fiftyone/coco-2017/validation/data/000000133233.jpg,validation,locked_confirmation,000000133233
coco-rem,000000133244,/home/felix/fiftyone/coco-2017/validation/data/000000133244.jpg,validation,locked_confirmation,000000133244
coco-rem,000000133343,/home/felix/fiftyone/coco-2017/validation/data/000000133343.jpg,validation,locked_confirmation,000000133343
coco-rem,000000133418,/home/felix/fiftyone/coco-2017/validation/data/000000133418.jpg,validation,locked_confirmation,000000133418
coco-rem,000000133567,/home/felix/fiftyone/coco-2017/validation/data/000000133567.jpg,validation,locked_confirmation,000000133567
coco-rem,000000133631,/home/felix/fiftyone/coco-2017/validation/data/000000133631.jpg,validation,locked_confirmation,000000133631
coco-rem,000000133645,/home/felix/fiftyone/coco-2017/validation/data/000000133645.jpg,validation,locked_confirmation,000000133645
coco-rem,000000133778,/home/felix/fiftyone/coco-2017/validation/data/000000133778.jpg,validation,locked_confirmation,000000133778
coco-rem,000000133819,/home/felix/fiftyone/coco-2017/validation/data/000000133819.jpg,validation,locked_confirmation,000000133819
coco-rem,000000133969,/home/felix/fiftyone/coco-2017/validation/data/000000133969.jpg,validation,locked_confirmation,000000133969
coco-rem,000000134034,/home/felix/fiftyone/coco-2017/validation/data/000000134034.jpg,validation,locked_confirmation,000000134034
coco-rem,000000134096,/home/felix/fiftyone/coco-2017/validation/data/000000134096.jpg,validation,locked_confirmation,000000134096
coco-rem,000000134112,/home/felix/fiftyone/coco-2017/validation/data/000000134112.jpg,validation,locked_confirmation,000000134112
coco-rem,000000134322,/home/felix/fiftyone/coco-2017/validation/data/000000134322.jpg,validation,locked_confirmation,000000134322
coco-rem,000000134689,/home/felix/fiftyone/coco-2017/validation/data/000000134689.jpg,validation,locked_confirmation,000000134689
coco-rem,000000134722,/home/felix/fiftyone/coco-2017/validation/data/000000134722.jpg,validation,locked_confirmation,000000134722
coco-rem,000000134856,/home/felix/fiftyone/coco-2017/validation/data/000000134856.jpg,validation,locked_confirmation,000000134856
coco-rem,000000134882,/home/felix/fiftyone/coco-2017/validation/data/000000134882.jpg,validation,locked_confirmation,000000134882
coco-rem,000000134886,/home/felix/fiftyone/coco-2017/validation/data/000000134886.jpg,validation,locked_confirmation,000000134886
coco-rem,000000135410,/home/felix/fiftyone/coco-2017/validation/data/000000135410.jpg,validation,locked_confirmation,000000135410
coco-rem,000000135561,/home/felix/fiftyone/coco-2017/validation/data/000000135561.jpg,validation,locked_confirmation,000000135561
coco-rem,000000135604,/home/felix/fiftyone/coco-2017/validation/data/000000135604.jpg,validation,locked_confirmation,000000135604
coco-rem,000000135670,/home/felix/fiftyone/coco-2017/validation/data/000000135670.jpg,validation,locked_confirmation,000000135670
coco-rem,000000135673,/home/felix/fiftyone/coco-2017/validation/data/000000135673.jpg,validation,locked_confirmation,000000135673
coco-rem,000000135872,/home/felix/fiftyone/coco-2017/validation/data/000000135872.jpg,validation,locked_confirmation,000000135872
coco-rem,000000135890,/home/felix/fiftyone/coco-2017/validation/data/000000135890.jpg,validation,locked_confirmation,000000135890
coco-rem,000000135902,/home/felix/fiftyone/coco-2017/validation/data/000000135902.jpg,validation,locked_confirmation,000000135902
coco-rem,000000136033,/home/felix/fiftyone/coco-2017/validation/data/000000136033.jpg,validation,locked_confirmation,000000136033
coco-rem,000000136334,/home/felix/fiftyone/coco-2017/validation/data/000000136334.jpg,validation,locked_confirmation,000000136334
coco-rem,000000136355,/home/felix/fiftyone/coco-2017/validation/data/000000136355.jpg,validation,locked_confirmation,000000136355
coco-rem,000000136466,/home/felix/fiftyone/coco-2017/validation/data/000000136466.jpg,validation,locked_confirmation,000000136466
coco-rem,000000136600,/home/felix/fiftyone/coco-2017/validation/data/000000136600.jpg,validation,locked_confirmation,000000136600
coco-rem,000000136633,/home/felix/fiftyone/coco-2017/validation/data/000000136633.jpg,validation,locked_confirmation,000000136633
coco-rem,000000136715,/home/felix/fiftyone/coco-2017/validation/data/000000136715.jpg,validation,locked_confirmation,000000136715
coco-rem,000000136772,/home/felix/fiftyone/coco-2017/validation/data/000000136772.jpg,validation,locked_confirmation,000000136772
coco-rem,000000136915,/home/felix/fiftyone/coco-2017/validation/data/000000136915.jpg,validation,locked_confirmation,000000136915
coco-rem,000000137106,/home/felix/fiftyone/coco-2017/validation/data/000000137106.jpg,validation,locked_confirmation,000000137106
coco-rem,000000137246,/home/felix/fiftyone/coco-2017/validation/data/000000137246.jpg,validation,locked_confirmation,000000137246
coco-rem,000000137294,/home/felix/fiftyone/coco-2017/validation/data/000000137294.jpg,validation,locked_confirmation,000000137294
coco-rem,000000137576,/home/felix/fiftyone/coco-2017/validation/data/000000137576.jpg,validation,locked_confirmation,000000137576
coco-rem,000000137727,/home/felix/fiftyone/coco-2017/validation/data/000000137727.jpg,validation,locked_confirmation,000000137727
coco-rem,000000137950,/home/felix/fiftyone/coco-2017/validation/data/000000137950.jpg,validation,locked_confirmation,000000137950
coco-rem,000000138115,/home/felix/fiftyone/coco-2017/validation/data/000000138115.jpg,validation,locked_confirmation,000000138115
coco-rem,000000138241,/home/felix/fiftyone/coco-2017/validation/data/000000138241.jpg,validation,locked_confirmation,000000138241
coco-rem,000000138492,/home/felix/fiftyone/coco-2017/validation/data/000000138492.jpg,validation,locked_confirmation,000000138492
coco-rem,000000138550,/home/felix/fiftyone/coco-2017/validation/data/000000138550.jpg,validation,locked_confirmation,000000138550
coco-rem,000000138639,/home/felix/fiftyone/coco-2017/validation/data/000000138639.jpg,validation,locked_confirmation,000000138639
coco-rem,000000138819,/home/felix/fiftyone/coco-2017/validation/data/000000138819.jpg,validation,locked_confirmation,000000138819
coco-rem,000000138856,/home/felix/fiftyone/coco-2017/validation/data/000000138856.jpg,validation,locked_confirmation,000000138856
coco-rem,000000138954,/home/felix/fiftyone/coco-2017/validation/data/000000138954.jpg,validation,locked_confirmation,000000138954
coco-rem,000000138979,/home/felix/fiftyone/coco-2017/validation/data/000000138979.jpg,validation,locked_confirmation,000000138979
coco-rem,000000139077,/home/felix/fiftyone/coco-2017/validation/data/000000139077.jpg,validation,locked_confirmation,000000139077
coco-rem,000000139099,/home/felix/fiftyone/coco-2017/validation/data/000000139099.jpg,validation,locked_confirmation,000000139099
coco-rem,000000139260,/home/felix/fiftyone/coco-2017/validation/data/000000139260.jpg,validation,locked_confirmation,000000139260
coco-rem,000000139684,/home/felix/fiftyone/coco-2017/validation/data/000000139684.jpg,validation,locked_confirmation,000000139684
coco-rem,000000139871,/home/felix/fiftyone/coco-2017/validation/data/000000139871.jpg,validation,locked_confirmation,000000139871
coco-rem,000000139872,/home/felix/fiftyone/coco-2017/validation/data/000000139872.jpg,validation,locked_confirmation,000000139872
coco-rem,000000139883,/home/felix/fiftyone/coco-2017/validation/data/000000139883.jpg,validation,locked_confirmation,000000139883
coco-rem,000000140076,/home/felix/fiftyone/coco-2017/validation/data/000000140076.jpg,validation,locked_confirmation,000000140076
coco-rem,000000140203,/home/felix/fiftyone/coco-2017/validation/data/000000140203.jpg,validation,locked_confirmation,000000140203
coco-rem,000000140270,/home/felix/fiftyone/coco-2017/validation/data/000000140270.jpg,validation,locked_confirmation,000000140270
coco-rem,000000140286,/home/felix/fiftyone/coco-2017/validation/data/000000140286.jpg,validation,locked_confirmation,000000140286
coco-rem,000000140420,/home/felix/fiftyone/coco-2017/validation/data/000000140420.jpg,validation,locked_confirmation,000000140420
coco-rem,000000140439,/home/felix/fiftyone/coco-2017/validation/data/000000140439.jpg,validation,locked_confirmation,000000140439
coco-rem,000000140556,/home/felix/fiftyone/coco-2017/validation/data/000000140556.jpg,validation,locked_confirmation,000000140556
coco-rem,000000140583,/home/felix/fiftyone/coco-2017/validation/data/000000140583.jpg,validation,locked_confirmation,000000140583
coco-rem,000000140640,/home/felix/fiftyone/coco-2017/validation/data/000000140640.jpg,validation,locked_confirmation,000000140640
coco-rem,000000140658,/home/felix/fiftyone/coco-2017/validation/data/000000140658.jpg,validation,locked_confirmation,000000140658
coco-rem,000000140840,/home/felix/fiftyone/coco-2017/validation/data/000000140840.jpg,validation,locked_confirmation,000000140840
coco-rem,000000140929,/home/felix/fiftyone/coco-2017/validation/data/000000140929.jpg,validation,locked_confirmation,000000140929
coco-rem,000000140987,/home/felix/fiftyone/coco-2017/validation/data/000000140987.jpg,validation,locked_confirmation,000000140987
coco-rem,000000141328,/home/felix/fiftyone/coco-2017/validation/data/000000141328.jpg,validation,locked_confirmation,000000141328
coco-rem,000000141597,/home/felix/fiftyone/coco-2017/validation/data/000000141597.jpg,validation,locked_confirmation,000000141597
coco-rem,000000141671,/home/felix/fiftyone/coco-2017/validation/data/000000141671.jpg,validation,locked_confirmation,000000141671
coco-rem,000000141821,/home/felix/fiftyone/coco-2017/validation/data/000000141821.jpg,validation,locked_confirmation,000000141821
coco-rem,000000142092,/home/felix/fiftyone/coco-2017/validation/data/000000142092.jpg,validation,locked_confirmation,000000142092
coco-rem,000000142238,/home/felix/fiftyone/coco-2017/validation/data/000000142238.jpg,validation,locked_confirmation,000000142238
coco-rem,000000142324,/home/felix/fiftyone/coco-2017/validation/data/000000142324.jpg,validation,locked_confirmation,000000142324
coco-rem,000000142472,/home/felix/fiftyone/coco-2017/validation/data/000000142472.jpg,validation,locked_confirmation,000000142472
coco-rem,000000142585,/home/felix/fiftyone/coco-2017/validation/data/000000142585.jpg,validation,locked_confirmation,000000142585
coco-rem,000000142620,/home/felix/fiftyone/coco-2017/validation/data/000000142620.jpg,validation,locked_confirmation,000000142620
coco-rem,000000142790,/home/felix/fiftyone/coco-2017/validation/data/000000142790.jpg,validation,locked_confirmation,000000142790
coco-rem,000000142971,/home/felix/fiftyone/coco-2017/validation/data/000000142971.jpg,validation,locked_confirmation,000000142971
coco-rem,000000143068,/home/felix/fiftyone/coco-2017/validation/data/000000143068.jpg,validation,locked_confirmation,000000143068
coco-rem,000000143556,/home/felix/fiftyone/coco-2017/validation/data/000000143556.jpg,validation,locked_confirmation,000000143556
coco-rem,000000143572,/home/felix/fiftyone/coco-2017/validation/data/000000143572.jpg,validation,locked_confirmation,000000143572
coco-rem,000000143931,/home/felix/fiftyone/coco-2017/validation/data/000000143931.jpg,validation,locked_confirmation,000000143931
coco-rem,000000143961,/home/felix/fiftyone/coco-2017/validation/data/000000143961.jpg,validation,locked_confirmation,000000143961
coco-rem,000000143998,/home/felix/fiftyone/coco-2017/validation/data/000000143998.jpg,validation,locked_confirmation,000000143998
coco-rem,000000144003,/home/felix/fiftyone/coco-2017/validation/data/000000144003.jpg,validation,locked_confirmation,000000144003
coco-rem,000000144114,/home/felix/fiftyone/coco-2017/validation/data/000000144114.jpg,validation,locked_confirmation,000000144114
coco-rem,000000144300,/home/felix/fiftyone/coco-2017/validation/data/000000144300.jpg,validation,locked_confirmation,000000144300
coco-rem,000000144333,/home/felix/fiftyone/coco-2017/validation/data/000000144333.jpg,validation,locked_confirmation,000000144333
coco-rem,000000144706,/home/felix/fiftyone/coco-2017/validation/data/000000144706.jpg,validation,locked_confirmation,000000144706
coco-rem,000000144784,/home/felix/fiftyone/coco-2017/validation/data/000000144784.jpg,validation,locked_confirmation,000000144784
coco-rem,000000144798,/home/felix/fiftyone/coco-2017/validation/data/000000144798.jpg,validation,locked_confirmation,000000144798
coco-rem,000000144932,/home/felix/fiftyone/coco-2017/validation/data/000000144932.jpg,validation,locked_confirmation,000000144932
coco-rem,000000144984,/home/felix/fiftyone/coco-2017/validation/data/000000144984.jpg,validation,locked_confirmation,000000144984
coco-rem,000000145020,/home/felix/fiftyone/coco-2017/validation/data/000000145020.jpg,validation,locked_confirmation,000000145020
coco-rem,000000145591,/home/felix/fiftyone/coco-2017/validation/data/000000145591.jpg,validation,locked_confirmation,000000145591
coco-rem,000000145597,/home/felix/fiftyone/coco-2017/validation/data/000000145597.jpg,validation,locked_confirmation,000000145597
coco-rem,000000145620,/home/felix/fiftyone/coco-2017/validation/data/000000145620.jpg,validation,locked_confirmation,000000145620
coco-rem,000000145665,/home/felix/fiftyone/coco-2017/validation/data/000000145665.jpg,validation,locked_confirmation,000000145665
coco-rem,000000145781,/home/felix/fiftyone/coco-2017/validation/data/000000145781.jpg,validation,locked_confirmation,000000145781
coco-rem,000000146155,/home/felix/fiftyone/coco-2017/validation/data/000000146155.jpg,validation,locked_confirmation,000000146155
coco-rem,000000146358,/home/felix/fiftyone/coco-2017/validation/data/000000146358.jpg,validation,locked_confirmation,000000146358
coco-rem,000000146363,/home/felix/fiftyone/coco-2017/validation/data/000000146363.jpg,validation,locked_confirmation,000000146363
coco-rem,000000146457,/home/felix/fiftyone/coco-2017/validation/data/000000146457.jpg,validation,locked_confirmation,000000146457
coco-rem,000000146489,/home/felix/fiftyone/coco-2017/validation/data/000000146489.jpg,validation,locked_confirmation,000000146489
coco-rem,000000146498,/home/felix/fiftyone/coco-2017/validation/data/000000146498.jpg,validation,locked_confirmation,000000146498
coco-rem,000000146667,/home/felix/fiftyone/coco-2017/validation/data/000000146667.jpg,validation,locked_confirmation,000000146667
coco-rem,000000146825,/home/felix/fiftyone/coco-2017/validation/data/000000146825.jpg,validation,locked_confirmation,000000146825
coco-rem,000000146831,/home/felix/fiftyone/coco-2017/validation/data/000000146831.jpg,validation,locked_confirmation,000000146831
coco-rem,000000147205,/home/felix/fiftyone/coco-2017/validation/data/000000147205.jpg,validation,locked_confirmation,000000147205
coco-rem,000000147223,/home/felix/fiftyone/coco-2017/validation/data/000000147223.jpg,validation,locked_confirmation,000000147223
coco-rem,000000147338,/home/felix/fiftyone/coco-2017/validation/data/000000147338.jpg,validation,locked_confirmation,000000147338
coco-rem,000000147415,/home/felix/fiftyone/coco-2017/validation/data/000000147415.jpg,validation,locked_confirmation,000000147415
coco-rem,000000147498,/home/felix/fiftyone/coco-2017/validation/data/000000147498.jpg,validation,locked_confirmation,000000147498
coco-rem,000000147518,/home/felix/fiftyone/coco-2017/validation/data/000000147518.jpg,validation,locked_confirmation,000000147518
coco-rem,000000147725,/home/felix/fiftyone/coco-2017/validation/data/000000147725.jpg,validation,locked_confirmation,000000147725
coco-rem,000000147729,/home/felix/fiftyone/coco-2017/validation/data/000000147729.jpg,validation,locked_confirmation,000000147729
coco-rem,000000147740,/home/felix/fiftyone/coco-2017/validation/data/000000147740.jpg,validation,locked_confirmation,000000147740
coco-rem,000000147745,/home/felix/fiftyone/coco-2017/validation/data/000000147745.jpg,validation,locked_confirmation,000000147745
coco-rem,000000148508,/home/felix/fiftyone/coco-2017/validation/data/000000148508.jpg,validation,locked_confirmation,000000148508
coco-rem,000000148620,/home/felix/fiftyone/coco-2017/validation/data/000000148620.jpg,validation,locked_confirmation,000000148620
coco-rem,000000148662,/home/felix/fiftyone/coco-2017/validation/data/000000148662.jpg,validation,locked_confirmation,000000148662
coco-rem,000000148707,/home/felix/fiftyone/coco-2017/validation/data/000000148707.jpg,validation,locked_confirmation,000000148707
coco-rem,000000148719,/home/felix/fiftyone/coco-2017/validation/data/000000148719.jpg,validation,locked_confirmation,000000148719
coco-rem,000000148730,/home/felix/fiftyone/coco-2017/validation/data/000000148730.jpg,validation,locked_confirmation,000000148730
coco-rem,000000148739,/home/felix/fiftyone/coco-2017/validation/data/000000148739.jpg,validation,locked_confirmation,000000148739
coco-rem,000000148783,/home/felix/fiftyone/coco-2017/validation/data/000000148783.jpg,validation,locked_confirmation,000000148783
coco-rem,000000148957,/home/felix/fiftyone/coco-2017/validation/data/000000148957.jpg,validation,locked_confirmation,000000148957
coco-rem,000000148999,/home/felix/fiftyone/coco-2017/validation/data/000000148999.jpg,validation,locked_confirmation,000000148999
coco-rem,000000149222,/home/felix/fiftyone/coco-2017/validation/data/000000149222.jpg,validation,locked_confirmation,000000149222
coco-rem,000000149375,/home/felix/fiftyone/coco-2017/validation/data/000000149375.jpg,validation,locked_confirmation,000000149375
coco-rem,000000149406,/home/felix/fiftyone/coco-2017/validation/data/000000149406.jpg,validation,locked_confirmation,000000149406
coco-rem,000000149568,/home/felix/fiftyone/coco-2017/validation/data/000000149568.jpg,validation,locked_confirmation,000000149568
coco-rem,000000149622,/home/felix/fiftyone/coco-2017/validation/data/000000149622.jpg,validation,locked_confirmation,000000149622
coco-rem,000000149770,/home/felix/fiftyone/coco-2017/validation/data/000000149770.jpg,validation,locked_confirmation,000000149770
coco-rem,000000150224,/home/felix/fiftyone/coco-2017/validation/data/000000150224.jpg,validation,locked_confirmation,000000150224
coco-rem,000000150265,/home/felix/fiftyone/coco-2017/validation/data/000000150265.jpg,validation,locked_confirmation,000000150265
coco-rem,000000150417,/home/felix/fiftyone/coco-2017/validation/data/000000150417.jpg,validation,locked_confirmation,000000150417
coco-rem,000000150638,/home/felix/fiftyone/coco-2017/validation/data/000000150638.jpg,validation,locked_confirmation,000000150638
coco-rem,000000150649,/home/felix/fiftyone/coco-2017/validation/data/000000150649.jpg,validation,locked_confirmation,000000150649
coco-rem,000000150726,/home/felix/fiftyone/coco-2017/validation/data/000000150726.jpg,validation,locked_confirmation,000000150726
coco-rem,000000150930,/home/felix/fiftyone/coco-2017/validation/data/000000150930.jpg,validation,locked_confirmation,000000150930
coco-rem,000000151000,/home/felix/fiftyone/coco-2017/validation/data/000000151000.jpg,validation,locked_confirmation,000000151000
coco-rem,000000151051,/home/felix/fiftyone/coco-2017/validation/data/000000151051.jpg,validation,locked_confirmation,000000151051
coco-rem,000000151480,/home/felix/fiftyone/coco-2017/validation/data/000000151480.jpg,validation,locked_confirmation,000000151480
coco-rem,000000151516,/home/felix/fiftyone/coco-2017/validation/data/000000151516.jpg,validation,locked_confirmation,000000151516
coco-rem,000000151629,/home/felix/fiftyone/coco-2017/validation/data/000000151629.jpg,validation,locked_confirmation,000000151629
coco-rem,000000151657,/home/felix/fiftyone/coco-2017/validation/data/000000151657.jpg,validation,locked_confirmation,000000151657
coco-rem,000000151662,/home/felix/fiftyone/coco-2017/validation/data/000000151662.jpg,validation,locked_confirmation,000000151662
coco-rem,000000151820,/home/felix/fiftyone/coco-2017/validation/data/000000151820.jpg,validation,locked_confirmation,000000151820
coco-rem,000000151857,/home/felix/fiftyone/coco-2017/validation/data/000000151857.jpg,validation,locked_confirmation,000000151857
coco-rem,000000151938,/home/felix/fiftyone/coco-2017/validation/data/000000151938.jpg,validation,locked_confirmation,000000151938
coco-rem,000000151962,/home/felix/fiftyone/coco-2017/validation/data/000000151962.jpg,validation,locked_confirmation,000000151962
coco-rem,000000152120,/home/felix/fiftyone/coco-2017/validation/data/000000152120.jpg,validation,locked_confirmation,000000152120
coco-rem,000000152214,/home/felix/fiftyone/coco-2017/validation/data/000000152214.jpg,validation,locked_confirmation,000000152214
coco-rem,000000152465,/home/felix/fiftyone/coco-2017/validation/data/000000152465.jpg,validation,locked_confirmation,000000152465
coco-rem,000000152686,/home/felix/fiftyone/coco-2017/validation/data/000000152686.jpg,validation,locked_confirmation,000000152686
coco-rem,000000152740,/home/felix/fiftyone/coco-2017/validation/data/000000152740.jpg,validation,locked_confirmation,000000152740
coco-rem,000000152771,/home/felix/fiftyone/coco-2017/validation/data/000000152771.jpg,validation,locked_confirmation,000000152771
coco-rem,000000152870,/home/felix/fiftyone/coco-2017/validation/data/000000152870.jpg,validation,locked_confirmation,000000152870
coco-rem,000000153011,/home/felix/fiftyone/coco-2017/validation/data/000000153011.jpg,validation,locked_confirmation,000000153011
coco-rem,000000153217,/home/felix/fiftyone/coco-2017/validation/data/000000153217.jpg,validation,locked_confirmation,000000153217
coco-rem,000000153229,/home/felix/fiftyone/coco-2017/validation/data/000000153229.jpg,validation,locked_confirmation,000000153229
coco-rem,000000153299,/home/felix/fiftyone/coco-2017/validation/data/000000153299.jpg,validation,locked_confirmation,000000153299
coco-rem,000000153343,/home/felix/fiftyone/coco-2017/validation/data/000000153343.jpg,validation,locked_confirmation,000000153343
coco-rem,000000153510,/home/felix/fiftyone/coco-2017/validation/data/000000153510.jpg,validation,locked_confirmation,000000153510
coco-rem,000000153527,/home/felix/fiftyone/coco-2017/validation/data/000000153527.jpg,validation,locked_confirmation,000000153527
coco-rem,000000153529,/home/felix/fiftyone/coco-2017/validation/data/000000153529.jpg,validation,locked_confirmation,000000153529
coco-rem,000000153568,/home/felix/fiftyone/coco-2017/validation/data/000000153568.jpg,validation,locked_confirmation,000000153568
coco-rem,000000153632,/home/felix/fiftyone/coco-2017/validation/data/000000153632.jpg,validation,locked_confirmation,000000153632
coco-rem,000000153669,/home/felix/fiftyone/coco-2017/validation/data/000000153669.jpg,validation,locked_confirmation,000000153669
coco-rem,000000153782,/home/felix/fiftyone/coco-2017/validation/data/000000153782.jpg,validation,locked_confirmation,000000153782
coco-rem,000000153797,/home/felix/fiftyone/coco-2017/validation/data/000000153797.jpg,validation,locked_confirmation,000000153797
coco-rem,000000154000,/home/felix/fiftyone/coco-2017/validation/data/000000154000.jpg,validation,locked_confirmation,000000154000
coco-rem,000000154004,/home/felix/fiftyone/coco-2017/validation/data/000000154004.jpg,validation,locked_confirmation,000000154004
coco-rem,000000154087,/home/felix/fiftyone/coco-2017/validation/data/000000154087.jpg,validation,locked_confirmation,000000154087
coco-rem,000000154213,/home/felix/fiftyone/coco-2017/validation/data/000000154213.jpg,validation,locked_confirmation,000000154213
coco-rem,000000154339,/home/felix/fiftyone/coco-2017/validation/data/000000154339.jpg,validation,locked_confirmation,000000154339
coco-rem,000000154358,/home/felix/fiftyone/coco-2017/validation/data/000000154358.jpg,validation,locked_confirmation,000000154358
coco-rem,000000154425,/home/felix/fiftyone/coco-2017/validation/data/000000154425.jpg,validation,locked_confirmation,000000154425
coco-rem,000000154431,/home/felix/fiftyone/coco-2017/validation/data/000000154431.jpg,validation,locked_confirmation,000000154431
coco-rem,000000154644,/home/felix/fiftyone/coco-2017/validation/data/000000154644.jpg,validation,locked_confirmation,000000154644
coco-rem,000000154705,/home/felix/fiftyone/coco-2017/validation/data/000000154705.jpg,validation,locked_confirmation,000000154705
coco-rem,000000154718,/home/felix/fiftyone/coco-2017/validation/data/000000154718.jpg,validation,locked_confirmation,000000154718
coco-rem,000000154947,/home/felix/fiftyone/coco-2017/validation/data/000000154947.jpg,validation,locked_confirmation,000000154947
coco-rem,000000155051,/home/felix/fiftyone/coco-2017/validation/data/000000155051.jpg,validation,locked_confirmation,000000155051
coco-rem,000000155145,/home/felix/fiftyone/coco-2017/validation/data/000000155145.jpg,validation,locked_confirmation,000000155145
coco-rem,000000155154,/home/felix/fiftyone/coco-2017/validation/data/000000155154.jpg,validation,locked_confirmation,000000155154
coco-rem,000000155179,/home/felix/fiftyone/coco-2017/validation/data/000000155179.jpg,validation,locked_confirmation,000000155179
coco-rem,000000155291,/home/felix/fiftyone/coco-2017/validation/data/000000155291.jpg,validation,locked_confirmation,000000155291
coco-rem,000000155341,/home/felix/fiftyone/coco-2017/validation/data/000000155341.jpg,validation,locked_confirmation,000000155341
coco-rem,000000155443,/home/felix/fiftyone/coco-2017/validation/data/000000155443.jpg,validation,locked_confirmation,000000155443
coco-rem,000000155451,/home/felix/fiftyone/coco-2017/validation/data/000000155451.jpg,validation,locked_confirmation,000000155451
coco-rem,000000155571,/home/felix/fiftyone/coco-2017/validation/data/000000155571.jpg,validation,locked_confirmation,000000155571
coco-rem,000000156071,/home/felix/fiftyone/coco-2017/validation/data/000000156071.jpg,validation,locked_confirmation,000000156071
coco-rem,000000156076,/home/felix/fiftyone/coco-2017/validation/data/000000156076.jpg,validation,locked_confirmation,000000156076
coco-rem,000000156278,/home/felix/fiftyone/coco-2017/validation/data/000000156278.jpg,validation,locked_confirmation,000000156278
coco-rem,000000156292,/home/felix/fiftyone/coco-2017/validation/data/000000156292.jpg,validation,locked_confirmation,000000156292
coco-rem,000000156372,/home/felix/fiftyone/coco-2017/validation/data/000000156372.jpg,validation,locked_confirmation,000000156372
coco-rem,000000156643,/home/felix/fiftyone/coco-2017/validation/data/000000156643.jpg,validation,locked_confirmation,000000156643
coco-rem,000000156924,/home/felix/fiftyone/coco-2017/validation/data/000000156924.jpg,validation,locked_confirmation,000000156924
coco-rem,000000157046,/home/felix/fiftyone/coco-2017/validation/data/000000157046.jpg,validation,locked_confirmation,000000157046
coco-rem,000000157098,/home/felix/fiftyone/coco-2017/validation/data/000000157098.jpg,validation,locked_confirmation,000000157098
coco-rem,000000157124,/home/felix/fiftyone/coco-2017/validation/data/000000157124.jpg,validation,locked_confirmation,000000157124
coco-rem,000000157138,/home/felix/fiftyone/coco-2017/validation/data/000000157138.jpg,validation,locked_confirmation,000000157138
coco-rem,000000157213,/home/felix/fiftyone/coco-2017/validation/data/000000157213.jpg,validation,locked_confirmation,000000157213
coco-rem,000000157365,/home/felix/fiftyone/coco-2017/validation/data/000000157365.jpg,validation,locked_confirmation,000000157365
coco-rem,000000157390,/home/felix/fiftyone/coco-2017/validation/data/000000157390.jpg,validation,locked_confirmation,000000157390
coco-rem,000000157418,/home/felix/fiftyone/coco-2017/validation/data/000000157418.jpg,validation,locked_confirmation,000000157418
coco-rem,000000157601,/home/felix/fiftyone/coco-2017/validation/data/000000157601.jpg,validation,locked_confirmation,000000157601
coco-rem,000000157756,/home/felix/fiftyone/coco-2017/validation/data/000000157756.jpg,validation,locked_confirmation,000000157756
coco-rem,000000157767,/home/felix/fiftyone/coco-2017/validation/data/000000157767.jpg,validation,locked_confirmation,000000157767
coco-rem,000000157807,/home/felix/fiftyone/coco-2017/validation/data/000000157807.jpg,validation,locked_confirmation,000000157807
coco-rem,000000157847,/home/felix/fiftyone/coco-2017/validation/data/000000157847.jpg,validation,locked_confirmation,000000157847
coco-rem,000000157928,/home/felix/fiftyone/coco-2017/validation/data/000000157928.jpg,validation,locked_confirmation,000000157928
coco-rem,000000158227,/home/felix/fiftyone/coco-2017/validation/data/000000158227.jpg,validation,locked_confirmation,000000158227
coco-rem,000000158548,/home/felix/fiftyone/coco-2017/validation/data/000000158548.jpg,validation,locked_confirmation,000000158548
coco-rem,000000158660,/home/felix/fiftyone/coco-2017/validation/data/000000158660.jpg,validation,locked_confirmation,000000158660
coco-rem,000000158744,/home/felix/fiftyone/coco-2017/validation/data/000000158744.jpg,validation,locked_confirmation,000000158744
coco-rem,000000158945,/home/felix/fiftyone/coco-2017/validation/data/000000158945.jpg,validation,locked_confirmation,000000158945
coco-rem,000000158956,/home/felix/fiftyone/coco-2017/validation/data/000000158956.jpg,validation,locked_confirmation,000000158956
coco-rem,000000159112,/home/felix/fiftyone/coco-2017/validation/data/000000159112.jpg,validation,locked_confirmation,000000159112
coco-rem,000000159282,/home/felix/fiftyone/coco-2017/validation/data/000000159282.jpg,validation,locked_confirmation,000000159282
coco-rem,000000159311,/home/felix/fiftyone/coco-2017/validation/data/000000159311.jpg,validation,locked_confirmation,000000159311
coco-rem,000000159399,/home/felix/fiftyone/coco-2017/validation/data/000000159399.jpg,validation,locked_confirmation,000000159399
coco-rem,000000159458,/home/felix/fiftyone/coco-2017/validation/data/000000159458.jpg,validation,locked_confirmation,000000159458
coco-rem,000000159684,/home/felix/fiftyone/coco-2017/validation/data/000000159684.jpg,validation,locked_confirmation,000000159684
coco-rem,000000159791,/home/felix/fiftyone/coco-2017/validation/data/000000159791.jpg,validation,locked_confirmation,000000159791
coco-rem,000000159977,/home/felix/fiftyone/coco-2017/validation/data/000000159977.jpg,validation,locked_confirmation,000000159977
coco-rem,000000160012,/home/felix/fiftyone/coco-2017/validation/data/000000160012.jpg,validation,locked_confirmation,000000160012
coco-rem,000000160556,/home/felix/fiftyone/coco-2017/validation/data/000000160556.jpg,validation,locked_confirmation,000000160556
coco-rem,000000160666,/home/felix/fiftyone/coco-2017/validation/data/000000160666.jpg,validation,locked_confirmation,000000160666
coco-rem,000000160728,/home/felix/fiftyone/coco-2017/validation/data/000000160728.jpg,validation,locked_confirmation,000000160728
coco-rem,000000160772,/home/felix/fiftyone/coco-2017/validation/data/000000160772.jpg,validation,locked_confirmation,000000160772
coco-rem,000000160864,/home/felix/fiftyone/coco-2017/validation/data/000000160864.jpg,validation,locked_confirmation,000000160864
coco-rem,000000161008,/home/felix/fiftyone/coco-2017/validation/data/000000161008.jpg,validation,locked_confirmation,000000161008
coco-rem,000000161032,/home/felix/fiftyone/coco-2017/validation/data/000000161032.jpg,validation,locked_confirmation,000000161032
coco-rem,000000161044,/home/felix/fiftyone/coco-2017/validation/data/000000161044.jpg,validation,locked_confirmation,000000161044
coco-rem,000000161128,/home/felix/fiftyone/coco-2017/validation/data/000000161128.jpg,validation,locked_confirmation,000000161128
coco-rem,000000161397,/home/felix/fiftyone/coco-2017/validation/data/000000161397.jpg,validation,locked_confirmation,000000161397
coco-rem,000000161609,/home/felix/fiftyone/coco-2017/validation/data/000000161609.jpg,validation,locked_confirmation,000000161609
coco-rem,000000161642,/home/felix/fiftyone/coco-2017/validation/data/000000161642.jpg,validation,locked_confirmation,000000161642
coco-rem,000000161781,/home/felix/fiftyone/coco-2017/validation/data/000000161781.jpg,validation,locked_confirmation,000000161781
coco-rem,000000161799,/home/felix/fiftyone/coco-2017/validation/data/000000161799.jpg,validation,locked_confirmation,000000161799
coco-rem,000000161820,/home/felix/fiftyone/coco-2017/validation/data/000000161820.jpg,validation,locked_confirmation,000000161820
coco-rem,000000161861,/home/felix/fiftyone/coco-2017/validation/data/000000161861.jpg,validation,locked_confirmation,000000161861
coco-rem,000000161875,/home/felix/fiftyone/coco-2017/validation/data/000000161875.jpg,validation,locked_confirmation,000000161875
coco-rem,000000161879,/home/felix/fiftyone/coco-2017/validation/data/000000161879.jpg,validation,locked_confirmation,000000161879
coco-rem,000000161925,/home/felix/fiftyone/coco-2017/validation/data/000000161925.jpg,validation,locked_confirmation,000000161925
coco-rem,000000161978,/home/felix/fiftyone/coco-2017/validation/data/000000161978.jpg,validation,locked_confirmation,000000161978
coco-rem,000000162035,/home/felix/fiftyone/coco-2017/validation/data/000000162035.jpg,validation,locked_confirmation,000000162035
coco-rem,000000162092,/home/felix/fiftyone/coco-2017/validation/data/000000162092.jpg,validation,locked_confirmation,000000162092
coco-rem,000000162130,/home/felix/fiftyone/coco-2017/validation/data/000000162130.jpg,validation,locked_confirmation,000000162130
coco-rem,000000162366,/home/felix/fiftyone/coco-2017/validation/data/000000162366.jpg,validation,locked_confirmation,000000162366
coco-rem,000000162415,/home/felix/fiftyone/coco-2017/validation/data/000000162415.jpg,validation,locked_confirmation,000000162415
coco-rem,000000162543,/home/felix/fiftyone/coco-2017/validation/data/000000162543.jpg,validation,locked_confirmation,000000162543
coco-rem,000000162581,/home/felix/fiftyone/coco-2017/validation/data/000000162581.jpg,validation,locked_confirmation,000000162581
coco-rem,000000162732,/home/felix/fiftyone/coco-2017/validation/data/000000162732.jpg,validation,locked_confirmation,000000162732
coco-rem,000000162858,/home/felix/fiftyone/coco-2017/validation/data/000000162858.jpg,validation,locked_confirmation,000000162858
coco-rem,000000163057,/home/felix/fiftyone/coco-2017/validation/data/000000163057.jpg,validation,locked_confirmation,000000163057
coco-rem,000000163117,/home/felix/fiftyone/coco-2017/validation/data/000000163117.jpg,validation,locked_confirmation,000000163117
coco-rem,000000163118,/home/felix/fiftyone/coco-2017/validation/data/000000163118.jpg,validation,locked_confirmation,000000163118
coco-rem,000000163155,/home/felix/fiftyone/coco-2017/validation/data/000000163155.jpg,validation,locked_confirmation,000000163155
coco-rem,000000163257,/home/felix/fiftyone/coco-2017/validation/data/000000163257.jpg,validation,locked_confirmation,000000163257
coco-rem,000000163258,/home/felix/fiftyone/coco-2017/validation/data/000000163258.jpg,validation,locked_confirmation,000000163258
coco-rem,000000163290,/home/felix/fiftyone/coco-2017/validation/data/000000163290.jpg,validation,locked_confirmation,000000163290
coco-rem,000000163314,/home/felix/fiftyone/coco-2017/validation/data/000000163314.jpg,validation,locked_confirmation,000000163314
coco-rem,000000163562,/home/felix/fiftyone/coco-2017/validation/data/000000163562.jpg,validation,locked_confirmation,000000163562
coco-rem,000000163611,/home/felix/fiftyone/coco-2017/validation/data/000000163611.jpg,validation,locked_confirmation,000000163611
coco-rem,000000163640,/home/felix/fiftyone/coco-2017/validation/data/000000163640.jpg,validation,locked_confirmation,000000163640
coco-rem,000000163682,/home/felix/fiftyone/coco-2017/validation/data/000000163682.jpg,validation,locked_confirmation,000000163682
coco-rem,000000163746,/home/felix/fiftyone/coco-2017/validation/data/000000163746.jpg,validation,locked_confirmation,000000163746
coco-rem,000000163951,/home/felix/fiftyone/coco-2017/validation/data/000000163951.jpg,validation,locked_confirmation,000000163951
coco-rem,000000164115,/home/felix/fiftyone/coco-2017/validation/data/000000164115.jpg,validation,locked_confirmation,000000164115
coco-rem,000000164363,/home/felix/fiftyone/coco-2017/validation/data/000000164363.jpg,validation,locked_confirmation,000000164363
coco-rem,000000164602,/home/felix/fiftyone/coco-2017/validation/data/000000164602.jpg,validation,locked_confirmation,000000164602
coco-rem,000000164637,/home/felix/fiftyone/coco-2017/validation/data/000000164637.jpg,validation,locked_confirmation,000000164637
coco-rem,000000164883,/home/felix/fiftyone/coco-2017/validation/data/000000164883.jpg,validation,locked_confirmation,000000164883
coco-rem,000000164885,/home/felix/fiftyone/coco-2017/validation/data/000000164885.jpg,validation,locked_confirmation,000000164885
coco-rem,000000164969,/home/felix/fiftyone/coco-2017/validation/data/000000164969.jpg,validation,locked_confirmation,000000164969
coco-rem,000000165039,/home/felix/fiftyone/coco-2017/validation/data/000000165039.jpg,validation,locked_confirmation,000000165039
coco-rem,000000165257,/home/felix/fiftyone/coco-2017/validation/data/000000165257.jpg,validation,locked_confirmation,000000165257
coco-rem,000000165336,/home/felix/fiftyone/coco-2017/validation/data/000000165336.jpg,validation,locked_confirmation,000000165336
coco-rem,000000165351,/home/felix/fiftyone/coco-2017/validation/data/000000165351.jpg,validation,locked_confirmation,000000165351
coco-rem,000000165500,/home/felix/fiftyone/coco-2017/validation/data/000000165500.jpg,validation,locked_confirmation,000000165500
coco-rem,000000165518,/home/felix/fiftyone/coco-2017/validation/data/000000165518.jpg,validation,locked_confirmation,000000165518
coco-rem,000000165681,/home/felix/fiftyone/coco-2017/validation/data/000000165681.jpg,validation,locked_confirmation,000000165681
coco-rem,000000165713,/home/felix/fiftyone/coco-2017/validation/data/000000165713.jpg,validation,locked_confirmation,000000165713
coco-rem,000000165831,/home/felix/fiftyone/coco-2017/validation/data/000000165831.jpg,validation,locked_confirmation,000000165831
coco-rem,000000166165,/home/felix/fiftyone/coco-2017/validation/data/000000166165.jpg,validation,locked_confirmation,000000166165
coco-rem,000000166166,/home/felix/fiftyone/coco-2017/validation/data/000000166166.jpg,validation,locked_confirmation,000000166166
coco-rem,000000166259,/home/felix/fiftyone/coco-2017/validation/data/000000166259.jpg,validation,locked_confirmation,000000166259
coco-rem,000000166277,/home/felix/fiftyone/coco-2017/validation/data/000000166277.jpg,validation,locked_confirmation,000000166277
coco-rem,000000166287,/home/felix/fiftyone/coco-2017/validation/data/000000166287.jpg,validation,locked_confirmation,000000166287
coco-rem,000000166391,/home/felix/fiftyone/coco-2017/validation/data/000000166391.jpg,validation,locked_confirmation,000000166391
coco-rem,000000166426,/home/felix/fiftyone/coco-2017/validation/data/000000166426.jpg,validation,locked_confirmation,000000166426
coco-rem,000000166478,/home/felix/fiftyone/coco-2017/validation/data/000000166478.jpg,validation,locked_confirmation,000000166478
coco-rem,000000166509,/home/felix/fiftyone/coco-2017/validation/data/000000166509.jpg,validation,locked_confirmation,000000166509
coco-rem,000000166521,/home/felix/fiftyone/coco-2017/validation/data/000000166521.jpg,validation,locked_confirmation,000000166521
coco-rem,000000166563,/home/felix/fiftyone/coco-2017/validation/data/000000166563.jpg,validation,locked_confirmation,000000166563
coco-rem,000000166642,/home/felix/fiftyone/coco-2017/validation/data/000000166642.jpg,validation,locked_confirmation,000000166642
coco-rem,000000166664,/home/felix/fiftyone/coco-2017/validation/data/000000166664.jpg,validation,locked_confirmation,000000166664
coco-rem,000000166747,/home/felix/fiftyone/coco-2017/validation/data/000000166747.jpg,validation,locked_confirmation,000000166747
coco-rem,000000166768,/home/felix/fiftyone/coco-2017/validation/data/000000166768.jpg,validation,locked_confirmation,000000166768
coco-rem,000000166918,/home/felix/fiftyone/coco-2017/validation/data/000000166918.jpg,validation,locked_confirmation,000000166918
coco-rem,000000167067,/home/felix/fiftyone/coco-2017/validation/data/000000167067.jpg,validation,locked_confirmation,000000167067
coco-rem,000000167122,/home/felix/fiftyone/coco-2017/validation/data/000000167122.jpg,validation,locked_confirmation,000000167122
coco-rem,000000167128,/home/felix/fiftyone/coco-2017/validation/data/000000167128.jpg,validation,locked_confirmation,000000167128
coco-rem,000000167159,/home/felix/fiftyone/coco-2017/validation/data/000000167159.jpg,validation,locked_confirmation,000000167159
coco-rem,000000167240,/home/felix/fiftyone/coco-2017/validation/data/000000167240.jpg,validation,locked_confirmation,000000167240
coco-rem,000000167353,/home/felix/fiftyone/coco-2017/validation/data/000000167353.jpg,validation,locked_confirmation,000000167353
coco-rem,000000167486,/home/felix/fiftyone/coco-2017/validation/data/000000167486.jpg,validation,locked_confirmation,000000167486
coco-rem,000000167540,/home/felix/fiftyone/coco-2017/validation/data/000000167540.jpg,validation,locked_confirmation,000000167540
coco-rem,000000167572,/home/felix/fiftyone/coco-2017/validation/data/000000167572.jpg,validation,locked_confirmation,000000167572
coco-rem,000000167898,/home/felix/fiftyone/coco-2017/validation/data/000000167898.jpg,validation,locked_confirmation,000000167898
coco-rem,000000167902,/home/felix/fiftyone/coco-2017/validation/data/000000167902.jpg,validation,locked_confirmation,000000167902
coco-rem,000000168330,/home/felix/fiftyone/coco-2017/validation/data/000000168330.jpg,validation,locked_confirmation,000000168330
coco-rem,000000168337,/home/felix/fiftyone/coco-2017/validation/data/000000168337.jpg,validation,locked_confirmation,000000168337
coco-rem,000000168458,/home/felix/fiftyone/coco-2017/validation/data/000000168458.jpg,validation,locked_confirmation,000000168458
coco-rem,000000168593,/home/felix/fiftyone/coco-2017/validation/data/000000168593.jpg,validation,locked_confirmation,000000168593
coco-rem,000000168619,/home/felix/fiftyone/coco-2017/validation/data/000000168619.jpg,validation,locked_confirmation,000000168619
coco-rem,000000168883,/home/felix/fiftyone/coco-2017/validation/data/000000168883.jpg,validation,locked_confirmation,000000168883
coco-rem,000000168974,/home/felix/fiftyone/coco-2017/validation/data/000000168974.jpg,validation,locked_confirmation,000000168974
coco-rem,000000169076,/home/felix/fiftyone/coco-2017/validation/data/000000169076.jpg,validation,locked_confirmation,000000169076
coco-rem,000000169169,/home/felix/fiftyone/coco-2017/validation/data/000000169169.jpg,validation,locked_confirmation,000000169169
coco-rem,000000169356,/home/felix/fiftyone/coco-2017/validation/data/000000169356.jpg,validation,locked_confirmation,000000169356
coco-rem,000000169996,/home/felix/fiftyone/coco-2017/validation/data/000000169996.jpg,validation,locked_confirmation,000000169996
coco-rem,000000170099,/home/felix/fiftyone/coco-2017/validation/data/000000170099.jpg,validation,locked_confirmation,000000170099
coco-rem,000000170116,/home/felix/fiftyone/coco-2017/validation/data/000000170116.jpg,validation,locked_confirmation,000000170116
coco-rem,000000170191,/home/felix/fiftyone/coco-2017/validation/data/000000170191.jpg,validation,locked_confirmation,000000170191
coco-rem,000000170278,/home/felix/fiftyone/coco-2017/validation/data/000000170278.jpg,validation,locked_confirmation,000000170278
coco-rem,000000170474,/home/felix/fiftyone/coco-2017/validation/data/000000170474.jpg,validation,locked_confirmation,000000170474
coco-rem,000000170545,/home/felix/fiftyone/coco-2017/validation/data/000000170545.jpg,validation,locked_confirmation,000000170545
coco-rem,000000170595,/home/felix/fiftyone/coco-2017/validation/data/000000170595.jpg,validation,locked_confirmation,000000170595
coco-rem,000000170613,/home/felix/fiftyone/coco-2017/validation/data/000000170613.jpg,validation,locked_confirmation,000000170613
coco-rem,000000170670,/home/felix/fiftyone/coco-2017/validation/data/000000170670.jpg,validation,locked_confirmation,000000170670
coco-rem,000000170739,/home/felix/fiftyone/coco-2017/validation/data/000000170739.jpg,validation,locked_confirmation,000000170739
coco-rem,000000170893,/home/felix/fiftyone/coco-2017/validation/data/000000170893.jpg,validation,locked_confirmation,000000170893
coco-rem,000000170955,/home/felix/fiftyone/coco-2017/validation/data/000000170955.jpg,validation,locked_confirmation,000000170955
coco-rem,000000171050,/home/felix/fiftyone/coco-2017/validation/data/000000171050.jpg,validation,locked_confirmation,000000171050
coco-rem,000000171190,/home/felix/fiftyone/coco-2017/validation/data/000000171190.jpg,validation,locked_confirmation,000000171190
coco-rem,000000171298,/home/felix/fiftyone/coco-2017/validation/data/000000171298.jpg,validation,locked_confirmation,000000171298
coco-rem,000000171382,/home/felix/fiftyone/coco-2017/validation/data/000000171382.jpg,validation,locked_confirmation,000000171382
coco-rem,000000171611,/home/felix/fiftyone/coco-2017/validation/data/000000171611.jpg,validation,locked_confirmation,000000171611
coco-rem,000000171740,/home/felix/fiftyone/coco-2017/validation/data/000000171740.jpg,validation,locked_confirmation,000000171740
coco-rem,000000171757,/home/felix/fiftyone/coco-2017/validation/data/000000171757.jpg,validation,locked_confirmation,000000171757
coco-rem,000000171788,/home/felix/fiftyone/coco-2017/validation/data/000000171788.jpg,validation,locked_confirmation,000000171788
coco-rem,000000172083,/home/felix/fiftyone/coco-2017/validation/data/000000172083.jpg,validation,locked_confirmation,000000172083
coco-rem,000000172330,/home/felix/fiftyone/coco-2017/validation/data/000000172330.jpg,validation,locked_confirmation,000000172330
coco-rem,000000172396,/home/felix/fiftyone/coco-2017/validation/data/000000172396.jpg,validation,locked_confirmation,000000172396
coco-rem,000000172547,/home/felix/fiftyone/coco-2017/validation/data/000000172547.jpg,validation,locked_confirmation,000000172547
coco-rem,000000172571,/home/felix/fiftyone/coco-2017/validation/data/000000172571.jpg,validation,locked_confirmation,000000172571
coco-rem,000000172595,/home/felix/fiftyone/coco-2017/validation/data/000000172595.jpg,validation,locked_confirmation,000000172595
coco-rem,000000172617,/home/felix/fiftyone/coco-2017/validation/data/000000172617.jpg,validation,locked_confirmation,000000172617
coco-rem,000000172648,/home/felix/fiftyone/coco-2017/validation/data/000000172648.jpg,validation,locked_confirmation,000000172648
coco-rem,000000172649,/home/felix/fiftyone/coco-2017/validation/data/000000172649.jpg,validation,locked_confirmation,000000172649
coco-rem,000000172856,/home/felix/fiftyone/coco-2017/validation/data/000000172856.jpg,validation,locked_confirmation,000000172856
coco-rem,000000172877,/home/felix/fiftyone/coco-2017/validation/data/000000172877.jpg,validation,locked_confirmation,000000172877
coco-rem,000000172935,/home/felix/fiftyone/coco-2017/validation/data/000000172935.jpg,validation,locked_confirmation,000000172935
coco-rem,000000172946,/home/felix/fiftyone/coco-2017/validation/data/000000172946.jpg,validation,locked_confirmation,000000172946
coco-rem,000000172977,/home/felix/fiftyone/coco-2017/validation/data/000000172977.jpg,validation,locked_confirmation,000000172977
coco-rem,000000173004,/home/felix/fiftyone/coco-2017/validation/data/000000173004.jpg,validation,locked_confirmation,000000173004
coco-rem,000000173008,/home/felix/fiftyone/coco-2017/validation/data/000000173008.jpg,validation,locked_confirmation,000000173008
coco-rem,000000173033,/home/felix/fiftyone/coco-2017/validation/data/000000173033.jpg,validation,locked_confirmation,000000173033
coco-rem,000000173044,/home/felix/fiftyone/coco-2017/validation/data/000000173044.jpg,validation,locked_confirmation,000000173044
coco-rem,000000173057,/home/felix/fiftyone/coco-2017/validation/data/000000173057.jpg,validation,locked_confirmation,000000173057
coco-rem,000000173091,/home/felix/fiftyone/coco-2017/validation/data/000000173091.jpg,validation,locked_confirmation,000000173091
coco-rem,000000173183,/home/felix/fiftyone/coco-2017/validation/data/000000173183.jpg,validation,locked_confirmation,000000173183
coco-rem,000000173302,/home/felix/fiftyone/coco-2017/validation/data/000000173302.jpg,validation,locked_confirmation,000000173302
coco-rem,000000173371,/home/felix/fiftyone/coco-2017/validation/data/000000173371.jpg,validation,locked_confirmation,000000173371
coco-rem,000000173383,/home/felix/fiftyone/coco-2017/validation/data/000000173383.jpg,validation,locked_confirmation,000000173383
coco-rem,000000173799,/home/felix/fiftyone/coco-2017/validation/data/000000173799.jpg,validation,locked_confirmation,000000173799
coco-rem,000000173830,/home/felix/fiftyone/coco-2017/validation/data/000000173830.jpg,validation,locked_confirmation,000000173830
coco-rem,000000174004,/home/felix/fiftyone/coco-2017/validation/data/000000174004.jpg,validation,locked_confirmation,000000174004
coco-rem,000000174018,/home/felix/fiftyone/coco-2017/validation/data/000000174018.jpg,validation,locked_confirmation,000000174018
coco-rem,000000174123,/home/felix/fiftyone/coco-2017/validation/data/000000174123.jpg,validation,locked_confirmation,000000174123
coco-rem,000000174231,/home/felix/fiftyone/coco-2017/validation/data/000000174231.jpg,validation,locked_confirmation,000000174231
coco-rem,000000174371,/home/felix/fiftyone/coco-2017/validation/data/000000174371.jpg,validation,locked_confirmation,000000174371
coco-rem,000000174482,/home/felix/fiftyone/coco-2017/validation/data/000000174482.jpg,validation,locked_confirmation,000000174482
coco-rem,000000175251,/home/felix/fiftyone/coco-2017/validation/data/000000175251.jpg,validation,locked_confirmation,000000175251
coco-rem,000000175364,/home/felix/fiftyone/coco-2017/validation/data/000000175364.jpg,validation,locked_confirmation,000000175364
coco-rem,000000175387,/home/felix/fiftyone/coco-2017/validation/data/000000175387.jpg,validation,locked_confirmation,000000175387
coco-rem,000000175438,/home/felix/fiftyone/coco-2017/validation/data/000000175438.jpg,validation,locked_confirmation,000000175438
coco-rem,000000175443,/home/felix/fiftyone/coco-2017/validation/data/000000175443.jpg,validation,locked_confirmation,000000175443
coco-rem,000000175535,/home/felix/fiftyone/coco-2017/validation/data/000000175535.jpg,validation,locked_confirmation,000000175535
coco-rem,000000176037,/home/felix/fiftyone/coco-2017/validation/data/000000176037.jpg,validation,locked_confirmation,000000176037
coco-rem,000000176232,/home/felix/fiftyone/coco-2017/validation/data/000000176232.jpg,validation,locked_confirmation,000000176232
coco-rem,000000176446,/home/felix/fiftyone/coco-2017/validation/data/000000176446.jpg,validation,locked_confirmation,000000176446
coco-rem,000000176606,/home/felix/fiftyone/coco-2017/validation/data/000000176606.jpg,validation,locked_confirmation,000000176606
coco-rem,000000176634,/home/felix/fiftyone/coco-2017/validation/data/000000176634.jpg,validation,locked_confirmation,000000176634
coco-rem,000000176701,/home/felix/fiftyone/coco-2017/validation/data/000000176701.jpg,validation,locked_confirmation,000000176701
coco-rem,000000176778,/home/felix/fiftyone/coco-2017/validation/data/000000176778.jpg,validation,locked_confirmation,000000176778
coco-rem,000000176799,/home/felix/fiftyone/coco-2017/validation/data/000000176799.jpg,validation,locked_confirmation,000000176799
coco-rem,000000176847,/home/felix/fiftyone/coco-2017/validation/data/000000176847.jpg,validation,locked_confirmation,000000176847
coco-rem,000000176857,/home/felix/fiftyone/coco-2017/validation/data/000000176857.jpg,validation,locked_confirmation,000000176857
coco-rem,000000176901,/home/felix/fiftyone/coco-2017/validation/data/000000176901.jpg,validation,locked_confirmation,000000176901
coco-rem,000000177015,/home/felix/fiftyone/coco-2017/validation/data/000000177015.jpg,validation,locked_confirmation,000000177015
coco-rem,000000177065,/home/felix/fiftyone/coco-2017/validation/data/000000177065.jpg,validation,locked_confirmation,000000177065
coco-rem,000000177213,/home/felix/fiftyone/coco-2017/validation/data/000000177213.jpg,validation,locked_confirmation,000000177213
coco-rem,000000177357,/home/felix/fiftyone/coco-2017/validation/data/000000177357.jpg,validation,locked_confirmation,000000177357
coco-rem,000000177383,/home/felix/fiftyone/coco-2017/validation/data/000000177383.jpg,validation,locked_confirmation,000000177383
coco-rem,000000177489,/home/felix/fiftyone/coco-2017/validation/data/000000177489.jpg,validation,locked_confirmation,000000177489
coco-rem,000000177539,/home/felix/fiftyone/coco-2017/validation/data/000000177539.jpg,validation,locked_confirmation,000000177539
coco-rem,000000177714,/home/felix/fiftyone/coco-2017/validation/data/000000177714.jpg,validation,locked_confirmation,000000177714
coco-rem,000000177861,/home/felix/fiftyone/coco-2017/validation/data/000000177861.jpg,validation,locked_confirmation,000000177861
coco-rem,000000177893,/home/felix/fiftyone/coco-2017/validation/data/000000177893.jpg,validation,locked_confirmation,000000177893
coco-rem,000000177934,/home/felix/fiftyone/coco-2017/validation/data/000000177934.jpg,validation,locked_confirmation,000000177934
coco-rem,000000177935,/home/felix/fiftyone/coco-2017/validation/data/000000177935.jpg,validation,locked_confirmation,000000177935
coco-rem,000000178028,/home/felix/fiftyone/coco-2017/validation/data/000000178028.jpg,validation,locked_confirmation,000000178028
coco-rem,000000178469,/home/felix/fiftyone/coco-2017/validation/data/000000178469.jpg,validation,locked_confirmation,000000178469
coco-rem,000000178618,/home/felix/fiftyone/coco-2017/validation/data/000000178618.jpg,validation,locked_confirmation,000000178618
coco-rem,000000178744,/home/felix/fiftyone/coco-2017/validation/data/000000178744.jpg,validation,locked_confirmation,000000178744
coco-rem,000000178982,/home/felix/fiftyone/coco-2017/validation/data/000000178982.jpg,validation,locked_confirmation,000000178982
coco-rem,000000179112,/home/felix/fiftyone/coco-2017/validation/data/000000179112.jpg,validation,locked_confirmation,000000179112
coco-rem,000000179141,/home/felix/fiftyone/coco-2017/validation/data/000000179141.jpg,validation,locked_confirmation,000000179141
coco-rem,000000179174,/home/felix/fiftyone/coco-2017/validation/data/000000179174.jpg,validation,locked_confirmation,000000179174
coco-rem,000000179214,/home/felix/fiftyone/coco-2017/validation/data/000000179214.jpg,validation,locked_confirmation,000000179214
coco-rem,000000179265,/home/felix/fiftyone/coco-2017/validation/data/000000179265.jpg,validation,locked_confirmation,000000179265
coco-rem,000000179285,/home/felix/fiftyone/coco-2017/validation/data/000000179285.jpg,validation,locked_confirmation,000000179285
coco-rem,000000179392,/home/felix/fiftyone/coco-2017/validation/data/000000179392.jpg,validation,locked_confirmation,000000179392
coco-rem,000000179487,/home/felix/fiftyone/coco-2017/validation/data/000000179487.jpg,validation,locked_confirmation,000000179487
coco-rem,000000179642,/home/felix/fiftyone/coco-2017/validation/data/000000179642.jpg,validation,locked_confirmation,000000179642
coco-rem,000000179653,/home/felix/fiftyone/coco-2017/validation/data/000000179653.jpg,validation,locked_confirmation,000000179653
coco-rem,000000179765,/home/felix/fiftyone/coco-2017/validation/data/000000179765.jpg,validation,locked_confirmation,000000179765
coco-rem,000000179898,/home/felix/fiftyone/coco-2017/validation/data/000000179898.jpg,validation,locked_confirmation,000000179898
coco-rem,000000180011,/home/felix/fiftyone/coco-2017/validation/data/000000180011.jpg,validation,locked_confirmation,000000180011
coco-rem,000000180101,/home/felix/fiftyone/coco-2017/validation/data/000000180101.jpg,validation,locked_confirmation,000000180101
coco-rem,000000180135,/home/felix/fiftyone/coco-2017/validation/data/000000180135.jpg,validation,locked_confirmation,000000180135
coco-rem,000000180188,/home/felix/fiftyone/coco-2017/validation/data/000000180188.jpg,validation,locked_confirmation,000000180188
coco-rem,000000180296,/home/felix/fiftyone/coco-2017/validation/data/000000180296.jpg,validation,locked_confirmation,000000180296
coco-rem,000000180383,/home/felix/fiftyone/coco-2017/validation/data/000000180383.jpg,validation,locked_confirmation,000000180383
coco-rem,000000180487,/home/felix/fiftyone/coco-2017/validation/data/000000180487.jpg,validation,locked_confirmation,000000180487
coco-rem,000000180560,/home/felix/fiftyone/coco-2017/validation/data/000000180560.jpg,validation,locked_confirmation,000000180560
coco-rem,000000180751,/home/felix/fiftyone/coco-2017/validation/data/000000180751.jpg,validation,locked_confirmation,000000180751
coco-rem,000000180792,/home/felix/fiftyone/coco-2017/validation/data/000000180792.jpg,validation,locked_confirmation,000000180792
coco-rem,000000180798,/home/felix/fiftyone/coco-2017/validation/data/000000180798.jpg,validation,locked_confirmation,000000180798
coco-rem,000000180878,/home/felix/fiftyone/coco-2017/validation/data/000000180878.jpg,validation,locked_confirmation,000000180878
coco-rem,000000181303,/home/felix/fiftyone/coco-2017/validation/data/000000181303.jpg,validation,locked_confirmation,000000181303
coco-rem,000000181421,/home/felix/fiftyone/coco-2017/validation/data/000000181421.jpg,validation,locked_confirmation,000000181421
coco-rem,000000181499,/home/felix/fiftyone/coco-2017/validation/data/000000181499.jpg,validation,locked_confirmation,000000181499
coco-rem,000000181542,/home/felix/fiftyone/coco-2017/validation/data/000000181542.jpg,validation,locked_confirmation,000000181542
coco-rem,000000181666,/home/felix/fiftyone/coco-2017/validation/data/000000181666.jpg,validation,locked_confirmation,000000181666
coco-rem,000000181753,/home/felix/fiftyone/coco-2017/validation/data/000000181753.jpg,validation,locked_confirmation,000000181753
coco-rem,000000181796,/home/felix/fiftyone/coco-2017/validation/data/000000181796.jpg,validation,locked_confirmation,000000181796
coco-rem,000000181816,/home/felix/fiftyone/coco-2017/validation/data/000000181816.jpg,validation,locked_confirmation,000000181816
coco-rem,000000181859,/home/felix/fiftyone/coco-2017/validation/data/000000181859.jpg,validation,locked_confirmation,000000181859
coco-rem,000000181969,/home/felix/fiftyone/coco-2017/validation/data/000000181969.jpg,validation,locked_confirmation,000000181969
coco-rem,000000182021,/home/felix/fiftyone/coco-2017/validation/data/000000182021.jpg,validation,locked_confirmation,000000182021
coco-rem,000000182155,/home/felix/fiftyone/coco-2017/validation/data/000000182155.jpg,validation,locked_confirmation,000000182155
coco-rem,000000182162,/home/felix/fiftyone/coco-2017/validation/data/000000182162.jpg,validation,locked_confirmation,000000182162
coco-rem,000000182202,/home/felix/fiftyone/coco-2017/validation/data/000000182202.jpg,validation,locked_confirmation,000000182202
coco-rem,000000182417,/home/felix/fiftyone/coco-2017/validation/data/000000182417.jpg,validation,locked_confirmation,000000182417
coco-rem,000000182441,/home/felix/fiftyone/coco-2017/validation/data/000000182441.jpg,validation,locked_confirmation,000000182441
coco-rem,000000182611,/home/felix/fiftyone/coco-2017/validation/data/000000182611.jpg,validation,locked_confirmation,000000182611
coco-rem,000000182805,/home/felix/fiftyone/coco-2017/validation/data/000000182805.jpg,validation,locked_confirmation,000000182805
coco-rem,000000182923,/home/felix/fiftyone/coco-2017/validation/data/000000182923.jpg,validation,locked_confirmation,000000182923
coco-rem,000000183049,/home/felix/fiftyone/coco-2017/validation/data/000000183049.jpg,validation,locked_confirmation,000000183049
coco-rem,000000183104,/home/felix/fiftyone/coco-2017/validation/data/000000183104.jpg,validation,locked_confirmation,000000183104
coco-rem,000000183127,/home/felix/fiftyone/coco-2017/validation/data/000000183127.jpg,validation,locked_confirmation,000000183127
coco-rem,000000183246,/home/felix/fiftyone/coco-2017/validation/data/000000183246.jpg,validation,locked_confirmation,000000183246
coco-rem,000000183391,/home/felix/fiftyone/coco-2017/validation/data/000000183391.jpg,validation,locked_confirmation,000000183391
coco-rem,000000183437,/home/felix/fiftyone/coco-2017/validation/data/000000183437.jpg,validation,locked_confirmation,000000183437
coco-rem,000000183500,/home/felix/fiftyone/coco-2017/validation/data/000000183500.jpg,validation,locked_confirmation,000000183500
coco-rem,000000183648,/home/felix/fiftyone/coco-2017/validation/data/000000183648.jpg,validation,locked_confirmation,000000183648
coco-rem,000000183675,/home/felix/fiftyone/coco-2017/validation/data/000000183675.jpg,validation,locked_confirmation,000000183675
coco-rem,000000183709,/home/felix/fiftyone/coco-2017/validation/data/000000183709.jpg,validation,locked_confirmation,000000183709
coco-rem,000000183716,/home/felix/fiftyone/coco-2017/validation/data/000000183716.jpg,validation,locked_confirmation,000000183716
coco-rem,000000183965,/home/felix/fiftyone/coco-2017/validation/data/000000183965.jpg,validation,locked_confirmation,000000183965
coco-rem,000000184321,/home/felix/fiftyone/coco-2017/validation/data/000000184321.jpg,validation,locked_confirmation,000000184321
coco-rem,000000184324,/home/felix/fiftyone/coco-2017/validation/data/000000184324.jpg,validation,locked_confirmation,000000184324
coco-rem,000000184338,/home/felix/fiftyone/coco-2017/validation/data/000000184338.jpg,validation,locked_confirmation,000000184338
coco-rem,000000184384,/home/felix/fiftyone/coco-2017/validation/data/000000184384.jpg,validation,locked_confirmation,000000184384
coco-rem,000000184400,/home/felix/fiftyone/coco-2017/validation/data/000000184400.jpg,validation,locked_confirmation,000000184400
coco-rem,000000184611,/home/felix/fiftyone/coco-2017/validation/data/000000184611.jpg,validation,locked_confirmation,000000184611
coco-rem,000000184762,/home/felix/fiftyone/coco-2017/validation/data/000000184762.jpg,validation,locked_confirmation,000000184762
coco-rem,000000184791,/home/felix/fiftyone/coco-2017/validation/data/000000184791.jpg,validation,locked_confirmation,000000184791
coco-rem,000000184978,/home/felix/fiftyone/coco-2017/validation/data/000000184978.jpg,validation,locked_confirmation,000000184978
coco-rem,000000185157,/home/felix/fiftyone/coco-2017/validation/data/000000185157.jpg,validation,locked_confirmation,000000185157
coco-rem,000000185250,/home/felix/fiftyone/coco-2017/validation/data/000000185250.jpg,validation,locked_confirmation,000000185250
coco-rem,000000185292,/home/felix/fiftyone/coco-2017/validation/data/000000185292.jpg,validation,locked_confirmation,000000185292
coco-rem,000000185409,/home/felix/fiftyone/coco-2017/validation/data/000000185409.jpg,validation,locked_confirmation,000000185409
coco-rem,000000185472,/home/felix/fiftyone/coco-2017/validation/data/000000185472.jpg,validation,locked_confirmation,000000185472
coco-rem,000000185473,/home/felix/fiftyone/coco-2017/validation/data/000000185473.jpg,validation,locked_confirmation,000000185473
coco-rem,000000185599,/home/felix/fiftyone/coco-2017/validation/data/000000185599.jpg,validation,locked_confirmation,000000185599
coco-rem,000000185802,/home/felix/fiftyone/coco-2017/validation/data/000000185802.jpg,validation,locked_confirmation,000000185802
coco-rem,000000185890,/home/felix/fiftyone/coco-2017/validation/data/000000185890.jpg,validation,locked_confirmation,000000185890
coco-rem,000000185950,/home/felix/fiftyone/coco-2017/validation/data/000000185950.jpg,validation,locked_confirmation,000000185950
coco-rem,000000186042,/home/felix/fiftyone/coco-2017/validation/data/000000186042.jpg,validation,locked_confirmation,000000186042
coco-rem,000000186282,/home/felix/fiftyone/coco-2017/validation/data/000000186282.jpg,validation,locked_confirmation,000000186282
coco-rem,000000186296,/home/felix/fiftyone/coco-2017/validation/data/000000186296.jpg,validation,locked_confirmation,000000186296
coco-rem,000000186345,/home/felix/fiftyone/coco-2017/validation/data/000000186345.jpg,validation,locked_confirmation,000000186345
coco-rem,000000186422,/home/felix/fiftyone/coco-2017/validation/data/000000186422.jpg,validation,locked_confirmation,000000186422
coco-rem,000000186449,/home/felix/fiftyone/coco-2017/validation/data/000000186449.jpg,validation,locked_confirmation,000000186449
coco-rem,000000186624,/home/felix/fiftyone/coco-2017/validation/data/000000186624.jpg,validation,locked_confirmation,000000186624
coco-rem,000000186632,/home/felix/fiftyone/coco-2017/validation/data/000000186632.jpg,validation,locked_confirmation,000000186632
coco-rem,000000186637,/home/felix/fiftyone/coco-2017/validation/data/000000186637.jpg,validation,locked_confirmation,000000186637
coco-rem,000000186873,/home/felix/fiftyone/coco-2017/validation/data/000000186873.jpg,validation,locked_confirmation,000000186873
coco-rem,000000186929,/home/felix/fiftyone/coco-2017/validation/data/000000186929.jpg,validation,locked_confirmation,000000186929
coco-rem,000000186938,/home/felix/fiftyone/coco-2017/validation/data/000000186938.jpg,validation,locked_confirmation,000000186938
coco-rem,000000186980,/home/felix/fiftyone/coco-2017/validation/data/000000186980.jpg,validation,locked_confirmation,000000186980
coco-rem,000000187055,/home/felix/fiftyone/coco-2017/validation/data/000000187055.jpg,validation,locked_confirmation,000000187055
coco-rem,000000187144,/home/felix/fiftyone/coco-2017/validation/data/000000187144.jpg,validation,locked_confirmation,000000187144
coco-rem,000000187236,/home/felix/fiftyone/coco-2017/validation/data/000000187236.jpg,validation,locked_confirmation,000000187236
coco-rem,000000187243,/home/felix/fiftyone/coco-2017/validation/data/000000187243.jpg,validation,locked_confirmation,000000187243
coco-rem,000000187249,/home/felix/fiftyone/coco-2017/validation/data/000000187249.jpg,validation,locked_confirmation,000000187249
coco-rem,000000187271,/home/felix/fiftyone/coco-2017/validation/data/000000187271.jpg,validation,locked_confirmation,000000187271
coco-rem,000000187362,/home/felix/fiftyone/coco-2017/validation/data/000000187362.jpg,validation,locked_confirmation,000000187362
coco-rem,000000187513,/home/felix/fiftyone/coco-2017/validation/data/000000187513.jpg,validation,locked_confirmation,000000187513
coco-rem,000000187585,/home/felix/fiftyone/coco-2017/validation/data/000000187585.jpg,validation,locked_confirmation,000000187585
coco-rem,000000187734,/home/felix/fiftyone/coco-2017/validation/data/000000187734.jpg,validation,locked_confirmation,000000187734
coco-rem,000000187745,/home/felix/fiftyone/coco-2017/validation/data/000000187745.jpg,validation,locked_confirmation,000000187745
coco-rem,000000187990,/home/felix/fiftyone/coco-2017/validation/data/000000187990.jpg,validation,locked_confirmation,000000187990
coco-rem,000000188296,/home/felix/fiftyone/coco-2017/validation/data/000000188296.jpg,validation,locked_confirmation,000000188296
coco-rem,000000188439,/home/felix/fiftyone/coco-2017/validation/data/000000188439.jpg,validation,locked_confirmation,000000188439
coco-rem,000000188465,/home/felix/fiftyone/coco-2017/validation/data/000000188465.jpg,validation,locked_confirmation,000000188465
coco-rem,000000188592,/home/felix/fiftyone/coco-2017/validation/data/000000188592.jpg,validation,locked_confirmation,000000188592
coco-rem,000000188689,/home/felix/fiftyone/coco-2017/validation/data/000000188689.jpg,validation,locked_confirmation,000000188689
coco-rem,000000188906,/home/felix/fiftyone/coco-2017/validation/data/000000188906.jpg,validation,locked_confirmation,000000188906
coco-rem,000000189078,/home/felix/fiftyone/coco-2017/validation/data/000000189078.jpg,validation,locked_confirmation,000000189078
coco-rem,000000189213,/home/felix/fiftyone/coco-2017/validation/data/000000189213.jpg,validation,locked_confirmation,000000189213
coco-rem,000000189226,/home/felix/fiftyone/coco-2017/validation/data/000000189226.jpg,validation,locked_confirmation,000000189226
coco-rem,000000189310,/home/felix/fiftyone/coco-2017/validation/data/000000189310.jpg,validation,locked_confirmation,000000189310
coco-rem,000000189436,/home/felix/fiftyone/coco-2017/validation/data/000000189436.jpg,validation,locked_confirmation,000000189436
coco-rem,000000189451,/home/felix/fiftyone/coco-2017/validation/data/000000189451.jpg,validation,locked_confirmation,000000189451
coco-rem,000000189475,/home/felix/fiftyone/coco-2017/validation/data/000000189475.jpg,validation,locked_confirmation,000000189475
coco-rem,000000189698,/home/felix/fiftyone/coco-2017/validation/data/000000189698.jpg,validation,locked_confirmation,000000189698
coco-rem,000000189752,/home/felix/fiftyone/coco-2017/validation/data/000000189752.jpg,validation,locked_confirmation,000000189752
coco-rem,000000189775,/home/felix/fiftyone/coco-2017/validation/data/000000189775.jpg,validation,locked_confirmation,000000189775
coco-rem,000000189806,/home/felix/fiftyone/coco-2017/validation/data/000000189806.jpg,validation,locked_confirmation,000000189806
coco-rem,000000189820,/home/felix/fiftyone/coco-2017/validation/data/000000189820.jpg,validation,locked_confirmation,000000189820
coco-rem,000000189828,/home/felix/fiftyone/coco-2017/validation/data/000000189828.jpg,validation,locked_confirmation,000000189828
coco-rem,000000190007,/home/felix/fiftyone/coco-2017/validation/data/000000190007.jpg,validation,locked_confirmation,000000190007
coco-rem,000000190140,/home/felix/fiftyone/coco-2017/validation/data/000000190140.jpg,validation,locked_confirmation,000000190140
coco-rem,000000190236,/home/felix/fiftyone/coco-2017/validation/data/000000190236.jpg,validation,locked_confirmation,000000190236
coco-rem,000000190307,/home/felix/fiftyone/coco-2017/validation/data/000000190307.jpg,validation,locked_confirmation,000000190307
coco-rem,000000190637,/home/felix/fiftyone/coco-2017/validation/data/000000190637.jpg,validation,locked_confirmation,000000190637
coco-rem,000000190648,/home/felix/fiftyone/coco-2017/validation/data/000000190648.jpg,validation,locked_confirmation,000000190648
coco-rem,000000190676,/home/felix/fiftyone/coco-2017/validation/data/000000190676.jpg,validation,locked_confirmation,000000190676
coco-rem,000000190753,/home/felix/fiftyone/coco-2017/validation/data/000000190753.jpg,validation,locked_confirmation,000000190753
coco-rem,000000190756,/home/felix/fiftyone/coco-2017/validation/data/000000190756.jpg,validation,locked_confirmation,000000190756
coco-rem,000000190841,/home/felix/fiftyone/coco-2017/validation/data/000000190841.jpg,validation,locked_confirmation,000000190841
coco-rem,000000190853,/home/felix/fiftyone/coco-2017/validation/data/000000190853.jpg,validation,locked_confirmation,000000190853
coco-rem,000000190923,/home/felix/fiftyone/coco-2017/validation/data/000000190923.jpg,validation,locked_confirmation,000000190923
coco-rem,000000191013,/home/felix/fiftyone/coco-2017/validation/data/000000191013.jpg,validation,locked_confirmation,000000191013
coco-rem,000000191288,/home/felix/fiftyone/coco-2017/validation/data/000000191288.jpg,validation,locked_confirmation,000000191288
coco-rem,000000191471,/home/felix/fiftyone/coco-2017/validation/data/000000191471.jpg,validation,locked_confirmation,000000191471
coco-rem,000000191580,/home/felix/fiftyone/coco-2017/validation/data/000000191580.jpg,validation,locked_confirmation,000000191580
coco-rem,000000191614,/home/felix/fiftyone/coco-2017/validation/data/000000191614.jpg,validation,locked_confirmation,000000191614
coco-rem,000000191672,/home/felix/fiftyone/coco-2017/validation/data/000000191672.jpg,validation,locked_confirmation,000000191672
coco-rem,000000191761,/home/felix/fiftyone/coco-2017/validation/data/000000191761.jpg,validation,locked_confirmation,000000191761
coco-rem,000000191845,/home/felix/fiftyone/coco-2017/validation/data/000000191845.jpg,validation,locked_confirmation,000000191845
coco-rem,000000192047,/home/felix/fiftyone/coco-2017/validation/data/000000192047.jpg,validation,locked_confirmation,000000192047
coco-rem,000000192191,/home/felix/fiftyone/coco-2017/validation/data/000000192191.jpg,validation,locked_confirmation,000000192191
coco-rem,000000192607,/home/felix/fiftyone/coco-2017/validation/data/000000192607.jpg,validation,locked_confirmation,000000192607
coco-rem,000000192670,/home/felix/fiftyone/coco-2017/validation/data/000000192670.jpg,validation,locked_confirmation,000000192670
coco-rem,000000192699,/home/felix/fiftyone/coco-2017/validation/data/000000192699.jpg,validation,locked_confirmation,000000192699
coco-rem,000000192716,/home/felix/fiftyone/coco-2017/validation/data/000000192716.jpg,validation,locked_confirmation,000000192716
coco-rem,000000192871,/home/felix/fiftyone/coco-2017/validation/data/000000192871.jpg,validation,locked_confirmation,000000192871
coco-rem,000000192904,/home/felix/fiftyone/coco-2017/validation/data/000000192904.jpg,validation,locked_confirmation,000000192904
coco-rem,000000192964,/home/felix/fiftyone/coco-2017/validation/data/000000192964.jpg,validation,locked_confirmation,000000192964
coco-rem,000000193162,/home/felix/fiftyone/coco-2017/validation/data/000000193162.jpg,validation,locked_confirmation,000000193162
coco-rem,000000193181,/home/felix/fiftyone/coco-2017/validation/data/000000193181.jpg,validation,locked_confirmation,000000193181
coco-rem,000000193245,/home/felix/fiftyone/coco-2017/validation/data/000000193245.jpg,validation,locked_confirmation,000000193245
coco-rem,000000193348,/home/felix/fiftyone/coco-2017/validation/data/000000193348.jpg,validation,locked_confirmation,000000193348
coco-rem,000000193429,/home/felix/fiftyone/coco-2017/validation/data/000000193429.jpg,validation,locked_confirmation,000000193429
coco-rem,000000193494,/home/felix/fiftyone/coco-2017/validation/data/000000193494.jpg,validation,locked_confirmation,000000193494
coco-rem,000000193674,/home/felix/fiftyone/coco-2017/validation/data/000000193674.jpg,validation,locked_confirmation,000000193674
coco-rem,000000193717,/home/felix/fiftyone/coco-2017/validation/data/000000193717.jpg,validation,locked_confirmation,000000193717
coco-rem,000000193743,/home/felix/fiftyone/coco-2017/validation/data/000000193743.jpg,validation,locked_confirmation,000000193743
coco-rem,000000193884,/home/felix/fiftyone/coco-2017/validation/data/000000193884.jpg,validation,locked_confirmation,000000193884
coco-rem,000000193926,/home/felix/fiftyone/coco-2017/validation/data/000000193926.jpg,validation,locked_confirmation,000000193926
coco-rem,000000194216,/home/felix/fiftyone/coco-2017/validation/data/000000194216.jpg,validation,locked_confirmation,000000194216
coco-rem,000000194471,/home/felix/fiftyone/coco-2017/validation/data/000000194471.jpg,validation,locked_confirmation,000000194471
coco-rem,000000194506,/home/felix/fiftyone/coco-2017/validation/data/000000194506.jpg,validation,locked_confirmation,000000194506
coco-rem,000000194716,/home/felix/fiftyone/coco-2017/validation/data/000000194716.jpg,validation,locked_confirmation,000000194716
coco-rem,000000194724,/home/felix/fiftyone/coco-2017/validation/data/000000194724.jpg,validation,locked_confirmation,000000194724
coco-rem,000000194746,/home/felix/fiftyone/coco-2017/validation/data/000000194746.jpg,validation,locked_confirmation,000000194746
coco-rem,000000194832,/home/felix/fiftyone/coco-2017/validation/data/000000194832.jpg,validation,locked_confirmation,000000194832
coco-rem,000000194875,/home/felix/fiftyone/coco-2017/validation/data/000000194875.jpg,validation,locked_confirmation,000000194875
coco-rem,000000194940,/home/felix/fiftyone/coco-2017/validation/data/000000194940.jpg,validation,locked_confirmation,000000194940
coco-rem,000000195045,/home/felix/fiftyone/coco-2017/validation/data/000000195045.jpg,validation,locked_confirmation,000000195045
coco-rem,000000195165,/home/felix/fiftyone/coco-2017/validation/data/000000195165.jpg,validation,locked_confirmation,000000195165
coco-rem,000000195754,/home/felix/fiftyone/coco-2017/validation/data/000000195754.jpg,validation,locked_confirmation,000000195754
coco-rem,000000195842,/home/felix/fiftyone/coco-2017/validation/data/000000195842.jpg,validation,locked_confirmation,000000195842
coco-rem,000000195918,/home/felix/fiftyone/coco-2017/validation/data/000000195918.jpg,validation,locked_confirmation,000000195918
coco-rem,000000196009,/home/felix/fiftyone/coco-2017/validation/data/000000196009.jpg,validation,locked_confirmation,000000196009
coco-rem,000000196141,/home/felix/fiftyone/coco-2017/validation/data/000000196141.jpg,validation,locked_confirmation,000000196141
coco-rem,000000196185,/home/felix/fiftyone/coco-2017/validation/data/000000196185.jpg,validation,locked_confirmation,000000196185
coco-rem,000000196442,/home/felix/fiftyone/coco-2017/validation/data/000000196442.jpg,validation,locked_confirmation,000000196442
coco-rem,000000196754,/home/felix/fiftyone/coco-2017/validation/data/000000196754.jpg,validation,locked_confirmation,000000196754
coco-rem,000000196759,/home/felix/fiftyone/coco-2017/validation/data/000000196759.jpg,validation,locked_confirmation,000000196759
coco-rem,000000196843,/home/felix/fiftyone/coco-2017/validation/data/000000196843.jpg,validation,locked_confirmation,000000196843
coco-rem,000000197004,/home/felix/fiftyone/coco-2017/validation/data/000000197004.jpg,validation,locked_confirmation,000000197004
coco-rem,000000197022,/home/felix/fiftyone/coco-2017/validation/data/000000197022.jpg,validation,locked_confirmation,000000197022
coco-rem,000000197388,/home/felix/fiftyone/coco-2017/validation/data/000000197388.jpg,validation,locked_confirmation,000000197388
coco-rem,000000197528,/home/felix/fiftyone/coco-2017/validation/data/000000197528.jpg,validation,locked_confirmation,000000197528
coco-rem,000000197658,/home/felix/fiftyone/coco-2017/validation/data/000000197658.jpg,validation,locked_confirmation,000000197658
coco-rem,000000197796,/home/felix/fiftyone/coco-2017/validation/data/000000197796.jpg,validation,locked_confirmation,000000197796
coco-rem,000000197870,/home/felix/fiftyone/coco-2017/validation/data/000000197870.jpg,validation,locked_confirmation,000000197870
coco-rem,000000198489,/home/felix/fiftyone/coco-2017/validation/data/000000198489.jpg,validation,locked_confirmation,000000198489
coco-rem,000000198510,/home/felix/fiftyone/coco-2017/validation/data/000000198510.jpg,validation,locked_confirmation,000000198510
coco-rem,000000198641,/home/felix/fiftyone/coco-2017/validation/data/000000198641.jpg,validation,locked_confirmation,000000198641
coco-rem,000000198805,/home/felix/fiftyone/coco-2017/validation/data/000000198805.jpg,validation,locked_confirmation,000000198805
coco-rem,000000198915,/home/felix/fiftyone/coco-2017/validation/data/000000198915.jpg,validation,locked_confirmation,000000198915
coco-rem,000000198928,/home/felix/fiftyone/coco-2017/validation/data/000000198928.jpg,validation,locked_confirmation,000000198928
coco-rem,000000198960,/home/felix/fiftyone/coco-2017/validation/data/000000198960.jpg,validation,locked_confirmation,000000198960
coco-rem,000000199055,/home/felix/fiftyone/coco-2017/validation/data/000000199055.jpg,validation,locked_confirmation,000000199055
coco-rem,000000199236,/home/felix/fiftyone/coco-2017/validation/data/000000199236.jpg,validation,locked_confirmation,000000199236
coco-rem,000000199310,/home/felix/fiftyone/coco-2017/validation/data/000000199310.jpg,validation,locked_confirmation,000000199310
coco-rem,000000199395,/home/felix/fiftyone/coco-2017/validation/data/000000199395.jpg,validation,locked_confirmation,000000199395
coco-rem,000000199442,/home/felix/fiftyone/coco-2017/validation/data/000000199442.jpg,validation,locked_confirmation,000000199442
coco-rem,000000199551,/home/felix/fiftyone/coco-2017/validation/data/000000199551.jpg,validation,locked_confirmation,000000199551
coco-rem,000000199681,/home/felix/fiftyone/coco-2017/validation/data/000000199681.jpg,validation,locked_confirmation,000000199681
coco-rem,000000199771,/home/felix/fiftyone/coco-2017/validation/data/000000199771.jpg,validation,locked_confirmation,000000199771
coco-rem,000000199977,/home/felix/fiftyone/coco-2017/validation/data/000000199977.jpg,validation,locked_confirmation,000000199977
coco-rem,000000200152,/home/felix/fiftyone/coco-2017/validation/data/000000200152.jpg,validation,locked_confirmation,000000200152
coco-rem,000000200162,/home/felix/fiftyone/coco-2017/validation/data/000000200162.jpg,validation,locked_confirmation,000000200162
coco-rem,000000200252,/home/felix/fiftyone/coco-2017/validation/data/000000200252.jpg,validation,locked_confirmation,000000200252
coco-rem,000000200421,/home/felix/fiftyone/coco-2017/validation/data/000000200421.jpg,validation,locked_confirmation,000000200421
coco-rem,000000200667,/home/felix/fiftyone/coco-2017/validation/data/000000200667.jpg,validation,locked_confirmation,000000200667
coco-rem,000000200839,/home/felix/fiftyone/coco-2017/validation/data/000000200839.jpg,validation,locked_confirmation,000000200839
coco-rem,000000200961,/home/felix/fiftyone/coco-2017/validation/data/000000200961.jpg,validation,locked_confirmation,000000200961
coco-rem,000000201025,/home/felix/fiftyone/coco-2017/validation/data/000000201025.jpg,validation,locked_confirmation,000000201025
coco-rem,000000201072,/home/felix/fiftyone/coco-2017/validation/data/000000201072.jpg,validation,locked_confirmation,000000201072
coco-rem,000000201148,/home/felix/fiftyone/coco-2017/validation/data/000000201148.jpg,validation,locked_confirmation,000000201148
coco-rem,000000201418,/home/felix/fiftyone/coco-2017/validation/data/000000201418.jpg,validation,locked_confirmation,000000201418
coco-rem,000000201426,/home/felix/fiftyone/coco-2017/validation/data/000000201426.jpg,validation,locked_confirmation,000000201426
coco-rem,000000201646,/home/felix/fiftyone/coco-2017/validation/data/000000201646.jpg,validation,locked_confirmation,000000201646
coco-rem,000000201676,/home/felix/fiftyone/coco-2017/validation/data/000000201676.jpg,validation,locked_confirmation,000000201676
coco-rem,000000201775,/home/felix/fiftyone/coco-2017/validation/data/000000201775.jpg,validation,locked_confirmation,000000201775
coco-rem,000000201934,/home/felix/fiftyone/coco-2017/validation/data/000000201934.jpg,validation,locked_confirmation,000000201934
coco-rem,000000202001,/home/felix/fiftyone/coco-2017/validation/data/000000202001.jpg,validation,locked_confirmation,000000202001
coco-rem,000000202228,/home/felix/fiftyone/coco-2017/validation/data/000000202228.jpg,validation,locked_confirmation,000000202228
coco-rem,000000202339,/home/felix/fiftyone/coco-2017/validation/data/000000202339.jpg,validation,locked_confirmation,000000202339
coco-rem,000000202445,/home/felix/fiftyone/coco-2017/validation/data/000000202445.jpg,validation,locked_confirmation,000000202445
coco-rem,000000203095,/home/felix/fiftyone/coco-2017/validation/data/000000203095.jpg,validation,locked_confirmation,000000203095
coco-rem,000000203294,/home/felix/fiftyone/coco-2017/validation/data/000000203294.jpg,validation,locked_confirmation,000000203294
coco-rem,000000203317,/home/felix/fiftyone/coco-2017/validation/data/000000203317.jpg,validation,locked_confirmation,000000203317
coco-rem,000000203389,/home/felix/fiftyone/coco-2017/validation/data/000000203389.jpg,validation,locked_confirmation,000000203389
coco-rem,000000203488,/home/felix/fiftyone/coco-2017/validation/data/000000203488.jpg,validation,locked_confirmation,000000203488
coco-rem,000000203546,/home/felix/fiftyone/coco-2017/validation/data/000000203546.jpg,validation,locked_confirmation,000000203546
coco-rem,000000203580,/home/felix/fiftyone/coco-2017/validation/data/000000203580.jpg,validation,locked_confirmation,000000203580
coco-rem,000000203629,/home/felix/fiftyone/coco-2017/validation/data/000000203629.jpg,validation,locked_confirmation,000000203629
coco-rem,000000203639,/home/felix/fiftyone/coco-2017/validation/data/000000203639.jpg,validation,locked_confirmation,000000203639
coco-rem,000000203864,/home/felix/fiftyone/coco-2017/validation/data/000000203864.jpg,validation,locked_confirmation,000000203864
coco-rem,000000203931,/home/felix/fiftyone/coco-2017/validation/data/000000203931.jpg,validation,locked_confirmation,000000203931
coco-rem,000000204186,/home/felix/fiftyone/coco-2017/validation/data/000000204186.jpg,validation,locked_confirmation,000000204186
coco-rem,000000204329,/home/felix/fiftyone/coco-2017/validation/data/000000204329.jpg,validation,locked_confirmation,000000204329
coco-rem,000000204871,/home/felix/fiftyone/coco-2017/validation/data/000000204871.jpg,validation,locked_confirmation,000000204871
coco-rem,000000205105,/home/felix/fiftyone/coco-2017/validation/data/000000205105.jpg,validation,locked_confirmation,000000205105
coco-rem,000000205282,/home/felix/fiftyone/coco-2017/validation/data/000000205282.jpg,validation,locked_confirmation,000000205282
coco-rem,000000205289,/home/felix/fiftyone/coco-2017/validation/data/000000205289.jpg,validation,locked_confirmation,000000205289
coco-rem,000000205324,/home/felix/fiftyone/coco-2017/validation/data/000000205324.jpg,validation,locked_confirmation,000000205324
coco-rem,000000205333,/home/felix/fiftyone/coco-2017/validation/data/000000205333.jpg,validation,locked_confirmation,000000205333
coco-rem,000000205401,/home/felix/fiftyone/coco-2017/validation/data/000000205401.jpg,validation,locked_confirmation,000000205401
coco-rem,000000205514,/home/felix/fiftyone/coco-2017/validation/data/000000205514.jpg,validation,locked_confirmation,000000205514
coco-rem,000000205542,/home/felix/fiftyone/coco-2017/validation/data/000000205542.jpg,validation,locked_confirmation,000000205542
coco-rem,000000205647,/home/felix/fiftyone/coco-2017/validation/data/000000205647.jpg,validation,locked_confirmation,000000205647
coco-rem,000000205776,/home/felix/fiftyone/coco-2017/validation/data/000000205776.jpg,validation,locked_confirmation,000000205776
coco-rem,000000205834,/home/felix/fiftyone/coco-2017/validation/data/000000205834.jpg,validation,locked_confirmation,000000205834
coco-rem,000000206025,/home/felix/fiftyone/coco-2017/validation/data/000000206025.jpg,validation,locked_confirmation,000000206025
coco-rem,000000206027,/home/felix/fiftyone/coco-2017/validation/data/000000206027.jpg,validation,locked_confirmation,000000206027
coco-rem,000000206135,/home/felix/fiftyone/coco-2017/validation/data/000000206135.jpg,validation,locked_confirmation,000000206135
coco-rem,000000206218,/home/felix/fiftyone/coco-2017/validation/data/000000206218.jpg,validation,locked_confirmation,000000206218
coco-rem,000000206271,/home/felix/fiftyone/coco-2017/validation/data/000000206271.jpg,validation,locked_confirmation,000000206271
coco-rem,000000206411,/home/felix/fiftyone/coco-2017/validation/data/000000206411.jpg,validation,locked_confirmation,000000206411
coco-rem,000000206487,/home/felix/fiftyone/coco-2017/validation/data/000000206487.jpg,validation,locked_confirmation,000000206487
coco-rem,000000206579,/home/felix/fiftyone/coco-2017/validation/data/000000206579.jpg,validation,locked_confirmation,000000206579
coco-rem,000000206831,/home/felix/fiftyone/coco-2017/validation/data/000000206831.jpg,validation,locked_confirmation,000000206831
coco-rem,000000206838,/home/felix/fiftyone/coco-2017/validation/data/000000206838.jpg,validation,locked_confirmation,000000206838
coco-rem,000000206994,/home/felix/fiftyone/coco-2017/validation/data/000000206994.jpg,validation,locked_confirmation,000000206994
coco-rem,000000207306,/home/felix/fiftyone/coco-2017/validation/data/000000207306.jpg,validation,locked_confirmation,000000207306
coco-rem,000000207538,/home/felix/fiftyone/coco-2017/validation/data/000000207538.jpg,validation,locked_confirmation,000000207538
coco-rem,000000207585,/home/felix/fiftyone/coco-2017/validation/data/000000207585.jpg,validation,locked_confirmation,000000207585
coco-rem,000000207728,/home/felix/fiftyone/coco-2017/validation/data/000000207728.jpg,validation,locked_confirmation,000000207728
coco-rem,000000207844,/home/felix/fiftyone/coco-2017/validation/data/000000207844.jpg,validation,locked_confirmation,000000207844
coco-rem,000000208208,/home/felix/fiftyone/coco-2017/validation/data/000000208208.jpg,validation,locked_confirmation,000000208208
coco-rem,000000208363,/home/felix/fiftyone/coco-2017/validation/data/000000208363.jpg,validation,locked_confirmation,000000208363
coco-rem,000000208423,/home/felix/fiftyone/coco-2017/validation/data/000000208423.jpg,validation,locked_confirmation,000000208423
coco-rem,000000208901,/home/felix/fiftyone/coco-2017/validation/data/000000208901.jpg,validation,locked_confirmation,000000208901
coco-rem,000000209142,/home/felix/fiftyone/coco-2017/validation/data/000000209142.jpg,validation,locked_confirmation,000000209142
coco-rem,000000209222,/home/felix/fiftyone/coco-2017/validation/data/000000209222.jpg,validation,locked_confirmation,000000209222
coco-rem,000000209530,/home/felix/fiftyone/coco-2017/validation/data/000000209530.jpg,validation,locked_confirmation,000000209530
coco-rem,000000209613,/home/felix/fiftyone/coco-2017/validation/data/000000209613.jpg,validation,locked_confirmation,000000209613
coco-rem,000000209747,/home/felix/fiftyone/coco-2017/validation/data/000000209747.jpg,validation,locked_confirmation,000000209747
coco-rem,000000209753,/home/felix/fiftyone/coco-2017/validation/data/000000209753.jpg,validation,locked_confirmation,000000209753
coco-rem,000000209757,/home/felix/fiftyone/coco-2017/validation/data/000000209757.jpg,validation,locked_confirmation,000000209757
coco-rem,000000209829,/home/felix/fiftyone/coco-2017/validation/data/000000209829.jpg,validation,locked_confirmation,000000209829
coco-rem,000000209972,/home/felix/fiftyone/coco-2017/validation/data/000000209972.jpg,validation,locked_confirmation,000000209972
coco-rem,000000210030,/home/felix/fiftyone/coco-2017/validation/data/000000210030.jpg,validation,locked_confirmation,000000210030
coco-rem,000000210032,/home/felix/fiftyone/coco-2017/validation/data/000000210032.jpg,validation,locked_confirmation,000000210032
coco-rem,000000210099,/home/felix/fiftyone/coco-2017/validation/data/000000210099.jpg,validation,locked_confirmation,000000210099
coco-rem,000000210230,/home/felix/fiftyone/coco-2017/validation/data/000000210230.jpg,validation,locked_confirmation,000000210230
coco-rem,000000210273,/home/felix/fiftyone/coco-2017/validation/data/000000210273.jpg,validation,locked_confirmation,000000210273
coco-rem,000000210299,/home/felix/fiftyone/coco-2017/validation/data/000000210299.jpg,validation,locked_confirmation,000000210299
coco-rem,000000210388,/home/felix/fiftyone/coco-2017/validation/data/000000210388.jpg,validation,locked_confirmation,000000210388
coco-rem,000000210394,/home/felix/fiftyone/coco-2017/validation/data/000000210394.jpg,validation,locked_confirmation,000000210394
coco-rem,000000210502,/home/felix/fiftyone/coco-2017/validation/data/000000210502.jpg,validation,locked_confirmation,000000210502
coco-rem,000000210520,/home/felix/fiftyone/coco-2017/validation/data/000000210520.jpg,validation,locked_confirmation,000000210520
coco-rem,000000210708,/home/felix/fiftyone/coco-2017/validation/data/000000210708.jpg,validation,locked_confirmation,000000210708
coco-rem,000000210789,/home/felix/fiftyone/coco-2017/validation/data/000000210789.jpg,validation,locked_confirmation,000000210789
coco-rem,000000210855,/home/felix/fiftyone/coco-2017/validation/data/000000210855.jpg,validation,locked_confirmation,000000210855
coco-rem,000000210915,/home/felix/fiftyone/coco-2017/validation/data/000000210915.jpg,validation,locked_confirmation,000000210915
coco-rem,000000211042,/home/felix/fiftyone/coco-2017/validation/data/000000211042.jpg,validation,locked_confirmation,000000211042
coco-rem,000000211069,/home/felix/fiftyone/coco-2017/validation/data/000000211069.jpg,validation,locked_confirmation,000000211069
coco-rem,000000211120,/home/felix/fiftyone/coco-2017/validation/data/000000211120.jpg,validation,locked_confirmation,000000211120
coco-rem,000000211674,/home/felix/fiftyone/coco-2017/validation/data/000000211674.jpg,validation,locked_confirmation,000000211674
coco-rem,000000211825,/home/felix/fiftyone/coco-2017/validation/data/000000211825.jpg,validation,locked_confirmation,000000211825
coco-rem,000000212072,/home/felix/fiftyone/coco-2017/validation/data/000000212072.jpg,validation,locked_confirmation,000000212072
coco-rem,000000212166,/home/felix/fiftyone/coco-2017/validation/data/000000212166.jpg,validation,locked_confirmation,000000212166
coco-rem,000000212226,/home/felix/fiftyone/coco-2017/validation/data/000000212226.jpg,validation,locked_confirmation,000000212226
coco-rem,000000212453,/home/felix/fiftyone/coco-2017/validation/data/000000212453.jpg,validation,locked_confirmation,000000212453
coco-rem,000000212559,/home/felix/fiftyone/coco-2017/validation/data/000000212559.jpg,validation,locked_confirmation,000000212559
coco-rem,000000212573,/home/felix/fiftyone/coco-2017/validation/data/000000212573.jpg,validation,locked_confirmation,000000212573
coco-rem,000000212800,/home/felix/fiftyone/coco-2017/validation/data/000000212800.jpg,validation,locked_confirmation,000000212800
coco-rem,000000212895,/home/felix/fiftyone/coco-2017/validation/data/000000212895.jpg,validation,locked_confirmation,000000212895
coco-rem,000000213033,/home/felix/fiftyone/coco-2017/validation/data/000000213033.jpg,validation,locked_confirmation,000000213033
coco-rem,000000213035,/home/felix/fiftyone/coco-2017/validation/data/000000213035.jpg,validation,locked_confirmation,000000213035
coco-rem,000000213086,/home/felix/fiftyone/coco-2017/validation/data/000000213086.jpg,validation,locked_confirmation,000000213086
coco-rem,000000213171,/home/felix/fiftyone/coco-2017/validation/data/000000213171.jpg,validation,locked_confirmation,000000213171
coco-rem,000000213224,/home/felix/fiftyone/coco-2017/validation/data/000000213224.jpg,validation,locked_confirmation,000000213224
coco-rem,000000213255,/home/felix/fiftyone/coco-2017/validation/data/000000213255.jpg,validation,locked_confirmation,000000213255
coco-rem,000000213422,/home/felix/fiftyone/coco-2017/validation/data/000000213422.jpg,validation,locked_confirmation,000000213422
coco-rem,000000213445,/home/felix/fiftyone/coco-2017/validation/data/000000213445.jpg,validation,locked_confirmation,000000213445
coco-rem,000000213547,/home/felix/fiftyone/coco-2017/validation/data/000000213547.jpg,validation,locked_confirmation,000000213547
coco-rem,000000213593,/home/felix/fiftyone/coco-2017/validation/data/000000213593.jpg,validation,locked_confirmation,000000213593
coco-rem,000000213605,/home/felix/fiftyone/coco-2017/validation/data/000000213605.jpg,validation,locked_confirmation,000000213605
coco-rem,000000213816,/home/felix/fiftyone/coco-2017/validation/data/000000213816.jpg,validation,locked_confirmation,000000213816
coco-rem,000000213830,/home/felix/fiftyone/coco-2017/validation/data/000000213830.jpg,validation,locked_confirmation,000000213830
coco-rem,000000213935,/home/felix/fiftyone/coco-2017/validation/data/000000213935.jpg,validation,locked_confirmation,000000213935
coco-rem,000000214192,/home/felix/fiftyone/coco-2017/validation/data/000000214192.jpg,validation,locked_confirmation,000000214192
coco-rem,000000214200,/home/felix/fiftyone/coco-2017/validation/data/000000214200.jpg,validation,locked_confirmation,000000214200
coco-rem,000000214205,/home/felix/fiftyone/coco-2017/validation/data/000000214205.jpg,validation,locked_confirmation,000000214205
coco-rem,000000214224,/home/felix/fiftyone/coco-2017/validation/data/000000214224.jpg,validation,locked_confirmation,000000214224
coco-rem,000000214539,/home/felix/fiftyone/coco-2017/validation/data/000000214539.jpg,validation,locked_confirmation,000000214539
coco-rem,000000214703,/home/felix/fiftyone/coco-2017/validation/data/000000214703.jpg,validation,locked_confirmation,000000214703
coco-rem,000000214720,/home/felix/fiftyone/coco-2017/validation/data/000000214720.jpg,validation,locked_confirmation,000000214720
coco-rem,000000214753,/home/felix/fiftyone/coco-2017/validation/data/000000214753.jpg,validation,locked_confirmation,000000214753
coco-rem,000000214869,/home/felix/fiftyone/coco-2017/validation/data/000000214869.jpg,validation,locked_confirmation,000000214869
coco-rem,000000215072,/home/felix/fiftyone/coco-2017/validation/data/000000215072.jpg,validation,locked_confirmation,000000215072
coco-rem,000000215114,/home/felix/fiftyone/coco-2017/validation/data/000000215114.jpg,validation,locked_confirmation,000000215114
coco-rem,000000215245,/home/felix/fiftyone/coco-2017/validation/data/000000215245.jpg,validation,locked_confirmation,000000215245
coco-rem,000000215259,/home/felix/fiftyone/coco-2017/validation/data/000000215259.jpg,validation,locked_confirmation,000000215259
coco-rem,000000215644,/home/felix/fiftyone/coco-2017/validation/data/000000215644.jpg,validation,locked_confirmation,000000215644
coco-rem,000000215723,/home/felix/fiftyone/coco-2017/validation/data/000000215723.jpg,validation,locked_confirmation,000000215723
coco-rem,000000215778,/home/felix/fiftyone/coco-2017/validation/data/000000215778.jpg,validation,locked_confirmation,000000215778
coco-rem,000000216277,/home/felix/fiftyone/coco-2017/validation/data/000000216277.jpg,validation,locked_confirmation,000000216277
coco-rem,000000216296,/home/felix/fiftyone/coco-2017/validation/data/000000216296.jpg,validation,locked_confirmation,000000216296
coco-rem,000000216419,/home/felix/fiftyone/coco-2017/validation/data/000000216419.jpg,validation,locked_confirmation,000000216419
coco-rem,000000216497,/home/felix/fiftyone/coco-2017/validation/data/000000216497.jpg,validation,locked_confirmation,000000216497
coco-rem,000000216516,/home/felix/fiftyone/coco-2017/validation/data/000000216516.jpg,validation,locked_confirmation,000000216516
coco-rem,000000216636,/home/felix/fiftyone/coco-2017/validation/data/000000216636.jpg,validation,locked_confirmation,000000216636
coco-rem,000000216739,/home/felix/fiftyone/coco-2017/validation/data/000000216739.jpg,validation,locked_confirmation,000000216739
coco-rem,000000217060,/home/felix/fiftyone/coco-2017/validation/data/000000217060.jpg,validation,locked_confirmation,000000217060
coco-rem,000000217219,/home/felix/fiftyone/coco-2017/validation/data/000000217219.jpg,validation,locked_confirmation,000000217219
coco-rem,000000217285,/home/felix/fiftyone/coco-2017/validation/data/000000217285.jpg,validation,locked_confirmation,000000217285
coco-rem,000000217400,/home/felix/fiftyone/coco-2017/validation/data/000000217400.jpg,validation,locked_confirmation,000000217400
coco-rem,000000217425,/home/felix/fiftyone/coco-2017/validation/data/000000217425.jpg,validation,locked_confirmation,000000217425
coco-rem,000000217614,/home/felix/fiftyone/coco-2017/validation/data/000000217614.jpg,validation,locked_confirmation,000000217614
coco-rem,000000217753,/home/felix/fiftyone/coco-2017/validation/data/000000217753.jpg,validation,locked_confirmation,000000217753
coco-rem,000000217872,/home/felix/fiftyone/coco-2017/validation/data/000000217872.jpg,validation,locked_confirmation,000000217872
coco-rem,000000217948,/home/felix/fiftyone/coco-2017/validation/data/000000217948.jpg,validation,locked_confirmation,000000217948
coco-rem,000000217957,/home/felix/fiftyone/coco-2017/validation/data/000000217957.jpg,validation,locked_confirmation,000000217957
coco-rem,000000218091,/home/felix/fiftyone/coco-2017/validation/data/000000218091.jpg,validation,locked_confirmation,000000218091
coco-rem,000000218249,/home/felix/fiftyone/coco-2017/validation/data/000000218249.jpg,validation,locked_confirmation,000000218249
coco-rem,000000218362,/home/felix/fiftyone/coco-2017/validation/data/000000218362.jpg,validation,locked_confirmation,000000218362
coco-rem,000000218424,/home/felix/fiftyone/coco-2017/validation/data/000000218424.jpg,validation,locked_confirmation,000000218424
coco-rem,000000218439,/home/felix/fiftyone/coco-2017/validation/data/000000218439.jpg,validation,locked_confirmation,000000218439
coco-rem,000000218997,/home/felix/fiftyone/coco-2017/validation/data/000000218997.jpg,validation,locked_confirmation,000000218997
coco-rem,000000219271,/home/felix/fiftyone/coco-2017/validation/data/000000219271.jpg,validation,locked_confirmation,000000219271
coco-rem,000000219283,/home/felix/fiftyone/coco-2017/validation/data/000000219283.jpg,validation,locked_confirmation,000000219283
coco-rem,000000219440,/home/felix/fiftyone/coco-2017/validation/data/000000219440.jpg,validation,locked_confirmation,000000219440
coco-rem,000000219485,/home/felix/fiftyone/coco-2017/validation/data/000000219485.jpg,validation,locked_confirmation,000000219485
coco-rem,000000219578,/home/felix/fiftyone/coco-2017/validation/data/000000219578.jpg,validation,locked_confirmation,000000219578
coco-rem,000000220310,/home/felix/fiftyone/coco-2017/validation/data/000000220310.jpg,validation,locked_confirmation,000000220310
coco-rem,000000220584,/home/felix/fiftyone/coco-2017/validation/data/000000220584.jpg,validation,locked_confirmation,000000220584
coco-rem,000000220732,/home/felix/fiftyone/coco-2017/validation/data/000000220732.jpg,validation,locked_confirmation,000000220732
coco-rem,000000220764,/home/felix/fiftyone/coco-2017/validation/data/000000220764.jpg,validation,locked_confirmation,000000220764
coco-rem,000000220858,/home/felix/fiftyone/coco-2017/validation/data/000000220858.jpg,validation,locked_confirmation,000000220858
coco-rem,000000221017,/home/felix/fiftyone/coco-2017/validation/data/000000221017.jpg,validation,locked_confirmation,000000221017
coco-rem,000000221155,/home/felix/fiftyone/coco-2017/validation/data/000000221155.jpg,validation,locked_confirmation,000000221155
coco-rem,000000221213,/home/felix/fiftyone/coco-2017/validation/data/000000221213.jpg,validation,locked_confirmation,000000221213
coco-rem,000000221281,/home/felix/fiftyone/coco-2017/validation/data/000000221281.jpg,validation,locked_confirmation,000000221281
coco-rem,000000221291,/home/felix/fiftyone/coco-2017/validation/data/000000221291.jpg,validation,locked_confirmation,000000221291
coco-rem,000000221502,/home/felix/fiftyone/coco-2017/validation/data/000000221502.jpg,validation,locked_confirmation,000000221502
coco-rem,000000221693,/home/felix/fiftyone/coco-2017/validation/data/000000221693.jpg,validation,locked_confirmation,000000221693
coco-rem,000000221708,/home/felix/fiftyone/coco-2017/validation/data/000000221708.jpg,validation,locked_confirmation,000000221708
coco-rem,000000221754,/home/felix/fiftyone/coco-2017/validation/data/000000221754.jpg,validation,locked_confirmation,000000221754
coco-rem,000000221872,/home/felix/fiftyone/coco-2017/validation/data/000000221872.jpg,validation,locked_confirmation,000000221872
coco-rem,000000222094,/home/felix/fiftyone/coco-2017/validation/data/000000222094.jpg,validation,locked_confirmation,000000222094
coco-rem,000000222118,/home/felix/fiftyone/coco-2017/validation/data/000000222118.jpg,validation,locked_confirmation,000000222118
coco-rem,000000222235,/home/felix/fiftyone/coco-2017/validation/data/000000222235.jpg,validation,locked_confirmation,000000222235
coco-rem,000000222299,/home/felix/fiftyone/coco-2017/validation/data/000000222299.jpg,validation,locked_confirmation,000000222299
coco-rem,000000222317,/home/felix/fiftyone/coco-2017/validation/data/000000222317.jpg,validation,locked_confirmation,000000222317
coco-rem,000000222455,/home/felix/fiftyone/coco-2017/validation/data/000000222455.jpg,validation,locked_confirmation,000000222455
coco-rem,000000222458,/home/felix/fiftyone/coco-2017/validation/data/000000222458.jpg,validation,locked_confirmation,000000222458
coco-rem,000000222559,/home/felix/fiftyone/coco-2017/validation/data/000000222559.jpg,validation,locked_confirmation,000000222559
coco-rem,000000222735,/home/felix/fiftyone/coco-2017/validation/data/000000222735.jpg,validation,locked_confirmation,000000222735
coco-rem,000000222825,/home/felix/fiftyone/coco-2017/validation/data/000000222825.jpg,validation,locked_confirmation,000000222825
coco-rem,000000222863,/home/felix/fiftyone/coco-2017/validation/data/000000222863.jpg,validation,locked_confirmation,000000222863
coco-rem,000000222991,/home/felix/fiftyone/coco-2017/validation/data/000000222991.jpg,validation,locked_confirmation,000000222991
coco-rem,000000223090,/home/felix/fiftyone/coco-2017/validation/data/000000223090.jpg,validation,locked_confirmation,000000223090
coco-rem,000000223130,/home/felix/fiftyone/coco-2017/validation/data/000000223130.jpg,validation,locked_confirmation,000000223130
coco-rem,000000223182,/home/felix/fiftyone/coco-2017/validation/data/000000223182.jpg,validation,locked_confirmation,000000223182
coco-rem,000000223188,/home/felix/fiftyone/coco-2017/validation/data/000000223188.jpg,validation,locked_confirmation,000000223188
coco-rem,000000223738,/home/felix/fiftyone/coco-2017/validation/data/000000223738.jpg,validation,locked_confirmation,000000223738
coco-rem,000000223747,/home/felix/fiftyone/coco-2017/validation/data/000000223747.jpg,validation,locked_confirmation,000000223747
coco-rem,000000223789,/home/felix/fiftyone/coco-2017/validation/data/000000223789.jpg,validation,locked_confirmation,000000223789
coco-rem,000000223955,/home/felix/fiftyone/coco-2017/validation/data/000000223955.jpg,validation,locked_confirmation,000000223955
coco-rem,000000223959,/home/felix/fiftyone/coco-2017/validation/data/000000223959.jpg,validation,locked_confirmation,000000223959
coco-rem,000000224051,/home/felix/fiftyone/coco-2017/validation/data/000000224051.jpg,validation,locked_confirmation,000000224051
coco-rem,000000224093,/home/felix/fiftyone/coco-2017/validation/data/000000224093.jpg,validation,locked_confirmation,000000224093
coco-rem,000000224119,/home/felix/fiftyone/coco-2017/validation/data/000000224119.jpg,validation,locked_confirmation,000000224119
coco-rem,000000224200,/home/felix/fiftyone/coco-2017/validation/data/000000224200.jpg,validation,locked_confirmation,000000224200
coco-rem,000000224222,/home/felix/fiftyone/coco-2017/validation/data/000000224222.jpg,validation,locked_confirmation,000000224222
coco-rem,000000224337,/home/felix/fiftyone/coco-2017/validation/data/000000224337.jpg,validation,locked_confirmation,000000224337
coco-rem,000000224664,/home/felix/fiftyone/coco-2017/validation/data/000000224664.jpg,validation,locked_confirmation,000000224664
coco-rem,000000224675,/home/felix/fiftyone/coco-2017/validation/data/000000224675.jpg,validation,locked_confirmation,000000224675
coco-rem,000000224724,/home/felix/fiftyone/coco-2017/validation/data/000000224724.jpg,validation,locked_confirmation,000000224724
coco-rem,000000224807,/home/felix/fiftyone/coco-2017/validation/data/000000224807.jpg,validation,locked_confirmation,000000224807
coco-rem,000000225184,/home/felix/fiftyone/coco-2017/validation/data/000000225184.jpg,validation,locked_confirmation,000000225184
coco-rem,000000225405,/home/felix/fiftyone/coco-2017/validation/data/000000225405.jpg,validation,locked_confirmation,000000225405
coco-rem,000000225532,/home/felix/fiftyone/coco-2017/validation/data/000000225532.jpg,validation,locked_confirmation,000000225532
coco-rem,000000225670,/home/felix/fiftyone/coco-2017/validation/data/000000225670.jpg,validation,locked_confirmation,000000225670
coco-rem,000000225757,/home/felix/fiftyone/coco-2017/validation/data/000000225757.jpg,validation,locked_confirmation,000000225757
coco-rem,000000225946,/home/felix/fiftyone/coco-2017/validation/data/000000225946.jpg,validation,locked_confirmation,000000225946
coco-rem,000000226058,/home/felix/fiftyone/coco-2017/validation/data/000000226058.jpg,validation,locked_confirmation,000000226058
coco-rem,000000226111,/home/felix/fiftyone/coco-2017/validation/data/000000226111.jpg,validation,locked_confirmation,000000226111
coco-rem,000000226130,/home/felix/fiftyone/coco-2017/validation/data/000000226130.jpg,validation,locked_confirmation,000000226130
coco-rem,000000226147,/home/felix/fiftyone/coco-2017/validation/data/000000226147.jpg,validation,locked_confirmation,000000226147
coco-rem,000000226154,/home/felix/fiftyone/coco-2017/validation/data/000000226154.jpg,validation,locked_confirmation,000000226154
coco-rem,000000226171,/home/felix/fiftyone/coco-2017/validation/data/000000226171.jpg,validation,locked_confirmation,000000226171
coco-rem,000000226408,/home/felix/fiftyone/coco-2017/validation/data/000000226408.jpg,validation,locked_confirmation,000000226408
coco-rem,000000226417,/home/felix/fiftyone/coco-2017/validation/data/000000226417.jpg,validation,locked_confirmation,000000226417
coco-rem,000000226592,/home/felix/fiftyone/coco-2017/validation/data/000000226592.jpg,validation,locked_confirmation,000000226592
coco-rem,000000226662,/home/felix/fiftyone/coco-2017/validation/data/000000226662.jpg,validation,locked_confirmation,000000226662
coco-rem,000000226802,/home/felix/fiftyone/coco-2017/validation/data/000000226802.jpg,validation,locked_confirmation,000000226802
coco-rem,000000226883,/home/felix/fiftyone/coco-2017/validation/data/000000226883.jpg,validation,locked_confirmation,000000226883
coco-rem,000000226903,/home/felix/fiftyone/coco-2017/validation/data/000000226903.jpg,validation,locked_confirmation,000000226903
coco-rem,000000226984,/home/felix/fiftyone/coco-2017/validation/data/000000226984.jpg,validation,locked_confirmation,000000226984
coco-rem,000000227044,/home/felix/fiftyone/coco-2017/validation/data/000000227044.jpg,validation,locked_confirmation,000000227044
coco-rem,000000227187,/home/felix/fiftyone/coco-2017/validation/data/000000227187.jpg,validation,locked_confirmation,000000227187
coco-rem,000000227399,/home/felix/fiftyone/coco-2017/validation/data/000000227399.jpg,validation,locked_confirmation,000000227399
coco-rem,000000227478,/home/felix/fiftyone/coco-2017/validation/data/000000227478.jpg,validation,locked_confirmation,000000227478
coco-rem,000000227482,/home/felix/fiftyone/coco-2017/validation/data/000000227482.jpg,validation,locked_confirmation,000000227482
coco-rem,000000227491,/home/felix/fiftyone/coco-2017/validation/data/000000227491.jpg,validation,locked_confirmation,000000227491
coco-rem,000000227511,/home/felix/fiftyone/coco-2017/validation/data/000000227511.jpg,validation,locked_confirmation,000000227511
coco-rem,000000227686,/home/felix/fiftyone/coco-2017/validation/data/000000227686.jpg,validation,locked_confirmation,000000227686
coco-rem,000000227765,/home/felix/fiftyone/coco-2017/validation/data/000000227765.jpg,validation,locked_confirmation,000000227765
coco-rem,000000227898,/home/felix/fiftyone/coco-2017/validation/data/000000227898.jpg,validation,locked_confirmation,000000227898
coco-rem,000000227985,/home/felix/fiftyone/coco-2017/validation/data/000000227985.jpg,validation,locked_confirmation,000000227985
coco-rem,000000228144,/home/felix/fiftyone/coco-2017/validation/data/000000228144.jpg,validation,locked_confirmation,000000228144
coco-rem,000000228214,/home/felix/fiftyone/coco-2017/validation/data/000000228214.jpg,validation,locked_confirmation,000000228214
coco-rem,000000228436,/home/felix/fiftyone/coco-2017/validation/data/000000228436.jpg,validation,locked_confirmation,000000228436
coco-rem,000000228771,/home/felix/fiftyone/coco-2017/validation/data/000000228771.jpg,validation,locked_confirmation,000000228771
coco-rem,000000228942,/home/felix/fiftyone/coco-2017/validation/data/000000228942.jpg,validation,locked_confirmation,000000228942
coco-rem,000000228981,/home/felix/fiftyone/coco-2017/validation/data/000000228981.jpg,validation,locked_confirmation,000000228981
coco-rem,000000229111,/home/felix/fiftyone/coco-2017/validation/data/000000229111.jpg,validation,locked_confirmation,000000229111
coco-rem,000000229216,/home/felix/fiftyone/coco-2017/validation/data/000000229216.jpg,validation,locked_confirmation,000000229216
coco-rem,000000229221,/home/felix/fiftyone/coco-2017/validation/data/000000229221.jpg,validation,locked_confirmation,000000229221
coco-rem,000000229311,/home/felix/fiftyone/coco-2017/validation/data/000000229311.jpg,validation,locked_confirmation,000000229311
coco-rem,000000229358,/home/felix/fiftyone/coco-2017/validation/data/000000229358.jpg,validation,locked_confirmation,000000229358
coco-rem,000000229553,/home/felix/fiftyone/coco-2017/validation/data/000000229553.jpg,validation,locked_confirmation,000000229553
coco-rem,000000229601,/home/felix/fiftyone/coco-2017/validation/data/000000229601.jpg,validation,locked_confirmation,000000229601
coco-rem,000000229659,/home/felix/fiftyone/coco-2017/validation/data/000000229659.jpg,validation,locked_confirmation,000000229659
coco-rem,000000229747,/home/felix/fiftyone/coco-2017/validation/data/000000229747.jpg,validation,locked_confirmation,000000229747
coco-rem,000000229753,/home/felix/fiftyone/coco-2017/validation/data/000000229753.jpg,validation,locked_confirmation,000000229753
coco-rem,000000229849,/home/felix/fiftyone/coco-2017/validation/data/000000229849.jpg,validation,locked_confirmation,000000229849
coco-rem,000000229858,/home/felix/fiftyone/coco-2017/validation/data/000000229858.jpg,validation,locked_confirmation,000000229858
coco-rem,000000229948,/home/felix/fiftyone/coco-2017/validation/data/000000229948.jpg,validation,locked_confirmation,000000229948
coco-rem,000000229997,/home/felix/fiftyone/coco-2017/validation/data/000000229997.jpg,validation,locked_confirmation,000000229997
coco-rem,000000230008,/home/felix/fiftyone/coco-2017/validation/data/000000230008.jpg,validation,locked_confirmation,000000230008
coco-rem,000000230166,/home/felix/fiftyone/coco-2017/validation/data/000000230166.jpg,validation,locked_confirmation,000000230166
coco-rem,000000230362,/home/felix/fiftyone/coco-2017/validation/data/000000230362.jpg,validation,locked_confirmation,000000230362
coco-rem,000000230450,/home/felix/fiftyone/coco-2017/validation/data/000000230450.jpg,validation,locked_confirmation,000000230450
coco-rem,000000230819,/home/felix/fiftyone/coco-2017/validation/data/000000230819.jpg,validation,locked_confirmation,000000230819
coco-rem,000000230983,/home/felix/fiftyone/coco-2017/validation/data/000000230983.jpg,validation,locked_confirmation,000000230983
coco-rem,000000230993,/home/felix/fiftyone/coco-2017/validation/data/000000230993.jpg,validation,locked_confirmation,000000230993
coco-rem,000000231088,/home/felix/fiftyone/coco-2017/validation/data/000000231088.jpg,validation,locked_confirmation,000000231088
coco-rem,000000231097,/home/felix/fiftyone/coco-2017/validation/data/000000231097.jpg,validation,locked_confirmation,000000231097
coco-rem,000000231125,/home/felix/fiftyone/coco-2017/validation/data/000000231125.jpg,validation,locked_confirmation,000000231125
coco-rem,000000231169,/home/felix/fiftyone/coco-2017/validation/data/000000231169.jpg,validation,locked_confirmation,000000231169
coco-rem,000000231237,/home/felix/fiftyone/coco-2017/validation/data/000000231237.jpg,validation,locked_confirmation,000000231237
coco-rem,000000231339,/home/felix/fiftyone/coco-2017/validation/data/000000231339.jpg,validation,locked_confirmation,000000231339
coco-rem,000000231508,/home/felix/fiftyone/coco-2017/validation/data/000000231508.jpg,validation,locked_confirmation,000000231508
coco-rem,000000231527,/home/felix/fiftyone/coco-2017/validation/data/000000231527.jpg,validation,locked_confirmation,000000231527
coco-rem,000000231549,/home/felix/fiftyone/coco-2017/validation/data/000000231549.jpg,validation,locked_confirmation,000000231549
coco-rem,000000231580,/home/felix/fiftyone/coco-2017/validation/data/000000231580.jpg,validation,locked_confirmation,000000231580
coco-rem,000000231747,/home/felix/fiftyone/coco-2017/validation/data/000000231747.jpg,validation,locked_confirmation,000000231747
coco-rem,000000231822,/home/felix/fiftyone/coco-2017/validation/data/000000231822.jpg,validation,locked_confirmation,000000231822
coco-rem,000000231831,/home/felix/fiftyone/coco-2017/validation/data/000000231831.jpg,validation,locked_confirmation,000000231831
coco-rem,000000231879,/home/felix/fiftyone/coco-2017/validation/data/000000231879.jpg,validation,locked_confirmation,000000231879
coco-rem,000000232088,/home/felix/fiftyone/coco-2017/validation/data/000000232088.jpg,validation,locked_confirmation,000000232088
coco-rem,000000232244,/home/felix/fiftyone/coco-2017/validation/data/000000232244.jpg,validation,locked_confirmation,000000232244
coco-rem,000000232348,/home/felix/fiftyone/coco-2017/validation/data/000000232348.jpg,validation,locked_confirmation,000000232348
coco-rem,000000232489,/home/felix/fiftyone/coco-2017/validation/data/000000232489.jpg,validation,locked_confirmation,000000232489
coco-rem,000000232538,/home/felix/fiftyone/coco-2017/validation/data/000000232538.jpg,validation,locked_confirmation,000000232538
coco-rem,000000232563,/home/felix/fiftyone/coco-2017/validation/data/000000232563.jpg,validation,locked_confirmation,000000232563
coco-rem,000000232646,/home/felix/fiftyone/coco-2017/validation/data/000000232646.jpg,validation,locked_confirmation,000000232646
coco-rem,000000232649,/home/felix/fiftyone/coco-2017/validation/data/000000232649.jpg,validation,locked_confirmation,000000232649
coco-rem,000000232684,/home/felix/fiftyone/coco-2017/validation/data/000000232684.jpg,validation,locked_confirmation,000000232684
coco-rem,000000232692,/home/felix/fiftyone/coco-2017/validation/data/000000232692.jpg,validation,locked_confirmation,000000232692
coco-rem,000000233033,/home/felix/fiftyone/coco-2017/validation/data/000000233033.jpg,validation,locked_confirmation,000000233033
coco-rem,000000233139,/home/felix/fiftyone/coco-2017/validation/data/000000233139.jpg,validation,locked_confirmation,000000233139
coco-rem,000000233238,/home/felix/fiftyone/coco-2017/validation/data/000000233238.jpg,validation,locked_confirmation,000000233238
coco-rem,000000233370,/home/felix/fiftyone/coco-2017/validation/data/000000233370.jpg,validation,locked_confirmation,000000233370
coco-rem,000000233567,/home/felix/fiftyone/coco-2017/validation/data/000000233567.jpg,validation,locked_confirmation,000000233567
coco-rem,000000233727,/home/felix/fiftyone/coco-2017/validation/data/000000233727.jpg,validation,locked_confirmation,000000233727
coco-rem,000000233771,/home/felix/fiftyone/coco-2017/validation/data/000000233771.jpg,validation,locked_confirmation,000000233771
coco-rem,000000233825,/home/felix/fiftyone/coco-2017/validation/data/000000233825.jpg,validation,locked_confirmation,000000233825
coco-rem,000000234366,/home/felix/fiftyone/coco-2017/validation/data/000000234366.jpg,validation,locked_confirmation,000000234366
coco-rem,000000234413,/home/felix/fiftyone/coco-2017/validation/data/000000234413.jpg,validation,locked_confirmation,000000234413
coco-rem,000000234526,/home/felix/fiftyone/coco-2017/validation/data/000000234526.jpg,validation,locked_confirmation,000000234526
coco-rem,000000234607,/home/felix/fiftyone/coco-2017/validation/data/000000234607.jpg,validation,locked_confirmation,000000234607
coco-rem,000000234660,/home/felix/fiftyone/coco-2017/validation/data/000000234660.jpg,validation,locked_confirmation,000000234660
coco-rem,000000234757,/home/felix/fiftyone/coco-2017/validation/data/000000234757.jpg,validation,locked_confirmation,000000234757
coco-rem,000000234779,/home/felix/fiftyone/coco-2017/validation/data/000000234779.jpg,validation,locked_confirmation,000000234779
coco-rem,000000234807,/home/felix/fiftyone/coco-2017/validation/data/000000234807.jpg,validation,locked_confirmation,000000234807
coco-rem,000000235057,/home/felix/fiftyone/coco-2017/validation/data/000000235057.jpg,validation,locked_confirmation,000000235057
coco-rem,000000235064,/home/felix/fiftyone/coco-2017/validation/data/000000235064.jpg,validation,locked_confirmation,000000235064
coco-rem,000000235241,/home/felix/fiftyone/coco-2017/validation/data/000000235241.jpg,validation,locked_confirmation,000000235241
coco-rem,000000235252,/home/felix/fiftyone/coco-2017/validation/data/000000235252.jpg,validation,locked_confirmation,000000235252
coco-rem,000000235399,/home/felix/fiftyone/coco-2017/validation/data/000000235399.jpg,validation,locked_confirmation,000000235399
coco-rem,000000235778,/home/felix/fiftyone/coco-2017/validation/data/000000235778.jpg,validation,locked_confirmation,000000235778
coco-rem,000000235784,/home/felix/fiftyone/coco-2017/validation/data/000000235784.jpg,validation,locked_confirmation,000000235784
coco-rem,000000235836,/home/felix/fiftyone/coco-2017/validation/data/000000235836.jpg,validation,locked_confirmation,000000235836
coco-rem,000000235857,/home/felix/fiftyone/coco-2017/validation/data/000000235857.jpg,validation,locked_confirmation,000000235857
coco-rem,000000236166,/home/felix/fiftyone/coco-2017/validation/data/000000236166.jpg,validation,locked_confirmation,000000236166
coco-rem,000000236308,/home/felix/fiftyone/coco-2017/validation/data/000000236308.jpg,validation,locked_confirmation,000000236308
coco-rem,000000236412,/home/felix/fiftyone/coco-2017/validation/data/000000236412.jpg,validation,locked_confirmation,000000236412
coco-rem,000000236426,/home/felix/fiftyone/coco-2017/validation/data/000000236426.jpg,validation,locked_confirmation,000000236426
coco-rem,000000236592,/home/felix/fiftyone/coco-2017/validation/data/000000236592.jpg,validation,locked_confirmation,000000236592
coco-rem,000000236599,/home/felix/fiftyone/coco-2017/validation/data/000000236599.jpg,validation,locked_confirmation,000000236599
coco-rem,000000236690,/home/felix/fiftyone/coco-2017/validation/data/000000236690.jpg,validation,locked_confirmation,000000236690
coco-rem,000000236721,/home/felix/fiftyone/coco-2017/validation/data/000000236721.jpg,validation,locked_confirmation,000000236721
coco-rem,000000236730,/home/felix/fiftyone/coco-2017/validation/data/000000236730.jpg,validation,locked_confirmation,000000236730
coco-rem,000000236784,/home/felix/fiftyone/coco-2017/validation/data/000000236784.jpg,validation,locked_confirmation,000000236784
coco-rem,000000236845,/home/felix/fiftyone/coco-2017/validation/data/000000236845.jpg,validation,locked_confirmation,000000236845
coco-rem,000000236914,/home/felix/fiftyone/coco-2017/validation/data/000000236914.jpg,validation,locked_confirmation,000000236914
coco-rem,000000237071,/home/felix/fiftyone/coco-2017/validation/data/000000237071.jpg,validation,locked_confirmation,000000237071
coco-rem,000000237118,/home/felix/fiftyone/coco-2017/validation/data/000000237118.jpg,validation,locked_confirmation,000000237118
coco-rem,000000237316,/home/felix/fiftyone/coco-2017/validation/data/000000237316.jpg,validation,locked_confirmation,000000237316
coco-rem,000000237517,/home/felix/fiftyone/coco-2017/validation/data/000000237517.jpg,validation,locked_confirmation,000000237517
coco-rem,000000237864,/home/felix/fiftyone/coco-2017/validation/data/000000237864.jpg,validation,locked_confirmation,000000237864
coco-rem,000000237928,/home/felix/fiftyone/coco-2017/validation/data/000000237928.jpg,validation,locked_confirmation,000000237928
coco-rem,000000237984,/home/felix/fiftyone/coco-2017/validation/data/000000237984.jpg,validation,locked_confirmation,000000237984
coco-rem,000000238013,/home/felix/fiftyone/coco-2017/validation/data/000000238013.jpg,validation,locked_confirmation,000000238013
coco-rem,000000238039,/home/felix/fiftyone/coco-2017/validation/data/000000238039.jpg,validation,locked_confirmation,000000238039
coco-rem,000000238410,/home/felix/fiftyone/coco-2017/validation/data/000000238410.jpg,validation,locked_confirmation,000000238410
coco-rem,000000238866,/home/felix/fiftyone/coco-2017/validation/data/000000238866.jpg,validation,locked_confirmation,000000238866
coco-rem,000000239041,/home/felix/fiftyone/coco-2017/validation/data/000000239041.jpg,validation,locked_confirmation,000000239041
coco-rem,000000239274,/home/felix/fiftyone/coco-2017/validation/data/000000239274.jpg,validation,locked_confirmation,000000239274
coco-rem,000000239318,/home/felix/fiftyone/coco-2017/validation/data/000000239318.jpg,validation,locked_confirmation,000000239318
coco-rem,000000239347,/home/felix/fiftyone/coco-2017/validation/data/000000239347.jpg,validation,locked_confirmation,000000239347
coco-rem,000000239537,/home/felix/fiftyone/coco-2017/validation/data/000000239537.jpg,validation,locked_confirmation,000000239537
coco-rem,000000239627,/home/felix/fiftyone/coco-2017/validation/data/000000239627.jpg,validation,locked_confirmation,000000239627
coco-rem,000000239717,/home/felix/fiftyone/coco-2017/validation/data/000000239717.jpg,validation,locked_confirmation,000000239717
coco-rem,000000239773,/home/felix/fiftyone/coco-2017/validation/data/000000239773.jpg,validation,locked_confirmation,000000239773
coco-rem,000000239843,/home/felix/fiftyone/coco-2017/validation/data/000000239843.jpg,validation,locked_confirmation,000000239843
coco-rem,000000239857,/home/felix/fiftyone/coco-2017/validation/data/000000239857.jpg,validation,locked_confirmation,000000239857
coco-rem,000000240023,/home/felix/fiftyone/coco-2017/validation/data/000000240023.jpg,validation,locked_confirmation,000000240023
coco-rem,000000240049,/home/felix/fiftyone/coco-2017/validation/data/000000240049.jpg,validation,locked_confirmation,000000240049
coco-rem,000000240250,/home/felix/fiftyone/coco-2017/validation/data/000000240250.jpg,validation,locked_confirmation,000000240250
coco-rem,000000240754,/home/felix/fiftyone/coco-2017/validation/data/000000240754.jpg,validation,locked_confirmation,000000240754
coco-rem,000000240767,/home/felix/fiftyone/coco-2017/validation/data/000000240767.jpg,validation,locked_confirmation,000000240767
coco-rem,000000240940,/home/felix/fiftyone/coco-2017/validation/data/000000240940.jpg,validation,locked_confirmation,000000240940
coco-rem,000000241297,/home/felix/fiftyone/coco-2017/validation/data/000000241297.jpg,validation,locked_confirmation,000000241297
coco-rem,000000241319,/home/felix/fiftyone/coco-2017/validation/data/000000241319.jpg,validation,locked_confirmation,000000241319
coco-rem,000000241326,/home/felix/fiftyone/coco-2017/validation/data/000000241326.jpg,validation,locked_confirmation,000000241326
coco-rem,000000241602,/home/felix/fiftyone/coco-2017/validation/data/000000241602.jpg,validation,locked_confirmation,000000241602
coco-rem,000000241668,/home/felix/fiftyone/coco-2017/validation/data/000000241668.jpg,validation,locked_confirmation,000000241668
coco-rem,000000241677,/home/felix/fiftyone/coco-2017/validation/data/000000241677.jpg,validation,locked_confirmation,000000241677
coco-rem,000000242060,/home/felix/fiftyone/coco-2017/validation/data/000000242060.jpg,validation,locked_confirmation,000000242060
coco-rem,000000242287,/home/felix/fiftyone/coco-2017/validation/data/000000242287.jpg,validation,locked_confirmation,000000242287
coco-rem,000000242411,/home/felix/fiftyone/coco-2017/validation/data/000000242411.jpg,validation,locked_confirmation,000000242411
coco-rem,000000242678,/home/felix/fiftyone/coco-2017/validation/data/000000242678.jpg,validation,locked_confirmation,000000242678
coco-rem,000000242724,/home/felix/fiftyone/coco-2017/validation/data/000000242724.jpg,validation,locked_confirmation,000000242724
coco-rem,000000242934,/home/felix/fiftyone/coco-2017/validation/data/000000242934.jpg,validation,locked_confirmation,000000242934
coco-rem,000000242946,/home/felix/fiftyone/coco-2017/validation/data/000000242946.jpg,validation,locked_confirmation,000000242946
coco-rem,000000243034,/home/felix/fiftyone/coco-2017/validation/data/000000243034.jpg,validation,locked_confirmation,000000243034
coco-rem,000000243075,/home/felix/fiftyone/coco-2017/validation/data/000000243075.jpg,validation,locked_confirmation,000000243075
coco-rem,000000243148,/home/felix/fiftyone/coco-2017/validation/data/000000243148.jpg,validation,locked_confirmation,000000243148
coco-rem,000000243199,/home/felix/fiftyone/coco-2017/validation/data/000000243199.jpg,validation,locked_confirmation,000000243199
coco-rem,000000243204,/home/felix/fiftyone/coco-2017/validation/data/000000243204.jpg,validation,locked_confirmation,000000243204
coco-rem,000000243344,/home/felix/fiftyone/coco-2017/validation/data/000000243344.jpg,validation,locked_confirmation,000000243344
coco-rem,000000243495,/home/felix/fiftyone/coco-2017/validation/data/000000243495.jpg,validation,locked_confirmation,000000243495
coco-rem,000000243626,/home/felix/fiftyone/coco-2017/validation/data/000000243626.jpg,validation,locked_confirmation,000000243626
coco-rem,000000243867,/home/felix/fiftyone/coco-2017/validation/data/000000243867.jpg,validation,locked_confirmation,000000243867
coco-rem,000000243989,/home/felix/fiftyone/coco-2017/validation/data/000000243989.jpg,validation,locked_confirmation,000000243989
coco-rem,000000244019,/home/felix/fiftyone/coco-2017/validation/data/000000244019.jpg,validation,locked_confirmation,000000244019
coco-rem,000000244099,/home/felix/fiftyone/coco-2017/validation/data/000000244099.jpg,validation,locked_confirmation,000000244099
coco-rem,000000244181,/home/felix/fiftyone/coco-2017/validation/data/000000244181.jpg,validation,locked_confirmation,000000244181
coco-rem,000000244379,/home/felix/fiftyone/coco-2017/validation/data/000000244379.jpg,validation,locked_confirmation,000000244379
coco-rem,000000244411,/home/felix/fiftyone/coco-2017/validation/data/000000244411.jpg,validation,locked_confirmation,000000244411
coco-rem,000000244496,/home/felix/fiftyone/coco-2017/validation/data/000000244496.jpg,validation,locked_confirmation,000000244496
coco-rem,000000244592,/home/felix/fiftyone/coco-2017/validation/data/000000244592.jpg,validation,locked_confirmation,000000244592
coco-rem,000000244750,/home/felix/fiftyone/coco-2017/validation/data/000000244750.jpg,validation,locked_confirmation,000000244750
coco-rem,000000244833,/home/felix/fiftyone/coco-2017/validation/data/000000244833.jpg,validation,locked_confirmation,000000244833
coco-rem,000000245026,/home/felix/fiftyone/coco-2017/validation/data/000000245026.jpg,validation,locked_confirmation,000000245026
coco-rem,000000245102,/home/felix/fiftyone/coco-2017/validation/data/000000245102.jpg,validation,locked_confirmation,000000245102
coco-rem,000000245173,/home/felix/fiftyone/coco-2017/validation/data/000000245173.jpg,validation,locked_confirmation,000000245173
coco-rem,000000245311,/home/felix/fiftyone/coco-2017/validation/data/000000245311.jpg,validation,locked_confirmation,000000245311
coco-rem,000000245320,/home/felix/fiftyone/coco-2017/validation/data/000000245320.jpg,validation,locked_confirmation,000000245320
coco-rem,000000245448,/home/felix/fiftyone/coco-2017/validation/data/000000245448.jpg,validation,locked_confirmation,000000245448
coco-rem,000000245513,/home/felix/fiftyone/coco-2017/validation/data/000000245513.jpg,validation,locked_confirmation,000000245513
coco-rem,000000245576,/home/felix/fiftyone/coco-2017/validation/data/000000245576.jpg,validation,locked_confirmation,000000245576
coco-rem,000000245651,/home/felix/fiftyone/coco-2017/validation/data/000000245651.jpg,validation,locked_confirmation,000000245651
coco-rem,000000245764,/home/felix/fiftyone/coco-2017/validation/data/000000245764.jpg,validation,locked_confirmation,000000245764
coco-rem,000000245915,/home/felix/fiftyone/coco-2017/validation/data/000000245915.jpg,validation,locked_confirmation,000000245915
coco-rem,000000246308,/home/felix/fiftyone/coco-2017/validation/data/000000246308.jpg,validation,locked_confirmation,000000246308
coco-rem,000000246436,/home/felix/fiftyone/coco-2017/validation/data/000000246436.jpg,validation,locked_confirmation,000000246436
coco-rem,000000246454,/home/felix/fiftyone/coco-2017/validation/data/000000246454.jpg,validation,locked_confirmation,000000246454
coco-rem,000000246522,/home/felix/fiftyone/coco-2017/validation/data/000000246522.jpg,validation,locked_confirmation,000000246522
coco-rem,000000246883,/home/felix/fiftyone/coco-2017/validation/data/000000246883.jpg,validation,locked_confirmation,000000246883
coco-rem,000000246963,/home/felix/fiftyone/coco-2017/validation/data/000000246963.jpg,validation,locked_confirmation,000000246963
coco-rem,000000246968,/home/felix/fiftyone/coco-2017/validation/data/000000246968.jpg,validation,locked_confirmation,000000246968
coco-rem,000000247806,/home/felix/fiftyone/coco-2017/validation/data/000000247806.jpg,validation,locked_confirmation,000000247806
coco-rem,000000247838,/home/felix/fiftyone/coco-2017/validation/data/000000247838.jpg,validation,locked_confirmation,000000247838
coco-rem,000000247917,/home/felix/fiftyone/coco-2017/validation/data/000000247917.jpg,validation,locked_confirmation,000000247917
coco-rem,000000248111,/home/felix/fiftyone/coco-2017/validation/data/000000248111.jpg,validation,locked_confirmation,000000248111
coco-rem,000000248112,/home/felix/fiftyone/coco-2017/validation/data/000000248112.jpg,validation,locked_confirmation,000000248112
coco-rem,000000248284,/home/felix/fiftyone/coco-2017/validation/data/000000248284.jpg,validation,locked_confirmation,000000248284
coco-rem,000000248314,/home/felix/fiftyone/coco-2017/validation/data/000000248314.jpg,validation,locked_confirmation,000000248314
coco-rem,000000248334,/home/felix/fiftyone/coco-2017/validation/data/000000248334.jpg,validation,locked_confirmation,000000248334
coco-rem,000000248400,/home/felix/fiftyone/coco-2017/validation/data/000000248400.jpg,validation,locked_confirmation,000000248400
coco-rem,000000248616,/home/felix/fiftyone/coco-2017/validation/data/000000248616.jpg,validation,locked_confirmation,000000248616
coco-rem,000000248631,/home/felix/fiftyone/coco-2017/validation/data/000000248631.jpg,validation,locked_confirmation,000000248631
coco-rem,000000248752,/home/felix/fiftyone/coco-2017/validation/data/000000248752.jpg,validation,locked_confirmation,000000248752
coco-rem,000000248810,/home/felix/fiftyone/coco-2017/validation/data/000000248810.jpg,validation,locked_confirmation,000000248810
coco-rem,000000248980,/home/felix/fiftyone/coco-2017/validation/data/000000248980.jpg,validation,locked_confirmation,000000248980
coco-rem,000000249025,/home/felix/fiftyone/coco-2017/validation/data/000000249025.jpg,validation,locked_confirmation,000000249025
coco-rem,000000249129,/home/felix/fiftyone/coco-2017/validation/data/000000249129.jpg,validation,locked_confirmation,000000249129
coco-rem,000000249180,/home/felix/fiftyone/coco-2017/validation/data/000000249180.jpg,validation,locked_confirmation,000000249180
coco-rem,000000249219,/home/felix/fiftyone/coco-2017/validation/data/000000249219.jpg,validation,locked_confirmation,000000249219
coco-rem,000000249550,/home/felix/fiftyone/coco-2017/validation/data/000000249550.jpg,validation,locked_confirmation,000000249550
coco-rem,000000249643,/home/felix/fiftyone/coco-2017/validation/data/000000249643.jpg,validation,locked_confirmation,000000249643
coco-rem,000000249786,/home/felix/fiftyone/coco-2017/validation/data/000000249786.jpg,validation,locked_confirmation,000000249786
coco-rem,000000250127,/home/felix/fiftyone/coco-2017/validation/data/000000250127.jpg,validation,locked_confirmation,000000250127
coco-rem,000000250137,/home/felix/fiftyone/coco-2017/validation/data/000000250137.jpg,validation,locked_confirmation,000000250137
coco-rem,000000250205,/home/felix/fiftyone/coco-2017/validation/data/000000250205.jpg,validation,locked_confirmation,000000250205
coco-rem,000000250282,/home/felix/fiftyone/coco-2017/validation/data/000000250282.jpg,validation,locked_confirmation,000000250282
coco-rem,000000250619,/home/felix/fiftyone/coco-2017/validation/data/000000250619.jpg,validation,locked_confirmation,000000250619
coco-rem,000000250758,/home/felix/fiftyone/coco-2017/validation/data/000000250758.jpg,validation,locked_confirmation,000000250758
coco-rem,000000250766,/home/felix/fiftyone/coco-2017/validation/data/000000250766.jpg,validation,locked_confirmation,000000250766
coco-rem,000000250901,/home/felix/fiftyone/coco-2017/validation/data/000000250901.jpg,validation,locked_confirmation,000000250901
coco-rem,000000251065,/home/felix/fiftyone/coco-2017/validation/data/000000251065.jpg,validation,locked_confirmation,000000251065
coco-rem,000000251119,/home/felix/fiftyone/coco-2017/validation/data/000000251119.jpg,validation,locked_confirmation,000000251119
coco-rem,000000251140,/home/felix/fiftyone/coco-2017/validation/data/000000251140.jpg,validation,locked_confirmation,000000251140
coco-rem,000000251537,/home/felix/fiftyone/coco-2017/validation/data/000000251537.jpg,validation,locked_confirmation,000000251537
coco-rem,000000251572,/home/felix/fiftyone/coco-2017/validation/data/000000251572.jpg,validation,locked_confirmation,000000251572
coco-rem,000000251824,/home/felix/fiftyone/coco-2017/validation/data/000000251824.jpg,validation,locked_confirmation,000000251824
coco-rem,000000252216,/home/felix/fiftyone/coco-2017/validation/data/000000252216.jpg,validation,locked_confirmation,000000252216
coco-rem,000000252219,/home/felix/fiftyone/coco-2017/validation/data/000000252219.jpg,validation,locked_confirmation,000000252219
coco-rem,000000252294,/home/felix/fiftyone/coco-2017/validation/data/000000252294.jpg,validation,locked_confirmation,000000252294
coco-rem,000000252332,/home/felix/fiftyone/coco-2017/validation/data/000000252332.jpg,validation,locked_confirmation,000000252332
coco-rem,000000252507,/home/felix/fiftyone/coco-2017/validation/data/000000252507.jpg,validation,locked_confirmation,000000252507
coco-rem,000000252559,/home/felix/fiftyone/coco-2017/validation/data/000000252559.jpg,validation,locked_confirmation,000000252559
coco-rem,000000252701,/home/felix/fiftyone/coco-2017/validation/data/000000252701.jpg,validation,locked_confirmation,000000252701
coco-rem,000000252716,/home/felix/fiftyone/coco-2017/validation/data/000000252716.jpg,validation,locked_confirmation,000000252716
coco-rem,000000252776,/home/felix/fiftyone/coco-2017/validation/data/000000252776.jpg,validation,locked_confirmation,000000252776
coco-rem,000000253002,/home/felix/fiftyone/coco-2017/validation/data/000000253002.jpg,validation,locked_confirmation,000000253002
coco-rem,000000253386,/home/felix/fiftyone/coco-2017/validation/data/000000253386.jpg,validation,locked_confirmation,000000253386
coco-rem,000000253433,/home/felix/fiftyone/coco-2017/validation/data/000000253433.jpg,validation,locked_confirmation,000000253433
coco-rem,000000253452,/home/felix/fiftyone/coco-2017/validation/data/000000253452.jpg,validation,locked_confirmation,000000253452
coco-rem,000000253695,/home/felix/fiftyone/coco-2017/validation/data/000000253695.jpg,validation,locked_confirmation,000000253695
coco-rem,000000253742,/home/felix/fiftyone/coco-2017/validation/data/000000253742.jpg,validation,locked_confirmation,000000253742
coco-rem,000000253819,/home/felix/fiftyone/coco-2017/validation/data/000000253819.jpg,validation,locked_confirmation,000000253819
coco-rem,000000253835,/home/felix/fiftyone/coco-2017/validation/data/000000253835.jpg,validation,locked_confirmation,000000253835
coco-rem,000000254016,/home/felix/fiftyone/coco-2017/validation/data/000000254016.jpg,validation,locked_confirmation,000000254016
coco-rem,000000254368,/home/felix/fiftyone/coco-2017/validation/data/000000254368.jpg,validation,locked_confirmation,000000254368
coco-rem,000000254516,/home/felix/fiftyone/coco-2017/validation/data/000000254516.jpg,validation,locked_confirmation,000000254516
coco-rem,000000254814,/home/felix/fiftyone/coco-2017/validation/data/000000254814.jpg,validation,locked_confirmation,000000254814
coco-rem,000000255165,/home/felix/fiftyone/coco-2017/validation/data/000000255165.jpg,validation,locked_confirmation,000000255165
coco-rem,000000255401,/home/felix/fiftyone/coco-2017/validation/data/000000255401.jpg,validation,locked_confirmation,000000255401
coco-rem,000000255483,/home/felix/fiftyone/coco-2017/validation/data/000000255483.jpg,validation,locked_confirmation,000000255483
coco-rem,000000255536,/home/felix/fiftyone/coco-2017/validation/data/000000255536.jpg,validation,locked_confirmation,000000255536
coco-rem,000000255664,/home/felix/fiftyone/coco-2017/validation/data/000000255664.jpg,validation,locked_confirmation,000000255664
coco-rem,000000255718,/home/felix/fiftyone/coco-2017/validation/data/000000255718.jpg,validation,locked_confirmation,000000255718
coco-rem,000000255747,/home/felix/fiftyone/coco-2017/validation/data/000000255747.jpg,validation,locked_confirmation,000000255747
coco-rem,000000255749,/home/felix/fiftyone/coco-2017/validation/data/000000255749.jpg,validation,locked_confirmation,000000255749
coco-rem,000000255824,/home/felix/fiftyone/coco-2017/validation/data/000000255824.jpg,validation,locked_confirmation,000000255824
coco-rem,000000255912,/home/felix/fiftyone/coco-2017/validation/data/000000255912.jpg,validation,locked_confirmation,000000255912
coco-rem,000000255917,/home/felix/fiftyone/coco-2017/validation/data/000000255917.jpg,validation,locked_confirmation,000000255917
coco-rem,000000255965,/home/felix/fiftyone/coco-2017/validation/data/000000255965.jpg,validation,locked_confirmation,000000255965
coco-rem,000000256192,/home/felix/fiftyone/coco-2017/validation/data/000000256192.jpg,validation,locked_confirmation,000000256192
coco-rem,000000256195,/home/felix/fiftyone/coco-2017/validation/data/000000256195.jpg,validation,locked_confirmation,000000256195
coco-rem,000000256407,/home/felix/fiftyone/coco-2017/validation/data/000000256407.jpg,validation,locked_confirmation,000000256407
coco-rem,000000256518,/home/felix/fiftyone/coco-2017/validation/data/000000256518.jpg,validation,locked_confirmation,000000256518
coco-rem,000000256775,/home/felix/fiftyone/coco-2017/validation/data/000000256775.jpg,validation,locked_confirmation,000000256775
coco-rem,000000256868,/home/felix/fiftyone/coco-2017/validation/data/000000256868.jpg,validation,locked_confirmation,000000256868
coco-rem,000000256916,/home/felix/fiftyone/coco-2017/validation/data/000000256916.jpg,validation,locked_confirmation,000000256916
coco-rem,000000256941,/home/felix/fiftyone/coco-2017/validation/data/000000256941.jpg,validation,locked_confirmation,000000256941
coco-rem,000000257084,/home/felix/fiftyone/coco-2017/validation/data/000000257084.jpg,validation,locked_confirmation,000000257084
coco-rem,000000257169,/home/felix/fiftyone/coco-2017/validation/data/000000257169.jpg,validation,locked_confirmation,000000257169
coco-rem,000000257370,/home/felix/fiftyone/coco-2017/validation/data/000000257370.jpg,validation,locked_confirmation,000000257370
coco-rem,000000257478,/home/felix/fiftyone/coco-2017/validation/data/000000257478.jpg,validation,locked_confirmation,000000257478
coco-rem,000000257566,/home/felix/fiftyone/coco-2017/validation/data/000000257566.jpg,validation,locked_confirmation,000000257566
coco-rem,000000257624,/home/felix/fiftyone/coco-2017/validation/data/000000257624.jpg,validation,locked_confirmation,000000257624
coco-rem,000000257865,/home/felix/fiftyone/coco-2017/validation/data/000000257865.jpg,validation,locked_confirmation,000000257865
coco-rem,000000257896,/home/felix/fiftyone/coco-2017/validation/data/000000257896.jpg,validation,locked_confirmation,000000257896
coco-rem,000000258388,/home/felix/fiftyone/coco-2017/validation/data/000000258388.jpg,validation,locked_confirmation,000000258388
coco-rem,000000258541,/home/felix/fiftyone/coco-2017/validation/data/000000258541.jpg,validation,locked_confirmation,000000258541
coco-rem,000000258793,/home/felix/fiftyone/coco-2017/validation/data/000000258793.jpg,validation,locked_confirmation,000000258793
coco-rem,000000258883,/home/felix/fiftyone/coco-2017/validation/data/000000258883.jpg,validation,locked_confirmation,000000258883
coco-rem,000000258911,/home/felix/fiftyone/coco-2017/validation/data/000000258911.jpg,validation,locked_confirmation,000000258911
coco-rem,000000259097,/home/felix/fiftyone/coco-2017/validation/data/000000259097.jpg,validation,locked_confirmation,000000259097
coco-rem,000000259382,/home/felix/fiftyone/coco-2017/validation/data/000000259382.jpg,validation,locked_confirmation,000000259382
coco-rem,000000259571,/home/felix/fiftyone/coco-2017/validation/data/000000259571.jpg,validation,locked_confirmation,000000259571
coco-rem,000000259597,/home/felix/fiftyone/coco-2017/validation/data/000000259597.jpg,validation,locked_confirmation,000000259597
coco-rem,000000259625,/home/felix/fiftyone/coco-2017/validation/data/000000259625.jpg,validation,locked_confirmation,000000259625
coco-rem,000000259640,/home/felix/fiftyone/coco-2017/validation/data/000000259640.jpg,validation,locked_confirmation,000000259640
coco-rem,000000259690,/home/felix/fiftyone/coco-2017/validation/data/000000259690.jpg,validation,locked_confirmation,000000259690
coco-rem,000000259830,/home/felix/fiftyone/coco-2017/validation/data/000000259830.jpg,validation,locked_confirmation,000000259830
coco-rem,000000259854,/home/felix/fiftyone/coco-2017/validation/data/000000259854.jpg,validation,locked_confirmation,000000259854
coco-rem,000000260105,/home/felix/fiftyone/coco-2017/validation/data/000000260105.jpg,validation,locked_confirmation,000000260105
coco-rem,000000260106,/home/felix/fiftyone/coco-2017/validation/data/000000260106.jpg,validation,locked_confirmation,000000260106
coco-rem,000000260261,/home/felix/fiftyone/coco-2017/validation/data/000000260261.jpg,validation,locked_confirmation,000000260261
coco-rem,000000260266,/home/felix/fiftyone/coco-2017/validation/data/000000260266.jpg,validation,locked_confirmation,000000260266
coco-rem,000000260470,/home/felix/fiftyone/coco-2017/validation/data/000000260470.jpg,validation,locked_confirmation,000000260470
coco-rem,000000260657,/home/felix/fiftyone/coco-2017/validation/data/000000260657.jpg,validation,locked_confirmation,000000260657
coco-rem,000000260925,/home/felix/fiftyone/coco-2017/validation/data/000000260925.jpg,validation,locked_confirmation,000000260925
coco-rem,000000261036,/home/felix/fiftyone/coco-2017/validation/data/000000261036.jpg,validation,locked_confirmation,000000261036
coco-rem,000000261061,/home/felix/fiftyone/coco-2017/validation/data/000000261061.jpg,validation,locked_confirmation,000000261061
coco-rem,000000261097,/home/felix/fiftyone/coco-2017/validation/data/000000261097.jpg,validation,locked_confirmation,000000261097
coco-rem,000000261116,/home/felix/fiftyone/coco-2017/validation/data/000000261116.jpg,validation,locked_confirmation,000000261116
coco-rem,000000261161,/home/felix/fiftyone/coco-2017/validation/data/000000261161.jpg,validation,locked_confirmation,000000261161
coco-rem,000000261318,/home/felix/fiftyone/coco-2017/validation/data/000000261318.jpg,validation,locked_confirmation,000000261318
coco-rem,000000261535,/home/felix/fiftyone/coco-2017/validation/data/000000261535.jpg,validation,locked_confirmation,000000261535
coco-rem,000000261706,/home/felix/fiftyone/coco-2017/validation/data/000000261706.jpg,validation,locked_confirmation,000000261706
coco-rem,000000261712,/home/felix/fiftyone/coco-2017/validation/data/000000261712.jpg,validation,locked_confirmation,000000261712
coco-rem,000000261732,/home/felix/fiftyone/coco-2017/validation/data/000000261732.jpg,validation,locked_confirmation,000000261732
coco-rem,000000261796,/home/felix/fiftyone/coco-2017/validation/data/000000261796.jpg,validation,locked_confirmation,000000261796
coco-rem,000000261888,/home/felix/fiftyone/coco-2017/validation/data/000000261888.jpg,validation,locked_confirmation,000000261888
coco-rem,000000261982,/home/felix/fiftyone/coco-2017/validation/data/000000261982.jpg,validation,locked_confirmation,000000261982
coco-rem,000000262048,/home/felix/fiftyone/coco-2017/validation/data/000000262048.jpg,validation,locked_confirmation,000000262048
coco-rem,000000262227,/home/felix/fiftyone/coco-2017/validation/data/000000262227.jpg,validation,locked_confirmation,000000262227
coco-rem,000000262440,/home/felix/fiftyone/coco-2017/validation/data/000000262440.jpg,validation,locked_confirmation,000000262440
coco-rem,000000262487,/home/felix/fiftyone/coco-2017/validation/data/000000262487.jpg,validation,locked_confirmation,000000262487
coco-rem,000000262587,/home/felix/fiftyone/coco-2017/validation/data/000000262587.jpg,validation,locked_confirmation,000000262587
coco-rem,000000262631,/home/felix/fiftyone/coco-2017/validation/data/000000262631.jpg,validation,locked_confirmation,000000262631
coco-rem,000000262682,/home/felix/fiftyone/coco-2017/validation/data/000000262682.jpg,validation,locked_confirmation,000000262682
coco-rem,000000262895,/home/felix/fiftyone/coco-2017/validation/data/000000262895.jpg,validation,locked_confirmation,000000262895
coco-rem,000000262938,/home/felix/fiftyone/coco-2017/validation/data/000000262938.jpg,validation,locked_confirmation,000000262938
coco-rem,000000263068,/home/felix/fiftyone/coco-2017/validation/data/000000263068.jpg,validation,locked_confirmation,000000263068
coco-rem,000000263299,/home/felix/fiftyone/coco-2017/validation/data/000000263299.jpg,validation,locked_confirmation,000000263299
coco-rem,000000263403,/home/felix/fiftyone/coco-2017/validation/data/000000263403.jpg,validation,locked_confirmation,000000263403
coco-rem,000000263425,/home/felix/fiftyone/coco-2017/validation/data/000000263425.jpg,validation,locked_confirmation,000000263425
coco-rem,000000263463,/home/felix/fiftyone/coco-2017/validation/data/000000263463.jpg,validation,locked_confirmation,000000263463
coco-rem,000000263474,/home/felix/fiftyone/coco-2017/validation/data/000000263474.jpg,validation,locked_confirmation,000000263474
coco-rem,000000263594,/home/felix/fiftyone/coco-2017/validation/data/000000263594.jpg,validation,locked_confirmation,000000263594
coco-rem,000000263644,/home/felix/fiftyone/coco-2017/validation/data/000000263644.jpg,validation,locked_confirmation,000000263644
coco-rem,000000263679,/home/felix/fiftyone/coco-2017/validation/data/000000263679.jpg,validation,locked_confirmation,000000263679
coco-rem,000000263796,/home/felix/fiftyone/coco-2017/validation/data/000000263796.jpg,validation,locked_confirmation,000000263796
coco-rem,000000263860,/home/felix/fiftyone/coco-2017/validation/data/000000263860.jpg,validation,locked_confirmation,000000263860
coco-rem,000000263966,/home/felix/fiftyone/coco-2017/validation/data/000000263966.jpg,validation,locked_confirmation,000000263966
coco-rem,000000263969,/home/felix/fiftyone/coco-2017/validation/data/000000263969.jpg,validation,locked_confirmation,000000263969
coco-rem,000000264335,/home/felix/fiftyone/coco-2017/validation/data/000000264335.jpg,validation,locked_confirmation,000000264335
coco-rem,000000264441,/home/felix/fiftyone/coco-2017/validation/data/000000264441.jpg,validation,locked_confirmation,000000264441
coco-rem,000000264535,/home/felix/fiftyone/coco-2017/validation/data/000000264535.jpg,validation,locked_confirmation,000000264535
coco-rem,000000264968,/home/felix/fiftyone/coco-2017/validation/data/000000264968.jpg,validation,locked_confirmation,000000264968
coco-rem,000000265108,/home/felix/fiftyone/coco-2017/validation/data/000000265108.jpg,validation,locked_confirmation,000000265108
coco-rem,000000265518,/home/felix/fiftyone/coco-2017/validation/data/000000265518.jpg,validation,locked_confirmation,000000265518
coco-rem,000000265777,/home/felix/fiftyone/coco-2017/validation/data/000000265777.jpg,validation,locked_confirmation,000000265777
coco-rem,000000265816,/home/felix/fiftyone/coco-2017/validation/data/000000265816.jpg,validation,locked_confirmation,000000265816
coco-rem,000000266082,/home/felix/fiftyone/coco-2017/validation/data/000000266082.jpg,validation,locked_confirmation,000000266082
coco-rem,000000266206,/home/felix/fiftyone/coco-2017/validation/data/000000266206.jpg,validation,locked_confirmation,000000266206
coco-rem,000000266400,/home/felix/fiftyone/coco-2017/validation/data/000000266400.jpg,validation,locked_confirmation,000000266400
coco-rem,000000266409,/home/felix/fiftyone/coco-2017/validation/data/000000266409.jpg,validation,locked_confirmation,000000266409
coco-rem,000000266768,/home/felix/fiftyone/coco-2017/validation/data/000000266768.jpg,validation,locked_confirmation,000000266768
coco-rem,000000266892,/home/felix/fiftyone/coco-2017/validation/data/000000266892.jpg,validation,locked_confirmation,000000266892
coco-rem,000000266981,/home/felix/fiftyone/coco-2017/validation/data/000000266981.jpg,validation,locked_confirmation,000000266981
coco-rem,000000267169,/home/felix/fiftyone/coco-2017/validation/data/000000267169.jpg,validation,locked_confirmation,000000267169
coco-rem,000000267191,/home/felix/fiftyone/coco-2017/validation/data/000000267191.jpg,validation,locked_confirmation,000000267191
coco-rem,000000267300,/home/felix/fiftyone/coco-2017/validation/data/000000267300.jpg,validation,locked_confirmation,000000267300
coco-rem,000000267351,/home/felix/fiftyone/coco-2017/validation/data/000000267351.jpg,validation,locked_confirmation,000000267351
coco-rem,000000267434,/home/felix/fiftyone/coco-2017/validation/data/000000267434.jpg,validation,locked_confirmation,000000267434
coco-rem,000000267537,/home/felix/fiftyone/coco-2017/validation/data/000000267537.jpg,validation,locked_confirmation,000000267537
coco-rem,000000267670,/home/felix/fiftyone/coco-2017/validation/data/000000267670.jpg,validation,locked_confirmation,000000267670
coco-rem,000000267903,/home/felix/fiftyone/coco-2017/validation/data/000000267903.jpg,validation,locked_confirmation,000000267903
coco-rem,000000267933,/home/felix/fiftyone/coco-2017/validation/data/000000267933.jpg,validation,locked_confirmation,000000267933
coco-rem,000000267940,/home/felix/fiftyone/coco-2017/validation/data/000000267940.jpg,validation,locked_confirmation,000000267940
coco-rem,000000267946,/home/felix/fiftyone/coco-2017/validation/data/000000267946.jpg,validation,locked_confirmation,000000267946
coco-rem,000000268000,/home/felix/fiftyone/coco-2017/validation/data/000000268000.jpg,validation,locked_confirmation,000000268000
coco-rem,000000268375,/home/felix/fiftyone/coco-2017/validation/data/000000268375.jpg,validation,locked_confirmation,000000268375
coco-rem,000000268378,/home/felix/fiftyone/coco-2017/validation/data/000000268378.jpg,validation,locked_confirmation,000000268378
coco-rem,000000268729,/home/felix/fiftyone/coco-2017/validation/data/000000268729.jpg,validation,locked_confirmation,000000268729
coco-rem,000000268831,/home/felix/fiftyone/coco-2017/validation/data/000000268831.jpg,validation,locked_confirmation,000000268831
coco-rem,000000268996,/home/felix/fiftyone/coco-2017/validation/data/000000268996.jpg,validation,locked_confirmation,000000268996
coco-rem,000000269113,/home/felix/fiftyone/coco-2017/validation/data/000000269113.jpg,validation,locked_confirmation,000000269113
coco-rem,000000269121,/home/felix/fiftyone/coco-2017/validation/data/000000269121.jpg,validation,locked_confirmation,000000269121
coco-rem,000000269196,/home/felix/fiftyone/coco-2017/validation/data/000000269196.jpg,validation,locked_confirmation,000000269196
coco-rem,000000269314,/home/felix/fiftyone/coco-2017/validation/data/000000269314.jpg,validation,locked_confirmation,000000269314
coco-rem,000000269316,/home/felix/fiftyone/coco-2017/validation/data/000000269316.jpg,validation,locked_confirmation,000000269316
coco-rem,000000269632,/home/felix/fiftyone/coco-2017/validation/data/000000269632.jpg,validation,locked_confirmation,000000269632
coco-rem,000000269682,/home/felix/fiftyone/coco-2017/validation/data/000000269682.jpg,validation,locked_confirmation,000000269682
coco-rem,000000269866,/home/felix/fiftyone/coco-2017/validation/data/000000269866.jpg,validation,locked_confirmation,000000269866
coco-rem,000000269932,/home/felix/fiftyone/coco-2017/validation/data/000000269932.jpg,validation,locked_confirmation,000000269932
coco-rem,000000269942,/home/felix/fiftyone/coco-2017/validation/data/000000269942.jpg,validation,locked_confirmation,000000269942
coco-rem,000000270066,/home/felix/fiftyone/coco-2017/validation/data/000000270066.jpg,validation,locked_confirmation,000000270066
coco-rem,000000270122,/home/felix/fiftyone/coco-2017/validation/data/000000270122.jpg,validation,locked_confirmation,000000270122
coco-rem,000000270244,/home/felix/fiftyone/coco-2017/validation/data/000000270244.jpg,validation,locked_confirmation,000000270244
coco-rem,000000270297,/home/felix/fiftyone/coco-2017/validation/data/000000270297.jpg,validation,locked_confirmation,000000270297
coco-rem,000000270386,/home/felix/fiftyone/coco-2017/validation/data/000000270386.jpg,validation,locked_confirmation,000000270386
coco-rem,000000270402,/home/felix/fiftyone/coco-2017/validation/data/000000270402.jpg,validation,locked_confirmation,000000270402
coco-rem,000000270474,/home/felix/fiftyone/coco-2017/validation/data/000000270474.jpg,validation,locked_confirmation,000000270474
coco-rem,000000270677,/home/felix/fiftyone/coco-2017/validation/data/000000270677.jpg,validation,locked_confirmation,000000270677
coco-rem,000000270705,/home/felix/fiftyone/coco-2017/validation/data/000000270705.jpg,validation,locked_confirmation,000000270705
coco-rem,000000270883,/home/felix/fiftyone/coco-2017/validation/data/000000270883.jpg,validation,locked_confirmation,000000270883
coco-rem,000000270908,/home/felix/fiftyone/coco-2017/validation/data/000000270908.jpg,validation,locked_confirmation,000000270908
coco-rem,000000271116,/home/felix/fiftyone/coco-2017/validation/data/000000271116.jpg,validation,locked_confirmation,000000271116
coco-rem,000000271402,/home/felix/fiftyone/coco-2017/validation/data/000000271402.jpg,validation,locked_confirmation,000000271402
coco-rem,000000271457,/home/felix/fiftyone/coco-2017/validation/data/000000271457.jpg,validation,locked_confirmation,000000271457
coco-rem,000000271471,/home/felix/fiftyone/coco-2017/validation/data/000000271471.jpg,validation,locked_confirmation,000000271471
coco-rem,000000271728,/home/felix/fiftyone/coco-2017/validation/data/000000271728.jpg,validation,locked_confirmation,000000271728
coco-rem,000000271997,/home/felix/fiftyone/coco-2017/validation/data/000000271997.jpg,validation,locked_confirmation,000000271997
coco-rem,000000272049,/home/felix/fiftyone/coco-2017/validation/data/000000272049.jpg,validation,locked_confirmation,000000272049
coco-rem,000000272136,/home/felix/fiftyone/coco-2017/validation/data/000000272136.jpg,validation,locked_confirmation,000000272136
coco-rem,000000272148,/home/felix/fiftyone/coco-2017/validation/data/000000272148.jpg,validation,locked_confirmation,000000272148
coco-rem,000000272212,/home/felix/fiftyone/coco-2017/validation/data/000000272212.jpg,validation,locked_confirmation,000000272212
coco-rem,000000272364,/home/felix/fiftyone/coco-2017/validation/data/000000272364.jpg,validation,locked_confirmation,000000272364
coco-rem,000000272416,/home/felix/fiftyone/coco-2017/validation/data/000000272416.jpg,validation,locked_confirmation,000000272416
coco-rem,000000272566,/home/felix/fiftyone/coco-2017/validation/data/000000272566.jpg,validation,locked_confirmation,000000272566
coco-rem,000000273132,/home/felix/fiftyone/coco-2017/validation/data/000000273132.jpg,validation,locked_confirmation,000000273132
coco-rem,000000273198,/home/felix/fiftyone/coco-2017/validation/data/000000273198.jpg,validation,locked_confirmation,000000273198
coco-rem,000000273232,/home/felix/fiftyone/coco-2017/validation/data/000000273232.jpg,validation,locked_confirmation,000000273232
coco-rem,000000273420,/home/felix/fiftyone/coco-2017/validation/data/000000273420.jpg,validation,locked_confirmation,000000273420
coco-rem,000000273493,/home/felix/fiftyone/coco-2017/validation/data/000000273493.jpg,validation,locked_confirmation,000000273493
coco-rem,000000273551,/home/felix/fiftyone/coco-2017/validation/data/000000273551.jpg,validation,locked_confirmation,000000273551
coco-rem,000000273617,/home/felix/fiftyone/coco-2017/validation/data/000000273617.jpg,validation,locked_confirmation,000000273617
coco-rem,000000273642,/home/felix/fiftyone/coco-2017/validation/data/000000273642.jpg,validation,locked_confirmation,000000273642
coco-rem,000000273711,/home/felix/fiftyone/coco-2017/validation/data/000000273711.jpg,validation,locked_confirmation,000000273711
coco-rem,000000273712,/home/felix/fiftyone/coco-2017/validation/data/000000273712.jpg,validation,locked_confirmation,000000273712
coco-rem,000000273715,/home/felix/fiftyone/coco-2017/validation/data/000000273715.jpg,validation,locked_confirmation,000000273715
coco-rem,000000273760,/home/felix/fiftyone/coco-2017/validation/data/000000273760.jpg,validation,locked_confirmation,000000273760
coco-rem,000000274066,/home/felix/fiftyone/coco-2017/validation/data/000000274066.jpg,validation,locked_confirmation,000000274066
coco-rem,000000274219,/home/felix/fiftyone/coco-2017/validation/data/000000274219.jpg,validation,locked_confirmation,000000274219
coco-rem,000000274272,/home/felix/fiftyone/coco-2017/validation/data/000000274272.jpg,validation,locked_confirmation,000000274272
coco-rem,000000274411,/home/felix/fiftyone/coco-2017/validation/data/000000274411.jpg,validation,locked_confirmation,000000274411
coco-rem,000000274460,/home/felix/fiftyone/coco-2017/validation/data/000000274460.jpg,validation,locked_confirmation,000000274460
coco-rem,000000274687,/home/felix/fiftyone/coco-2017/validation/data/000000274687.jpg,validation,locked_confirmation,000000274687
coco-rem,000000274708,/home/felix/fiftyone/coco-2017/validation/data/000000274708.jpg,validation,locked_confirmation,000000274708
coco-rem,000000275058,/home/felix/fiftyone/coco-2017/validation/data/000000275058.jpg,validation,locked_confirmation,000000275058
coco-rem,000000275198,/home/felix/fiftyone/coco-2017/validation/data/000000275198.jpg,validation,locked_confirmation,000000275198
coco-rem,000000275392,/home/felix/fiftyone/coco-2017/validation/data/000000275392.jpg,validation,locked_confirmation,000000275392
coco-rem,000000275727,/home/felix/fiftyone/coco-2017/validation/data/000000275727.jpg,validation,locked_confirmation,000000275727
coco-rem,000000275749,/home/felix/fiftyone/coco-2017/validation/data/000000275749.jpg,validation,locked_confirmation,000000275749
coco-rem,000000275791,/home/felix/fiftyone/coco-2017/validation/data/000000275791.jpg,validation,locked_confirmation,000000275791
coco-rem,000000276018,/home/felix/fiftyone/coco-2017/validation/data/000000276018.jpg,validation,locked_confirmation,000000276018
coco-rem,000000276024,/home/felix/fiftyone/coco-2017/validation/data/000000276024.jpg,validation,locked_confirmation,000000276024
coco-rem,000000276055,/home/felix/fiftyone/coco-2017/validation/data/000000276055.jpg,validation,locked_confirmation,000000276055
coco-rem,000000276284,/home/felix/fiftyone/coco-2017/validation/data/000000276284.jpg,validation,locked_confirmation,000000276284
coco-rem,000000276285,/home/felix/fiftyone/coco-2017/validation/data/000000276285.jpg,validation,locked_confirmation,000000276285
coco-rem,000000276434,/home/felix/fiftyone/coco-2017/validation/data/000000276434.jpg,validation,locked_confirmation,000000276434
coco-rem,000000276707,/home/felix/fiftyone/coco-2017/validation/data/000000276707.jpg,validation,locked_confirmation,000000276707
coco-rem,000000276720,/home/felix/fiftyone/coco-2017/validation/data/000000276720.jpg,validation,locked_confirmation,000000276720
coco-rem,000000276804,/home/felix/fiftyone/coco-2017/validation/data/000000276804.jpg,validation,locked_confirmation,000000276804
coco-rem,000000276921,/home/felix/fiftyone/coco-2017/validation/data/000000276921.jpg,validation,locked_confirmation,000000276921
coco-rem,000000277005,/home/felix/fiftyone/coco-2017/validation/data/000000277005.jpg,validation,locked_confirmation,000000277005
coco-rem,000000277020,/home/felix/fiftyone/coco-2017/validation/data/000000277020.jpg,validation,locked_confirmation,000000277020
coco-rem,000000277051,/home/felix/fiftyone/coco-2017/validation/data/000000277051.jpg,validation,locked_confirmation,000000277051
coco-rem,000000277197,/home/felix/fiftyone/coco-2017/validation/data/000000277197.jpg,validation,locked_confirmation,000000277197
coco-rem,000000277584,/home/felix/fiftyone/coco-2017/validation/data/000000277584.jpg,validation,locked_confirmation,000000277584
coco-rem,000000277689,/home/felix/fiftyone/coco-2017/validation/data/000000277689.jpg,validation,locked_confirmation,000000277689
coco-rem,000000278006,/home/felix/fiftyone/coco-2017/validation/data/000000278006.jpg,validation,locked_confirmation,000000278006
coco-rem,000000278353,/home/felix/fiftyone/coco-2017/validation/data/000000278353.jpg,validation,locked_confirmation,000000278353
coco-rem,000000278463,/home/felix/fiftyone/coco-2017/validation/data/000000278463.jpg,validation,locked_confirmation,000000278463
coco-rem,000000278705,/home/felix/fiftyone/coco-2017/validation/data/000000278705.jpg,validation,locked_confirmation,000000278705
coco-rem,000000278749,/home/felix/fiftyone/coco-2017/validation/data/000000278749.jpg,validation,locked_confirmation,000000278749
coco-rem,000000278848,/home/felix/fiftyone/coco-2017/validation/data/000000278848.jpg,validation,locked_confirmation,000000278848
coco-rem,000000278973,/home/felix/fiftyone/coco-2017/validation/data/000000278973.jpg,validation,locked_confirmation,000000278973
coco-rem,000000279145,/home/felix/fiftyone/coco-2017/validation/data/000000279145.jpg,validation,locked_confirmation,000000279145
coco-rem,000000279278,/home/felix/fiftyone/coco-2017/validation/data/000000279278.jpg,validation,locked_confirmation,000000279278
coco-rem,000000279541,/home/felix/fiftyone/coco-2017/validation/data/000000279541.jpg,validation,locked_confirmation,000000279541
coco-rem,000000279714,/home/felix/fiftyone/coco-2017/validation/data/000000279714.jpg,validation,locked_confirmation,000000279714
coco-rem,000000279730,/home/felix/fiftyone/coco-2017/validation/data/000000279730.jpg,validation,locked_confirmation,000000279730
coco-rem,000000279769,/home/felix/fiftyone/coco-2017/validation/data/000000279769.jpg,validation,locked_confirmation,000000279769
coco-rem,000000279774,/home/felix/fiftyone/coco-2017/validation/data/000000279774.jpg,validation,locked_confirmation,000000279774
coco-rem,000000279887,/home/felix/fiftyone/coco-2017/validation/data/000000279887.jpg,validation,locked_confirmation,000000279887
coco-rem,000000279927,/home/felix/fiftyone/coco-2017/validation/data/000000279927.jpg,validation,locked_confirmation,000000279927
coco-rem,000000280325,/home/felix/fiftyone/coco-2017/validation/data/000000280325.jpg,validation,locked_confirmation,000000280325
coco-rem,000000280710,/home/felix/fiftyone/coco-2017/validation/data/000000280710.jpg,validation,locked_confirmation,000000280710
coco-rem,000000280779,/home/felix/fiftyone/coco-2017/validation/data/000000280779.jpg,validation,locked_confirmation,000000280779
coco-rem,000000280891,/home/felix/fiftyone/coco-2017/validation/data/000000280891.jpg,validation,locked_confirmation,000000280891
coco-rem,000000280918,/home/felix/fiftyone/coco-2017/validation/data/000000280918.jpg,validation,locked_confirmation,000000280918
coco-rem,000000280930,/home/felix/fiftyone/coco-2017/validation/data/000000280930.jpg,validation,locked_confirmation,000000280930
coco-rem,000000281032,/home/felix/fiftyone/coco-2017/validation/data/000000281032.jpg,validation,locked_confirmation,000000281032
coco-rem,000000281179,/home/felix/fiftyone/coco-2017/validation/data/000000281179.jpg,validation,locked_confirmation,000000281179
coco-rem,000000281409,/home/felix/fiftyone/coco-2017/validation/data/000000281409.jpg,validation,locked_confirmation,000000281409
coco-rem,000000281414,/home/felix/fiftyone/coco-2017/validation/data/000000281414.jpg,validation,locked_confirmation,000000281414
coco-rem,000000281447,/home/felix/fiftyone/coco-2017/validation/data/000000281447.jpg,validation,locked_confirmation,000000281447
coco-rem,000000281687,/home/felix/fiftyone/coco-2017/validation/data/000000281687.jpg,validation,locked_confirmation,000000281687
coco-rem,000000281693,/home/felix/fiftyone/coco-2017/validation/data/000000281693.jpg,validation,locked_confirmation,000000281693
coco-rem,000000281754,/home/felix/fiftyone/coco-2017/validation/data/000000281754.jpg,validation,locked_confirmation,000000281754
coco-rem,000000281759,/home/felix/fiftyone/coco-2017/validation/data/000000281759.jpg,validation,locked_confirmation,000000281759
coco-rem,000000281929,/home/felix/fiftyone/coco-2017/validation/data/000000281929.jpg,validation,locked_confirmation,000000281929
coco-rem,000000282037,/home/felix/fiftyone/coco-2017/validation/data/000000282037.jpg,validation,locked_confirmation,000000282037
coco-rem,000000282046,/home/felix/fiftyone/coco-2017/validation/data/000000282046.jpg,validation,locked_confirmation,000000282046
coco-rem,000000282296,/home/felix/fiftyone/coco-2017/validation/data/000000282296.jpg,validation,locked_confirmation,000000282296
coco-rem,000000282298,/home/felix/fiftyone/coco-2017/validation/data/000000282298.jpg,validation,locked_confirmation,000000282298
coco-rem,000000282912,/home/felix/fiftyone/coco-2017/validation/data/000000282912.jpg,validation,locked_confirmation,000000282912
coco-rem,000000283037,/home/felix/fiftyone/coco-2017/validation/data/000000283037.jpg,validation,locked_confirmation,000000283037
coco-rem,000000283038,/home/felix/fiftyone/coco-2017/validation/data/000000283038.jpg,validation,locked_confirmation,000000283038
coco-rem,000000283070,/home/felix/fiftyone/coco-2017/validation/data/000000283070.jpg,validation,locked_confirmation,000000283070
coco-rem,000000283113,/home/felix/fiftyone/coco-2017/validation/data/000000283113.jpg,validation,locked_confirmation,000000283113
coco-rem,000000283268,/home/felix/fiftyone/coco-2017/validation/data/000000283268.jpg,validation,locked_confirmation,000000283268
coco-rem,000000283318,/home/felix/fiftyone/coco-2017/validation/data/000000283318.jpg,validation,locked_confirmation,000000283318
coco-rem,000000283412,/home/felix/fiftyone/coco-2017/validation/data/000000283412.jpg,validation,locked_confirmation,000000283412
coco-rem,000000283520,/home/felix/fiftyone/coco-2017/validation/data/000000283520.jpg,validation,locked_confirmation,000000283520
coco-rem,000000283717,/home/felix/fiftyone/coco-2017/validation/data/000000283717.jpg,validation,locked_confirmation,000000283717
coco-rem,000000283785,/home/felix/fiftyone/coco-2017/validation/data/000000283785.jpg,validation,locked_confirmation,000000283785
coco-rem,000000284106,/home/felix/fiftyone/coco-2017/validation/data/000000284106.jpg,validation,locked_confirmation,000000284106
coco-rem,000000284279,/home/felix/fiftyone/coco-2017/validation/data/000000284279.jpg,validation,locked_confirmation,000000284279
coco-rem,000000284282,/home/felix/fiftyone/coco-2017/validation/data/000000284282.jpg,validation,locked_confirmation,000000284282
coco-rem,000000284296,/home/felix/fiftyone/coco-2017/validation/data/000000284296.jpg,validation,locked_confirmation,000000284296
coco-rem,000000284445,/home/felix/fiftyone/coco-2017/validation/data/000000284445.jpg,validation,locked_confirmation,000000284445
coco-rem,000000284623,/home/felix/fiftyone/coco-2017/validation/data/000000284623.jpg,validation,locked_confirmation,000000284623
coco-rem,000000284698,/home/felix/fiftyone/coco-2017/validation/data/000000284698.jpg,validation,locked_confirmation,000000284698
coco-rem,000000284725,/home/felix/fiftyone/coco-2017/validation/data/000000284725.jpg,validation,locked_confirmation,000000284725
coco-rem,000000284743,/home/felix/fiftyone/coco-2017/validation/data/000000284743.jpg,validation,locked_confirmation,000000284743
coco-rem,000000284762,/home/felix/fiftyone/coco-2017/validation/data/000000284762.jpg,validation,locked_confirmation,000000284762
coco-rem,000000284764,/home/felix/fiftyone/coco-2017/validation/data/000000284764.jpg,validation,locked_confirmation,000000284764
coco-rem,000000284991,/home/felix/fiftyone/coco-2017/validation/data/000000284991.jpg,validation,locked_confirmation,000000284991
coco-rem,000000285047,/home/felix/fiftyone/coco-2017/validation/data/000000285047.jpg,validation,locked_confirmation,000000285047
coco-rem,000000285349,/home/felix/fiftyone/coco-2017/validation/data/000000285349.jpg,validation,locked_confirmation,000000285349
coco-rem,000000285788,/home/felix/fiftyone/coco-2017/validation/data/000000285788.jpg,validation,locked_confirmation,000000285788
coco-rem,000000285894,/home/felix/fiftyone/coco-2017/validation/data/000000285894.jpg,validation,locked_confirmation,000000285894
coco-rem,000000286182,/home/felix/fiftyone/coco-2017/validation/data/000000286182.jpg,validation,locked_confirmation,000000286182
coco-rem,000000286422,/home/felix/fiftyone/coco-2017/validation/data/000000286422.jpg,validation,locked_confirmation,000000286422
coco-rem,000000286458,/home/felix/fiftyone/coco-2017/validation/data/000000286458.jpg,validation,locked_confirmation,000000286458
coco-rem,000000286503,/home/felix/fiftyone/coco-2017/validation/data/000000286503.jpg,validation,locked_confirmation,000000286503
coco-rem,000000286507,/home/felix/fiftyone/coco-2017/validation/data/000000286507.jpg,validation,locked_confirmation,000000286507
coco-rem,000000286523,/home/felix/fiftyone/coco-2017/validation/data/000000286523.jpg,validation,locked_confirmation,000000286523
coco-rem,000000286553,/home/felix/fiftyone/coco-2017/validation/data/000000286553.jpg,validation,locked_confirmation,000000286553
coco-rem,000000286660,/home/felix/fiftyone/coco-2017/validation/data/000000286660.jpg,validation,locked_confirmation,000000286660
coco-rem,000000286708,/home/felix/fiftyone/coco-2017/validation/data/000000286708.jpg,validation,locked_confirmation,000000286708
coco-rem,000000286849,/home/felix/fiftyone/coco-2017/validation/data/000000286849.jpg,validation,locked_confirmation,000000286849
coco-rem,000000286907,/home/felix/fiftyone/coco-2017/validation/data/000000286907.jpg,validation,locked_confirmation,000000286907
coco-rem,000000286908,/home/felix/fiftyone/coco-2017/validation/data/000000286908.jpg,validation,locked_confirmation,000000286908
coco-rem,000000286994,/home/felix/fiftyone/coco-2017/validation/data/000000286994.jpg,validation,locked_confirmation,000000286994
coco-rem,000000287291,/home/felix/fiftyone/coco-2017/validation/data/000000287291.jpg,validation,locked_confirmation,000000287291
coco-rem,000000287347,/home/felix/fiftyone/coco-2017/validation/data/000000287347.jpg,validation,locked_confirmation,000000287347
coco-rem,000000287527,/home/felix/fiftyone/coco-2017/validation/data/000000287527.jpg,validation,locked_confirmation,000000287527
coco-rem,000000287545,/home/felix/fiftyone/coco-2017/validation/data/000000287545.jpg,validation,locked_confirmation,000000287545
coco-rem,000000287649,/home/felix/fiftyone/coco-2017/validation/data/000000287649.jpg,validation,locked_confirmation,000000287649
coco-rem,000000287667,/home/felix/fiftyone/coco-2017/validation/data/000000287667.jpg,validation,locked_confirmation,000000287667
coco-rem,000000287714,/home/felix/fiftyone/coco-2017/validation/data/000000287714.jpg,validation,locked_confirmation,000000287714
coco-rem,000000287874,/home/felix/fiftyone/coco-2017/validation/data/000000287874.jpg,validation,locked_confirmation,000000287874
coco-rem,000000287959,/home/felix/fiftyone/coco-2017/validation/data/000000287959.jpg,validation,locked_confirmation,000000287959
coco-rem,000000288042,/home/felix/fiftyone/coco-2017/validation/data/000000288042.jpg,validation,locked_confirmation,000000288042
coco-rem,000000288062,/home/felix/fiftyone/coco-2017/validation/data/000000288062.jpg,validation,locked_confirmation,000000288062
coco-rem,000000288391,/home/felix/fiftyone/coco-2017/validation/data/000000288391.jpg,validation,locked_confirmation,000000288391
coco-rem,000000288430,/home/felix/fiftyone/coco-2017/validation/data/000000288430.jpg,validation,locked_confirmation,000000288430
coco-rem,000000288584,/home/felix/fiftyone/coco-2017/validation/data/000000288584.jpg,validation,locked_confirmation,000000288584
coco-rem,000000288685,/home/felix/fiftyone/coco-2017/validation/data/000000288685.jpg,validation,locked_confirmation,000000288685
coco-rem,000000288762,/home/felix/fiftyone/coco-2017/validation/data/000000288762.jpg,validation,locked_confirmation,000000288762
coco-rem,000000288862,/home/felix/fiftyone/coco-2017/validation/data/000000288862.jpg,validation,locked_confirmation,000000288862
coco-rem,000000288882,/home/felix/fiftyone/coco-2017/validation/data/000000288882.jpg,validation,locked_confirmation,000000288882
coco-rem,000000289059,/home/felix/fiftyone/coco-2017/validation/data/000000289059.jpg,validation,locked_confirmation,000000289059
coco-rem,000000289222,/home/felix/fiftyone/coco-2017/validation/data/000000289222.jpg,validation,locked_confirmation,000000289222
coco-rem,000000289229,/home/felix/fiftyone/coco-2017/validation/data/000000289229.jpg,validation,locked_confirmation,000000289229
coco-rem,000000289343,/home/felix/fiftyone/coco-2017/validation/data/000000289343.jpg,validation,locked_confirmation,000000289343
coco-rem,000000289393,/home/felix/fiftyone/coco-2017/validation/data/000000289393.jpg,validation,locked_confirmation,000000289393
coco-rem,000000289415,/home/felix/fiftyone/coco-2017/validation/data/000000289415.jpg,validation,locked_confirmation,000000289415
coco-rem,000000289417,/home/felix/fiftyone/coco-2017/validation/data/000000289417.jpg,validation,locked_confirmation,000000289417
coco-rem,000000289516,/home/felix/fiftyone/coco-2017/validation/data/000000289516.jpg,validation,locked_confirmation,000000289516
coco-rem,000000289586,/home/felix/fiftyone/coco-2017/validation/data/000000289586.jpg,validation,locked_confirmation,000000289586
coco-rem,000000289594,/home/felix/fiftyone/coco-2017/validation/data/000000289594.jpg,validation,locked_confirmation,000000289594
coco-rem,000000289659,/home/felix/fiftyone/coco-2017/validation/data/000000289659.jpg,validation,locked_confirmation,000000289659
coco-rem,000000289702,/home/felix/fiftyone/coco-2017/validation/data/000000289702.jpg,validation,locked_confirmation,000000289702
coco-rem,000000289741,/home/felix/fiftyone/coco-2017/validation/data/000000289741.jpg,validation,locked_confirmation,000000289741
coco-rem,000000289938,/home/felix/fiftyone/coco-2017/validation/data/000000289938.jpg,validation,locked_confirmation,000000289938
coco-rem,000000289960,/home/felix/fiftyone/coco-2017/validation/data/000000289960.jpg,validation,locked_confirmation,000000289960
coco-rem,000000289992,/home/felix/fiftyone/coco-2017/validation/data/000000289992.jpg,validation,locked_confirmation,000000289992
coco-rem,000000290081,/home/felix/fiftyone/coco-2017/validation/data/000000290081.jpg,validation,locked_confirmation,000000290081
coco-rem,000000290163,/home/felix/fiftyone/coco-2017/validation/data/000000290163.jpg,validation,locked_confirmation,000000290163
coco-rem,000000290179,/home/felix/fiftyone/coco-2017/validation/data/000000290179.jpg,validation,locked_confirmation,000000290179
coco-rem,000000290248,/home/felix/fiftyone/coco-2017/validation/data/000000290248.jpg,validation,locked_confirmation,000000290248
coco-rem,000000290293,/home/felix/fiftyone/coco-2017/validation/data/000000290293.jpg,validation,locked_confirmation,000000290293
coco-rem,000000290592,/home/felix/fiftyone/coco-2017/validation/data/000000290592.jpg,validation,locked_confirmation,000000290592
coco-rem,000000290619,/home/felix/fiftyone/coco-2017/validation/data/000000290619.jpg,validation,locked_confirmation,000000290619
coco-rem,000000290768,/home/felix/fiftyone/coco-2017/validation/data/000000290768.jpg,validation,locked_confirmation,000000290768
coco-rem,000000290771,/home/felix/fiftyone/coco-2017/validation/data/000000290771.jpg,validation,locked_confirmation,000000290771
coco-rem,000000290833,/home/felix/fiftyone/coco-2017/validation/data/000000290833.jpg,validation,locked_confirmation,000000290833
coco-rem,000000290843,/home/felix/fiftyone/coco-2017/validation/data/000000290843.jpg,validation,locked_confirmation,000000290843
coco-rem,000000291490,/home/felix/fiftyone/coco-2017/validation/data/000000291490.jpg,validation,locked_confirmation,000000291490
coco-rem,000000291551,/home/felix/fiftyone/coco-2017/validation/data/000000291551.jpg,validation,locked_confirmation,000000291551
coco-rem,000000291619,/home/felix/fiftyone/coco-2017/validation/data/000000291619.jpg,validation,locked_confirmation,000000291619
coco-rem,000000291634,/home/felix/fiftyone/coco-2017/validation/data/000000291634.jpg,validation,locked_confirmation,000000291634
coco-rem,000000291664,/home/felix/fiftyone/coco-2017/validation/data/000000291664.jpg,validation,locked_confirmation,000000291664
coco-rem,000000291791,/home/felix/fiftyone/coco-2017/validation/data/000000291791.jpg,validation,locked_confirmation,000000291791
coco-rem,000000291861,/home/felix/fiftyone/coco-2017/validation/data/000000291861.jpg,validation,locked_confirmation,000000291861
coco-rem,000000292005,/home/felix/fiftyone/coco-2017/validation/data/000000292005.jpg,validation,locked_confirmation,000000292005
coco-rem,000000292024,/home/felix/fiftyone/coco-2017/validation/data/000000292024.jpg,validation,locked_confirmation,000000292024
coco-rem,000000292060,/home/felix/fiftyone/coco-2017/validation/data/000000292060.jpg,validation,locked_confirmation,000000292060
coco-rem,000000292082,/home/felix/fiftyone/coco-2017/validation/data/000000292082.jpg,validation,locked_confirmation,000000292082
coco-rem,000000292155,/home/felix/fiftyone/coco-2017/validation/data/000000292155.jpg,validation,locked_confirmation,000000292155
coco-rem,000000292225,/home/felix/fiftyone/coco-2017/validation/data/000000292225.jpg,validation,locked_confirmation,000000292225
coco-rem,000000292236,/home/felix/fiftyone/coco-2017/validation/data/000000292236.jpg,validation,locked_confirmation,000000292236
coco-rem,000000292330,/home/felix/fiftyone/coco-2017/validation/data/000000292330.jpg,validation,locked_confirmation,000000292330
coco-rem,000000292415,/home/felix/fiftyone/coco-2017/validation/data/000000292415.jpg,validation,locked_confirmation,000000292415
coco-rem,000000292446,/home/felix/fiftyone/coco-2017/validation/data/000000292446.jpg,validation,locked_confirmation,000000292446
coco-rem,000000292456,/home/felix/fiftyone/coco-2017/validation/data/000000292456.jpg,validation,locked_confirmation,000000292456
coco-rem,000000292488,/home/felix/fiftyone/coco-2017/validation/data/000000292488.jpg,validation,locked_confirmation,000000292488
coco-rem,000000292908,/home/felix/fiftyone/coco-2017/validation/data/000000292908.jpg,validation,locked_confirmation,000000292908
coco-rem,000000292997,/home/felix/fiftyone/coco-2017/validation/data/000000292997.jpg,validation,locked_confirmation,000000292997
coco-rem,000000293044,/home/felix/fiftyone/coco-2017/validation/data/000000293044.jpg,validation,locked_confirmation,000000293044
coco-rem,000000293071,/home/felix/fiftyone/coco-2017/validation/data/000000293071.jpg,validation,locked_confirmation,000000293071
coco-rem,000000293200,/home/felix/fiftyone/coco-2017/validation/data/000000293200.jpg,validation,locked_confirmation,000000293200
coco-rem,000000293245,/home/felix/fiftyone/coco-2017/validation/data/000000293245.jpg,validation,locked_confirmation,000000293245
coco-rem,000000293300,/home/felix/fiftyone/coco-2017/validation/data/000000293300.jpg,validation,locked_confirmation,000000293300
coco-rem,000000293324,/home/felix/fiftyone/coco-2017/validation/data/000000293324.jpg,validation,locked_confirmation,000000293324
coco-rem,000000293390,/home/felix/fiftyone/coco-2017/validation/data/000000293390.jpg,validation,locked_confirmation,000000293390
coco-rem,000000293474,/home/felix/fiftyone/coco-2017/validation/data/000000293474.jpg,validation,locked_confirmation,000000293474
coco-rem,000000293625,/home/felix/fiftyone/coco-2017/validation/data/000000293625.jpg,validation,locked_confirmation,000000293625
coco-rem,000000293794,/home/felix/fiftyone/coco-2017/validation/data/000000293794.jpg,validation,locked_confirmation,000000293794
coco-rem,000000293804,/home/felix/fiftyone/coco-2017/validation/data/000000293804.jpg,validation,locked_confirmation,000000293804
coco-rem,000000293858,/home/felix/fiftyone/coco-2017/validation/data/000000293858.jpg,validation,locked_confirmation,000000293858
coco-rem,000000294162,/home/felix/fiftyone/coco-2017/validation/data/000000294162.jpg,validation,locked_confirmation,000000294162
coco-rem,000000294163,/home/felix/fiftyone/coco-2017/validation/data/000000294163.jpg,validation,locked_confirmation,000000294163
coco-rem,000000294350,/home/felix/fiftyone/coco-2017/validation/data/000000294350.jpg,validation,locked_confirmation,000000294350
coco-rem,000000294695,/home/felix/fiftyone/coco-2017/validation/data/000000294695.jpg,validation,locked_confirmation,000000294695
coco-rem,000000294783,/home/felix/fiftyone/coco-2017/validation/data/000000294783.jpg,validation,locked_confirmation,000000294783
coco-rem,000000294831,/home/felix/fiftyone/coco-2017/validation/data/000000294831.jpg,validation,locked_confirmation,000000294831
coco-rem,000000294855,/home/felix/fiftyone/coco-2017/validation/data/000000294855.jpg,validation,locked_confirmation,000000294855
coco-rem,000000295138,/home/felix/fiftyone/coco-2017/validation/data/000000295138.jpg,validation,locked_confirmation,000000295138
coco-rem,000000295231,/home/felix/fiftyone/coco-2017/validation/data/000000295231.jpg,validation,locked_confirmation,000000295231
coco-rem,000000295316,/home/felix/fiftyone/coco-2017/validation/data/000000295316.jpg,validation,locked_confirmation,000000295316
coco-rem,000000295420,/home/felix/fiftyone/coco-2017/validation/data/000000295420.jpg,validation,locked_confirmation,000000295420
coco-rem,000000295478,/home/felix/fiftyone/coco-2017/validation/data/000000295478.jpg,validation,locked_confirmation,000000295478
coco-rem,000000295713,/home/felix/fiftyone/coco-2017/validation/data/000000295713.jpg,validation,locked_confirmation,000000295713
coco-rem,000000295797,/home/felix/fiftyone/coco-2017/validation/data/000000295797.jpg,validation,locked_confirmation,000000295797
coco-rem,000000295809,/home/felix/fiftyone/coco-2017/validation/data/000000295809.jpg,validation,locked_confirmation,000000295809
coco-rem,000000296222,/home/felix/fiftyone/coco-2017/validation/data/000000296222.jpg,validation,locked_confirmation,000000296222
coco-rem,000000296224,/home/felix/fiftyone/coco-2017/validation/data/000000296224.jpg,validation,locked_confirmation,000000296224
coco-rem,000000296231,/home/felix/fiftyone/coco-2017/validation/data/000000296231.jpg,validation,locked_confirmation,000000296231
coco-rem,000000296284,/home/felix/fiftyone/coco-2017/validation/data/000000296284.jpg,validation,locked_confirmation,000000296284
coco-rem,000000296317,/home/felix/fiftyone/coco-2017/validation/data/000000296317.jpg,validation,locked_confirmation,000000296317
coco-rem,000000296634,/home/felix/fiftyone/coco-2017/validation/data/000000296634.jpg,validation,locked_confirmation,000000296634
coco-rem,000000296649,/home/felix/fiftyone/coco-2017/validation/data/000000296649.jpg,validation,locked_confirmation,000000296649
coco-rem,000000296657,/home/felix/fiftyone/coco-2017/validation/data/000000296657.jpg,validation,locked_confirmation,000000296657
coco-rem,000000296969,/home/felix/fiftyone/coco-2017/validation/data/000000296969.jpg,validation,locked_confirmation,000000296969
coco-rem,000000297022,/home/felix/fiftyone/coco-2017/validation/data/000000297022.jpg,validation,locked_confirmation,000000297022
coco-rem,000000297084,/home/felix/fiftyone/coco-2017/validation/data/000000297084.jpg,validation,locked_confirmation,000000297084
coco-rem,000000297085,/home/felix/fiftyone/coco-2017/validation/data/000000297085.jpg,validation,locked_confirmation,000000297085
coco-rem,000000297147,/home/felix/fiftyone/coco-2017/validation/data/000000297147.jpg,validation,locked_confirmation,000000297147
coco-rem,000000297343,/home/felix/fiftyone/coco-2017/validation/data/000000297343.jpg,validation,locked_confirmation,000000297343
coco-rem,000000297353,/home/felix/fiftyone/coco-2017/validation/data/000000297353.jpg,validation,locked_confirmation,000000297353
coco-rem,000000297396,/home/felix/fiftyone/coco-2017/validation/data/000000297396.jpg,validation,locked_confirmation,000000297396
coco-rem,000000297427,/home/felix/fiftyone/coco-2017/validation/data/000000297427.jpg,validation,locked_confirmation,000000297427
coco-rem,000000297562,/home/felix/fiftyone/coco-2017/validation/data/000000297562.jpg,validation,locked_confirmation,000000297562
coco-rem,000000297578,/home/felix/fiftyone/coco-2017/validation/data/000000297578.jpg,validation,locked_confirmation,000000297578
coco-rem,000000297595,/home/felix/fiftyone/coco-2017/validation/data/000000297595.jpg,validation,locked_confirmation,000000297595
coco-rem,000000297681,/home/felix/fiftyone/coco-2017/validation/data/000000297681.jpg,validation,locked_confirmation,000000297681
coco-rem,000000297698,/home/felix/fiftyone/coco-2017/validation/data/000000297698.jpg,validation,locked_confirmation,000000297698
coco-rem,000000297830,/home/felix/fiftyone/coco-2017/validation/data/000000297830.jpg,validation,locked_confirmation,000000297830
coco-rem,000000298251,/home/felix/fiftyone/coco-2017/validation/data/000000298251.jpg,validation,locked_confirmation,000000298251
coco-rem,000000298396,/home/felix/fiftyone/coco-2017/validation/data/000000298396.jpg,validation,locked_confirmation,000000298396
coco-rem,000000298697,/home/felix/fiftyone/coco-2017/validation/data/000000298697.jpg,validation,locked_confirmation,000000298697
coco-rem,000000298738,/home/felix/fiftyone/coco-2017/validation/data/000000298738.jpg,validation,locked_confirmation,000000298738
coco-rem,000000298904,/home/felix/fiftyone/coco-2017/validation/data/000000298904.jpg,validation,locked_confirmation,000000298904
coco-rem,000000298994,/home/felix/fiftyone/coco-2017/validation/data/000000298994.jpg,validation,locked_confirmation,000000298994
coco-rem,000000299355,/home/felix/fiftyone/coco-2017/validation/data/000000299355.jpg,validation,locked_confirmation,000000299355
coco-rem,000000299553,/home/felix/fiftyone/coco-2017/validation/data/000000299553.jpg,validation,locked_confirmation,000000299553
coco-rem,000000299609,/home/felix/fiftyone/coco-2017/validation/data/000000299609.jpg,validation,locked_confirmation,000000299609
coco-rem,000000299720,/home/felix/fiftyone/coco-2017/validation/data/000000299720.jpg,validation,locked_confirmation,000000299720
coco-rem,000000299887,/home/felix/fiftyone/coco-2017/validation/data/000000299887.jpg,validation,locked_confirmation,000000299887
coco-rem,000000300039,/home/felix/fiftyone/coco-2017/validation/data/000000300039.jpg,validation,locked_confirmation,000000300039
coco-rem,000000300155,/home/felix/fiftyone/coco-2017/validation/data/000000300155.jpg,validation,locked_confirmation,000000300155
coco-rem,000000300233,/home/felix/fiftyone/coco-2017/validation/data/000000300233.jpg,validation,locked_confirmation,000000300233
coco-rem,000000300276,/home/felix/fiftyone/coco-2017/validation/data/000000300276.jpg,validation,locked_confirmation,000000300276
coco-rem,000000300341,/home/felix/fiftyone/coco-2017/validation/data/000000300341.jpg,validation,locked_confirmation,000000300341
coco-rem,000000300659,/home/felix/fiftyone/coco-2017/validation/data/000000300659.jpg,validation,locked_confirmation,000000300659
coco-rem,000000300842,/home/felix/fiftyone/coco-2017/validation/data/000000300842.jpg,validation,locked_confirmation,000000300842
coco-rem,000000300913,/home/felix/fiftyone/coco-2017/validation/data/000000300913.jpg,validation,locked_confirmation,000000300913
coco-rem,000000301061,/home/felix/fiftyone/coco-2017/validation/data/000000301061.jpg,validation,locked_confirmation,000000301061
coco-rem,000000301135,/home/felix/fiftyone/coco-2017/validation/data/000000301135.jpg,validation,locked_confirmation,000000301135
coco-rem,000000301376,/home/felix/fiftyone/coco-2017/validation/data/000000301376.jpg,validation,locked_confirmation,000000301376
coco-rem,000000301421,/home/felix/fiftyone/coco-2017/validation/data/000000301421.jpg,validation,locked_confirmation,000000301421
coco-rem,000000301563,/home/felix/fiftyone/coco-2017/validation/data/000000301563.jpg,validation,locked_confirmation,000000301563
coco-rem,000000301718,/home/felix/fiftyone/coco-2017/validation/data/000000301718.jpg,validation,locked_confirmation,000000301718
coco-rem,000000301867,/home/felix/fiftyone/coco-2017/validation/data/000000301867.jpg,validation,locked_confirmation,000000301867
coco-rem,000000301981,/home/felix/fiftyone/coco-2017/validation/data/000000301981.jpg,validation,locked_confirmation,000000301981
coco-rem,000000302030,/home/felix/fiftyone/coco-2017/validation/data/000000302030.jpg,validation,locked_confirmation,000000302030
coco-rem,000000302107,/home/felix/fiftyone/coco-2017/validation/data/000000302107.jpg,validation,locked_confirmation,000000302107
coco-rem,000000302165,/home/felix/fiftyone/coco-2017/validation/data/000000302165.jpg,validation,locked_confirmation,000000302165
coco-rem,000000302452,/home/felix/fiftyone/coco-2017/validation/data/000000302452.jpg,validation,locked_confirmation,000000302452
coco-rem,000000302536,/home/felix/fiftyone/coco-2017/validation/data/000000302536.jpg,validation,locked_confirmation,000000302536
coco-rem,000000302760,/home/felix/fiftyone/coco-2017/validation/data/000000302760.jpg,validation,locked_confirmation,000000302760
coco-rem,000000302882,/home/felix/fiftyone/coco-2017/validation/data/000000302882.jpg,validation,locked_confirmation,000000302882
coco-rem,000000302990,/home/felix/fiftyone/coco-2017/validation/data/000000302990.jpg,validation,locked_confirmation,000000302990
coco-rem,000000303305,/home/felix/fiftyone/coco-2017/validation/data/000000303305.jpg,validation,locked_confirmation,000000303305
coco-rem,000000303499,/home/felix/fiftyone/coco-2017/validation/data/000000303499.jpg,validation,locked_confirmation,000000303499
coco-rem,000000303566,/home/felix/fiftyone/coco-2017/validation/data/000000303566.jpg,validation,locked_confirmation,000000303566
coco-rem,000000303653,/home/felix/fiftyone/coco-2017/validation/data/000000303653.jpg,validation,locked_confirmation,000000303653
coco-rem,000000303713,/home/felix/fiftyone/coco-2017/validation/data/000000303713.jpg,validation,locked_confirmation,000000303713
coco-rem,000000303818,/home/felix/fiftyone/coco-2017/validation/data/000000303818.jpg,validation,locked_confirmation,000000303818
coco-rem,000000303863,/home/felix/fiftyone/coco-2017/validation/data/000000303863.jpg,validation,locked_confirmation,000000303863
coco-rem,000000303893,/home/felix/fiftyone/coco-2017/validation/data/000000303893.jpg,validation,locked_confirmation,000000303893
coco-rem,000000303908,/home/felix/fiftyone/coco-2017/validation/data/000000303908.jpg,validation,locked_confirmation,000000303908
coco-rem,000000304180,/home/felix/fiftyone/coco-2017/validation/data/000000304180.jpg,validation,locked_confirmation,000000304180
coco-rem,000000304291,/home/felix/fiftyone/coco-2017/validation/data/000000304291.jpg,validation,locked_confirmation,000000304291
coco-rem,000000304365,/home/felix/fiftyone/coco-2017/validation/data/000000304365.jpg,validation,locked_confirmation,000000304365
coco-rem,000000304396,/home/felix/fiftyone/coco-2017/validation/data/000000304396.jpg,validation,locked_confirmation,000000304396
coco-rem,000000304404,/home/felix/fiftyone/coco-2017/validation/data/000000304404.jpg,validation,locked_confirmation,000000304404
coco-rem,000000304545,/home/felix/fiftyone/coco-2017/validation/data/000000304545.jpg,validation,locked_confirmation,000000304545
coco-rem,000000304560,/home/felix/fiftyone/coco-2017/validation/data/000000304560.jpg,validation,locked_confirmation,000000304560
coco-rem,000000304812,/home/felix/fiftyone/coco-2017/validation/data/000000304812.jpg,validation,locked_confirmation,000000304812
coco-rem,000000304817,/home/felix/fiftyone/coco-2017/validation/data/000000304817.jpg,validation,locked_confirmation,000000304817
coco-rem,000000304984,/home/felix/fiftyone/coco-2017/validation/data/000000304984.jpg,validation,locked_confirmation,000000304984
coco-rem,000000305309,/home/felix/fiftyone/coco-2017/validation/data/000000305309.jpg,validation,locked_confirmation,000000305309
coco-rem,000000305317,/home/felix/fiftyone/coco-2017/validation/data/000000305317.jpg,validation,locked_confirmation,000000305317
coco-rem,000000305343,/home/felix/fiftyone/coco-2017/validation/data/000000305343.jpg,validation,locked_confirmation,000000305343
coco-rem,000000305609,/home/felix/fiftyone/coco-2017/validation/data/000000305609.jpg,validation,locked_confirmation,000000305609
coco-rem,000000305695,/home/felix/fiftyone/coco-2017/validation/data/000000305695.jpg,validation,locked_confirmation,000000305695
coco-rem,000000306136,/home/felix/fiftyone/coco-2017/validation/data/000000306136.jpg,validation,locked_confirmation,000000306136
coco-rem,000000306139,/home/felix/fiftyone/coco-2017/validation/data/000000306139.jpg,validation,locked_confirmation,000000306139
coco-rem,000000306437,/home/felix/fiftyone/coco-2017/validation/data/000000306437.jpg,validation,locked_confirmation,000000306437
coco-rem,000000306582,/home/felix/fiftyone/coco-2017/validation/data/000000306582.jpg,validation,locked_confirmation,000000306582
coco-rem,000000306700,/home/felix/fiftyone/coco-2017/validation/data/000000306700.jpg,validation,locked_confirmation,000000306700
coco-rem,000000306733,/home/felix/fiftyone/coco-2017/validation/data/000000306733.jpg,validation,locked_confirmation,000000306733
coco-rem,000000306893,/home/felix/fiftyone/coco-2017/validation/data/000000306893.jpg,validation,locked_confirmation,000000306893
coco-rem,000000307074,/home/felix/fiftyone/coco-2017/validation/data/000000307074.jpg,validation,locked_confirmation,000000307074
coco-rem,000000307145,/home/felix/fiftyone/coco-2017/validation/data/000000307145.jpg,validation,locked_confirmation,000000307145
coco-rem,000000307172,/home/felix/fiftyone/coco-2017/validation/data/000000307172.jpg,validation,locked_confirmation,000000307172
coco-rem,000000307598,/home/felix/fiftyone/coco-2017/validation/data/000000307598.jpg,validation,locked_confirmation,000000307598
coco-rem,000000307658,/home/felix/fiftyone/coco-2017/validation/data/000000307658.jpg,validation,locked_confirmation,000000307658
coco-rem,000000308165,/home/felix/fiftyone/coco-2017/validation/data/000000308165.jpg,validation,locked_confirmation,000000308165
coco-rem,000000308193,/home/felix/fiftyone/coco-2017/validation/data/000000308193.jpg,validation,locked_confirmation,000000308193
coco-rem,000000308328,/home/felix/fiftyone/coco-2017/validation/data/000000308328.jpg,validation,locked_confirmation,000000308328
coco-rem,000000308391,/home/felix/fiftyone/coco-2017/validation/data/000000308391.jpg,validation,locked_confirmation,000000308391
coco-rem,000000308394,/home/felix/fiftyone/coco-2017/validation/data/000000308394.jpg,validation,locked_confirmation,000000308394
coco-rem,000000308430,/home/felix/fiftyone/coco-2017/validation/data/000000308430.jpg,validation,locked_confirmation,000000308430
coco-rem,000000308466,/home/felix/fiftyone/coco-2017/validation/data/000000308466.jpg,validation,locked_confirmation,000000308466
coco-rem,000000308476,/home/felix/fiftyone/coco-2017/validation/data/000000308476.jpg,validation,locked_confirmation,000000308476
coco-rem,000000308531,/home/felix/fiftyone/coco-2017/validation/data/000000308531.jpg,validation,locked_confirmation,000000308531
coco-rem,000000308545,/home/felix/fiftyone/coco-2017/validation/data/000000308545.jpg,validation,locked_confirmation,000000308545
coco-rem,000000308587,/home/felix/fiftyone/coco-2017/validation/data/000000308587.jpg,validation,locked_confirmation,000000308587
coco-rem,000000308631,/home/felix/fiftyone/coco-2017/validation/data/000000308631.jpg,validation,locked_confirmation,000000308631
coco-rem,000000308753,/home/felix/fiftyone/coco-2017/validation/data/000000308753.jpg,validation,locked_confirmation,000000308753
coco-rem,000000308793,/home/felix/fiftyone/coco-2017/validation/data/000000308793.jpg,validation,locked_confirmation,000000308793
coco-rem,000000308799,/home/felix/fiftyone/coco-2017/validation/data/000000308799.jpg,validation,locked_confirmation,000000308799
coco-rem,000000309173,/home/felix/fiftyone/coco-2017/validation/data/000000309173.jpg,validation,locked_confirmation,000000309173
coco-rem,000000309391,/home/felix/fiftyone/coco-2017/validation/data/000000309391.jpg,validation,locked_confirmation,000000309391
coco-rem,000000309452,/home/felix/fiftyone/coco-2017/validation/data/000000309452.jpg,validation,locked_confirmation,000000309452
coco-rem,000000309467,/home/felix/fiftyone/coco-2017/validation/data/000000309467.jpg,validation,locked_confirmation,000000309467
coco-rem,000000309484,/home/felix/fiftyone/coco-2017/validation/data/000000309484.jpg,validation,locked_confirmation,000000309484
coco-rem,000000309495,/home/felix/fiftyone/coco-2017/validation/data/000000309495.jpg,validation,locked_confirmation,000000309495
coco-rem,000000309655,/home/felix/fiftyone/coco-2017/validation/data/000000309655.jpg,validation,locked_confirmation,000000309655
coco-rem,000000309678,/home/felix/fiftyone/coco-2017/validation/data/000000309678.jpg,validation,locked_confirmation,000000309678
coco-rem,000000309938,/home/felix/fiftyone/coco-2017/validation/data/000000309938.jpg,validation,locked_confirmation,000000309938
coco-rem,000000309964,/home/felix/fiftyone/coco-2017/validation/data/000000309964.jpg,validation,locked_confirmation,000000309964
coco-rem,000000310072,/home/felix/fiftyone/coco-2017/validation/data/000000310072.jpg,validation,locked_confirmation,000000310072
coco-rem,000000310200,/home/felix/fiftyone/coco-2017/validation/data/000000310200.jpg,validation,locked_confirmation,000000310200
coco-rem,000000310622,/home/felix/fiftyone/coco-2017/validation/data/000000310622.jpg,validation,locked_confirmation,000000310622
coco-rem,000000310862,/home/felix/fiftyone/coco-2017/validation/data/000000310862.jpg,validation,locked_confirmation,000000310862
coco-rem,000000310980,/home/felix/fiftyone/coco-2017/validation/data/000000310980.jpg,validation,locked_confirmation,000000310980
coco-rem,000000311002,/home/felix/fiftyone/coco-2017/validation/data/000000311002.jpg,validation,locked_confirmation,000000311002
coco-rem,000000311081,/home/felix/fiftyone/coco-2017/validation/data/000000311081.jpg,validation,locked_confirmation,000000311081
coco-rem,000000311180,/home/felix/fiftyone/coco-2017/validation/data/000000311180.jpg,validation,locked_confirmation,000000311180
coco-rem,000000311190,/home/felix/fiftyone/coco-2017/validation/data/000000311190.jpg,validation,locked_confirmation,000000311190
coco-rem,000000311295,/home/felix/fiftyone/coco-2017/validation/data/000000311295.jpg,validation,locked_confirmation,000000311295
coco-rem,000000311303,/home/felix/fiftyone/coco-2017/validation/data/000000311303.jpg,validation,locked_confirmation,000000311303
coco-rem,000000311392,/home/felix/fiftyone/coco-2017/validation/data/000000311392.jpg,validation,locked_confirmation,000000311392
coco-rem,000000311394,/home/felix/fiftyone/coco-2017/validation/data/000000311394.jpg,validation,locked_confirmation,000000311394
coco-rem,000000311518,/home/felix/fiftyone/coco-2017/validation/data/000000311518.jpg,validation,locked_confirmation,000000311518
coco-rem,000000311789,/home/felix/fiftyone/coco-2017/validation/data/000000311789.jpg,validation,locked_confirmation,000000311789
coco-rem,000000311883,/home/felix/fiftyone/coco-2017/validation/data/000000311883.jpg,validation,locked_confirmation,000000311883
coco-rem,000000311909,/home/felix/fiftyone/coco-2017/validation/data/000000311909.jpg,validation,locked_confirmation,000000311909
coco-rem,000000311928,/home/felix/fiftyone/coco-2017/validation/data/000000311928.jpg,validation,locked_confirmation,000000311928
coco-rem,000000311950,/home/felix/fiftyone/coco-2017/validation/data/000000311950.jpg,validation,locked_confirmation,000000311950
coco-rem,000000312192,/home/felix/fiftyone/coco-2017/validation/data/000000312192.jpg,validation,locked_confirmation,000000312192
coco-rem,000000312213,/home/felix/fiftyone/coco-2017/validation/data/000000312213.jpg,validation,locked_confirmation,000000312213
coco-rem,000000312237,/home/felix/fiftyone/coco-2017/validation/data/000000312237.jpg,validation,locked_confirmation,000000312237
coco-rem,000000312263,/home/felix/fiftyone/coco-2017/validation/data/000000312263.jpg,validation,locked_confirmation,000000312263
coco-rem,000000312278,/home/felix/fiftyone/coco-2017/validation/data/000000312278.jpg,validation,locked_confirmation,000000312278
coco-rem,000000312340,/home/felix/fiftyone/coco-2017/validation/data/000000312340.jpg,validation,locked_confirmation,000000312340
coco-rem,000000312406,/home/felix/fiftyone/coco-2017/validation/data/000000312406.jpg,validation,locked_confirmation,000000312406
coco-rem,000000312421,/home/felix/fiftyone/coco-2017/validation/data/000000312421.jpg,validation,locked_confirmation,000000312421
coco-rem,000000312489,/home/felix/fiftyone/coco-2017/validation/data/000000312489.jpg,validation,locked_confirmation,000000312489
coco-rem,000000312549,/home/felix/fiftyone/coco-2017/validation/data/000000312549.jpg,validation,locked_confirmation,000000312549
coco-rem,000000312552,/home/felix/fiftyone/coco-2017/validation/data/000000312552.jpg,validation,locked_confirmation,000000312552
coco-rem,000000312586,/home/felix/fiftyone/coco-2017/validation/data/000000312586.jpg,validation,locked_confirmation,000000312586
coco-rem,000000312720,/home/felix/fiftyone/coco-2017/validation/data/000000312720.jpg,validation,locked_confirmation,000000312720
coco-rem,000000313034,/home/felix/fiftyone/coco-2017/validation/data/000000313034.jpg,validation,locked_confirmation,000000313034
coco-rem,000000313130,/home/felix/fiftyone/coco-2017/validation/data/000000313130.jpg,validation,locked_confirmation,000000313130
coco-rem,000000313182,/home/felix/fiftyone/coco-2017/validation/data/000000313182.jpg,validation,locked_confirmation,000000313182
coco-rem,000000313454,/home/felix/fiftyone/coco-2017/validation/data/000000313454.jpg,validation,locked_confirmation,000000313454
coco-rem,000000313562,/home/felix/fiftyone/coco-2017/validation/data/000000313562.jpg,validation,locked_confirmation,000000313562
coco-rem,000000313588,/home/felix/fiftyone/coco-2017/validation/data/000000313588.jpg,validation,locked_confirmation,000000313588
coco-rem,000000313783,/home/felix/fiftyone/coco-2017/validation/data/000000313783.jpg,validation,locked_confirmation,000000313783
coco-rem,000000314034,/home/felix/fiftyone/coco-2017/validation/data/000000314034.jpg,validation,locked_confirmation,000000314034
coco-rem,000000314177,/home/felix/fiftyone/coco-2017/validation/data/000000314177.jpg,validation,locked_confirmation,000000314177
coco-rem,000000314182,/home/felix/fiftyone/coco-2017/validation/data/000000314182.jpg,validation,locked_confirmation,000000314182
coco-rem,000000314251,/home/felix/fiftyone/coco-2017/validation/data/000000314251.jpg,validation,locked_confirmation,000000314251
coco-rem,000000314264,/home/felix/fiftyone/coco-2017/validation/data/000000314264.jpg,validation,locked_confirmation,000000314264
coco-rem,000000314294,/home/felix/fiftyone/coco-2017/validation/data/000000314294.jpg,validation,locked_confirmation,000000314294
coco-rem,000000314541,/home/felix/fiftyone/coco-2017/validation/data/000000314541.jpg,validation,locked_confirmation,000000314541
coco-rem,000000314709,/home/felix/fiftyone/coco-2017/validation/data/000000314709.jpg,validation,locked_confirmation,000000314709
coco-rem,000000314914,/home/felix/fiftyone/coco-2017/validation/data/000000314914.jpg,validation,locked_confirmation,000000314914
coco-rem,000000315001,/home/felix/fiftyone/coco-2017/validation/data/000000315001.jpg,validation,locked_confirmation,000000315001
coco-rem,000000315187,/home/felix/fiftyone/coco-2017/validation/data/000000315187.jpg,validation,locked_confirmation,000000315187
coco-rem,000000315219,/home/felix/fiftyone/coco-2017/validation/data/000000315219.jpg,validation,locked_confirmation,000000315219
coco-rem,000000315257,/home/felix/fiftyone/coco-2017/validation/data/000000315257.jpg,validation,locked_confirmation,000000315257
coco-rem,000000315450,/home/felix/fiftyone/coco-2017/validation/data/000000315450.jpg,validation,locked_confirmation,000000315450
coco-rem,000000315492,/home/felix/fiftyone/coco-2017/validation/data/000000315492.jpg,validation,locked_confirmation,000000315492
coco-rem,000000316015,/home/felix/fiftyone/coco-2017/validation/data/000000316015.jpg,validation,locked_confirmation,000000316015
coco-rem,000000316054,/home/felix/fiftyone/coco-2017/validation/data/000000316054.jpg,validation,locked_confirmation,000000316054
coco-rem,000000316404,/home/felix/fiftyone/coco-2017/validation/data/000000316404.jpg,validation,locked_confirmation,000000316404
coco-rem,000000316666,/home/felix/fiftyone/coco-2017/validation/data/000000316666.jpg,validation,locked_confirmation,000000316666
coco-rem,000000317024,/home/felix/fiftyone/coco-2017/validation/data/000000317024.jpg,validation,locked_confirmation,000000317024
coco-rem,000000317433,/home/felix/fiftyone/coco-2017/validation/data/000000317433.jpg,validation,locked_confirmation,000000317433
coco-rem,000000317999,/home/felix/fiftyone/coco-2017/validation/data/000000317999.jpg,validation,locked_confirmation,000000317999
coco-rem,000000318080,/home/felix/fiftyone/coco-2017/validation/data/000000318080.jpg,validation,locked_confirmation,000000318080
coco-rem,000000318114,/home/felix/fiftyone/coco-2017/validation/data/000000318114.jpg,validation,locked_confirmation,000000318114
coco-rem,000000318138,/home/felix/fiftyone/coco-2017/validation/data/000000318138.jpg,validation,locked_confirmation,000000318138
coco-rem,000000318238,/home/felix/fiftyone/coco-2017/validation/data/000000318238.jpg,validation,locked_confirmation,000000318238
coco-rem,000000318455,/home/felix/fiftyone/coco-2017/validation/data/000000318455.jpg,validation,locked_confirmation,000000318455
coco-rem,000000318908,/home/felix/fiftyone/coco-2017/validation/data/000000318908.jpg,validation,locked_confirmation,000000318908
coco-rem,000000319100,/home/felix/fiftyone/coco-2017/validation/data/000000319100.jpg,validation,locked_confirmation,000000319100
coco-rem,000000319184,/home/felix/fiftyone/coco-2017/validation/data/000000319184.jpg,validation,locked_confirmation,000000319184
coco-rem,000000319369,/home/felix/fiftyone/coco-2017/validation/data/000000319369.jpg,validation,locked_confirmation,000000319369
coco-rem,000000319534,/home/felix/fiftyone/coco-2017/validation/data/000000319534.jpg,validation,locked_confirmation,000000319534
coco-rem,000000319607,/home/felix/fiftyone/coco-2017/validation/data/000000319607.jpg,validation,locked_confirmation,000000319607
coco-rem,000000319617,/home/felix/fiftyone/coco-2017/validation/data/000000319617.jpg,validation,locked_confirmation,000000319617
coco-rem,000000319696,/home/felix/fiftyone/coco-2017/validation/data/000000319696.jpg,validation,locked_confirmation,000000319696
coco-rem,000000319721,/home/felix/fiftyone/coco-2017/validation/data/000000319721.jpg,validation,locked_confirmation,000000319721
coco-rem,000000319935,/home/felix/fiftyone/coco-2017/validation/data/000000319935.jpg,validation,locked_confirmation,000000319935
coco-rem,000000320232,/home/felix/fiftyone/coco-2017/validation/data/000000320232.jpg,validation,locked_confirmation,000000320232
coco-rem,000000320425,/home/felix/fiftyone/coco-2017/validation/data/000000320425.jpg,validation,locked_confirmation,000000320425
coco-rem,000000320490,/home/felix/fiftyone/coco-2017/validation/data/000000320490.jpg,validation,locked_confirmation,000000320490
coco-rem,000000320554,/home/felix/fiftyone/coco-2017/validation/data/000000320554.jpg,validation,locked_confirmation,000000320554
coco-rem,000000320632,/home/felix/fiftyone/coco-2017/validation/data/000000320632.jpg,validation,locked_confirmation,000000320632
coco-rem,000000320642,/home/felix/fiftyone/coco-2017/validation/data/000000320642.jpg,validation,locked_confirmation,000000320642
coco-rem,000000320664,/home/felix/fiftyone/coco-2017/validation/data/000000320664.jpg,validation,locked_confirmation,000000320664
coco-rem,000000320696,/home/felix/fiftyone/coco-2017/validation/data/000000320696.jpg,validation,locked_confirmation,000000320696
coco-rem,000000320706,/home/felix/fiftyone/coco-2017/validation/data/000000320706.jpg,validation,locked_confirmation,000000320706
coco-rem,000000320743,/home/felix/fiftyone/coco-2017/validation/data/000000320743.jpg,validation,locked_confirmation,000000320743
coco-rem,000000321118,/home/felix/fiftyone/coco-2017/validation/data/000000321118.jpg,validation,locked_confirmation,000000321118
coco-rem,000000321214,/home/felix/fiftyone/coco-2017/validation/data/000000321214.jpg,validation,locked_confirmation,000000321214
coco-rem,000000321333,/home/felix/fiftyone/coco-2017/validation/data/000000321333.jpg,validation,locked_confirmation,000000321333
coco-rem,000000321557,/home/felix/fiftyone/coco-2017/validation/data/000000321557.jpg,validation,locked_confirmation,000000321557
coco-rem,000000321790,/home/felix/fiftyone/coco-2017/validation/data/000000321790.jpg,validation,locked_confirmation,000000321790
coco-rem,000000321887,/home/felix/fiftyone/coco-2017/validation/data/000000321887.jpg,validation,locked_confirmation,000000321887
coco-rem,000000322163,/home/felix/fiftyone/coco-2017/validation/data/000000322163.jpg,validation,locked_confirmation,000000322163
coco-rem,000000322211,/home/felix/fiftyone/coco-2017/validation/data/000000322211.jpg,validation,locked_confirmation,000000322211
coco-rem,000000322352,/home/felix/fiftyone/coco-2017/validation/data/000000322352.jpg,validation,locked_confirmation,000000322352
coco-rem,000000322429,/home/felix/fiftyone/coco-2017/validation/data/000000322429.jpg,validation,locked_confirmation,000000322429
coco-rem,000000322574,/home/felix/fiftyone/coco-2017/validation/data/000000322574.jpg,validation,locked_confirmation,000000322574
coco-rem,000000322610,/home/felix/fiftyone/coco-2017/validation/data/000000322610.jpg,validation,locked_confirmation,000000322610
coco-rem,000000322724,/home/felix/fiftyone/coco-2017/validation/data/000000322724.jpg,validation,locked_confirmation,000000322724
coco-rem,000000322829,/home/felix/fiftyone/coco-2017/validation/data/000000322829.jpg,validation,locked_confirmation,000000322829
coco-rem,000000322844,/home/felix/fiftyone/coco-2017/validation/data/000000322844.jpg,validation,locked_confirmation,000000322844
coco-rem,000000322864,/home/felix/fiftyone/coco-2017/validation/data/000000322864.jpg,validation,locked_confirmation,000000322864
coco-rem,000000322895,/home/felix/fiftyone/coco-2017/validation/data/000000322895.jpg,validation,locked_confirmation,000000322895
coco-rem,000000322944,/home/felix/fiftyone/coco-2017/validation/data/000000322944.jpg,validation,locked_confirmation,000000322944
coco-rem,000000322959,/home/felix/fiftyone/coco-2017/validation/data/000000322959.jpg,validation,locked_confirmation,000000322959
coco-rem,000000322968,/home/felix/fiftyone/coco-2017/validation/data/000000322968.jpg,validation,locked_confirmation,000000322968
coco-rem,000000323151,/home/felix/fiftyone/coco-2017/validation/data/000000323151.jpg,validation,locked_confirmation,000000323151
coco-rem,000000323202,/home/felix/fiftyone/coco-2017/validation/data/000000323202.jpg,validation,locked_confirmation,000000323202
coco-rem,000000323263,/home/felix/fiftyone/coco-2017/validation/data/000000323263.jpg,validation,locked_confirmation,000000323263
coco-rem,000000323355,/home/felix/fiftyone/coco-2017/validation/data/000000323355.jpg,validation,locked_confirmation,000000323355
coco-rem,000000323496,/home/felix/fiftyone/coco-2017/validation/data/000000323496.jpg,validation,locked_confirmation,000000323496
coco-rem,000000323571,/home/felix/fiftyone/coco-2017/validation/data/000000323571.jpg,validation,locked_confirmation,000000323571
coco-rem,000000323709,/home/felix/fiftyone/coco-2017/validation/data/000000323709.jpg,validation,locked_confirmation,000000323709
coco-rem,000000323751,/home/felix/fiftyone/coco-2017/validation/data/000000323751.jpg,validation,locked_confirmation,000000323751
coco-rem,000000323799,/home/felix/fiftyone/coco-2017/validation/data/000000323799.jpg,validation,locked_confirmation,000000323799
coco-rem,000000323828,/home/felix/fiftyone/coco-2017/validation/data/000000323828.jpg,validation,locked_confirmation,000000323828
coco-rem,000000323895,/home/felix/fiftyone/coco-2017/validation/data/000000323895.jpg,validation,locked_confirmation,000000323895
coco-rem,000000324158,/home/felix/fiftyone/coco-2017/validation/data/000000324158.jpg,validation,locked_confirmation,000000324158
coco-rem,000000324258,/home/felix/fiftyone/coco-2017/validation/data/000000324258.jpg,validation,locked_confirmation,000000324258
coco-rem,000000324614,/home/felix/fiftyone/coco-2017/validation/data/000000324614.jpg,validation,locked_confirmation,000000324614
coco-rem,000000324715,/home/felix/fiftyone/coco-2017/validation/data/000000324715.jpg,validation,locked_confirmation,000000324715
coco-rem,000000324818,/home/felix/fiftyone/coco-2017/validation/data/000000324818.jpg,validation,locked_confirmation,000000324818
coco-rem,000000324927,/home/felix/fiftyone/coco-2017/validation/data/000000324927.jpg,validation,locked_confirmation,000000324927
coco-rem,000000325031,/home/felix/fiftyone/coco-2017/validation/data/000000325031.jpg,validation,locked_confirmation,000000325031
coco-rem,000000325114,/home/felix/fiftyone/coco-2017/validation/data/000000325114.jpg,validation,locked_confirmation,000000325114
coco-rem,000000325306,/home/felix/fiftyone/coco-2017/validation/data/000000325306.jpg,validation,locked_confirmation,000000325306
coco-rem,000000325347,/home/felix/fiftyone/coco-2017/validation/data/000000325347.jpg,validation,locked_confirmation,000000325347
coco-rem,000000325483,/home/felix/fiftyone/coco-2017/validation/data/000000325483.jpg,validation,locked_confirmation,000000325483
coco-rem,000000325527,/home/felix/fiftyone/coco-2017/validation/data/000000325527.jpg,validation,locked_confirmation,000000325527
coco-rem,000000325838,/home/felix/fiftyone/coco-2017/validation/data/000000325838.jpg,validation,locked_confirmation,000000325838
coco-rem,000000325991,/home/felix/fiftyone/coco-2017/validation/data/000000325991.jpg,validation,locked_confirmation,000000325991
coco-rem,000000326082,/home/felix/fiftyone/coco-2017/validation/data/000000326082.jpg,validation,locked_confirmation,000000326082
coco-rem,000000326128,/home/felix/fiftyone/coco-2017/validation/data/000000326128.jpg,validation,locked_confirmation,000000326128
coco-rem,000000326174,/home/felix/fiftyone/coco-2017/validation/data/000000326174.jpg,validation,locked_confirmation,000000326174
coco-rem,000000326248,/home/felix/fiftyone/coco-2017/validation/data/000000326248.jpg,validation,locked_confirmation,000000326248
coco-rem,000000326462,/home/felix/fiftyone/coco-2017/validation/data/000000326462.jpg,validation,locked_confirmation,000000326462
coco-rem,000000326541,/home/felix/fiftyone/coco-2017/validation/data/000000326541.jpg,validation,locked_confirmation,000000326541
coco-rem,000000326542,/home/felix/fiftyone/coco-2017/validation/data/000000326542.jpg,validation,locked_confirmation,000000326542
coco-rem,000000326627,/home/felix/fiftyone/coco-2017/validation/data/000000326627.jpg,validation,locked_confirmation,000000326627
coco-rem,000000326970,/home/felix/fiftyone/coco-2017/validation/data/000000326970.jpg,validation,locked_confirmation,000000326970
coco-rem,000000327306,/home/felix/fiftyone/coco-2017/validation/data/000000327306.jpg,validation,locked_confirmation,000000327306
coco-rem,000000327592,/home/felix/fiftyone/coco-2017/validation/data/000000327592.jpg,validation,locked_confirmation,000000327592
coco-rem,000000327601,/home/felix/fiftyone/coco-2017/validation/data/000000327601.jpg,validation,locked_confirmation,000000327601
coco-rem,000000327605,/home/felix/fiftyone/coco-2017/validation/data/000000327605.jpg,validation,locked_confirmation,000000327605
coco-rem,000000327617,/home/felix/fiftyone/coco-2017/validation/data/000000327617.jpg,validation,locked_confirmation,000000327617
coco-rem,000000327701,/home/felix/fiftyone/coco-2017/validation/data/000000327701.jpg,validation,locked_confirmation,000000327701
coco-rem,000000327769,/home/felix/fiftyone/coco-2017/validation/data/000000327769.jpg,validation,locked_confirmation,000000327769
coco-rem,000000327780,/home/felix/fiftyone/coco-2017/validation/data/000000327780.jpg,validation,locked_confirmation,000000327780
coco-rem,000000327890,/home/felix/fiftyone/coco-2017/validation/data/000000327890.jpg,validation,locked_confirmation,000000327890
coco-rem,000000328030,/home/felix/fiftyone/coco-2017/validation/data/000000328030.jpg,validation,locked_confirmation,000000328030
coco-rem,000000328117,/home/felix/fiftyone/coco-2017/validation/data/000000328117.jpg,validation,locked_confirmation,000000328117
coco-rem,000000328238,/home/felix/fiftyone/coco-2017/validation/data/000000328238.jpg,validation,locked_confirmation,000000328238
coco-rem,000000328286,/home/felix/fiftyone/coco-2017/validation/data/000000328286.jpg,validation,locked_confirmation,000000328286
coco-rem,000000328337,/home/felix/fiftyone/coco-2017/validation/data/000000328337.jpg,validation,locked_confirmation,000000328337
coco-rem,000000328430,/home/felix/fiftyone/coco-2017/validation/data/000000328430.jpg,validation,locked_confirmation,000000328430
coco-rem,000000328601,/home/felix/fiftyone/coco-2017/validation/data/000000328601.jpg,validation,locked_confirmation,000000328601
coco-rem,000000328683,/home/felix/fiftyone/coco-2017/validation/data/000000328683.jpg,validation,locked_confirmation,000000328683
coco-rem,000000328959,/home/felix/fiftyone/coco-2017/validation/data/000000328959.jpg,validation,locked_confirmation,000000328959
coco-rem,000000329041,/home/felix/fiftyone/coco-2017/validation/data/000000329041.jpg,validation,locked_confirmation,000000329041
coco-rem,000000329080,/home/felix/fiftyone/coco-2017/validation/data/000000329080.jpg,validation,locked_confirmation,000000329080
coco-rem,000000329219,/home/felix/fiftyone/coco-2017/validation/data/000000329219.jpg,validation,locked_confirmation,000000329219
coco-rem,000000329319,/home/felix/fiftyone/coco-2017/validation/data/000000329319.jpg,validation,locked_confirmation,000000329319
coco-rem,000000329323,/home/felix/fiftyone/coco-2017/validation/data/000000329323.jpg,validation,locked_confirmation,000000329323
coco-rem,000000329447,/home/felix/fiftyone/coco-2017/validation/data/000000329447.jpg,validation,locked_confirmation,000000329447
coco-rem,000000329455,/home/felix/fiftyone/coco-2017/validation/data/000000329455.jpg,validation,locked_confirmation,000000329455
coco-rem,000000329456,/home/felix/fiftyone/coco-2017/validation/data/000000329456.jpg,validation,locked_confirmation,000000329456
coco-rem,000000329542,/home/felix/fiftyone/coco-2017/validation/data/000000329542.jpg,validation,locked_confirmation,000000329542
coco-rem,000000329614,/home/felix/fiftyone/coco-2017/validation/data/000000329614.jpg,validation,locked_confirmation,000000329614
coco-rem,000000329827,/home/felix/fiftyone/coco-2017/validation/data/000000329827.jpg,validation,locked_confirmation,000000329827
coco-rem,000000330369,/home/felix/fiftyone/coco-2017/validation/data/000000330369.jpg,validation,locked_confirmation,000000330369
coco-rem,000000330396,/home/felix/fiftyone/coco-2017/validation/data/000000330396.jpg,validation,locked_confirmation,000000330396
coco-rem,000000330554,/home/felix/fiftyone/coco-2017/validation/data/000000330554.jpg,validation,locked_confirmation,000000330554
coco-rem,000000330790,/home/felix/fiftyone/coco-2017/validation/data/000000330790.jpg,validation,locked_confirmation,000000330790
coco-rem,000000330818,/home/felix/fiftyone/coco-2017/validation/data/000000330818.jpg,validation,locked_confirmation,000000330818
coco-rem,000000331075,/home/felix/fiftyone/coco-2017/validation/data/000000331075.jpg,validation,locked_confirmation,000000331075
coco-rem,000000331280,/home/felix/fiftyone/coco-2017/validation/data/000000331280.jpg,validation,locked_confirmation,000000331280
coco-rem,000000331317,/home/felix/fiftyone/coco-2017/validation/data/000000331317.jpg,validation,locked_confirmation,000000331317
coco-rem,000000331352,/home/felix/fiftyone/coco-2017/validation/data/000000331352.jpg,validation,locked_confirmation,000000331352
coco-rem,000000331569,/home/felix/fiftyone/coco-2017/validation/data/000000331569.jpg,validation,locked_confirmation,000000331569
coco-rem,000000331604,/home/felix/fiftyone/coco-2017/validation/data/000000331604.jpg,validation,locked_confirmation,000000331604
coco-rem,000000331799,/home/felix/fiftyone/coco-2017/validation/data/000000331799.jpg,validation,locked_confirmation,000000331799
coco-rem,000000331817,/home/felix/fiftyone/coco-2017/validation/data/000000331817.jpg,validation,locked_confirmation,000000331817
coco-rem,000000332318,/home/felix/fiftyone/coco-2017/validation/data/000000332318.jpg,validation,locked_confirmation,000000332318
coco-rem,000000332351,/home/felix/fiftyone/coco-2017/validation/data/000000332351.jpg,validation,locked_confirmation,000000332351
coco-rem,000000332455,/home/felix/fiftyone/coco-2017/validation/data/000000332455.jpg,validation,locked_confirmation,000000332455
coco-rem,000000332570,/home/felix/fiftyone/coco-2017/validation/data/000000332570.jpg,validation,locked_confirmation,000000332570
coco-rem,000000332845,/home/felix/fiftyone/coco-2017/validation/data/000000332845.jpg,validation,locked_confirmation,000000332845
coco-rem,000000332901,/home/felix/fiftyone/coco-2017/validation/data/000000332901.jpg,validation,locked_confirmation,000000332901
coco-rem,000000333069,/home/felix/fiftyone/coco-2017/validation/data/000000333069.jpg,validation,locked_confirmation,000000333069
coco-rem,000000333237,/home/felix/fiftyone/coco-2017/validation/data/000000333237.jpg,validation,locked_confirmation,000000333237
coco-rem,000000333402,/home/felix/fiftyone/coco-2017/validation/data/000000333402.jpg,validation,locked_confirmation,000000333402
coco-rem,000000333697,/home/felix/fiftyone/coco-2017/validation/data/000000333697.jpg,validation,locked_confirmation,000000333697
coco-rem,000000333745,/home/felix/fiftyone/coco-2017/validation/data/000000333745.jpg,validation,locked_confirmation,000000333745
coco-rem,000000333772,/home/felix/fiftyone/coco-2017/validation/data/000000333772.jpg,validation,locked_confirmation,000000333772
coco-rem,000000333956,/home/felix/fiftyone/coco-2017/validation/data/000000333956.jpg,validation,locked_confirmation,000000333956
coco-rem,000000334006,/home/felix/fiftyone/coco-2017/validation/data/000000334006.jpg,validation,locked_confirmation,000000334006
coco-rem,000000334309,/home/felix/fiftyone/coco-2017/validation/data/000000334309.jpg,validation,locked_confirmation,000000334309
coco-rem,000000334371,/home/felix/fiftyone/coco-2017/validation/data/000000334371.jpg,validation,locked_confirmation,000000334371
coco-rem,000000334399,/home/felix/fiftyone/coco-2017/validation/data/000000334399.jpg,validation,locked_confirmation,000000334399
coco-rem,000000334417,/home/felix/fiftyone/coco-2017/validation/data/000000334417.jpg,validation,locked_confirmation,000000334417
coco-rem,000000334483,/home/felix/fiftyone/coco-2017/validation/data/000000334483.jpg,validation,locked_confirmation,000000334483
coco-rem,000000334521,/home/felix/fiftyone/coco-2017/validation/data/000000334521.jpg,validation,locked_confirmation,000000334521
coco-rem,000000334530,/home/felix/fiftyone/coco-2017/validation/data/000000334530.jpg,validation,locked_confirmation,000000334530
coco-rem,000000334555,/home/felix/fiftyone/coco-2017/validation/data/000000334555.jpg,validation,locked_confirmation,000000334555
coco-rem,000000334719,/home/felix/fiftyone/coco-2017/validation/data/000000334719.jpg,validation,locked_confirmation,000000334719
coco-rem,000000334767,/home/felix/fiftyone/coco-2017/validation/data/000000334767.jpg,validation,locked_confirmation,000000334767
coco-rem,000000334977,/home/felix/fiftyone/coco-2017/validation/data/000000334977.jpg,validation,locked_confirmation,000000334977
coco-rem,000000335081,/home/felix/fiftyone/coco-2017/validation/data/000000335081.jpg,validation,locked_confirmation,000000335081
coco-rem,000000335177,/home/felix/fiftyone/coco-2017/validation/data/000000335177.jpg,validation,locked_confirmation,000000335177
coco-rem,000000335328,/home/felix/fiftyone/coco-2017/validation/data/000000335328.jpg,validation,locked_confirmation,000000335328
coco-rem,000000335427,/home/felix/fiftyone/coco-2017/validation/data/000000335427.jpg,validation,locked_confirmation,000000335427
coco-rem,000000335450,/home/felix/fiftyone/coco-2017/validation/data/000000335450.jpg,validation,locked_confirmation,000000335450
coco-rem,000000335529,/home/felix/fiftyone/coco-2017/validation/data/000000335529.jpg,validation,locked_confirmation,000000335529
coco-rem,000000335658,/home/felix/fiftyone/coco-2017/validation/data/000000335658.jpg,validation,locked_confirmation,000000335658
coco-rem,000000335800,/home/felix/fiftyone/coco-2017/validation/data/000000335800.jpg,validation,locked_confirmation,000000335800
coco-rem,000000335954,/home/felix/fiftyone/coco-2017/validation/data/000000335954.jpg,validation,locked_confirmation,000000335954
coco-rem,000000336053,/home/felix/fiftyone/coco-2017/validation/data/000000336053.jpg,validation,locked_confirmation,000000336053
coco-rem,000000336209,/home/felix/fiftyone/coco-2017/validation/data/000000336209.jpg,validation,locked_confirmation,000000336209
coco-rem,000000336232,/home/felix/fiftyone/coco-2017/validation/data/000000336232.jpg,validation,locked_confirmation,000000336232
coco-rem,000000336265,/home/felix/fiftyone/coco-2017/validation/data/000000336265.jpg,validation,locked_confirmation,000000336265
coco-rem,000000336309,/home/felix/fiftyone/coco-2017/validation/data/000000336309.jpg,validation,locked_confirmation,000000336309
coco-rem,000000336356,/home/felix/fiftyone/coco-2017/validation/data/000000336356.jpg,validation,locked_confirmation,000000336356
coco-rem,000000336587,/home/felix/fiftyone/coco-2017/validation/data/000000336587.jpg,validation,locked_confirmation,000000336587
coco-rem,000000336628,/home/felix/fiftyone/coco-2017/validation/data/000000336628.jpg,validation,locked_confirmation,000000336628
coco-rem,000000336658,/home/felix/fiftyone/coco-2017/validation/data/000000336658.jpg,validation,locked_confirmation,000000336658
coco-rem,000000337055,/home/felix/fiftyone/coco-2017/validation/data/000000337055.jpg,validation,locked_confirmation,000000337055
coco-rem,000000337498,/home/felix/fiftyone/coco-2017/validation/data/000000337498.jpg,validation,locked_confirmation,000000337498
coco-rem,000000337987,/home/felix/fiftyone/coco-2017/validation/data/000000337987.jpg,validation,locked_confirmation,000000337987
coco-rem,000000338191,/home/felix/fiftyone/coco-2017/validation/data/000000338191.jpg,validation,locked_confirmation,000000338191
coco-rem,000000338219,/home/felix/fiftyone/coco-2017/validation/data/000000338219.jpg,validation,locked_confirmation,000000338219
coco-rem,000000338304,/home/felix/fiftyone/coco-2017/validation/data/000000338304.jpg,validation,locked_confirmation,000000338304
coco-rem,000000338325,/home/felix/fiftyone/coco-2017/validation/data/000000338325.jpg,validation,locked_confirmation,000000338325
coco-rem,000000338428,/home/felix/fiftyone/coco-2017/validation/data/000000338428.jpg,validation,locked_confirmation,000000338428
coco-rem,000000338532,/home/felix/fiftyone/coco-2017/validation/data/000000338532.jpg,validation,locked_confirmation,000000338532
coco-rem,000000338560,/home/felix/fiftyone/coco-2017/validation/data/000000338560.jpg,validation,locked_confirmation,000000338560
coco-rem,000000338624,/home/felix/fiftyone/coco-2017/validation/data/000000338624.jpg,validation,locked_confirmation,000000338624
coco-rem,000000338625,/home/felix/fiftyone/coco-2017/validation/data/000000338625.jpg,validation,locked_confirmation,000000338625
coco-rem,000000338718,/home/felix/fiftyone/coco-2017/validation/data/000000338718.jpg,validation,locked_confirmation,000000338718
coco-rem,000000338901,/home/felix/fiftyone/coco-2017/validation/data/000000338901.jpg,validation,locked_confirmation,000000338901
coco-rem,000000338905,/home/felix/fiftyone/coco-2017/validation/data/000000338905.jpg,validation,locked_confirmation,000000338905
coco-rem,000000338986,/home/felix/fiftyone/coco-2017/validation/data/000000338986.jpg,validation,locked_confirmation,000000338986
coco-rem,000000339442,/home/felix/fiftyone/coco-2017/validation/data/000000339442.jpg,validation,locked_confirmation,000000339442
coco-rem,000000339823,/home/felix/fiftyone/coco-2017/validation/data/000000339823.jpg,validation,locked_confirmation,000000339823
coco-rem,000000339870,/home/felix/fiftyone/coco-2017/validation/data/000000339870.jpg,validation,locked_confirmation,000000339870
coco-rem,000000340015,/home/felix/fiftyone/coco-2017/validation/data/000000340015.jpg,validation,locked_confirmation,000000340015
coco-rem,000000340175,/home/felix/fiftyone/coco-2017/validation/data/000000340175.jpg,validation,locked_confirmation,000000340175
coco-rem,000000340272,/home/felix/fiftyone/coco-2017/validation/data/000000340272.jpg,validation,locked_confirmation,000000340272
coco-rem,000000340451,/home/felix/fiftyone/coco-2017/validation/data/000000340451.jpg,validation,locked_confirmation,000000340451
coco-rem,000000340697,/home/felix/fiftyone/coco-2017/validation/data/000000340697.jpg,validation,locked_confirmation,000000340697
coco-rem,000000340894,/home/felix/fiftyone/coco-2017/validation/data/000000340894.jpg,validation,locked_confirmation,000000340894
coco-rem,000000340930,/home/felix/fiftyone/coco-2017/validation/data/000000340930.jpg,validation,locked_confirmation,000000340930
coco-rem,000000341058,/home/felix/fiftyone/coco-2017/validation/data/000000341058.jpg,validation,locked_confirmation,000000341058
coco-rem,000000341094,/home/felix/fiftyone/coco-2017/validation/data/000000341094.jpg,validation,locked_confirmation,000000341094
coco-rem,000000341196,/home/felix/fiftyone/coco-2017/validation/data/000000341196.jpg,validation,locked_confirmation,000000341196
coco-rem,000000341469,/home/felix/fiftyone/coco-2017/validation/data/000000341469.jpg,validation,locked_confirmation,000000341469
coco-rem,000000341681,/home/felix/fiftyone/coco-2017/validation/data/000000341681.jpg,validation,locked_confirmation,000000341681
coco-rem,000000341719,/home/felix/fiftyone/coco-2017/validation/data/000000341719.jpg,validation,locked_confirmation,000000341719
coco-rem,000000341828,/home/felix/fiftyone/coco-2017/validation/data/000000341828.jpg,validation,locked_confirmation,000000341828
coco-rem,000000341921,/home/felix/fiftyone/coco-2017/validation/data/000000341921.jpg,validation,locked_confirmation,000000341921
coco-rem,000000341973,/home/felix/fiftyone/coco-2017/validation/data/000000341973.jpg,validation,locked_confirmation,000000341973
coco-rem,000000342006,/home/felix/fiftyone/coco-2017/validation/data/000000342006.jpg,validation,locked_confirmation,000000342006
coco-rem,000000342128,/home/felix/fiftyone/coco-2017/validation/data/000000342128.jpg,validation,locked_confirmation,000000342128
coco-rem,000000342186,/home/felix/fiftyone/coco-2017/validation/data/000000342186.jpg,validation,locked_confirmation,000000342186
coco-rem,000000342295,/home/felix/fiftyone/coco-2017/validation/data/000000342295.jpg,validation,locked_confirmation,000000342295
coco-rem,000000342367,/home/felix/fiftyone/coco-2017/validation/data/000000342367.jpg,validation,locked_confirmation,000000342367
coco-rem,000000342397,/home/felix/fiftyone/coco-2017/validation/data/000000342397.jpg,validation,locked_confirmation,000000342397
coco-rem,000000342971,/home/felix/fiftyone/coco-2017/validation/data/000000342971.jpg,validation,locked_confirmation,000000342971
coco-rem,000000343076,/home/felix/fiftyone/coco-2017/validation/data/000000343076.jpg,validation,locked_confirmation,000000343076
coco-rem,000000343149,/home/felix/fiftyone/coco-2017/validation/data/000000343149.jpg,validation,locked_confirmation,000000343149
coco-rem,000000343218,/home/felix/fiftyone/coco-2017/validation/data/000000343218.jpg,validation,locked_confirmation,000000343218
coco-rem,000000343315,/home/felix/fiftyone/coco-2017/validation/data/000000343315.jpg,validation,locked_confirmation,000000343315
coco-rem,000000343453,/home/felix/fiftyone/coco-2017/validation/data/000000343453.jpg,validation,locked_confirmation,000000343453
coco-rem,000000343466,/home/felix/fiftyone/coco-2017/validation/data/000000343466.jpg,validation,locked_confirmation,000000343466
coco-rem,000000343496,/home/felix/fiftyone/coco-2017/validation/data/000000343496.jpg,validation,locked_confirmation,000000343496
coco-rem,000000343524,/home/felix/fiftyone/coco-2017/validation/data/000000343524.jpg,validation,locked_confirmation,000000343524
coco-rem,000000343561,/home/felix/fiftyone/coco-2017/validation/data/000000343561.jpg,validation,locked_confirmation,000000343561
coco-rem,000000343706,/home/felix/fiftyone/coco-2017/validation/data/000000343706.jpg,validation,locked_confirmation,000000343706
coco-rem,000000343803,/home/felix/fiftyone/coco-2017/validation/data/000000343803.jpg,validation,locked_confirmation,000000343803
coco-rem,000000343934,/home/felix/fiftyone/coco-2017/validation/data/000000343934.jpg,validation,locked_confirmation,000000343934
coco-rem,000000343937,/home/felix/fiftyone/coco-2017/validation/data/000000343937.jpg,validation,locked_confirmation,000000343937
coco-rem,000000343976,/home/felix/fiftyone/coco-2017/validation/data/000000343976.jpg,validation,locked_confirmation,000000343976
coco-rem,000000344029,/home/felix/fiftyone/coco-2017/validation/data/000000344029.jpg,validation,locked_confirmation,000000344029
coco-rem,000000344059,/home/felix/fiftyone/coco-2017/validation/data/000000344059.jpg,validation,locked_confirmation,000000344059
coco-rem,000000344100,/home/felix/fiftyone/coco-2017/validation/data/000000344100.jpg,validation,locked_confirmation,000000344100
coco-rem,000000344268,/home/felix/fiftyone/coco-2017/validation/data/000000344268.jpg,validation,locked_confirmation,000000344268
coco-rem,000000344611,/home/felix/fiftyone/coco-2017/validation/data/000000344611.jpg,validation,locked_confirmation,000000344611
coco-rem,000000344614,/home/felix/fiftyone/coco-2017/validation/data/000000344614.jpg,validation,locked_confirmation,000000344614
coco-rem,000000344621,/home/felix/fiftyone/coco-2017/validation/data/000000344621.jpg,validation,locked_confirmation,000000344621
coco-rem,000000344795,/home/felix/fiftyone/coco-2017/validation/data/000000344795.jpg,validation,locked_confirmation,000000344795
coco-rem,000000344816,/home/felix/fiftyone/coco-2017/validation/data/000000344816.jpg,validation,locked_confirmation,000000344816
coco-rem,000000344888,/home/felix/fiftyone/coco-2017/validation/data/000000344888.jpg,validation,locked_confirmation,000000344888
coco-rem,000000344909,/home/felix/fiftyone/coco-2017/validation/data/000000344909.jpg,validation,locked_confirmation,000000344909
coco-rem,000000345027,/home/felix/fiftyone/coco-2017/validation/data/000000345027.jpg,validation,locked_confirmation,000000345027
coco-rem,000000345252,/home/felix/fiftyone/coco-2017/validation/data/000000345252.jpg,validation,locked_confirmation,000000345252
coco-rem,000000345261,/home/felix/fiftyone/coco-2017/validation/data/000000345261.jpg,validation,locked_confirmation,000000345261
coco-rem,000000345356,/home/felix/fiftyone/coco-2017/validation/data/000000345356.jpg,validation,locked_confirmation,000000345356
coco-rem,000000345361,/home/felix/fiftyone/coco-2017/validation/data/000000345361.jpg,validation,locked_confirmation,000000345361
coco-rem,000000345385,/home/felix/fiftyone/coco-2017/validation/data/000000345385.jpg,validation,locked_confirmation,000000345385
coco-rem,000000345397,/home/felix/fiftyone/coco-2017/validation/data/000000345397.jpg,validation,locked_confirmation,000000345397
coco-rem,000000345466,/home/felix/fiftyone/coco-2017/validation/data/000000345466.jpg,validation,locked_confirmation,000000345466
coco-rem,000000345469,/home/felix/fiftyone/coco-2017/validation/data/000000345469.jpg,validation,locked_confirmation,000000345469
coco-rem,000000345941,/home/felix/fiftyone/coco-2017/validation/data/000000345941.jpg,validation,locked_confirmation,000000345941
coco-rem,000000346232,/home/felix/fiftyone/coco-2017/validation/data/000000346232.jpg,validation,locked_confirmation,000000346232
coco-rem,000000346638,/home/felix/fiftyone/coco-2017/validation/data/000000346638.jpg,validation,locked_confirmation,000000346638
coco-rem,000000346703,/home/felix/fiftyone/coco-2017/validation/data/000000346703.jpg,validation,locked_confirmation,000000346703
coco-rem,000000346707,/home/felix/fiftyone/coco-2017/validation/data/000000346707.jpg,validation,locked_confirmation,000000346707
coco-rem,000000346905,/home/felix/fiftyone/coco-2017/validation/data/000000346905.jpg,validation,locked_confirmation,000000346905
coco-rem,000000346968,/home/felix/fiftyone/coco-2017/validation/data/000000346968.jpg,validation,locked_confirmation,000000346968
coco-rem,000000347163,/home/felix/fiftyone/coco-2017/validation/data/000000347163.jpg,validation,locked_confirmation,000000347163
coco-rem,000000347174,/home/felix/fiftyone/coco-2017/validation/data/000000347174.jpg,validation,locked_confirmation,000000347174
coco-rem,000000347254,/home/felix/fiftyone/coco-2017/validation/data/000000347254.jpg,validation,locked_confirmation,000000347254
coco-rem,000000347265,/home/felix/fiftyone/coco-2017/validation/data/000000347265.jpg,validation,locked_confirmation,000000347265
coco-rem,000000347335,/home/felix/fiftyone/coco-2017/validation/data/000000347335.jpg,validation,locked_confirmation,000000347335
coco-rem,000000347370,/home/felix/fiftyone/coco-2017/validation/data/000000347370.jpg,validation,locked_confirmation,000000347370
coco-rem,000000347456,/home/felix/fiftyone/coco-2017/validation/data/000000347456.jpg,validation,locked_confirmation,000000347456
coco-rem,000000347544,/home/felix/fiftyone/coco-2017/validation/data/000000347544.jpg,validation,locked_confirmation,000000347544
coco-rem,000000347664,/home/felix/fiftyone/coco-2017/validation/data/000000347664.jpg,validation,locked_confirmation,000000347664
coco-rem,000000347693,/home/felix/fiftyone/coco-2017/validation/data/000000347693.jpg,validation,locked_confirmation,000000347693
coco-rem,000000347930,/home/felix/fiftyone/coco-2017/validation/data/000000347930.jpg,validation,locked_confirmation,000000347930
coco-rem,000000348012,/home/felix/fiftyone/coco-2017/validation/data/000000348012.jpg,validation,locked_confirmation,000000348012
coco-rem,000000348045,/home/felix/fiftyone/coco-2017/validation/data/000000348045.jpg,validation,locked_confirmation,000000348045
coco-rem,000000348216,/home/felix/fiftyone/coco-2017/validation/data/000000348216.jpg,validation,locked_confirmation,000000348216
coco-rem,000000348243,/home/felix/fiftyone/coco-2017/validation/data/000000348243.jpg,validation,locked_confirmation,000000348243
coco-rem,000000348481,/home/felix/fiftyone/coco-2017/validation/data/000000348481.jpg,validation,locked_confirmation,000000348481
coco-rem,000000348488,/home/felix/fiftyone/coco-2017/validation/data/000000348488.jpg,validation,locked_confirmation,000000348488
coco-rem,000000348708,/home/felix/fiftyone/coco-2017/validation/data/000000348708.jpg,validation,locked_confirmation,000000348708
coco-rem,000000348881,/home/felix/fiftyone/coco-2017/validation/data/000000348881.jpg,validation,locked_confirmation,000000348881
coco-rem,000000349152,/home/felix/fiftyone/coco-2017/validation/data/000000349152.jpg,validation,locked_confirmation,000000349152
coco-rem,000000349184,/home/felix/fiftyone/coco-2017/validation/data/000000349184.jpg,validation,locked_confirmation,000000349184
coco-rem,000000349302,/home/felix/fiftyone/coco-2017/validation/data/000000349302.jpg,validation,locked_confirmation,000000349302
coco-rem,000000349480,/home/felix/fiftyone/coco-2017/validation/data/000000349480.jpg,validation,locked_confirmation,000000349480
coco-rem,000000349594,/home/felix/fiftyone/coco-2017/validation/data/000000349594.jpg,validation,locked_confirmation,000000349594
coco-rem,000000349678,/home/felix/fiftyone/coco-2017/validation/data/000000349678.jpg,validation,locked_confirmation,000000349678
coco-rem,000000349837,/home/felix/fiftyone/coco-2017/validation/data/000000349837.jpg,validation,locked_confirmation,000000349837
coco-rem,000000349860,/home/felix/fiftyone/coco-2017/validation/data/000000349860.jpg,validation,locked_confirmation,000000349860
coco-rem,000000350002,/home/felix/fiftyone/coco-2017/validation/data/000000350002.jpg,validation,locked_confirmation,000000350002
coco-rem,000000350003,/home/felix/fiftyone/coco-2017/validation/data/000000350003.jpg,validation,locked_confirmation,000000350003
coco-rem,000000350019,/home/felix/fiftyone/coco-2017/validation/data/000000350019.jpg,validation,locked_confirmation,000000350019
coco-rem,000000350023,/home/felix/fiftyone/coco-2017/validation/data/000000350023.jpg,validation,locked_confirmation,000000350023
coco-rem,000000350054,/home/felix/fiftyone/coco-2017/validation/data/000000350054.jpg,validation,locked_confirmation,000000350054
coco-rem,000000350122,/home/felix/fiftyone/coco-2017/validation/data/000000350122.jpg,validation,locked_confirmation,000000350122
coco-rem,000000350148,/home/felix/fiftyone/coco-2017/validation/data/000000350148.jpg,validation,locked_confirmation,000000350148
coco-rem,000000350388,/home/felix/fiftyone/coco-2017/validation/data/000000350388.jpg,validation,locked_confirmation,000000350388
coco-rem,000000350405,/home/felix/fiftyone/coco-2017/validation/data/000000350405.jpg,validation,locked_confirmation,000000350405
coco-rem,000000350488,/home/felix/fiftyone/coco-2017/validation/data/000000350488.jpg,validation,locked_confirmation,000000350488
coco-rem,000000350607,/home/felix/fiftyone/coco-2017/validation/data/000000350607.jpg,validation,locked_confirmation,000000350607
coco-rem,000000350679,/home/felix/fiftyone/coco-2017/validation/data/000000350679.jpg,validation,locked_confirmation,000000350679
coco-rem,000000350833,/home/felix/fiftyone/coco-2017/validation/data/000000350833.jpg,validation,locked_confirmation,000000350833
coco-rem,000000351096,/home/felix/fiftyone/coco-2017/validation/data/000000351096.jpg,validation,locked_confirmation,000000351096
coco-rem,000000351331,/home/felix/fiftyone/coco-2017/validation/data/000000351331.jpg,validation,locked_confirmation,000000351331
coco-rem,000000351362,/home/felix/fiftyone/coco-2017/validation/data/000000351362.jpg,validation,locked_confirmation,000000351362
coco-rem,000000351530,/home/felix/fiftyone/coco-2017/validation/data/000000351530.jpg,validation,locked_confirmation,000000351530
coco-rem,000000351559,/home/felix/fiftyone/coco-2017/validation/data/000000351559.jpg,validation,locked_confirmation,000000351559
coco-rem,000000351589,/home/felix/fiftyone/coco-2017/validation/data/000000351589.jpg,validation,locked_confirmation,000000351589
coco-rem,000000351609,/home/felix/fiftyone/coco-2017/validation/data/000000351609.jpg,validation,locked_confirmation,000000351609
coco-rem,000000351810,/home/felix/fiftyone/coco-2017/validation/data/000000351810.jpg,validation,locked_confirmation,000000351810
coco-rem,000000351823,/home/felix/fiftyone/coco-2017/validation/data/000000351823.jpg,validation,locked_confirmation,000000351823
coco-rem,000000352491,/home/felix/fiftyone/coco-2017/validation/data/000000352491.jpg,validation,locked_confirmation,000000352491
coco-rem,000000352582,/home/felix/fiftyone/coco-2017/validation/data/000000352582.jpg,validation,locked_confirmation,000000352582
coco-rem,000000352584,/home/felix/fiftyone/coco-2017/validation/data/000000352584.jpg,validation,locked_confirmation,000000352584
coco-rem,000000352618,/home/felix/fiftyone/coco-2017/validation/data/000000352618.jpg,validation,locked_confirmation,000000352618
coco-rem,000000352684,/home/felix/fiftyone/coco-2017/validation/data/000000352684.jpg,validation,locked_confirmation,000000352684
coco-rem,000000352760,/home/felix/fiftyone/coco-2017/validation/data/000000352760.jpg,validation,locked_confirmation,000000352760
coco-rem,000000352900,/home/felix/fiftyone/coco-2017/validation/data/000000352900.jpg,validation,locked_confirmation,000000352900
coco-rem,000000353027,/home/felix/fiftyone/coco-2017/validation/data/000000353027.jpg,validation,locked_confirmation,000000353027
coco-rem,000000353051,/home/felix/fiftyone/coco-2017/validation/data/000000353051.jpg,validation,locked_confirmation,000000353051
coco-rem,000000353096,/home/felix/fiftyone/coco-2017/validation/data/000000353096.jpg,validation,locked_confirmation,000000353096
coco-rem,000000353180,/home/felix/fiftyone/coco-2017/validation/data/000000353180.jpg,validation,locked_confirmation,000000353180
coco-rem,000000353518,/home/felix/fiftyone/coco-2017/validation/data/000000353518.jpg,validation,locked_confirmation,000000353518
coco-rem,000000353970,/home/felix/fiftyone/coco-2017/validation/data/000000353970.jpg,validation,locked_confirmation,000000353970
coco-rem,000000354072,/home/felix/fiftyone/coco-2017/validation/data/000000354072.jpg,validation,locked_confirmation,000000354072
coco-rem,000000354307,/home/felix/fiftyone/coco-2017/validation/data/000000354307.jpg,validation,locked_confirmation,000000354307
coco-rem,000000354547,/home/felix/fiftyone/coco-2017/validation/data/000000354547.jpg,validation,locked_confirmation,000000354547
coco-rem,000000354753,/home/felix/fiftyone/coco-2017/validation/data/000000354753.jpg,validation,locked_confirmation,000000354753
coco-rem,000000354829,/home/felix/fiftyone/coco-2017/validation/data/000000354829.jpg,validation,locked_confirmation,000000354829
coco-rem,000000355169,/home/felix/fiftyone/coco-2017/validation/data/000000355169.jpg,validation,locked_confirmation,000000355169
coco-rem,000000355240,/home/felix/fiftyone/coco-2017/validation/data/000000355240.jpg,validation,locked_confirmation,000000355240
coco-rem,000000355257,/home/felix/fiftyone/coco-2017/validation/data/000000355257.jpg,validation,locked_confirmation,000000355257
coco-rem,000000355325,/home/felix/fiftyone/coco-2017/validation/data/000000355325.jpg,validation,locked_confirmation,000000355325
coco-rem,000000355610,/home/felix/fiftyone/coco-2017/validation/data/000000355610.jpg,validation,locked_confirmation,000000355610
coco-rem,000000355677,/home/felix/fiftyone/coco-2017/validation/data/000000355677.jpg,validation,locked_confirmation,000000355677
coco-rem,000000355817,/home/felix/fiftyone/coco-2017/validation/data/000000355817.jpg,validation,locked_confirmation,000000355817
coco-rem,000000355905,/home/felix/fiftyone/coco-2017/validation/data/000000355905.jpg,validation,locked_confirmation,000000355905
coco-rem,000000356094,/home/felix/fiftyone/coco-2017/validation/data/000000356094.jpg,validation,locked_confirmation,000000356094
coco-rem,000000356125,/home/felix/fiftyone/coco-2017/validation/data/000000356125.jpg,validation,locked_confirmation,000000356125
coco-rem,000000356169,/home/felix/fiftyone/coco-2017/validation/data/000000356169.jpg,validation,locked_confirmation,000000356169
coco-rem,000000356248,/home/felix/fiftyone/coco-2017/validation/data/000000356248.jpg,validation,locked_confirmation,000000356248
coco-rem,000000356261,/home/felix/fiftyone/coco-2017/validation/data/000000356261.jpg,validation,locked_confirmation,000000356261
coco-rem,000000356347,/home/felix/fiftyone/coco-2017/validation/data/000000356347.jpg,validation,locked_confirmation,000000356347
coco-rem,000000356387,/home/felix/fiftyone/coco-2017/validation/data/000000356387.jpg,validation,locked_confirmation,000000356387
coco-rem,000000356424,/home/felix/fiftyone/coco-2017/validation/data/000000356424.jpg,validation,locked_confirmation,000000356424
coco-rem,000000356427,/home/felix/fiftyone/coco-2017/validation/data/000000356427.jpg,validation,locked_confirmation,000000356427
coco-rem,000000356428,/home/felix/fiftyone/coco-2017/validation/data/000000356428.jpg,validation,locked_confirmation,000000356428
coco-rem,000000356432,/home/felix/fiftyone/coco-2017/validation/data/000000356432.jpg,validation,locked_confirmation,000000356432
coco-rem,000000356498,/home/felix/fiftyone/coco-2017/validation/data/000000356498.jpg,validation,locked_confirmation,000000356498
coco-rem,000000356505,/home/felix/fiftyone/coco-2017/validation/data/000000356505.jpg,validation,locked_confirmation,000000356505
coco-rem,000000356531,/home/felix/fiftyone/coco-2017/validation/data/000000356531.jpg,validation,locked_confirmation,000000356531
coco-rem,000000356612,/home/felix/fiftyone/coco-2017/validation/data/000000356612.jpg,validation,locked_confirmation,000000356612
coco-rem,000000356968,/home/felix/fiftyone/coco-2017/validation/data/000000356968.jpg,validation,locked_confirmation,000000356968
coco-rem,000000357060,/home/felix/fiftyone/coco-2017/validation/data/000000357060.jpg,validation,locked_confirmation,000000357060
coco-rem,000000357081,/home/felix/fiftyone/coco-2017/validation/data/000000357081.jpg,validation,locked_confirmation,000000357081
coco-rem,000000357238,/home/felix/fiftyone/coco-2017/validation/data/000000357238.jpg,validation,locked_confirmation,000000357238
coco-rem,000000357430,/home/felix/fiftyone/coco-2017/validation/data/000000357430.jpg,validation,locked_confirmation,000000357430
coco-rem,000000357459,/home/felix/fiftyone/coco-2017/validation/data/000000357459.jpg,validation,locked_confirmation,000000357459
coco-rem,000000357501,/home/felix/fiftyone/coco-2017/validation/data/000000357501.jpg,validation,locked_confirmation,000000357501
coco-rem,000000357567,/home/felix/fiftyone/coco-2017/validation/data/000000357567.jpg,validation,locked_confirmation,000000357567
coco-rem,000000357737,/home/felix/fiftyone/coco-2017/validation/data/000000357737.jpg,validation,locked_confirmation,000000357737
coco-rem,000000357742,/home/felix/fiftyone/coco-2017/validation/data/000000357742.jpg,validation,locked_confirmation,000000357742
coco-rem,000000357748,/home/felix/fiftyone/coco-2017/validation/data/000000357748.jpg,validation,locked_confirmation,000000357748
coco-rem,000000357816,/home/felix/fiftyone/coco-2017/validation/data/000000357816.jpg,validation,locked_confirmation,000000357816
coco-rem,000000357888,/home/felix/fiftyone/coco-2017/validation/data/000000357888.jpg,validation,locked_confirmation,000000357888
coco-rem,000000357903,/home/felix/fiftyone/coco-2017/validation/data/000000357903.jpg,validation,locked_confirmation,000000357903
coco-rem,000000357941,/home/felix/fiftyone/coco-2017/validation/data/000000357941.jpg,validation,locked_confirmation,000000357941
coco-rem,000000357978,/home/felix/fiftyone/coco-2017/validation/data/000000357978.jpg,validation,locked_confirmation,000000357978
coco-rem,000000358195,/home/felix/fiftyone/coco-2017/validation/data/000000358195.jpg,validation,locked_confirmation,000000358195
coco-rem,000000358427,/home/felix/fiftyone/coco-2017/validation/data/000000358427.jpg,validation,locked_confirmation,000000358427
coco-rem,000000358525,/home/felix/fiftyone/coco-2017/validation/data/000000358525.jpg,validation,locked_confirmation,000000358525
coco-rem,000000358923,/home/felix/fiftyone/coco-2017/validation/data/000000358923.jpg,validation,locked_confirmation,000000358923
coco-rem,000000359135,/home/felix/fiftyone/coco-2017/validation/data/000000359135.jpg,validation,locked_confirmation,000000359135
coco-rem,000000359219,/home/felix/fiftyone/coco-2017/validation/data/000000359219.jpg,validation,locked_confirmation,000000359219
coco-rem,000000359540,/home/felix/fiftyone/coco-2017/validation/data/000000359540.jpg,validation,locked_confirmation,000000359540
coco-rem,000000359677,/home/felix/fiftyone/coco-2017/validation/data/000000359677.jpg,validation,locked_confirmation,000000359677
coco-rem,000000359781,/home/felix/fiftyone/coco-2017/validation/data/000000359781.jpg,validation,locked_confirmation,000000359781
coco-rem,000000359833,/home/felix/fiftyone/coco-2017/validation/data/000000359833.jpg,validation,locked_confirmation,000000359833
coco-rem,000000359855,/home/felix/fiftyone/coco-2017/validation/data/000000359855.jpg,validation,locked_confirmation,000000359855
coco-rem,000000359937,/home/felix/fiftyone/coco-2017/validation/data/000000359937.jpg,validation,locked_confirmation,000000359937
coco-rem,000000360097,/home/felix/fiftyone/coco-2017/validation/data/000000360097.jpg,validation,locked_confirmation,000000360097
coco-rem,000000360137,/home/felix/fiftyone/coco-2017/validation/data/000000360137.jpg,validation,locked_confirmation,000000360137
coco-rem,000000360325,/home/felix/fiftyone/coco-2017/validation/data/000000360325.jpg,validation,locked_confirmation,000000360325
coco-rem,000000360393,/home/felix/fiftyone/coco-2017/validation/data/000000360393.jpg,validation,locked_confirmation,000000360393
coco-rem,000000360564,/home/felix/fiftyone/coco-2017/validation/data/000000360564.jpg,validation,locked_confirmation,000000360564
coco-rem,000000360661,/home/felix/fiftyone/coco-2017/validation/data/000000360661.jpg,validation,locked_confirmation,000000360661
coco-rem,000000360943,/home/felix/fiftyone/coco-2017/validation/data/000000360943.jpg,validation,locked_confirmation,000000360943
coco-rem,000000360951,/home/felix/fiftyone/coco-2017/validation/data/000000360951.jpg,validation,locked_confirmation,000000360951
coco-rem,000000360960,/home/felix/fiftyone/coco-2017/validation/data/000000360960.jpg,validation,locked_confirmation,000000360960
coco-rem,000000361103,/home/felix/fiftyone/coco-2017/validation/data/000000361103.jpg,validation,locked_confirmation,000000361103
coco-rem,000000361142,/home/felix/fiftyone/coco-2017/validation/data/000000361142.jpg,validation,locked_confirmation,000000361142
coco-rem,000000361147,/home/felix/fiftyone/coco-2017/validation/data/000000361147.jpg,validation,locked_confirmation,000000361147
coco-rem,000000361180,/home/felix/fiftyone/coco-2017/validation/data/000000361180.jpg,validation,locked_confirmation,000000361180
coco-rem,000000361238,/home/felix/fiftyone/coco-2017/validation/data/000000361238.jpg,validation,locked_confirmation,000000361238
coco-rem,000000361268,/home/felix/fiftyone/coco-2017/validation/data/000000361268.jpg,validation,locked_confirmation,000000361268
coco-rem,000000361506,/home/felix/fiftyone/coco-2017/validation/data/000000361506.jpg,validation,locked_confirmation,000000361506
coco-rem,000000361551,/home/felix/fiftyone/coco-2017/validation/data/000000361551.jpg,validation,locked_confirmation,000000361551
coco-rem,000000361571,/home/felix/fiftyone/coco-2017/validation/data/000000361571.jpg,validation,locked_confirmation,000000361571
coco-rem,000000361586,/home/felix/fiftyone/coco-2017/validation/data/000000361586.jpg,validation,locked_confirmation,000000361586
coco-rem,000000361621,/home/felix/fiftyone/coco-2017/validation/data/000000361621.jpg,validation,locked_confirmation,000000361621
coco-rem,000000361730,/home/felix/fiftyone/coco-2017/validation/data/000000361730.jpg,validation,locked_confirmation,000000361730
coco-rem,000000361919,/home/felix/fiftyone/coco-2017/validation/data/000000361919.jpg,validation,locked_confirmation,000000361919
coco-rem,000000362434,/home/felix/fiftyone/coco-2017/validation/data/000000362434.jpg,validation,locked_confirmation,000000362434
coco-rem,000000362520,/home/felix/fiftyone/coco-2017/validation/data/000000362520.jpg,validation,locked_confirmation,000000362520
coco-rem,000000362682,/home/felix/fiftyone/coco-2017/validation/data/000000362682.jpg,validation,locked_confirmation,000000362682
coco-rem,000000362716,/home/felix/fiftyone/coco-2017/validation/data/000000362716.jpg,validation,locked_confirmation,000000362716
coco-rem,000000363072,/home/felix/fiftyone/coco-2017/validation/data/000000363072.jpg,validation,locked_confirmation,000000363072
coco-rem,000000363188,/home/felix/fiftyone/coco-2017/validation/data/000000363188.jpg,validation,locked_confirmation,000000363188
coco-rem,000000363207,/home/felix/fiftyone/coco-2017/validation/data/000000363207.jpg,validation,locked_confirmation,000000363207
coco-rem,000000363461,/home/felix/fiftyone/coco-2017/validation/data/000000363461.jpg,validation,locked_confirmation,000000363461
coco-rem,000000363666,/home/felix/fiftyone/coco-2017/validation/data/000000363666.jpg,validation,locked_confirmation,000000363666
coco-rem,000000363784,/home/felix/fiftyone/coco-2017/validation/data/000000363784.jpg,validation,locked_confirmation,000000363784
coco-rem,000000363840,/home/felix/fiftyone/coco-2017/validation/data/000000363840.jpg,validation,locked_confirmation,000000363840
coco-rem,000000363875,/home/felix/fiftyone/coco-2017/validation/data/000000363875.jpg,validation,locked_confirmation,000000363875
coco-rem,000000364102,/home/felix/fiftyone/coco-2017/validation/data/000000364102.jpg,validation,locked_confirmation,000000364102
coco-rem,000000364126,/home/felix/fiftyone/coco-2017/validation/data/000000364126.jpg,validation,locked_confirmation,000000364126
coco-rem,000000364166,/home/felix/fiftyone/coco-2017/validation/data/000000364166.jpg,validation,locked_confirmation,000000364166
coco-rem,000000364297,/home/felix/fiftyone/coco-2017/validation/data/000000364297.jpg,validation,locked_confirmation,000000364297
coco-rem,000000364322,/home/felix/fiftyone/coco-2017/validation/data/000000364322.jpg,validation,locked_confirmation,000000364322
coco-rem,000000364557,/home/felix/fiftyone/coco-2017/validation/data/000000364557.jpg,validation,locked_confirmation,000000364557
coco-rem,000000364587,/home/felix/fiftyone/coco-2017/validation/data/000000364587.jpg,validation,locked_confirmation,000000364587
coco-rem,000000364636,/home/felix/fiftyone/coco-2017/validation/data/000000364636.jpg,validation,locked_confirmation,000000364636
coco-rem,000000364884,/home/felix/fiftyone/coco-2017/validation/data/000000364884.jpg,validation,locked_confirmation,000000364884
coco-rem,000000365095,/home/felix/fiftyone/coco-2017/validation/data/000000365095.jpg,validation,locked_confirmation,000000365095
coco-rem,000000365098,/home/felix/fiftyone/coco-2017/validation/data/000000365098.jpg,validation,locked_confirmation,000000365098
coco-rem,000000365207,/home/felix/fiftyone/coco-2017/validation/data/000000365207.jpg,validation,locked_confirmation,000000365207
coco-rem,000000365208,/home/felix/fiftyone/coco-2017/validation/data/000000365208.jpg,validation,locked_confirmation,000000365208
coco-rem,000000365385,/home/felix/fiftyone/coco-2017/validation/data/000000365385.jpg,validation,locked_confirmation,000000365385
coco-rem,000000365387,/home/felix/fiftyone/coco-2017/validation/data/000000365387.jpg,validation,locked_confirmation,000000365387
coco-rem,000000365521,/home/felix/fiftyone/coco-2017/validation/data/000000365521.jpg,validation,locked_confirmation,000000365521
coco-rem,000000365642,/home/felix/fiftyone/coco-2017/validation/data/000000365642.jpg,validation,locked_confirmation,000000365642
coco-rem,000000365655,/home/felix/fiftyone/coco-2017/validation/data/000000365655.jpg,validation,locked_confirmation,000000365655
coco-rem,000000365745,/home/felix/fiftyone/coco-2017/validation/data/000000365745.jpg,validation,locked_confirmation,000000365745
coco-rem,000000365766,/home/felix/fiftyone/coco-2017/validation/data/000000365766.jpg,validation,locked_confirmation,000000365766
coco-rem,000000365886,/home/felix/fiftyone/coco-2017/validation/data/000000365886.jpg,validation,locked_confirmation,000000365886
coco-rem,000000366141,/home/felix/fiftyone/coco-2017/validation/data/000000366141.jpg,validation,locked_confirmation,000000366141
coco-rem,000000366178,/home/felix/fiftyone/coco-2017/validation/data/000000366178.jpg,validation,locked_confirmation,000000366178
coco-rem,000000366199,/home/felix/fiftyone/coco-2017/validation/data/000000366199.jpg,validation,locked_confirmation,000000366199
coco-rem,000000366225,/home/felix/fiftyone/coco-2017/validation/data/000000366225.jpg,validation,locked_confirmation,000000366225
coco-rem,000000366611,/home/felix/fiftyone/coco-2017/validation/data/000000366611.jpg,validation,locked_confirmation,000000366611
coco-rem,000000366711,/home/felix/fiftyone/coco-2017/validation/data/000000366711.jpg,validation,locked_confirmation,000000366711
coco-rem,000000366884,/home/felix/fiftyone/coco-2017/validation/data/000000366884.jpg,validation,locked_confirmation,000000366884
coco-rem,000000367082,/home/felix/fiftyone/coco-2017/validation/data/000000367082.jpg,validation,locked_confirmation,000000367082
coco-rem,000000367095,/home/felix/fiftyone/coco-2017/validation/data/000000367095.jpg,validation,locked_confirmation,000000367095
coco-rem,000000367195,/home/felix/fiftyone/coco-2017/validation/data/000000367195.jpg,validation,locked_confirmation,000000367195
coco-rem,000000367228,/home/felix/fiftyone/coco-2017/validation/data/000000367228.jpg,validation,locked_confirmation,000000367228
coco-rem,000000367386,/home/felix/fiftyone/coco-2017/validation/data/000000367386.jpg,validation,locked_confirmation,000000367386
coco-rem,000000367569,/home/felix/fiftyone/coco-2017/validation/data/000000367569.jpg,validation,locked_confirmation,000000367569
coco-rem,000000367680,/home/felix/fiftyone/coco-2017/validation/data/000000367680.jpg,validation,locked_confirmation,000000367680
coco-rem,000000367818,/home/felix/fiftyone/coco-2017/validation/data/000000367818.jpg,validation,locked_confirmation,000000367818
coco-rem,000000368038,/home/felix/fiftyone/coco-2017/validation/data/000000368038.jpg,validation,locked_confirmation,000000368038
coco-rem,000000368212,/home/felix/fiftyone/coco-2017/validation/data/000000368212.jpg,validation,locked_confirmation,000000368212
coco-rem,000000368294,/home/felix/fiftyone/coco-2017/validation/data/000000368294.jpg,validation,locked_confirmation,000000368294
coco-rem,000000368335,/home/felix/fiftyone/coco-2017/validation/data/000000368335.jpg,validation,locked_confirmation,000000368335
coco-rem,000000368456,/home/felix/fiftyone/coco-2017/validation/data/000000368456.jpg,validation,locked_confirmation,000000368456
coco-rem,000000368684,/home/felix/fiftyone/coco-2017/validation/data/000000368684.jpg,validation,locked_confirmation,000000368684
coco-rem,000000368752,/home/felix/fiftyone/coco-2017/validation/data/000000368752.jpg,validation,locked_confirmation,000000368752
coco-rem,000000368900,/home/felix/fiftyone/coco-2017/validation/data/000000368900.jpg,validation,locked_confirmation,000000368900
coco-rem,000000368940,/home/felix/fiftyone/coco-2017/validation/data/000000368940.jpg,validation,locked_confirmation,000000368940
coco-rem,000000368961,/home/felix/fiftyone/coco-2017/validation/data/000000368961.jpg,validation,locked_confirmation,000000368961
coco-rem,000000368982,/home/felix/fiftyone/coco-2017/validation/data/000000368982.jpg,validation,locked_confirmation,000000368982
coco-rem,000000369037,/home/felix/fiftyone/coco-2017/validation/data/000000369037.jpg,validation,locked_confirmation,000000369037
coco-rem,000000369081,/home/felix/fiftyone/coco-2017/validation/data/000000369081.jpg,validation,locked_confirmation,000000369081
coco-rem,000000369310,/home/felix/fiftyone/coco-2017/validation/data/000000369310.jpg,validation,locked_confirmation,000000369310
coco-rem,000000369323,/home/felix/fiftyone/coco-2017/validation/data/000000369323.jpg,validation,locked_confirmation,000000369323
coco-rem,000000369370,/home/felix/fiftyone/coco-2017/validation/data/000000369370.jpg,validation,locked_confirmation,000000369370
coco-rem,000000369442,/home/felix/fiftyone/coco-2017/validation/data/000000369442.jpg,validation,locked_confirmation,000000369442
coco-rem,000000369503,/home/felix/fiftyone/coco-2017/validation/data/000000369503.jpg,validation,locked_confirmation,000000369503
coco-rem,000000369541,/home/felix/fiftyone/coco-2017/validation/data/000000369541.jpg,validation,locked_confirmation,000000369541
coco-rem,000000369675,/home/felix/fiftyone/coco-2017/validation/data/000000369675.jpg,validation,locked_confirmation,000000369675
coco-rem,000000369751,/home/felix/fiftyone/coco-2017/validation/data/000000369751.jpg,validation,locked_confirmation,000000369751
coco-rem,000000369757,/home/felix/fiftyone/coco-2017/validation/data/000000369757.jpg,validation,locked_confirmation,000000369757
coco-rem,000000369771,/home/felix/fiftyone/coco-2017/validation/data/000000369771.jpg,validation,locked_confirmation,000000369771
coco-rem,000000369812,/home/felix/fiftyone/coco-2017/validation/data/000000369812.jpg,validation,locked_confirmation,000000369812
coco-rem,000000370042,/home/felix/fiftyone/coco-2017/validation/data/000000370042.jpg,validation,locked_confirmation,000000370042
coco-rem,000000370208,/home/felix/fiftyone/coco-2017/validation/data/000000370208.jpg,validation,locked_confirmation,000000370208
coco-rem,000000370270,/home/felix/fiftyone/coco-2017/validation/data/000000370270.jpg,validation,locked_confirmation,000000370270
coco-rem,000000370375,/home/felix/fiftyone/coco-2017/validation/data/000000370375.jpg,validation,locked_confirmation,000000370375
coco-rem,000000370478,/home/felix/fiftyone/coco-2017/validation/data/000000370478.jpg,validation,locked_confirmation,000000370478
coco-rem,000000370486,/home/felix/fiftyone/coco-2017/validation/data/000000370486.jpg,validation,locked_confirmation,000000370486
coco-rem,000000370677,/home/felix/fiftyone/coco-2017/validation/data/000000370677.jpg,validation,locked_confirmation,000000370677
coco-rem,000000370711,/home/felix/fiftyone/coco-2017/validation/data/000000370711.jpg,validation,locked_confirmation,000000370711
coco-rem,000000370813,/home/felix/fiftyone/coco-2017/validation/data/000000370813.jpg,validation,locked_confirmation,000000370813
coco-rem,000000370818,/home/felix/fiftyone/coco-2017/validation/data/000000370818.jpg,validation,locked_confirmation,000000370818
coco-rem,000000370900,/home/felix/fiftyone/coco-2017/validation/data/000000370900.jpg,validation,locked_confirmation,000000370900
coco-rem,000000370999,/home/felix/fiftyone/coco-2017/validation/data/000000370999.jpg,validation,locked_confirmation,000000370999
coco-rem,000000371042,/home/felix/fiftyone/coco-2017/validation/data/000000371042.jpg,validation,locked_confirmation,000000371042
coco-rem,000000371472,/home/felix/fiftyone/coco-2017/validation/data/000000371472.jpg,validation,locked_confirmation,000000371472
coco-rem,000000371529,/home/felix/fiftyone/coco-2017/validation/data/000000371529.jpg,validation,locked_confirmation,000000371529
coco-rem,000000371552,/home/felix/fiftyone/coco-2017/validation/data/000000371552.jpg,validation,locked_confirmation,000000371552
coco-rem,000000371677,/home/felix/fiftyone/coco-2017/validation/data/000000371677.jpg,validation,locked_confirmation,000000371677
coco-rem,000000371699,/home/felix/fiftyone/coco-2017/validation/data/000000371699.jpg,validation,locked_confirmation,000000371699
coco-rem,000000371749,/home/felix/fiftyone/coco-2017/validation/data/000000371749.jpg,validation,locked_confirmation,000000371749
coco-rem,000000372203,/home/felix/fiftyone/coco-2017/validation/data/000000372203.jpg,validation,locked_confirmation,000000372203
coco-rem,000000372260,/home/felix/fiftyone/coco-2017/validation/data/000000372260.jpg,validation,locked_confirmation,000000372260
coco-rem,000000372307,/home/felix/fiftyone/coco-2017/validation/data/000000372307.jpg,validation,locked_confirmation,000000372307
coco-rem,000000372317,/home/felix/fiftyone/coco-2017/validation/data/000000372317.jpg,validation,locked_confirmation,000000372317
coco-rem,000000372349,/home/felix/fiftyone/coco-2017/validation/data/000000372349.jpg,validation,locked_confirmation,000000372349
coco-rem,000000372466,/home/felix/fiftyone/coco-2017/validation/data/000000372466.jpg,validation,locked_confirmation,000000372466
coco-rem,000000372577,/home/felix/fiftyone/coco-2017/validation/data/000000372577.jpg,validation,locked_confirmation,000000372577
coco-rem,000000372718,/home/felix/fiftyone/coco-2017/validation/data/000000372718.jpg,validation,locked_confirmation,000000372718
coco-rem,000000372819,/home/felix/fiftyone/coco-2017/validation/data/000000372819.jpg,validation,locked_confirmation,000000372819
coco-rem,000000373315,/home/felix/fiftyone/coco-2017/validation/data/000000373315.jpg,validation,locked_confirmation,000000373315
coco-rem,000000373353,/home/felix/fiftyone/coco-2017/validation/data/000000373353.jpg,validation,locked_confirmation,000000373353
coco-rem,000000373382,/home/felix/fiftyone/coco-2017/validation/data/000000373382.jpg,validation,locked_confirmation,000000373382
coco-rem,000000373705,/home/felix/fiftyone/coco-2017/validation/data/000000373705.jpg,validation,locked_confirmation,000000373705
coco-rem,000000374052,/home/felix/fiftyone/coco-2017/validation/data/000000374052.jpg,validation,locked_confirmation,000000374052
coco-rem,000000374083,/home/felix/fiftyone/coco-2017/validation/data/000000374083.jpg,validation,locked_confirmation,000000374083
coco-rem,000000374369,/home/felix/fiftyone/coco-2017/validation/data/000000374369.jpg,validation,locked_confirmation,000000374369
coco-rem,000000374545,/home/felix/fiftyone/coco-2017/validation/data/000000374545.jpg,validation,locked_confirmation,000000374545
coco-rem,000000374551,/home/felix/fiftyone/coco-2017/validation/data/000000374551.jpg,validation,locked_confirmation,000000374551
coco-rem,000000374727,/home/felix/fiftyone/coco-2017/validation/data/000000374727.jpg,validation,locked_confirmation,000000374727
coco-rem,000000374982,/home/felix/fiftyone/coco-2017/validation/data/000000374982.jpg,validation,locked_confirmation,000000374982
coco-rem,000000375015,/home/felix/fiftyone/coco-2017/validation/data/000000375015.jpg,validation,locked_confirmation,000000375015
coco-rem,000000375078,/home/felix/fiftyone/coco-2017/validation/data/000000375078.jpg,validation,locked_confirmation,000000375078
coco-rem,000000375278,/home/felix/fiftyone/coco-2017/validation/data/000000375278.jpg,validation,locked_confirmation,000000375278
coco-rem,000000375430,/home/felix/fiftyone/coco-2017/validation/data/000000375430.jpg,validation,locked_confirmation,000000375430
coco-rem,000000375469,/home/felix/fiftyone/coco-2017/validation/data/000000375469.jpg,validation,locked_confirmation,000000375469
coco-rem,000000375493,/home/felix/fiftyone/coco-2017/validation/data/000000375493.jpg,validation,locked_confirmation,000000375493
coco-rem,000000375763,/home/felix/fiftyone/coco-2017/validation/data/000000375763.jpg,validation,locked_confirmation,000000375763
coco-rem,000000376093,/home/felix/fiftyone/coco-2017/validation/data/000000376093.jpg,validation,locked_confirmation,000000376093
coco-rem,000000376112,/home/felix/fiftyone/coco-2017/validation/data/000000376112.jpg,validation,locked_confirmation,000000376112
coco-rem,000000376206,/home/felix/fiftyone/coco-2017/validation/data/000000376206.jpg,validation,locked_confirmation,000000376206
coco-rem,000000376264,/home/felix/fiftyone/coco-2017/validation/data/000000376264.jpg,validation,locked_confirmation,000000376264
coco-rem,000000376278,/home/felix/fiftyone/coco-2017/validation/data/000000376278.jpg,validation,locked_confirmation,000000376278
coco-rem,000000376284,/home/felix/fiftyone/coco-2017/validation/data/000000376284.jpg,validation,locked_confirmation,000000376284
coco-rem,000000376307,/home/felix/fiftyone/coco-2017/validation/data/000000376307.jpg,validation,locked_confirmation,000000376307
coco-rem,000000376310,/home/felix/fiftyone/coco-2017/validation/data/000000376310.jpg,validation,locked_confirmation,000000376310
coco-rem,000000376322,/home/felix/fiftyone/coco-2017/validation/data/000000376322.jpg,validation,locked_confirmation,000000376322
coco-rem,000000376365,/home/felix/fiftyone/coco-2017/validation/data/000000376365.jpg,validation,locked_confirmation,000000376365
coco-rem,000000376442,/home/felix/fiftyone/coco-2017/validation/data/000000376442.jpg,validation,locked_confirmation,000000376442
coco-rem,000000376478,/home/felix/fiftyone/coco-2017/validation/data/000000376478.jpg,validation,locked_confirmation,000000376478
coco-rem,000000376625,/home/felix/fiftyone/coco-2017/validation/data/000000376625.jpg,validation,locked_confirmation,000000376625
coco-rem,000000376856,/home/felix/fiftyone/coco-2017/validation/data/000000376856.jpg,validation,locked_confirmation,000000376856
coco-rem,000000376900,/home/felix/fiftyone/coco-2017/validation/data/000000376900.jpg,validation,locked_confirmation,000000376900
coco-rem,000000377000,/home/felix/fiftyone/coco-2017/validation/data/000000377000.jpg,validation,locked_confirmation,000000377000
coco-rem,000000377113,/home/felix/fiftyone/coco-2017/validation/data/000000377113.jpg,validation,locked_confirmation,000000377113
coco-rem,000000377239,/home/felix/fiftyone/coco-2017/validation/data/000000377239.jpg,validation,locked_confirmation,000000377239
coco-rem,000000377368,/home/felix/fiftyone/coco-2017/validation/data/000000377368.jpg,validation,locked_confirmation,000000377368
coco-rem,000000377393,/home/felix/fiftyone/coco-2017/validation/data/000000377393.jpg,validation,locked_confirmation,000000377393
coco-rem,000000377486,/home/felix/fiftyone/coco-2017/validation/data/000000377486.jpg,validation,locked_confirmation,000000377486
coco-rem,000000377497,/home/felix/fiftyone/coco-2017/validation/data/000000377497.jpg,validation,locked_confirmation,000000377497
coco-rem,000000377575,/home/felix/fiftyone/coco-2017/validation/data/000000377575.jpg,validation,locked_confirmation,000000377575
coco-rem,000000377588,/home/felix/fiftyone/coco-2017/validation/data/000000377588.jpg,validation,locked_confirmation,000000377588
coco-rem,000000377635,/home/felix/fiftyone/coco-2017/validation/data/000000377635.jpg,validation,locked_confirmation,000000377635
coco-rem,000000377670,/home/felix/fiftyone/coco-2017/validation/data/000000377670.jpg,validation,locked_confirmation,000000377670
coco-rem,000000377723,/home/felix/fiftyone/coco-2017/validation/data/000000377723.jpg,validation,locked_confirmation,000000377723
coco-rem,000000377814,/home/felix/fiftyone/coco-2017/validation/data/000000377814.jpg,validation,locked_confirmation,000000377814
coco-rem,000000377882,/home/felix/fiftyone/coco-2017/validation/data/000000377882.jpg,validation,locked_confirmation,000000377882
coco-rem,000000377946,/home/felix/fiftyone/coco-2017/validation/data/000000377946.jpg,validation,locked_confirmation,000000377946
coco-rem,000000378099,/home/felix/fiftyone/coco-2017/validation/data/000000378099.jpg,validation,locked_confirmation,000000378099
coco-rem,000000378116,/home/felix/fiftyone/coco-2017/validation/data/000000378116.jpg,validation,locked_confirmation,000000378116
coco-rem,000000378139,/home/felix/fiftyone/coco-2017/validation/data/000000378139.jpg,validation,locked_confirmation,000000378139
coco-rem,000000378244,/home/felix/fiftyone/coco-2017/validation/data/000000378244.jpg,validation,locked_confirmation,000000378244
coco-rem,000000378284,/home/felix/fiftyone/coco-2017/validation/data/000000378284.jpg,validation,locked_confirmation,000000378284
coco-rem,000000378453,/home/felix/fiftyone/coco-2017/validation/data/000000378453.jpg,validation,locked_confirmation,000000378453
coco-rem,000000378454,/home/felix/fiftyone/coco-2017/validation/data/000000378454.jpg,validation,locked_confirmation,000000378454
coco-rem,000000378515,/home/felix/fiftyone/coco-2017/validation/data/000000378515.jpg,validation,locked_confirmation,000000378515
coco-rem,000000378605,/home/felix/fiftyone/coco-2017/validation/data/000000378605.jpg,validation,locked_confirmation,000000378605
coco-rem,000000378673,/home/felix/fiftyone/coco-2017/validation/data/000000378673.jpg,validation,locked_confirmation,000000378673
coco-rem,000000378873,/home/felix/fiftyone/coco-2017/validation/data/000000378873.jpg,validation,locked_confirmation,000000378873
coco-rem,000000379332,/home/felix/fiftyone/coco-2017/validation/data/000000379332.jpg,validation,locked_confirmation,000000379332
coco-rem,000000379441,/home/felix/fiftyone/coco-2017/validation/data/000000379441.jpg,validation,locked_confirmation,000000379441
coco-rem,000000379453,/home/felix/fiftyone/coco-2017/validation/data/000000379453.jpg,validation,locked_confirmation,000000379453
coco-rem,000000379476,/home/felix/fiftyone/coco-2017/validation/data/000000379476.jpg,validation,locked_confirmation,000000379476
coco-rem,000000379533,/home/felix/fiftyone/coco-2017/validation/data/000000379533.jpg,validation,locked_confirmation,000000379533
coco-rem,000000379800,/home/felix/fiftyone/coco-2017/validation/data/000000379800.jpg,validation,locked_confirmation,000000379800
coco-rem,000000379842,/home/felix/fiftyone/coco-2017/validation/data/000000379842.jpg,validation,locked_confirmation,000000379842
coco-rem,000000380203,/home/felix/fiftyone/coco-2017/validation/data/000000380203.jpg,validation,locked_confirmation,000000380203
coco-rem,000000380706,/home/felix/fiftyone/coco-2017/validation/data/000000380706.jpg,validation,locked_confirmation,000000380706
coco-rem,000000380711,/home/felix/fiftyone/coco-2017/validation/data/000000380711.jpg,validation,locked_confirmation,000000380711
coco-rem,000000380913,/home/felix/fiftyone/coco-2017/validation/data/000000380913.jpg,validation,locked_confirmation,000000380913
coco-rem,000000381360,/home/felix/fiftyone/coco-2017/validation/data/000000381360.jpg,validation,locked_confirmation,000000381360
coco-rem,000000381587,/home/felix/fiftyone/coco-2017/validation/data/000000381587.jpg,validation,locked_confirmation,000000381587
coco-rem,000000381639,/home/felix/fiftyone/coco-2017/validation/data/000000381639.jpg,validation,locked_confirmation,000000381639
coco-rem,000000381971,/home/felix/fiftyone/coco-2017/validation/data/000000381971.jpg,validation,locked_confirmation,000000381971
coco-rem,000000382009,/home/felix/fiftyone/coco-2017/validation/data/000000382009.jpg,validation,locked_confirmation,000000382009
coco-rem,000000382030,/home/felix/fiftyone/coco-2017/validation/data/000000382030.jpg,validation,locked_confirmation,000000382030
coco-rem,000000382088,/home/felix/fiftyone/coco-2017/validation/data/000000382088.jpg,validation,locked_confirmation,000000382088
coco-rem,000000382111,/home/felix/fiftyone/coco-2017/validation/data/000000382111.jpg,validation,locked_confirmation,000000382111
coco-rem,000000382122,/home/felix/fiftyone/coco-2017/validation/data/000000382122.jpg,validation,locked_confirmation,000000382122
coco-rem,000000382125,/home/felix/fiftyone/coco-2017/validation/data/000000382125.jpg,validation,locked_confirmation,000000382125
coco-rem,000000382696,/home/felix/fiftyone/coco-2017/validation/data/000000382696.jpg,validation,locked_confirmation,000000382696
coco-rem,000000382734,/home/felix/fiftyone/coco-2017/validation/data/000000382734.jpg,validation,locked_confirmation,000000382734
coco-rem,000000382743,/home/felix/fiftyone/coco-2017/validation/data/000000382743.jpg,validation,locked_confirmation,000000382743
coco-rem,000000383289,/home/felix/fiftyone/coco-2017/validation/data/000000383289.jpg,validation,locked_confirmation,000000383289
coco-rem,000000383337,/home/felix/fiftyone/coco-2017/validation/data/000000383337.jpg,validation,locked_confirmation,000000383337
coco-rem,000000383339,/home/felix/fiftyone/coco-2017/validation/data/000000383339.jpg,validation,locked_confirmation,000000383339
coco-rem,000000383384,/home/felix/fiftyone/coco-2017/validation/data/000000383384.jpg,validation,locked_confirmation,000000383384
coco-rem,000000383386,/home/felix/fiftyone/coco-2017/validation/data/000000383386.jpg,validation,locked_confirmation,000000383386
coco-rem,000000383443,/home/felix/fiftyone/coco-2017/validation/data/000000383443.jpg,validation,locked_confirmation,000000383443
coco-rem,000000383606,/home/felix/fiftyone/coco-2017/validation/data/000000383606.jpg,validation,locked_confirmation,000000383606
coco-rem,000000383621,/home/felix/fiftyone/coco-2017/validation/data/000000383621.jpg,validation,locked_confirmation,000000383621
coco-rem,000000383676,/home/felix/fiftyone/coco-2017/validation/data/000000383676.jpg,validation,locked_confirmation,000000383676
coco-rem,000000383838,/home/felix/fiftyone/coco-2017/validation/data/000000383838.jpg,validation,locked_confirmation,000000383838
coco-rem,000000383842,/home/felix/fiftyone/coco-2017/validation/data/000000383842.jpg,validation,locked_confirmation,000000383842
coco-rem,000000383921,/home/felix/fiftyone/coco-2017/validation/data/000000383921.jpg,validation,locked_confirmation,000000383921
coco-rem,000000384136,/home/felix/fiftyone/coco-2017/validation/data/000000384136.jpg,validation,locked_confirmation,000000384136
coco-rem,000000384350,/home/felix/fiftyone/coco-2017/validation/data/000000384350.jpg,validation,locked_confirmation,000000384350
coco-rem,000000384468,/home/felix/fiftyone/coco-2017/validation/data/000000384468.jpg,validation,locked_confirmation,000000384468
coco-rem,000000384513,/home/felix/fiftyone/coco-2017/validation/data/000000384513.jpg,validation,locked_confirmation,000000384513
coco-rem,000000384527,/home/felix/fiftyone/coco-2017/validation/data/000000384527.jpg,validation,locked_confirmation,000000384527
coco-rem,000000384616,/home/felix/fiftyone/coco-2017/validation/data/000000384616.jpg,validation,locked_confirmation,000000384616
coco-rem,000000384651,/home/felix/fiftyone/coco-2017/validation/data/000000384651.jpg,validation,locked_confirmation,000000384651
coco-rem,000000384661,/home/felix/fiftyone/coco-2017/validation/data/000000384661.jpg,validation,locked_confirmation,000000384661
coco-rem,000000384666,/home/felix/fiftyone/coco-2017/validation/data/000000384666.jpg,validation,locked_confirmation,000000384666
coco-rem,000000384670,/home/felix/fiftyone/coco-2017/validation/data/000000384670.jpg,validation,locked_confirmation,000000384670
coco-rem,000000384808,/home/felix/fiftyone/coco-2017/validation/data/000000384808.jpg,validation,locked_confirmation,000000384808
coco-rem,000000384850,/home/felix/fiftyone/coco-2017/validation/data/000000384850.jpg,validation,locked_confirmation,000000384850
coco-rem,000000384949,/home/felix/fiftyone/coco-2017/validation/data/000000384949.jpg,validation,locked_confirmation,000000384949
coco-rem,000000385029,/home/felix/fiftyone/coco-2017/validation/data/000000385029.jpg,validation,locked_confirmation,000000385029
coco-rem,000000385190,/home/felix/fiftyone/coco-2017/validation/data/000000385190.jpg,validation,locked_confirmation,000000385190
coco-rem,000000385205,/home/felix/fiftyone/coco-2017/validation/data/000000385205.jpg,validation,locked_confirmation,000000385205
coco-rem,000000385719,/home/felix/fiftyone/coco-2017/validation/data/000000385719.jpg,validation,locked_confirmation,000000385719
coco-rem,000000385997,/home/felix/fiftyone/coco-2017/validation/data/000000385997.jpg,validation,locked_confirmation,000000385997
coco-rem,000000386134,/home/felix/fiftyone/coco-2017/validation/data/000000386134.jpg,validation,locked_confirmation,000000386134
coco-rem,000000386210,/home/felix/fiftyone/coco-2017/validation/data/000000386210.jpg,validation,locked_confirmation,000000386210
coco-rem,000000386277,/home/felix/fiftyone/coco-2017/validation/data/000000386277.jpg,validation,locked_confirmation,000000386277
coco-rem,000000386352,/home/felix/fiftyone/coco-2017/validation/data/000000386352.jpg,validation,locked_confirmation,000000386352
coco-rem,000000386457,/home/felix/fiftyone/coco-2017/validation/data/000000386457.jpg,validation,locked_confirmation,000000386457
coco-rem,000000386879,/home/felix/fiftyone/coco-2017/validation/data/000000386879.jpg,validation,locked_confirmation,000000386879
coco-rem,000000386912,/home/felix/fiftyone/coco-2017/validation/data/000000386912.jpg,validation,locked_confirmation,000000386912
coco-rem,000000387098,/home/felix/fiftyone/coco-2017/validation/data/000000387098.jpg,validation,locked_confirmation,000000387098
coco-rem,000000387148,/home/felix/fiftyone/coco-2017/validation/data/000000387148.jpg,validation,locked_confirmation,000000387148
coco-rem,000000387383,/home/felix/fiftyone/coco-2017/validation/data/000000387383.jpg,validation,locked_confirmation,000000387383
coco-rem,000000387387,/home/felix/fiftyone/coco-2017/validation/data/000000387387.jpg,validation,locked_confirmation,000000387387
coco-rem,000000387916,/home/felix/fiftyone/coco-2017/validation/data/000000387916.jpg,validation,locked_confirmation,000000387916
coco-rem,000000388056,/home/felix/fiftyone/coco-2017/validation/data/000000388056.jpg,validation,locked_confirmation,000000388056
coco-rem,000000388215,/home/felix/fiftyone/coco-2017/validation/data/000000388215.jpg,validation,locked_confirmation,000000388215
coco-rem,000000388258,/home/felix/fiftyone/coco-2017/validation/data/000000388258.jpg,validation,locked_confirmation,000000388258
coco-rem,000000388846,/home/felix/fiftyone/coco-2017/validation/data/000000388846.jpg,validation,locked_confirmation,000000388846
coco-rem,000000388903,/home/felix/fiftyone/coco-2017/validation/data/000000388903.jpg,validation,locked_confirmation,000000388903
coco-rem,000000388927,/home/felix/fiftyone/coco-2017/validation/data/000000388927.jpg,validation,locked_confirmation,000000388927
coco-rem,000000389109,/home/felix/fiftyone/coco-2017/validation/data/000000389109.jpg,validation,locked_confirmation,000000389109
coco-rem,000000389197,/home/felix/fiftyone/coco-2017/validation/data/000000389197.jpg,validation,locked_confirmation,000000389197
coco-rem,000000389315,/home/felix/fiftyone/coco-2017/validation/data/000000389315.jpg,validation,locked_confirmation,000000389315
coco-rem,000000389316,/home/felix/fiftyone/coco-2017/validation/data/000000389316.jpg,validation,locked_confirmation,000000389316
coco-rem,000000389381,/home/felix/fiftyone/coco-2017/validation/data/000000389381.jpg,validation,locked_confirmation,000000389381
coco-rem,000000389451,/home/felix/fiftyone/coco-2017/validation/data/000000389451.jpg,validation,locked_confirmation,000000389451
coco-rem,000000389532,/home/felix/fiftyone/coco-2017/validation/data/000000389532.jpg,validation,locked_confirmation,000000389532
coco-rem,000000389566,/home/felix/fiftyone/coco-2017/validation/data/000000389566.jpg,validation,locked_confirmation,000000389566
coco-rem,000000389684,/home/felix/fiftyone/coco-2017/validation/data/000000389684.jpg,validation,locked_confirmation,000000389684
coco-rem,000000389804,/home/felix/fiftyone/coco-2017/validation/data/000000389804.jpg,validation,locked_confirmation,000000389804
coco-rem,000000389812,/home/felix/fiftyone/coco-2017/validation/data/000000389812.jpg,validation,locked_confirmation,000000389812
coco-rem,000000389933,/home/felix/fiftyone/coco-2017/validation/data/000000389933.jpg,validation,locked_confirmation,000000389933
coco-rem,000000390246,/home/felix/fiftyone/coco-2017/validation/data/000000390246.jpg,validation,locked_confirmation,000000390246
coco-rem,000000390301,/home/felix/fiftyone/coco-2017/validation/data/000000390301.jpg,validation,locked_confirmation,000000390301
coco-rem,000000390555,/home/felix/fiftyone/coco-2017/validation/data/000000390555.jpg,validation,locked_confirmation,000000390555
coco-rem,000000390826,/home/felix/fiftyone/coco-2017/validation/data/000000390826.jpg,validation,locked_confirmation,000000390826
coco-rem,000000390902,/home/felix/fiftyone/coco-2017/validation/data/000000390902.jpg,validation,locked_confirmation,000000390902
coco-rem,000000391140,/home/felix/fiftyone/coco-2017/validation/data/000000391140.jpg,validation,locked_confirmation,000000391140
coco-rem,000000391144,/home/felix/fiftyone/coco-2017/validation/data/000000391144.jpg,validation,locked_confirmation,000000391144
coco-rem,000000391290,/home/felix/fiftyone/coco-2017/validation/data/000000391290.jpg,validation,locked_confirmation,000000391290
coco-rem,000000391375,/home/felix/fiftyone/coco-2017/validation/data/000000391375.jpg,validation,locked_confirmation,000000391375
coco-rem,000000391648,/home/felix/fiftyone/coco-2017/validation/data/000000391648.jpg,validation,locked_confirmation,000000391648
coco-rem,000000391722,/home/felix/fiftyone/coco-2017/validation/data/000000391722.jpg,validation,locked_confirmation,000000391722
coco-rem,000000392228,/home/felix/fiftyone/coco-2017/validation/data/000000392228.jpg,validation,locked_confirmation,000000392228
coco-rem,000000392481,/home/felix/fiftyone/coco-2017/validation/data/000000392481.jpg,validation,locked_confirmation,000000392481
coco-rem,000000392722,/home/felix/fiftyone/coco-2017/validation/data/000000392722.jpg,validation,locked_confirmation,000000392722
coco-rem,000000392818,/home/felix/fiftyone/coco-2017/validation/data/000000392818.jpg,validation,locked_confirmation,000000392818
coco-rem,000000392933,/home/felix/fiftyone/coco-2017/validation/data/000000392933.jpg,validation,locked_confirmation,000000392933
coco-rem,000000393014,/home/felix/fiftyone/coco-2017/validation/data/000000393014.jpg,validation,locked_confirmation,000000393014
coco-rem,000000393056,/home/felix/fiftyone/coco-2017/validation/data/000000393056.jpg,validation,locked_confirmation,000000393056
coco-rem,000000393093,/home/felix/fiftyone/coco-2017/validation/data/000000393093.jpg,validation,locked_confirmation,000000393093
coco-rem,000000393115,/home/felix/fiftyone/coco-2017/validation/data/000000393115.jpg,validation,locked_confirmation,000000393115
coco-rem,000000393226,/home/felix/fiftyone/coco-2017/validation/data/000000393226.jpg,validation,locked_confirmation,000000393226
coco-rem,000000393282,/home/felix/fiftyone/coco-2017/validation/data/000000393282.jpg,validation,locked_confirmation,000000393282
coco-rem,000000393469,/home/felix/fiftyone/coco-2017/validation/data/000000393469.jpg,validation,locked_confirmation,000000393469
coco-rem,000000393569,/home/felix/fiftyone/coco-2017/validation/data/000000393569.jpg,validation,locked_confirmation,000000393569
coco-rem,000000393838,/home/felix/fiftyone/coco-2017/validation/data/000000393838.jpg,validation,locked_confirmation,000000393838
coco-rem,000000394199,/home/felix/fiftyone/coco-2017/validation/data/000000394199.jpg,validation,locked_confirmation,000000394199
coco-rem,000000394206,/home/felix/fiftyone/coco-2017/validation/data/000000394206.jpg,validation,locked_confirmation,000000394206
coco-rem,000000394275,/home/felix/fiftyone/coco-2017/validation/data/000000394275.jpg,validation,locked_confirmation,000000394275
coco-rem,000000394328,/home/felix/fiftyone/coco-2017/validation/data/000000394328.jpg,validation,locked_confirmation,000000394328
coco-rem,000000394510,/home/felix/fiftyone/coco-2017/validation/data/000000394510.jpg,validation,locked_confirmation,000000394510
coco-rem,000000394559,/home/felix/fiftyone/coco-2017/validation/data/000000394559.jpg,validation,locked_confirmation,000000394559
coco-rem,000000394611,/home/felix/fiftyone/coco-2017/validation/data/000000394611.jpg,validation,locked_confirmation,000000394611
coco-rem,000000394677,/home/felix/fiftyone/coco-2017/validation/data/000000394677.jpg,validation,locked_confirmation,000000394677
coco-rem,000000394940,/home/felix/fiftyone/coco-2017/validation/data/000000394940.jpg,validation,locked_confirmation,000000394940
coco-rem,000000395180,/home/felix/fiftyone/coco-2017/validation/data/000000395180.jpg,validation,locked_confirmation,000000395180
coco-rem,000000395343,/home/felix/fiftyone/coco-2017/validation/data/000000395343.jpg,validation,locked_confirmation,000000395343
coco-rem,000000395388,/home/felix/fiftyone/coco-2017/validation/data/000000395388.jpg,validation,locked_confirmation,000000395388
coco-rem,000000395575,/home/felix/fiftyone/coco-2017/validation/data/000000395575.jpg,validation,locked_confirmation,000000395575
coco-rem,000000395633,/home/felix/fiftyone/coco-2017/validation/data/000000395633.jpg,validation,locked_confirmation,000000395633
coco-rem,000000395701,/home/felix/fiftyone/coco-2017/validation/data/000000395701.jpg,validation,locked_confirmation,000000395701
coco-rem,000000395801,/home/felix/fiftyone/coco-2017/validation/data/000000395801.jpg,validation,locked_confirmation,000000395801
coco-rem,000000395903,/home/felix/fiftyone/coco-2017/validation/data/000000395903.jpg,validation,locked_confirmation,000000395903
coco-rem,000000396200,/home/felix/fiftyone/coco-2017/validation/data/000000396200.jpg,validation,locked_confirmation,000000396200
coco-rem,000000396205,/home/felix/fiftyone/coco-2017/validation/data/000000396205.jpg,validation,locked_confirmation,000000396205
coco-rem,000000396274,/home/felix/fiftyone/coco-2017/validation/data/000000396274.jpg,validation,locked_confirmation,000000396274
coco-rem,000000396338,/home/felix/fiftyone/coco-2017/validation/data/000000396338.jpg,validation,locked_confirmation,000000396338
coco-rem,000000396518,/home/felix/fiftyone/coco-2017/validation/data/000000396518.jpg,validation,locked_confirmation,000000396518
coco-rem,000000396526,/home/felix/fiftyone/coco-2017/validation/data/000000396526.jpg,validation,locked_confirmation,000000396526
coco-rem,000000396568,/home/felix/fiftyone/coco-2017/validation/data/000000396568.jpg,validation,locked_confirmation,000000396568
coco-rem,000000396580,/home/felix/fiftyone/coco-2017/validation/data/000000396580.jpg,validation,locked_confirmation,000000396580
coco-rem,000000396729,/home/felix/fiftyone/coco-2017/validation/data/000000396729.jpg,validation,locked_confirmation,000000396729
coco-rem,000000396863,/home/felix/fiftyone/coco-2017/validation/data/000000396863.jpg,validation,locked_confirmation,000000396863
coco-rem,000000396903,/home/felix/fiftyone/coco-2017/validation/data/000000396903.jpg,validation,locked_confirmation,000000396903
coco-rem,000000397133,/home/felix/fiftyone/coco-2017/validation/data/000000397133.jpg,validation,locked_confirmation,000000397133
coco-rem,000000397279,/home/felix/fiftyone/coco-2017/validation/data/000000397279.jpg,validation,locked_confirmation,000000397279
coco-rem,000000397303,/home/felix/fiftyone/coco-2017/validation/data/000000397303.jpg,validation,locked_confirmation,000000397303
coco-rem,000000397327,/home/felix/fiftyone/coco-2017/validation/data/000000397327.jpg,validation,locked_confirmation,000000397327
coco-rem,000000397351,/home/felix/fiftyone/coco-2017/validation/data/000000397351.jpg,validation,locked_confirmation,000000397351
coco-rem,000000397354,/home/felix/fiftyone/coco-2017/validation/data/000000397354.jpg,validation,locked_confirmation,000000397354
coco-rem,000000397639,/home/felix/fiftyone/coco-2017/validation/data/000000397639.jpg,validation,locked_confirmation,000000397639
coco-rem,000000397681,/home/felix/fiftyone/coco-2017/validation/data/000000397681.jpg,validation,locked_confirmation,000000397681
coco-rem,000000398028,/home/felix/fiftyone/coco-2017/validation/data/000000398028.jpg,validation,locked_confirmation,000000398028
coco-rem,000000398203,/home/felix/fiftyone/coco-2017/validation/data/000000398203.jpg,validation,locked_confirmation,000000398203
coco-rem,000000398237,/home/felix/fiftyone/coco-2017/validation/data/000000398237.jpg,validation,locked_confirmation,000000398237
coco-rem,000000398377,/home/felix/fiftyone/coco-2017/validation/data/000000398377.jpg,validation,locked_confirmation,000000398377
coco-rem,000000398438,/home/felix/fiftyone/coco-2017/validation/data/000000398438.jpg,validation,locked_confirmation,000000398438
coco-rem,000000398652,/home/felix/fiftyone/coco-2017/validation/data/000000398652.jpg,validation,locked_confirmation,000000398652
coco-rem,000000398742,/home/felix/fiftyone/coco-2017/validation/data/000000398742.jpg,validation,locked_confirmation,000000398742
coco-rem,000000398810,/home/felix/fiftyone/coco-2017/validation/data/000000398810.jpg,validation,locked_confirmation,000000398810
coco-rem,000000398905,/home/felix/fiftyone/coco-2017/validation/data/000000398905.jpg,validation,locked_confirmation,000000398905
coco-rem,000000399205,/home/felix/fiftyone/coco-2017/validation/data/000000399205.jpg,validation,locked_confirmation,000000399205
coco-rem,000000399296,/home/felix/fiftyone/coco-2017/validation/data/000000399296.jpg,validation,locked_confirmation,000000399296
coco-rem,000000399462,/home/felix/fiftyone/coco-2017/validation/data/000000399462.jpg,validation,locked_confirmation,000000399462
coco-rem,000000399560,/home/felix/fiftyone/coco-2017/validation/data/000000399560.jpg,validation,locked_confirmation,000000399560
coco-rem,000000399655,/home/felix/fiftyone/coco-2017/validation/data/000000399655.jpg,validation,locked_confirmation,000000399655
coco-rem,000000399764,/home/felix/fiftyone/coco-2017/validation/data/000000399764.jpg,validation,locked_confirmation,000000399764
coco-rem,000000400044,/home/felix/fiftyone/coco-2017/validation/data/000000400044.jpg,validation,locked_confirmation,000000400044
coco-rem,000000400082,/home/felix/fiftyone/coco-2017/validation/data/000000400082.jpg,validation,locked_confirmation,000000400082
coco-rem,000000400161,/home/felix/fiftyone/coco-2017/validation/data/000000400161.jpg,validation,locked_confirmation,000000400161
coco-rem,000000400367,/home/felix/fiftyone/coco-2017/validation/data/000000400367.jpg,validation,locked_confirmation,000000400367
coco-rem,000000400573,/home/felix/fiftyone/coco-2017/validation/data/000000400573.jpg,validation,locked_confirmation,000000400573
coco-rem,000000400794,/home/felix/fiftyone/coco-2017/validation/data/000000400794.jpg,validation,locked_confirmation,000000400794
coco-rem,000000400803,/home/felix/fiftyone/coco-2017/validation/data/000000400803.jpg,validation,locked_confirmation,000000400803
coco-rem,000000400815,/home/felix/fiftyone/coco-2017/validation/data/000000400815.jpg,validation,locked_confirmation,000000400815
coco-rem,000000400922,/home/felix/fiftyone/coco-2017/validation/data/000000400922.jpg,validation,locked_confirmation,000000400922
coco-rem,000000401244,/home/felix/fiftyone/coco-2017/validation/data/000000401244.jpg,validation,locked_confirmation,000000401244
coco-rem,000000401250,/home/felix/fiftyone/coco-2017/validation/data/000000401250.jpg,validation,locked_confirmation,000000401250
coco-rem,000000401446,/home/felix/fiftyone/coco-2017/validation/data/000000401446.jpg,validation,locked_confirmation,000000401446
coco-rem,000000401862,/home/felix/fiftyone/coco-2017/validation/data/000000401862.jpg,validation,locked_confirmation,000000401862
coco-rem,000000401991,/home/felix/fiftyone/coco-2017/validation/data/000000401991.jpg,validation,locked_confirmation,000000401991
coco-rem,000000402096,/home/felix/fiftyone/coco-2017/validation/data/000000402096.jpg,validation,locked_confirmation,000000402096
coco-rem,000000402118,/home/felix/fiftyone/coco-2017/validation/data/000000402118.jpg,validation,locked_confirmation,000000402118
coco-rem,000000402334,/home/felix/fiftyone/coco-2017/validation/data/000000402334.jpg,validation,locked_confirmation,000000402334
coco-rem,000000402346,/home/felix/fiftyone/coco-2017/validation/data/000000402346.jpg,validation,locked_confirmation,000000402346
coco-rem,000000402433,/home/felix/fiftyone/coco-2017/validation/data/000000402433.jpg,validation,locked_confirmation,000000402433
coco-rem,000000402473,/home/felix/fiftyone/coco-2017/validation/data/000000402473.jpg,validation,locked_confirmation,000000402473
coco-rem,000000402519,/home/felix/fiftyone/coco-2017/validation/data/000000402519.jpg,validation,locked_confirmation,000000402519
coco-rem,000000402615,/home/felix/fiftyone/coco-2017/validation/data/000000402615.jpg,validation,locked_confirmation,000000402615
coco-rem,000000402720,/home/felix/fiftyone/coco-2017/validation/data/000000402720.jpg,validation,locked_confirmation,000000402720
coco-rem,000000402765,/home/felix/fiftyone/coco-2017/validation/data/000000402765.jpg,validation,locked_confirmation,000000402765
coco-rem,000000402774,/home/felix/fiftyone/coco-2017/validation/data/000000402774.jpg,validation,locked_confirmation,000000402774
coco-rem,000000402783,/home/felix/fiftyone/coco-2017/validation/data/000000402783.jpg,validation,locked_confirmation,000000402783
coco-rem,000000402992,/home/felix/fiftyone/coco-2017/validation/data/000000402992.jpg,validation,locked_confirmation,000000402992
coco-rem,000000403122,/home/felix/fiftyone/coco-2017/validation/data/000000403122.jpg,validation,locked_confirmation,000000403122
coco-rem,000000403353,/home/felix/fiftyone/coco-2017/validation/data/000000403353.jpg,validation,locked_confirmation,000000403353
coco-rem,000000403385,/home/felix/fiftyone/coco-2017/validation/data/000000403385.jpg,validation,locked_confirmation,000000403385
coco-rem,000000403565,/home/felix/fiftyone/coco-2017/validation/data/000000403565.jpg,validation,locked_confirmation,000000403565
coco-rem,000000403584,/home/felix/fiftyone/coco-2017/validation/data/000000403584.jpg,validation,locked_confirmation,000000403584
coco-rem,000000403817,/home/felix/fiftyone/coco-2017/validation/data/000000403817.jpg,validation,locked_confirmation,000000403817
coco-rem,000000404128,/home/felix/fiftyone/coco-2017/validation/data/000000404128.jpg,validation,locked_confirmation,000000404128
coco-rem,000000404191,/home/felix/fiftyone/coco-2017/validation/data/000000404191.jpg,validation,locked_confirmation,000000404191
coco-rem,000000404249,/home/felix/fiftyone/coco-2017/validation/data/000000404249.jpg,validation,locked_confirmation,000000404249
coco-rem,000000404479,/home/felix/fiftyone/coco-2017/validation/data/000000404479.jpg,validation,locked_confirmation,000000404479
coco-rem,000000404484,/home/felix/fiftyone/coco-2017/validation/data/000000404484.jpg,validation,locked_confirmation,000000404484
coco-rem,000000404534,/home/felix/fiftyone/coco-2017/validation/data/000000404534.jpg,validation,locked_confirmation,000000404534
coco-rem,000000404568,/home/felix/fiftyone/coco-2017/validation/data/000000404568.jpg,validation,locked_confirmation,000000404568
coco-rem,000000404601,/home/felix/fiftyone/coco-2017/validation/data/000000404601.jpg,validation,locked_confirmation,000000404601
coco-rem,000000404678,/home/felix/fiftyone/coco-2017/validation/data/000000404678.jpg,validation,locked_confirmation,000000404678
coco-rem,000000404805,/home/felix/fiftyone/coco-2017/validation/data/000000404805.jpg,validation,locked_confirmation,000000404805
coco-rem,000000404839,/home/felix/fiftyone/coco-2017/validation/data/000000404839.jpg,validation,locked_confirmation,000000404839
coco-rem,000000404922,/home/felix/fiftyone/coco-2017/validation/data/000000404922.jpg,validation,locked_confirmation,000000404922
coco-rem,000000404923,/home/felix/fiftyone/coco-2017/validation/data/000000404923.jpg,validation,locked_confirmation,000000404923
coco-rem,000000405195,/home/felix/fiftyone/coco-2017/validation/data/000000405195.jpg,validation,locked_confirmation,000000405195
coco-rem,000000405205,/home/felix/fiftyone/coco-2017/validation/data/000000405205.jpg,validation,locked_confirmation,000000405205
coco-rem,000000405249,/home/felix/fiftyone/coco-2017/validation/data/000000405249.jpg,validation,locked_confirmation,000000405249
coco-rem,000000405279,/home/felix/fiftyone/coco-2017/validation/data/000000405279.jpg,validation,locked_confirmation,000000405279
coco-rem,000000405306,/home/felix/fiftyone/coco-2017/validation/data/000000405306.jpg,validation,locked_confirmation,000000405306
coco-rem,000000405432,/home/felix/fiftyone/coco-2017/validation/data/000000405432.jpg,validation,locked_confirmation,000000405432
coco-rem,000000405691,/home/felix/fiftyone/coco-2017/validation/data/000000405691.jpg,validation,locked_confirmation,000000405691
coco-rem,000000405970,/home/felix/fiftyone/coco-2017/validation/data/000000405970.jpg,validation,locked_confirmation,000000405970
coco-rem,000000405972,/home/felix/fiftyone/coco-2017/validation/data/000000405972.jpg,validation,locked_confirmation,000000405972
coco-rem,000000406129,/home/felix/fiftyone/coco-2017/validation/data/000000406129.jpg,validation,locked_confirmation,000000406129
coco-rem,000000406417,/home/felix/fiftyone/coco-2017/validation/data/000000406417.jpg,validation,locked_confirmation,000000406417
coco-rem,000000406570,/home/felix/fiftyone/coco-2017/validation/data/000000406570.jpg,validation,locked_confirmation,000000406570
coco-rem,000000406611,/home/felix/fiftyone/coco-2017/validation/data/000000406611.jpg,validation,locked_confirmation,000000406611
coco-rem,000000406997,/home/felix/fiftyone/coco-2017/validation/data/000000406997.jpg,validation,locked_confirmation,000000406997
coco-rem,000000407002,/home/felix/fiftyone/coco-2017/validation/data/000000407002.jpg,validation,locked_confirmation,000000407002
coco-rem,000000407083,/home/felix/fiftyone/coco-2017/validation/data/000000407083.jpg,validation,locked_confirmation,000000407083
coco-rem,000000407298,/home/felix/fiftyone/coco-2017/validation/data/000000407298.jpg,validation,locked_confirmation,000000407298
coco-rem,000000407403,/home/felix/fiftyone/coco-2017/validation/data/000000407403.jpg,validation,locked_confirmation,000000407403
coco-rem,000000407518,/home/felix/fiftyone/coco-2017/validation/data/000000407518.jpg,validation,locked_confirmation,000000407518
coco-rem,000000407524,/home/felix/fiftyone/coco-2017/validation/data/000000407524.jpg,validation,locked_confirmation,000000407524
coco-rem,000000407574,/home/felix/fiftyone/coco-2017/validation/data/000000407574.jpg,validation,locked_confirmation,000000407574
coco-rem,000000407614,/home/felix/fiftyone/coco-2017/validation/data/000000407614.jpg,validation,locked_confirmation,000000407614
coco-rem,000000407646,/home/felix/fiftyone/coco-2017/validation/data/000000407646.jpg,validation,locked_confirmation,000000407646
coco-rem,000000407650,/home/felix/fiftyone/coco-2017/validation/data/000000407650.jpg,validation,locked_confirmation,000000407650
coco-rem,000000407825,/home/felix/fiftyone/coco-2017/validation/data/000000407825.jpg,validation,locked_confirmation,000000407825
coco-rem,000000407868,/home/felix/fiftyone/coco-2017/validation/data/000000407868.jpg,validation,locked_confirmation,000000407868
coco-rem,000000407943,/home/felix/fiftyone/coco-2017/validation/data/000000407943.jpg,validation,locked_confirmation,000000407943
coco-rem,000000407960,/home/felix/fiftyone/coco-2017/validation/data/000000407960.jpg,validation,locked_confirmation,000000407960
coco-rem,000000408112,/home/felix/fiftyone/coco-2017/validation/data/000000408112.jpg,validation,locked_confirmation,000000408112
coco-rem,000000408120,/home/felix/fiftyone/coco-2017/validation/data/000000408120.jpg,validation,locked_confirmation,000000408120
coco-rem,000000408696,/home/felix/fiftyone/coco-2017/validation/data/000000408696.jpg,validation,locked_confirmation,000000408696
coco-rem,000000408774,/home/felix/fiftyone/coco-2017/validation/data/000000408774.jpg,validation,locked_confirmation,000000408774
coco-rem,000000408830,/home/felix/fiftyone/coco-2017/validation/data/000000408830.jpg,validation,locked_confirmation,000000408830
coco-rem,000000409198,/home/felix/fiftyone/coco-2017/validation/data/000000409198.jpg,validation,locked_confirmation,000000409198
coco-rem,000000409211,/home/felix/fiftyone/coco-2017/validation/data/000000409211.jpg,validation,locked_confirmation,000000409211
coco-rem,000000409268,/home/felix/fiftyone/coco-2017/validation/data/000000409268.jpg,validation,locked_confirmation,000000409268
coco-rem,000000409358,/home/felix/fiftyone/coco-2017/validation/data/000000409358.jpg,validation,locked_confirmation,000000409358
coco-rem,000000409424,/home/felix/fiftyone/coco-2017/validation/data/000000409424.jpg,validation,locked_confirmation,000000409424
coco-rem,000000409475,/home/felix/fiftyone/coco-2017/validation/data/000000409475.jpg,validation,locked_confirmation,000000409475
coco-rem,000000409542,/home/felix/fiftyone/coco-2017/validation/data/000000409542.jpg,validation,locked_confirmation,000000409542
coco-rem,000000409630,/home/felix/fiftyone/coco-2017/validation/data/000000409630.jpg,validation,locked_confirmation,000000409630
coco-rem,000000409867,/home/felix/fiftyone/coco-2017/validation/data/000000409867.jpg,validation,locked_confirmation,000000409867
coco-rem,000000410221,/home/felix/fiftyone/coco-2017/validation/data/000000410221.jpg,validation,locked_confirmation,000000410221
coco-rem,000000410428,/home/felix/fiftyone/coco-2017/validation/data/000000410428.jpg,validation,locked_confirmation,000000410428
coco-rem,000000410456,/home/felix/fiftyone/coco-2017/validation/data/000000410456.jpg,validation,locked_confirmation,000000410456
coco-rem,000000410487,/home/felix/fiftyone/coco-2017/validation/data/000000410487.jpg,validation,locked_confirmation,000000410487
coco-rem,000000410496,/home/felix/fiftyone/coco-2017/validation/data/000000410496.jpg,validation,locked_confirmation,000000410496
coco-rem,000000410510,/home/felix/fiftyone/coco-2017/validation/data/000000410510.jpg,validation,locked_confirmation,000000410510
coco-rem,000000410612,/home/felix/fiftyone/coco-2017/validation/data/000000410612.jpg,validation,locked_confirmation,000000410612
coco-rem,000000410650,/home/felix/fiftyone/coco-2017/validation/data/000000410650.jpg,validation,locked_confirmation,000000410650
coco-rem,000000410712,/home/felix/fiftyone/coco-2017/validation/data/000000410712.jpg,validation,locked_confirmation,000000410712
coco-rem,000000410735,/home/felix/fiftyone/coco-2017/validation/data/000000410735.jpg,validation,locked_confirmation,000000410735
coco-rem,000000410878,/home/felix/fiftyone/coco-2017/validation/data/000000410878.jpg,validation,locked_confirmation,000000410878
coco-rem,000000410880,/home/felix/fiftyone/coco-2017/validation/data/000000410880.jpg,validation,locked_confirmation,000000410880
coco-rem,000000410934,/home/felix/fiftyone/coco-2017/validation/data/000000410934.jpg,validation,locked_confirmation,000000410934
coco-rem,000000411530,/home/felix/fiftyone/coco-2017/validation/data/000000411530.jpg,validation,locked_confirmation,000000411530
coco-rem,000000411665,/home/felix/fiftyone/coco-2017/validation/data/000000411665.jpg,validation,locked_confirmation,000000411665
coco-rem,000000411754,/home/felix/fiftyone/coco-2017/validation/data/000000411754.jpg,validation,locked_confirmation,000000411754
coco-rem,000000411774,/home/felix/fiftyone/coco-2017/validation/data/000000411774.jpg,validation,locked_confirmation,000000411774
coco-rem,000000411817,/home/felix/fiftyone/coco-2017/validation/data/000000411817.jpg,validation,locked_confirmation,000000411817
coco-rem,000000411938,/home/felix/fiftyone/coco-2017/validation/data/000000411938.jpg,validation,locked_confirmation,000000411938
coco-rem,000000411953,/home/felix/fiftyone/coco-2017/validation/data/000000411953.jpg,validation,locked_confirmation,000000411953
coco-rem,000000412240,/home/felix/fiftyone/coco-2017/validation/data/000000412240.jpg,validation,locked_confirmation,000000412240
coco-rem,000000412286,/home/felix/fiftyone/coco-2017/validation/data/000000412286.jpg,validation,locked_confirmation,000000412286
coco-rem,000000412362,/home/felix/fiftyone/coco-2017/validation/data/000000412362.jpg,validation,locked_confirmation,000000412362
coco-rem,000000412531,/home/felix/fiftyone/coco-2017/validation/data/000000412531.jpg,validation,locked_confirmation,000000412531
coco-rem,000000412887,/home/felix/fiftyone/coco-2017/validation/data/000000412887.jpg,validation,locked_confirmation,000000412887
coco-rem,000000412894,/home/felix/fiftyone/coco-2017/validation/data/000000412894.jpg,validation,locked_confirmation,000000412894
coco-rem,000000413247,/home/felix/fiftyone/coco-2017/validation/data/000000413247.jpg,validation,locked_confirmation,000000413247
coco-rem,000000413395,/home/felix/fiftyone/coco-2017/validation/data/000000413395.jpg,validation,locked_confirmation,000000413395
coco-rem,000000413404,/home/felix/fiftyone/coco-2017/validation/data/000000413404.jpg,validation,locked_confirmation,000000413404
coco-rem,000000413552,/home/felix/fiftyone/coco-2017/validation/data/000000413552.jpg,validation,locked_confirmation,000000413552
coco-rem,000000413689,/home/felix/fiftyone/coco-2017/validation/data/000000413689.jpg,validation,locked_confirmation,000000413689
coco-rem,000000414034,/home/felix/fiftyone/coco-2017/validation/data/000000414034.jpg,validation,locked_confirmation,000000414034
coco-rem,000000414133,/home/felix/fiftyone/coco-2017/validation/data/000000414133.jpg,validation,locked_confirmation,000000414133
coco-rem,000000414170,/home/felix/fiftyone/coco-2017/validation/data/000000414170.jpg,validation,locked_confirmation,000000414170
coco-rem,000000414261,/home/felix/fiftyone/coco-2017/validation/data/000000414261.jpg,validation,locked_confirmation,000000414261
coco-rem,000000414340,/home/felix/fiftyone/coco-2017/validation/data/000000414340.jpg,validation,locked_confirmation,000000414340
coco-rem,000000414385,/home/felix/fiftyone/coco-2017/validation/data/000000414385.jpg,validation,locked_confirmation,000000414385
coco-rem,000000414510,/home/felix/fiftyone/coco-2017/validation/data/000000414510.jpg,validation,locked_confirmation,000000414510
coco-rem,000000414638,/home/felix/fiftyone/coco-2017/validation/data/000000414638.jpg,validation,locked_confirmation,000000414638
coco-rem,000000414673,/home/felix/fiftyone/coco-2017/validation/data/000000414673.jpg,validation,locked_confirmation,000000414673
coco-rem,000000414676,/home/felix/fiftyone/coco-2017/validation/data/000000414676.jpg,validation,locked_confirmation,000000414676
coco-rem,000000414795,/home/felix/fiftyone/coco-2017/validation/data/000000414795.jpg,validation,locked_confirmation,000000414795
coco-rem,000000415194,/home/felix/fiftyone/coco-2017/validation/data/000000415194.jpg,validation,locked_confirmation,000000415194
coco-rem,000000415238,/home/felix/fiftyone/coco-2017/validation/data/000000415238.jpg,validation,locked_confirmation,000000415238
coco-rem,000000415536,/home/felix/fiftyone/coco-2017/validation/data/000000415536.jpg,validation,locked_confirmation,000000415536
coco-rem,000000415716,/home/felix/fiftyone/coco-2017/validation/data/000000415716.jpg,validation,locked_confirmation,000000415716
coco-rem,000000415727,/home/felix/fiftyone/coco-2017/validation/data/000000415727.jpg,validation,locked_confirmation,000000415727
coco-rem,000000415741,/home/felix/fiftyone/coco-2017/validation/data/000000415741.jpg,validation,locked_confirmation,000000415741
coco-rem,000000415748,/home/felix/fiftyone/coco-2017/validation/data/000000415748.jpg,validation,locked_confirmation,000000415748
coco-rem,000000415882,/home/felix/fiftyone/coco-2017/validation/data/000000415882.jpg,validation,locked_confirmation,000000415882
coco-rem,000000415990,/home/felix/fiftyone/coco-2017/validation/data/000000415990.jpg,validation,locked_confirmation,000000415990
coco-rem,000000416104,/home/felix/fiftyone/coco-2017/validation/data/000000416104.jpg,validation,locked_confirmation,000000416104
coco-rem,000000416170,/home/felix/fiftyone/coco-2017/validation/data/000000416170.jpg,validation,locked_confirmation,000000416170
coco-rem,000000416256,/home/felix/fiftyone/coco-2017/validation/data/000000416256.jpg,validation,locked_confirmation,000000416256
coco-rem,000000416269,/home/felix/fiftyone/coco-2017/validation/data/000000416269.jpg,validation,locked_confirmation,000000416269
coco-rem,000000416330,/home/felix/fiftyone/coco-2017/validation/data/000000416330.jpg,validation,locked_confirmation,000000416330
coco-rem,000000416343,/home/felix/fiftyone/coco-2017/validation/data/000000416343.jpg,validation,locked_confirmation,000000416343
coco-rem,000000416451,/home/felix/fiftyone/coco-2017/validation/data/000000416451.jpg,validation,locked_confirmation,000000416451
coco-rem,000000416534,/home/felix/fiftyone/coco-2017/validation/data/000000416534.jpg,validation,locked_confirmation,000000416534
coco-rem,000000416745,/home/felix/fiftyone/coco-2017/validation/data/000000416745.jpg,validation,locked_confirmation,000000416745
coco-rem,000000416758,/home/felix/fiftyone/coco-2017/validation/data/000000416758.jpg,validation,locked_confirmation,000000416758
coco-rem,000000416837,/home/felix/fiftyone/coco-2017/validation/data/000000416837.jpg,validation,locked_confirmation,000000416837
coco-rem,000000416885,/home/felix/fiftyone/coco-2017/validation/data/000000416885.jpg,validation,locked_confirmation,000000416885
coco-rem,000000416991,/home/felix/fiftyone/coco-2017/validation/data/000000416991.jpg,validation,locked_confirmation,000000416991
coco-rem,000000417043,/home/felix/fiftyone/coco-2017/validation/data/000000417043.jpg,validation,locked_confirmation,000000417043
coco-rem,000000417085,/home/felix/fiftyone/coco-2017/validation/data/000000417085.jpg,validation,locked_confirmation,000000417085
coco-rem,000000417249,/home/felix/fiftyone/coco-2017/validation/data/000000417249.jpg,validation,locked_confirmation,000000417249
coco-rem,000000417285,/home/felix/fiftyone/coco-2017/validation/data/000000417285.jpg,validation,locked_confirmation,000000417285
coco-rem,000000417465,/home/felix/fiftyone/coco-2017/validation/data/000000417465.jpg,validation,locked_confirmation,000000417465
coco-rem,000000417608,/home/felix/fiftyone/coco-2017/validation/data/000000417608.jpg,validation,locked_confirmation,000000417608
coco-rem,000000417632,/home/felix/fiftyone/coco-2017/validation/data/000000417632.jpg,validation,locked_confirmation,000000417632
coco-rem,000000417779,/home/felix/fiftyone/coco-2017/validation/data/000000417779.jpg,validation,locked_confirmation,000000417779
coco-rem,000000417876,/home/felix/fiftyone/coco-2017/validation/data/000000417876.jpg,validation,locked_confirmation,000000417876
coco-rem,000000417911,/home/felix/fiftyone/coco-2017/validation/data/000000417911.jpg,validation,locked_confirmation,000000417911
coco-rem,000000418062,/home/felix/fiftyone/coco-2017/validation/data/000000418062.jpg,validation,locked_confirmation,000000418062
coco-rem,000000418281,/home/felix/fiftyone/coco-2017/validation/data/000000418281.jpg,validation,locked_confirmation,000000418281
coco-rem,000000418696,/home/felix/fiftyone/coco-2017/validation/data/000000418696.jpg,validation,locked_confirmation,000000418696
coco-rem,000000418959,/home/felix/fiftyone/coco-2017/validation/data/000000418959.jpg,validation,locked_confirmation,000000418959
coco-rem,000000418961,/home/felix/fiftyone/coco-2017/validation/data/000000418961.jpg,validation,locked_confirmation,000000418961
coco-rem,000000419096,/home/felix/fiftyone/coco-2017/validation/data/000000419096.jpg,validation,locked_confirmation,000000419096
coco-rem,000000419098,/home/felix/fiftyone/coco-2017/validation/data/000000419098.jpg,validation,locked_confirmation,000000419098
coco-rem,000000419201,/home/felix/fiftyone/coco-2017/validation/data/000000419201.jpg,validation,locked_confirmation,000000419201
coco-rem,000000419312,/home/felix/fiftyone/coco-2017/validation/data/000000419312.jpg,validation,locked_confirmation,000000419312
coco-rem,000000419379,/home/felix/fiftyone/coco-2017/validation/data/000000419379.jpg,validation,locked_confirmation,000000419379
coco-rem,000000419408,/home/felix/fiftyone/coco-2017/validation/data/000000419408.jpg,validation,locked_confirmation,000000419408
coco-rem,000000419601,/home/felix/fiftyone/coco-2017/validation/data/000000419601.jpg,validation,locked_confirmation,000000419601
coco-rem,000000419653,/home/felix/fiftyone/coco-2017/validation/data/000000419653.jpg,validation,locked_confirmation,000000419653
coco-rem,000000419882,/home/felix/fiftyone/coco-2017/validation/data/000000419882.jpg,validation,locked_confirmation,000000419882
coco-rem,000000419974,/home/felix/fiftyone/coco-2017/validation/data/000000419974.jpg,validation,locked_confirmation,000000419974
coco-rem,000000420069,/home/felix/fiftyone/coco-2017/validation/data/000000420069.jpg,validation,locked_confirmation,000000420069
coco-rem,000000420230,/home/felix/fiftyone/coco-2017/validation/data/000000420230.jpg,validation,locked_confirmation,000000420230
coco-rem,000000420281,/home/felix/fiftyone/coco-2017/validation/data/000000420281.jpg,validation,locked_confirmation,000000420281
coco-rem,000000420472,/home/felix/fiftyone/coco-2017/validation/data/000000420472.jpg,validation,locked_confirmation,000000420472
coco-rem,000000420840,/home/felix/fiftyone/coco-2017/validation/data/000000420840.jpg,validation,locked_confirmation,000000420840
coco-rem,000000420916,/home/felix/fiftyone/coco-2017/validation/data/000000420916.jpg,validation,locked_confirmation,000000420916
coco-rem,000000421060,/home/felix/fiftyone/coco-2017/validation/data/000000421060.jpg,validation,locked_confirmation,000000421060
coco-rem,000000421455,/home/felix/fiftyone/coco-2017/validation/data/000000421455.jpg,validation,locked_confirmation,000000421455
coco-rem,000000421757,/home/felix/fiftyone/coco-2017/validation/data/000000421757.jpg,validation,locked_confirmation,000000421757
coco-rem,000000421834,/home/felix/fiftyone/coco-2017/validation/data/000000421834.jpg,validation,locked_confirmation,000000421834
coco-rem,000000421923,/home/felix/fiftyone/coco-2017/validation/data/000000421923.jpg,validation,locked_confirmation,000000421923
coco-rem,000000422670,/home/felix/fiftyone/coco-2017/validation/data/000000422670.jpg,validation,locked_confirmation,000000422670
coco-rem,000000422706,/home/felix/fiftyone/coco-2017/validation/data/000000422706.jpg,validation,locked_confirmation,000000422706
coco-rem,000000422836,/home/felix/fiftyone/coco-2017/validation/data/000000422836.jpg,validation,locked_confirmation,000000422836
coco-rem,000000422886,/home/felix/fiftyone/coco-2017/validation/data/000000422886.jpg,validation,locked_confirmation,000000422886
coco-rem,000000422998,/home/felix/fiftyone/coco-2017/validation/data/000000422998.jpg,validation,locked_confirmation,000000422998
coco-rem,000000423104,/home/felix/fiftyone/coco-2017/validation/data/000000423104.jpg,validation,locked_confirmation,000000423104
coco-rem,000000423123,/home/felix/fiftyone/coco-2017/validation/data/000000423123.jpg,validation,locked_confirmation,000000423123
coco-rem,000000423229,/home/felix/fiftyone/coco-2017/validation/data/000000423229.jpg,validation,locked_confirmation,000000423229
coco-rem,000000423506,/home/felix/fiftyone/coco-2017/validation/data/000000423506.jpg,validation,locked_confirmation,000000423506
coco-rem,000000423519,/home/felix/fiftyone/coco-2017/validation/data/000000423519.jpg,validation,locked_confirmation,000000423519
coco-rem,000000423617,/home/felix/fiftyone/coco-2017/validation/data/000000423617.jpg,validation,locked_confirmation,000000423617
coco-rem,000000423798,/home/felix/fiftyone/coco-2017/validation/data/000000423798.jpg,validation,locked_confirmation,000000423798
coco-rem,000000423944,/home/felix/fiftyone/coco-2017/validation/data/000000423944.jpg,validation,locked_confirmation,000000423944
coco-rem,000000423971,/home/felix/fiftyone/coco-2017/validation/data/000000423971.jpg,validation,locked_confirmation,000000423971
coco-rem,000000424135,/home/felix/fiftyone/coco-2017/validation/data/000000424135.jpg,validation,locked_confirmation,000000424135
coco-rem,000000424162,/home/felix/fiftyone/coco-2017/validation/data/000000424162.jpg,validation,locked_confirmation,000000424162
coco-rem,000000424349,/home/felix/fiftyone/coco-2017/validation/data/000000424349.jpg,validation,locked_confirmation,000000424349
coco-rem,000000424521,/home/felix/fiftyone/coco-2017/validation/data/000000424521.jpg,validation,locked_confirmation,000000424521
coco-rem,000000424545,/home/felix/fiftyone/coco-2017/validation/data/000000424545.jpg,validation,locked_confirmation,000000424545
coco-rem,000000424551,/home/felix/fiftyone/coco-2017/validation/data/000000424551.jpg,validation,locked_confirmation,000000424551
coco-rem,000000424642,/home/felix/fiftyone/coco-2017/validation/data/000000424642.jpg,validation,locked_confirmation,000000424642
coco-rem,000000424721,/home/felix/fiftyone/coco-2017/validation/data/000000424721.jpg,validation,locked_confirmation,000000424721
coco-rem,000000424776,/home/felix/fiftyone/coco-2017/validation/data/000000424776.jpg,validation,locked_confirmation,000000424776
coco-rem,000000424975,/home/felix/fiftyone/coco-2017/validation/data/000000424975.jpg,validation,locked_confirmation,000000424975
coco-rem,000000425221,/home/felix/fiftyone/coco-2017/validation/data/000000425221.jpg,validation,locked_confirmation,000000425221
coco-rem,000000425226,/home/felix/fiftyone/coco-2017/validation/data/000000425226.jpg,validation,locked_confirmation,000000425226
coco-rem,000000425227,/home/felix/fiftyone/coco-2017/validation/data/000000425227.jpg,validation,locked_confirmation,000000425227
coco-rem,000000425361,/home/felix/fiftyone/coco-2017/validation/data/000000425361.jpg,validation,locked_confirmation,000000425361
coco-rem,000000425390,/home/felix/fiftyone/coco-2017/validation/data/000000425390.jpg,validation,locked_confirmation,000000425390
coco-rem,000000425702,/home/felix/fiftyone/coco-2017/validation/data/000000425702.jpg,validation,locked_confirmation,000000425702
coco-rem,000000425906,/home/felix/fiftyone/coco-2017/validation/data/000000425906.jpg,validation,locked_confirmation,000000425906
coco-rem,000000425925,/home/felix/fiftyone/coco-2017/validation/data/000000425925.jpg,validation,locked_confirmation,000000425925
coco-rem,000000426166,/home/felix/fiftyone/coco-2017/validation/data/000000426166.jpg,validation,locked_confirmation,000000426166
coco-rem,000000426203,/home/felix/fiftyone/coco-2017/validation/data/000000426203.jpg,validation,locked_confirmation,000000426203
coco-rem,000000426241,/home/felix/fiftyone/coco-2017/validation/data/000000426241.jpg,validation,locked_confirmation,000000426241
coco-rem,000000426253,/home/felix/fiftyone/coco-2017/validation/data/000000426253.jpg,validation,locked_confirmation,000000426253
coco-rem,000000426268,/home/felix/fiftyone/coco-2017/validation/data/000000426268.jpg,validation,locked_confirmation,000000426268
coco-rem,000000426297,/home/felix/fiftyone/coco-2017/validation/data/000000426297.jpg,validation,locked_confirmation,000000426297
coco-rem,000000426329,/home/felix/fiftyone/coco-2017/validation/data/000000426329.jpg,validation,locked_confirmation,000000426329
coco-rem,000000426372,/home/felix/fiftyone/coco-2017/validation/data/000000426372.jpg,validation,locked_confirmation,000000426372
coco-rem,000000426376,/home/felix/fiftyone/coco-2017/validation/data/000000426376.jpg,validation,locked_confirmation,000000426376
coco-rem,000000426795,/home/felix/fiftyone/coco-2017/validation/data/000000426795.jpg,validation,locked_confirmation,000000426795
coco-rem,000000426836,/home/felix/fiftyone/coco-2017/validation/data/000000426836.jpg,validation,locked_confirmation,000000426836
coco-rem,000000427034,/home/felix/fiftyone/coco-2017/validation/data/000000427034.jpg,validation,locked_confirmation,000000427034
coco-rem,000000427055,/home/felix/fiftyone/coco-2017/validation/data/000000427055.jpg,validation,locked_confirmation,000000427055
coco-rem,000000427077,/home/felix/fiftyone/coco-2017/validation/data/000000427077.jpg,validation,locked_confirmation,000000427077
coco-rem,000000427160,/home/felix/fiftyone/coco-2017/validation/data/000000427160.jpg,validation,locked_confirmation,000000427160
coco-rem,000000427256,/home/felix/fiftyone/coco-2017/validation/data/000000427256.jpg,validation,locked_confirmation,000000427256
coco-rem,000000427338,/home/felix/fiftyone/coco-2017/validation/data/000000427338.jpg,validation,locked_confirmation,000000427338
coco-rem,000000427500,/home/felix/fiftyone/coco-2017/validation/data/000000427500.jpg,validation,locked_confirmation,000000427500
coco-rem,000000427649,/home/felix/fiftyone/coco-2017/validation/data/000000427649.jpg,validation,locked_confirmation,000000427649
coco-rem,000000427655,/home/felix/fiftyone/coco-2017/validation/data/000000427655.jpg,validation,locked_confirmation,000000427655
coco-rem,000000427997,/home/felix/fiftyone/coco-2017/validation/data/000000427997.jpg,validation,locked_confirmation,000000427997
coco-rem,000000428111,/home/felix/fiftyone/coco-2017/validation/data/000000428111.jpg,validation,locked_confirmation,000000428111
coco-rem,000000428218,/home/felix/fiftyone/coco-2017/validation/data/000000428218.jpg,validation,locked_confirmation,000000428218
coco-rem,000000428280,/home/felix/fiftyone/coco-2017/validation/data/000000428280.jpg,validation,locked_confirmation,000000428280
coco-rem,000000428454,/home/felix/fiftyone/coco-2017/validation/data/000000428454.jpg,validation,locked_confirmation,000000428454
coco-rem,000000428562,/home/felix/fiftyone/coco-2017/validation/data/000000428562.jpg,validation,locked_confirmation,000000428562
coco-rem,000000428867,/home/felix/fiftyone/coco-2017/validation/data/000000428867.jpg,validation,locked_confirmation,000000428867
coco-rem,000000429011,/home/felix/fiftyone/coco-2017/validation/data/000000429011.jpg,validation,locked_confirmation,000000429011
coco-rem,000000429109,/home/felix/fiftyone/coco-2017/validation/data/000000429109.jpg,validation,locked_confirmation,000000429109
coco-rem,000000429281,/home/felix/fiftyone/coco-2017/validation/data/000000429281.jpg,validation,locked_confirmation,000000429281
coco-rem,000000429530,/home/felix/fiftyone/coco-2017/validation/data/000000429530.jpg,validation,locked_confirmation,000000429530
coco-rem,000000429598,/home/felix/fiftyone/coco-2017/validation/data/000000429598.jpg,validation,locked_confirmation,000000429598
coco-rem,000000429623,/home/felix/fiftyone/coco-2017/validation/data/000000429623.jpg,validation,locked_confirmation,000000429623
coco-rem,000000429690,/home/felix/fiftyone/coco-2017/validation/data/000000429690.jpg,validation,locked_confirmation,000000429690
coco-rem,000000429718,/home/felix/fiftyone/coco-2017/validation/data/000000429718.jpg,validation,locked_confirmation,000000429718
coco-rem,000000429761,/home/felix/fiftyone/coco-2017/validation/data/000000429761.jpg,validation,locked_confirmation,000000429761
coco-rem,000000430048,/home/felix/fiftyone/coco-2017/validation/data/000000430048.jpg,validation,locked_confirmation,000000430048
coco-rem,000000430056,/home/felix/fiftyone/coco-2017/validation/data/000000430056.jpg,validation,locked_confirmation,000000430056
coco-rem,000000430073,/home/felix/fiftyone/coco-2017/validation/data/000000430073.jpg,validation,locked_confirmation,000000430073
coco-rem,000000430286,/home/felix/fiftyone/coco-2017/validation/data/000000430286.jpg,validation,locked_confirmation,000000430286
coco-rem,000000430377,/home/felix/fiftyone/coco-2017/validation/data/000000430377.jpg,validation,locked_confirmation,000000430377
coco-rem,000000430871,/home/felix/fiftyone/coco-2017/validation/data/000000430871.jpg,validation,locked_confirmation,000000430871
coco-rem,000000430875,/home/felix/fiftyone/coco-2017/validation/data/000000430875.jpg,validation,locked_confirmation,000000430875
coco-rem,000000430961,/home/felix/fiftyone/coco-2017/validation/data/000000430961.jpg,validation,locked_confirmation,000000430961
coco-rem,000000430973,/home/felix/fiftyone/coco-2017/validation/data/000000430973.jpg,validation,locked_confirmation,000000430973
coco-rem,000000431140,/home/felix/fiftyone/coco-2017/validation/data/000000431140.jpg,validation,locked_confirmation,000000431140
coco-rem,000000431545,/home/felix/fiftyone/coco-2017/validation/data/000000431545.jpg,validation,locked_confirmation,000000431545
coco-rem,000000431568,/home/felix/fiftyone/coco-2017/validation/data/000000431568.jpg,validation,locked_confirmation,000000431568
coco-rem,000000431693,/home/felix/fiftyone/coco-2017/validation/data/000000431693.jpg,validation,locked_confirmation,000000431693
coco-rem,000000431727,/home/felix/fiftyone/coco-2017/validation/data/000000431727.jpg,validation,locked_confirmation,000000431727
coco-rem,000000431848,/home/felix/fiftyone/coco-2017/validation/data/000000431848.jpg,validation,locked_confirmation,000000431848
coco-rem,000000431876,/home/felix/fiftyone/coco-2017/validation/data/000000431876.jpg,validation,locked_confirmation,000000431876
coco-rem,000000431896,/home/felix/fiftyone/coco-2017/validation/data/000000431896.jpg,validation,locked_confirmation,000000431896
coco-rem,000000432085,/home/felix/fiftyone/coco-2017/validation/data/000000432085.jpg,validation,locked_confirmation,000000432085
coco-rem,000000432468,/home/felix/fiftyone/coco-2017/validation/data/000000432468.jpg,validation,locked_confirmation,000000432468
coco-rem,000000432553,/home/felix/fiftyone/coco-2017/validation/data/000000432553.jpg,validation,locked_confirmation,000000432553
coco-rem,000000432898,/home/felix/fiftyone/coco-2017/validation/data/000000432898.jpg,validation,locked_confirmation,000000432898
coco-rem,000000433103,/home/felix/fiftyone/coco-2017/validation/data/000000433103.jpg,validation,locked_confirmation,000000433103
coco-rem,000000433134,/home/felix/fiftyone/coco-2017/validation/data/000000433134.jpg,validation,locked_confirmation,000000433134
coco-rem,000000433192,/home/felix/fiftyone/coco-2017/validation/data/000000433192.jpg,validation,locked_confirmation,000000433192
coco-rem,000000433204,/home/felix/fiftyone/coco-2017/validation/data/000000433204.jpg,validation,locked_confirmation,000000433204
coco-rem,000000433243,/home/felix/fiftyone/coco-2017/validation/data/000000433243.jpg,validation,locked_confirmation,000000433243
coco-rem,000000433374,/home/felix/fiftyone/coco-2017/validation/data/000000433374.jpg,validation,locked_confirmation,000000433374
coco-rem,000000433515,/home/felix/fiftyone/coco-2017/validation/data/000000433515.jpg,validation,locked_confirmation,000000433515
coco-rem,000000433774,/home/felix/fiftyone/coco-2017/validation/data/000000433774.jpg,validation,locked_confirmation,000000433774
coco-rem,000000433915,/home/felix/fiftyone/coco-2017/validation/data/000000433915.jpg,validation,locked_confirmation,000000433915
coco-rem,000000433980,/home/felix/fiftyone/coco-2017/validation/data/000000433980.jpg,validation,locked_confirmation,000000433980
coco-rem,000000434204,/home/felix/fiftyone/coco-2017/validation/data/000000434204.jpg,validation,locked_confirmation,000000434204
coco-rem,000000434230,/home/felix/fiftyone/coco-2017/validation/data/000000434230.jpg,validation,locked_confirmation,000000434230
coco-rem,000000434247,/home/felix/fiftyone/coco-2017/validation/data/000000434247.jpg,validation,locked_confirmation,000000434247
coco-rem,000000434297,/home/felix/fiftyone/coco-2017/validation/data/000000434297.jpg,validation,locked_confirmation,000000434297
coco-rem,000000434459,/home/felix/fiftyone/coco-2017/validation/data/000000434459.jpg,validation,locked_confirmation,000000434459
coco-rem,000000434479,/home/felix/fiftyone/coco-2017/validation/data/000000434479.jpg,validation,locked_confirmation,000000434479
coco-rem,000000434548,/home/felix/fiftyone/coco-2017/validation/data/000000434548.jpg,validation,locked_confirmation,000000434548
coco-rem,000000434996,/home/felix/fiftyone/coco-2017/validation/data/000000434996.jpg,validation,locked_confirmation,000000434996
coco-rem,000000435003,/home/felix/fiftyone/coco-2017/validation/data/000000435003.jpg,validation,locked_confirmation,000000435003
coco-rem,000000435081,/home/felix/fiftyone/coco-2017/validation/data/000000435081.jpg,validation,locked_confirmation,000000435081
coco-rem,000000435205,/home/felix/fiftyone/coco-2017/validation/data/000000435205.jpg,validation,locked_confirmation,000000435205
coco-rem,000000435206,/home/felix/fiftyone/coco-2017/validation/data/000000435206.jpg,validation,locked_confirmation,000000435206
coco-rem,000000435208,/home/felix/fiftyone/coco-2017/validation/data/000000435208.jpg,validation,locked_confirmation,000000435208
coco-rem,000000435299,/home/felix/fiftyone/coco-2017/validation/data/000000435299.jpg,validation,locked_confirmation,000000435299
coco-rem,000000435880,/home/felix/fiftyone/coco-2017/validation/data/000000435880.jpg,validation,locked_confirmation,000000435880
coco-rem,000000436315,/home/felix/fiftyone/coco-2017/validation/data/000000436315.jpg,validation,locked_confirmation,000000436315
coco-rem,000000436551,/home/felix/fiftyone/coco-2017/validation/data/000000436551.jpg,validation,locked_confirmation,000000436551
coco-rem,000000436617,/home/felix/fiftyone/coco-2017/validation/data/000000436617.jpg,validation,locked_confirmation,000000436617
coco-rem,000000436738,/home/felix/fiftyone/coco-2017/validation/data/000000436738.jpg,validation,locked_confirmation,000000436738
coco-rem,000000436883,/home/felix/fiftyone/coco-2017/validation/data/000000436883.jpg,validation,locked_confirmation,000000436883
coco-rem,000000437110,/home/felix/fiftyone/coco-2017/validation/data/000000437110.jpg,validation,locked_confirmation,000000437110
coco-rem,000000437205,/home/felix/fiftyone/coco-2017/validation/data/000000437205.jpg,validation,locked_confirmation,000000437205
coco-rem,000000437239,/home/felix/fiftyone/coco-2017/validation/data/000000437239.jpg,validation,locked_confirmation,000000437239
coco-rem,000000437331,/home/felix/fiftyone/coco-2017/validation/data/000000437331.jpg,validation,locked_confirmation,000000437331
coco-rem,000000437351,/home/felix/fiftyone/coco-2017/validation/data/000000437351.jpg,validation,locked_confirmation,000000437351
coco-rem,000000437392,/home/felix/fiftyone/coco-2017/validation/data/000000437392.jpg,validation,locked_confirmation,000000437392
coco-rem,000000437514,/home/felix/fiftyone/coco-2017/validation/data/000000437514.jpg,validation,locked_confirmation,000000437514
coco-rem,000000437898,/home/felix/fiftyone/coco-2017/validation/data/000000437898.jpg,validation,locked_confirmation,000000437898
coco-rem,000000438017,/home/felix/fiftyone/coco-2017/validation/data/000000438017.jpg,validation,locked_confirmation,000000438017
coco-rem,000000438226,/home/felix/fiftyone/coco-2017/validation/data/000000438226.jpg,validation,locked_confirmation,000000438226
coco-rem,000000438269,/home/felix/fiftyone/coco-2017/validation/data/000000438269.jpg,validation,locked_confirmation,000000438269
coco-rem,000000438304,/home/felix/fiftyone/coco-2017/validation/data/000000438304.jpg,validation,locked_confirmation,000000438304
coco-rem,000000438774,/home/felix/fiftyone/coco-2017/validation/data/000000438774.jpg,validation,locked_confirmation,000000438774
coco-rem,000000438862,/home/felix/fiftyone/coco-2017/validation/data/000000438862.jpg,validation,locked_confirmation,000000438862
coco-rem,000000438876,/home/felix/fiftyone/coco-2017/validation/data/000000438876.jpg,validation,locked_confirmation,000000438876
coco-rem,000000438907,/home/felix/fiftyone/coco-2017/validation/data/000000438907.jpg,validation,locked_confirmation,000000438907
coco-rem,000000438955,/home/felix/fiftyone/coco-2017/validation/data/000000438955.jpg,validation,locked_confirmation,000000438955
coco-rem,000000439180,/home/felix/fiftyone/coco-2017/validation/data/000000439180.jpg,validation,locked_confirmation,000000439180
coco-rem,000000439290,/home/felix/fiftyone/coco-2017/validation/data/000000439290.jpg,validation,locked_confirmation,000000439290
coco-rem,000000439426,/home/felix/fiftyone/coco-2017/validation/data/000000439426.jpg,validation,locked_confirmation,000000439426
coco-rem,000000439522,/home/felix/fiftyone/coco-2017/validation/data/000000439522.jpg,validation,locked_confirmation,000000439522
coco-rem,000000439525,/home/felix/fiftyone/coco-2017/validation/data/000000439525.jpg,validation,locked_confirmation,000000439525
coco-rem,000000439593,/home/felix/fiftyone/coco-2017/validation/data/000000439593.jpg,validation,locked_confirmation,000000439593
coco-rem,000000439623,/home/felix/fiftyone/coco-2017/validation/data/000000439623.jpg,validation,locked_confirmation,000000439623
coco-rem,000000439715,/home/felix/fiftyone/coco-2017/validation/data/000000439715.jpg,validation,locked_confirmation,000000439715
coco-rem,000000439773,/home/felix/fiftyone/coco-2017/validation/data/000000439773.jpg,validation,locked_confirmation,000000439773
coco-rem,000000439854,/home/felix/fiftyone/coco-2017/validation/data/000000439854.jpg,validation,locked_confirmation,000000439854
coco-rem,000000439994,/home/felix/fiftyone/coco-2017/validation/data/000000439994.jpg,validation,locked_confirmation,000000439994
coco-rem,000000440171,/home/felix/fiftyone/coco-2017/validation/data/000000440171.jpg,validation,locked_confirmation,000000440171
coco-rem,000000440184,/home/felix/fiftyone/coco-2017/validation/data/000000440184.jpg,validation,locked_confirmation,000000440184
coco-rem,000000440336,/home/felix/fiftyone/coco-2017/validation/data/000000440336.jpg,validation,locked_confirmation,000000440336
coco-rem,000000440475,/home/felix/fiftyone/coco-2017/validation/data/000000440475.jpg,validation,locked_confirmation,000000440475
coco-rem,000000440507,/home/felix/fiftyone/coco-2017/validation/data/000000440507.jpg,validation,locked_confirmation,000000440507
coco-rem,000000440508,/home/felix/fiftyone/coco-2017/validation/data/000000440508.jpg,validation,locked_confirmation,000000440508
coco-rem,000000440617,/home/felix/fiftyone/coco-2017/validation/data/000000440617.jpg,validation,locked_confirmation,000000440617
coco-rem,000000441247,/home/felix/fiftyone/coco-2017/validation/data/000000441247.jpg,validation,locked_confirmation,000000441247
coco-rem,000000441286,/home/felix/fiftyone/coco-2017/validation/data/000000441286.jpg,validation,locked_confirmation,000000441286
coco-rem,000000441442,/home/felix/fiftyone/coco-2017/validation/data/000000441442.jpg,validation,locked_confirmation,000000441442
coco-rem,000000441468,/home/felix/fiftyone/coco-2017/validation/data/000000441468.jpg,validation,locked_confirmation,000000441468
coco-rem,000000441491,/home/felix/fiftyone/coco-2017/validation/data/000000441491.jpg,validation,locked_confirmation,000000441491
coco-rem,000000441543,/home/felix/fiftyone/coco-2017/validation/data/000000441543.jpg,validation,locked_confirmation,000000441543
coco-rem,000000441553,/home/felix/fiftyone/coco-2017/validation/data/000000441553.jpg,validation,locked_confirmation,000000441553
coco-rem,000000441586,/home/felix/fiftyone/coco-2017/validation/data/000000441586.jpg,validation,locked_confirmation,000000441586
coco-rem,000000442009,/home/felix/fiftyone/coco-2017/validation/data/000000442009.jpg,validation,locked_confirmation,000000442009
coco-rem,000000442161,/home/felix/fiftyone/coco-2017/validation/data/000000442161.jpg,validation,locked_confirmation,000000442161
coco-rem,000000442306,/home/felix/fiftyone/coco-2017/validation/data/000000442306.jpg,validation,locked_confirmation,000000442306
coco-rem,000000442323,/home/felix/fiftyone/coco-2017/validation/data/000000442323.jpg,validation,locked_confirmation,000000442323
coco-rem,000000442456,/home/felix/fiftyone/coco-2017/validation/data/000000442456.jpg,validation,locked_confirmation,000000442456
coco-rem,000000442463,/home/felix/fiftyone/coco-2017/validation/data/000000442463.jpg,validation,locked_confirmation,000000442463
coco-rem,000000442480,/home/felix/fiftyone/coco-2017/validation/data/000000442480.jpg,validation,locked_confirmation,000000442480
coco-rem,000000442661,/home/felix/fiftyone/coco-2017/validation/data/000000442661.jpg,validation,locked_confirmation,000000442661
coco-rem,000000442746,/home/felix/fiftyone/coco-2017/validation/data/000000442746.jpg,validation,locked_confirmation,000000442746
coco-rem,000000442822,/home/felix/fiftyone/coco-2017/validation/data/000000442822.jpg,validation,locked_confirmation,000000442822
coco-rem,000000442836,/home/felix/fiftyone/coco-2017/validation/data/000000442836.jpg,validation,locked_confirmation,000000442836
coco-rem,000000442993,/home/felix/fiftyone/coco-2017/validation/data/000000442993.jpg,validation,locked_confirmation,000000442993
coco-rem,000000443303,/home/felix/fiftyone/coco-2017/validation/data/000000443303.jpg,validation,locked_confirmation,000000443303
coco-rem,000000443426,/home/felix/fiftyone/coco-2017/validation/data/000000443426.jpg,validation,locked_confirmation,000000443426
coco-rem,000000443498,/home/felix/fiftyone/coco-2017/validation/data/000000443498.jpg,validation,locked_confirmation,000000443498
coco-rem,000000443844,/home/felix/fiftyone/coco-2017/validation/data/000000443844.jpg,validation,locked_confirmation,000000443844
coco-rem,000000443969,/home/felix/fiftyone/coco-2017/validation/data/000000443969.jpg,validation,locked_confirmation,000000443969
coco-rem,000000444142,/home/felix/fiftyone/coco-2017/validation/data/000000444142.jpg,validation,locked_confirmation,000000444142
coco-rem,000000444275,/home/felix/fiftyone/coco-2017/validation/data/000000444275.jpg,validation,locked_confirmation,000000444275
coco-rem,000000444879,/home/felix/fiftyone/coco-2017/validation/data/000000444879.jpg,validation,locked_confirmation,000000444879
coco-rem,000000445248,/home/felix/fiftyone/coco-2017/validation/data/000000445248.jpg,validation,locked_confirmation,000000445248
coco-rem,000000445365,/home/felix/fiftyone/coco-2017/validation/data/000000445365.jpg,validation,locked_confirmation,000000445365
coco-rem,000000445439,/home/felix/fiftyone/coco-2017/validation/data/000000445439.jpg,validation,locked_confirmation,000000445439
coco-rem,000000445602,/home/felix/fiftyone/coco-2017/validation/data/000000445602.jpg,validation,locked_confirmation,000000445602
coco-rem,000000445658,/home/felix/fiftyone/coco-2017/validation/data/000000445658.jpg,validation,locked_confirmation,000000445658
coco-rem,000000445675,/home/felix/fiftyone/coco-2017/validation/data/000000445675.jpg,validation,locked_confirmation,000000445675
coco-rem,000000445722,/home/felix/fiftyone/coco-2017/validation/data/000000445722.jpg,validation,locked_confirmation,000000445722
coco-rem,000000445792,/home/felix/fiftyone/coco-2017/validation/data/000000445792.jpg,validation,locked_confirmation,000000445792
coco-rem,000000445834,/home/felix/fiftyone/coco-2017/validation/data/000000445834.jpg,validation,locked_confirmation,000000445834
coco-rem,000000445846,/home/felix/fiftyone/coco-2017/validation/data/000000445846.jpg,validation,locked_confirmation,000000445846
coco-rem,000000445999,/home/felix/fiftyone/coco-2017/validation/data/000000445999.jpg,validation,locked_confirmation,000000445999
coco-rem,000000446005,/home/felix/fiftyone/coco-2017/validation/data/000000446005.jpg,validation,locked_confirmation,000000446005
coco-rem,000000446117,/home/felix/fiftyone/coco-2017/validation/data/000000446117.jpg,validation,locked_confirmation,000000446117
coco-rem,000000446206,/home/felix/fiftyone/coco-2017/validation/data/000000446206.jpg,validation,locked_confirmation,000000446206
coco-rem,000000446207,/home/felix/fiftyone/coco-2017/validation/data/000000446207.jpg,validation,locked_confirmation,000000446207
coco-rem,000000446522,/home/felix/fiftyone/coco-2017/validation/data/000000446522.jpg,validation,locked_confirmation,000000446522
coco-rem,000000446574,/home/felix/fiftyone/coco-2017/validation/data/000000446574.jpg,validation,locked_confirmation,000000446574
coco-rem,000000446651,/home/felix/fiftyone/coco-2017/validation/data/000000446651.jpg,validation,locked_confirmation,000000446651
coco-rem,000000446703,/home/felix/fiftyone/coco-2017/validation/data/000000446703.jpg,validation,locked_confirmation,000000446703
coco-rem,000000447088,/home/felix/fiftyone/coco-2017/validation/data/000000447088.jpg,validation,locked_confirmation,000000447088
coco-rem,000000447169,/home/felix/fiftyone/coco-2017/validation/data/000000447169.jpg,validation,locked_confirmation,000000447169
coco-rem,000000447187,/home/felix/fiftyone/coco-2017/validation/data/000000447187.jpg,validation,locked_confirmation,000000447187
coco-rem,000000447200,/home/felix/fiftyone/coco-2017/validation/data/000000447200.jpg,validation,locked_confirmation,000000447200
coco-rem,000000447313,/home/felix/fiftyone/coco-2017/validation/data/000000447313.jpg,validation,locked_confirmation,000000447313
coco-rem,000000447314,/home/felix/fiftyone/coco-2017/validation/data/000000447314.jpg,validation,locked_confirmation,000000447314
coco-rem,000000447342,/home/felix/fiftyone/coco-2017/validation/data/000000447342.jpg,validation,locked_confirmation,000000447342
coco-rem,000000447465,/home/felix/fiftyone/coco-2017/validation/data/000000447465.jpg,validation,locked_confirmation,000000447465
coco-rem,000000447522,/home/felix/fiftyone/coco-2017/validation/data/000000447522.jpg,validation,locked_confirmation,000000447522
coco-rem,000000447611,/home/felix/fiftyone/coco-2017/validation/data/000000447611.jpg,validation,locked_confirmation,000000447611
coco-rem,000000447789,/home/felix/fiftyone/coco-2017/validation/data/000000447789.jpg,validation,locked_confirmation,000000447789
coco-rem,000000447917,/home/felix/fiftyone/coco-2017/validation/data/000000447917.jpg,validation,locked_confirmation,000000447917
coco-rem,000000448076,/home/felix/fiftyone/coco-2017/validation/data/000000448076.jpg,validation,locked_confirmation,000000448076
coco-rem,000000448256,/home/felix/fiftyone/coco-2017/validation/data/000000448256.jpg,validation,locked_confirmation,000000448256
coco-rem,000000448263,/home/felix/fiftyone/coco-2017/validation/data/000000448263.jpg,validation,locked_confirmation,000000448263
coco-rem,000000448365,/home/felix/fiftyone/coco-2017/validation/data/000000448365.jpg,validation,locked_confirmation,000000448365
coco-rem,000000448410,/home/felix/fiftyone/coco-2017/validation/data/000000448410.jpg,validation,locked_confirmation,000000448410
coco-rem,000000448448,/home/felix/fiftyone/coco-2017/validation/data/000000448448.jpg,validation,locked_confirmation,000000448448
coco-rem,000000448810,/home/felix/fiftyone/coco-2017/validation/data/000000448810.jpg,validation,locked_confirmation,000000448810
coco-rem,000000449190,/home/felix/fiftyone/coco-2017/validation/data/000000449190.jpg,validation,locked_confirmation,000000449190
coco-rem,000000449198,/home/felix/fiftyone/coco-2017/validation/data/000000449198.jpg,validation,locked_confirmation,000000449198
coco-rem,000000449312,/home/felix/fiftyone/coco-2017/validation/data/000000449312.jpg,validation,locked_confirmation,000000449312
coco-rem,000000449406,/home/felix/fiftyone/coco-2017/validation/data/000000449406.jpg,validation,locked_confirmation,000000449406
coco-rem,000000449432,/home/felix/fiftyone/coco-2017/validation/data/000000449432.jpg,validation,locked_confirmation,000000449432
coco-rem,000000449579,/home/felix/fiftyone/coco-2017/validation/data/000000449579.jpg,validation,locked_confirmation,000000449579
coco-rem,000000449603,/home/felix/fiftyone/coco-2017/validation/data/000000449603.jpg,validation,locked_confirmation,000000449603
coco-rem,000000449661,/home/felix/fiftyone/coco-2017/validation/data/000000449661.jpg,validation,locked_confirmation,000000449661
coco-rem,000000449909,/home/felix/fiftyone/coco-2017/validation/data/000000449909.jpg,validation,locked_confirmation,000000449909
coco-rem,000000449996,/home/felix/fiftyone/coco-2017/validation/data/000000449996.jpg,validation,locked_confirmation,000000449996
coco-rem,000000450075,/home/felix/fiftyone/coco-2017/validation/data/000000450075.jpg,validation,locked_confirmation,000000450075
coco-rem,000000450100,/home/felix/fiftyone/coco-2017/validation/data/000000450100.jpg,validation,locked_confirmation,000000450100
coco-rem,000000450202,/home/felix/fiftyone/coco-2017/validation/data/000000450202.jpg,validation,locked_confirmation,000000450202
coco-rem,000000450303,/home/felix/fiftyone/coco-2017/validation/data/000000450303.jpg,validation,locked_confirmation,000000450303
coco-rem,000000450399,/home/felix/fiftyone/coco-2017/validation/data/000000450399.jpg,validation,locked_confirmation,000000450399
coco-rem,000000450439,/home/felix/fiftyone/coco-2017/validation/data/000000450439.jpg,validation,locked_confirmation,000000450439
coco-rem,000000450488,/home/felix/fiftyone/coco-2017/validation/data/000000450488.jpg,validation,locked_confirmation,000000450488
coco-rem,000000450559,/home/felix/fiftyone/coco-2017/validation/data/000000450559.jpg,validation,locked_confirmation,000000450559
coco-rem,000000450686,/home/felix/fiftyone/coco-2017/validation/data/000000450686.jpg,validation,locked_confirmation,000000450686
coco-rem,000000450758,/home/felix/fiftyone/coco-2017/validation/data/000000450758.jpg,validation,locked_confirmation,000000450758
coco-rem,000000451043,/home/felix/fiftyone/coco-2017/validation/data/000000451043.jpg,validation,locked_confirmation,000000451043
coco-rem,000000451084,/home/felix/fiftyone/coco-2017/validation/data/000000451084.jpg,validation,locked_confirmation,000000451084
coco-rem,000000451090,/home/felix/fiftyone/coco-2017/validation/data/000000451090.jpg,validation,locked_confirmation,000000451090
coco-rem,000000451144,/home/felix/fiftyone/coco-2017/validation/data/000000451144.jpg,validation,locked_confirmation,000000451144
coco-rem,000000451150,/home/felix/fiftyone/coco-2017/validation/data/000000451150.jpg,validation,locked_confirmation,000000451150
coco-rem,000000451155,/home/felix/fiftyone/coco-2017/validation/data/000000451155.jpg,validation,locked_confirmation,000000451155
coco-rem,000000451308,/home/felix/fiftyone/coco-2017/validation/data/000000451308.jpg,validation,locked_confirmation,000000451308
coco-rem,000000451435,/home/felix/fiftyone/coco-2017/validation/data/000000451435.jpg,validation,locked_confirmation,000000451435
coco-rem,000000451571,/home/felix/fiftyone/coco-2017/validation/data/000000451571.jpg,validation,locked_confirmation,000000451571
coco-rem,000000451693,/home/felix/fiftyone/coco-2017/validation/data/000000451693.jpg,validation,locked_confirmation,000000451693
coco-rem,000000451714,/home/felix/fiftyone/coco-2017/validation/data/000000451714.jpg,validation,locked_confirmation,000000451714
coco-rem,000000451879,/home/felix/fiftyone/coco-2017/validation/data/000000451879.jpg,validation,locked_confirmation,000000451879
coco-rem,000000452084,/home/felix/fiftyone/coco-2017/validation/data/000000452084.jpg,validation,locked_confirmation,000000452084
coco-rem,000000452122,/home/felix/fiftyone/coco-2017/validation/data/000000452122.jpg,validation,locked_confirmation,000000452122
coco-rem,000000452321,/home/felix/fiftyone/coco-2017/validation/data/000000452321.jpg,validation,locked_confirmation,000000452321
coco-rem,000000452515,/home/felix/fiftyone/coco-2017/validation/data/000000452515.jpg,validation,locked_confirmation,000000452515
coco-rem,000000452784,/home/felix/fiftyone/coco-2017/validation/data/000000452784.jpg,validation,locked_confirmation,000000452784
coco-rem,000000452793,/home/felix/fiftyone/coco-2017/validation/data/000000452793.jpg,validation,locked_confirmation,000000452793
coco-rem,000000452891,/home/felix/fiftyone/coco-2017/validation/data/000000452891.jpg,validation,locked_confirmation,000000452891
coco-rem,000000453001,/home/felix/fiftyone/coco-2017/validation/data/000000453001.jpg,validation,locked_confirmation,000000453001
coco-rem,000000453040,/home/felix/fiftyone/coco-2017/validation/data/000000453040.jpg,validation,locked_confirmation,000000453040
coco-rem,000000453166,/home/felix/fiftyone/coco-2017/validation/data/000000453166.jpg,validation,locked_confirmation,000000453166
coco-rem,000000453302,/home/felix/fiftyone/coco-2017/validation/data/000000453302.jpg,validation,locked_confirmation,000000453302
coco-rem,000000453341,/home/felix/fiftyone/coco-2017/validation/data/000000453341.jpg,validation,locked_confirmation,000000453341
coco-rem,000000453584,/home/felix/fiftyone/coco-2017/validation/data/000000453584.jpg,validation,locked_confirmation,000000453584
coco-rem,000000453634,/home/felix/fiftyone/coco-2017/validation/data/000000453634.jpg,validation,locked_confirmation,000000453634
coco-rem,000000453708,/home/felix/fiftyone/coco-2017/validation/data/000000453708.jpg,validation,locked_confirmation,000000453708
coco-rem,000000453722,/home/felix/fiftyone/coco-2017/validation/data/000000453722.jpg,validation,locked_confirmation,000000453722
coco-rem,000000453841,/home/felix/fiftyone/coco-2017/validation/data/000000453841.jpg,validation,locked_confirmation,000000453841
coco-rem,000000453860,/home/felix/fiftyone/coco-2017/validation/data/000000453860.jpg,validation,locked_confirmation,000000453860
coco-rem,000000453981,/home/felix/fiftyone/coco-2017/validation/data/000000453981.jpg,validation,locked_confirmation,000000453981
coco-rem,000000454067,/home/felix/fiftyone/coco-2017/validation/data/000000454067.jpg,validation,locked_confirmation,000000454067
coco-rem,000000454404,/home/felix/fiftyone/coco-2017/validation/data/000000454404.jpg,validation,locked_confirmation,000000454404
coco-rem,000000454661,/home/felix/fiftyone/coco-2017/validation/data/000000454661.jpg,validation,locked_confirmation,000000454661
coco-rem,000000454750,/home/felix/fiftyone/coco-2017/validation/data/000000454750.jpg,validation,locked_confirmation,000000454750
coco-rem,000000454798,/home/felix/fiftyone/coco-2017/validation/data/000000454798.jpg,validation,locked_confirmation,000000454798
coco-rem,000000454978,/home/felix/fiftyone/coco-2017/validation/data/000000454978.jpg,validation,locked_confirmation,000000454978
coco-rem,000000455085,/home/felix/fiftyone/coco-2017/validation/data/000000455085.jpg,validation,locked_confirmation,000000455085
coco-rem,000000455157,/home/felix/fiftyone/coco-2017/validation/data/000000455157.jpg,validation,locked_confirmation,000000455157
coco-rem,000000455219,/home/felix/fiftyone/coco-2017/validation/data/000000455219.jpg,validation,locked_confirmation,000000455219
coco-rem,000000455267,/home/felix/fiftyone/coco-2017/validation/data/000000455267.jpg,validation,locked_confirmation,000000455267
coco-rem,000000455301,/home/felix/fiftyone/coco-2017/validation/data/000000455301.jpg,validation,locked_confirmation,000000455301
coco-rem,000000455352,/home/felix/fiftyone/coco-2017/validation/data/000000455352.jpg,validation,locked_confirmation,000000455352
coco-rem,000000455448,/home/felix/fiftyone/coco-2017/validation/data/000000455448.jpg,validation,locked_confirmation,000000455448
coco-rem,000000455555,/home/felix/fiftyone/coco-2017/validation/data/000000455555.jpg,validation,locked_confirmation,000000455555
coco-rem,000000455597,/home/felix/fiftyone/coco-2017/validation/data/000000455597.jpg,validation,locked_confirmation,000000455597
coco-rem,000000455624,/home/felix/fiftyone/coco-2017/validation/data/000000455624.jpg,validation,locked_confirmation,000000455624
coco-rem,000000455716,/home/felix/fiftyone/coco-2017/validation/data/000000455716.jpg,validation,locked_confirmation,000000455716
coco-rem,000000455872,/home/felix/fiftyone/coco-2017/validation/data/000000455872.jpg,validation,locked_confirmation,000000455872
coco-rem,000000455937,/home/felix/fiftyone/coco-2017/validation/data/000000455937.jpg,validation,locked_confirmation,000000455937
coco-rem,000000455981,/home/felix/fiftyone/coco-2017/validation/data/000000455981.jpg,validation,locked_confirmation,000000455981
coco-rem,000000456015,/home/felix/fiftyone/coco-2017/validation/data/000000456015.jpg,validation,locked_confirmation,000000456015
coco-rem,000000456143,/home/felix/fiftyone/coco-2017/validation/data/000000456143.jpg,validation,locked_confirmation,000000456143
coco-rem,000000456292,/home/felix/fiftyone/coco-2017/validation/data/000000456292.jpg,validation,locked_confirmation,000000456292
coco-rem,000000456303,/home/felix/fiftyone/coco-2017/validation/data/000000456303.jpg,validation,locked_confirmation,000000456303
coco-rem,000000456394,/home/felix/fiftyone/coco-2017/validation/data/000000456394.jpg,validation,locked_confirmation,000000456394
coco-rem,000000456496,/home/felix/fiftyone/coco-2017/validation/data/000000456496.jpg,validation,locked_confirmation,000000456496
coco-rem,000000456559,/home/felix/fiftyone/coco-2017/validation/data/000000456559.jpg,validation,locked_confirmation,000000456559
coco-rem,000000456662,/home/felix/fiftyone/coco-2017/validation/data/000000456662.jpg,validation,locked_confirmation,000000456662
coco-rem,000000456865,/home/felix/fiftyone/coco-2017/validation/data/000000456865.jpg,validation,locked_confirmation,000000456865
coco-rem,000000457078,/home/felix/fiftyone/coco-2017/validation/data/000000457078.jpg,validation,locked_confirmation,000000457078
coco-rem,000000457262,/home/felix/fiftyone/coco-2017/validation/data/000000457262.jpg,validation,locked_confirmation,000000457262
coco-rem,000000457559,/home/felix/fiftyone/coco-2017/validation/data/000000457559.jpg,validation,locked_confirmation,000000457559
coco-rem,000000457848,/home/felix/fiftyone/coco-2017/validation/data/000000457848.jpg,validation,locked_confirmation,000000457848
coco-rem,000000457884,/home/felix/fiftyone/coco-2017/validation/data/000000457884.jpg,validation,locked_confirmation,000000457884
coco-rem,000000458045,/home/felix/fiftyone/coco-2017/validation/data/000000458045.jpg,validation,locked_confirmation,000000458045
coco-rem,000000458054,/home/felix/fiftyone/coco-2017/validation/data/000000458054.jpg,validation,locked_confirmation,000000458054
coco-rem,000000458109,/home/felix/fiftyone/coco-2017/validation/data/000000458109.jpg,validation,locked_confirmation,000000458109
coco-rem,000000458223,/home/felix/fiftyone/coco-2017/validation/data/000000458223.jpg,validation,locked_confirmation,000000458223
coco-rem,000000458255,/home/felix/fiftyone/coco-2017/validation/data/000000458255.jpg,validation,locked_confirmation,000000458255
coco-rem,000000458325,/home/felix/fiftyone/coco-2017/validation/data/000000458325.jpg,validation,locked_confirmation,000000458325
coco-rem,000000458410,/home/felix/fiftyone/coco-2017/validation/data/000000458410.jpg,validation,locked_confirmation,000000458410
coco-rem,000000458663,/home/felix/fiftyone/coco-2017/validation/data/000000458663.jpg,validation,locked_confirmation,000000458663
coco-rem,000000458702,/home/felix/fiftyone/coco-2017/validation/data/000000458702.jpg,validation,locked_confirmation,000000458702
coco-rem,000000458755,/home/felix/fiftyone/coco-2017/validation/data/000000458755.jpg,validation,locked_confirmation,000000458755
coco-rem,000000458768,/home/felix/fiftyone/coco-2017/validation/data/000000458768.jpg,validation,locked_confirmation,000000458768
coco-rem,000000458790,/home/felix/fiftyone/coco-2017/validation/data/000000458790.jpg,validation,locked_confirmation,000000458790
coco-rem,000000458992,/home/felix/fiftyone/coco-2017/validation/data/000000458992.jpg,validation,locked_confirmation,000000458992
coco-rem,000000459153,/home/felix/fiftyone/coco-2017/validation/data/000000459153.jpg,validation,locked_confirmation,000000459153
coco-rem,000000459195,/home/felix/fiftyone/coco-2017/validation/data/000000459195.jpg,validation,locked_confirmation,000000459195
coco-rem,000000459272,/home/felix/fiftyone/coco-2017/validation/data/000000459272.jpg,validation,locked_confirmation,000000459272
coco-rem,000000459396,/home/felix/fiftyone/coco-2017/validation/data/000000459396.jpg,validation,locked_confirmation,000000459396
coco-rem,000000459437,/home/felix/fiftyone/coco-2017/validation/data/000000459437.jpg,validation,locked_confirmation,000000459437
coco-rem,000000459467,/home/felix/fiftyone/coco-2017/validation/data/000000459467.jpg,validation,locked_confirmation,000000459467
coco-rem,000000459500,/home/felix/fiftyone/coco-2017/validation/data/000000459500.jpg,validation,locked_confirmation,000000459500
coco-rem,000000459634,/home/felix/fiftyone/coco-2017/validation/data/000000459634.jpg,validation,locked_confirmation,000000459634
coco-rem,000000459662,/home/felix/fiftyone/coco-2017/validation/data/000000459662.jpg,validation,locked_confirmation,000000459662
coco-rem,000000459757,/home/felix/fiftyone/coco-2017/validation/data/000000459757.jpg,validation,locked_confirmation,000000459757
coco-rem,000000459809,/home/felix/fiftyone/coco-2017/validation/data/000000459809.jpg,validation,locked_confirmation,000000459809
coco-rem,000000459887,/home/felix/fiftyone/coco-2017/validation/data/000000459887.jpg,validation,locked_confirmation,000000459887
coco-rem,000000459954,/home/felix/fiftyone/coco-2017/validation/data/000000459954.jpg,validation,locked_confirmation,000000459954
coco-rem,000000460147,/home/felix/fiftyone/coco-2017/validation/data/000000460147.jpg,validation,locked_confirmation,000000460147
coco-rem,000000460160,/home/felix/fiftyone/coco-2017/validation/data/000000460160.jpg,validation,locked_confirmation,000000460160
coco-rem,000000460229,/home/felix/fiftyone/coco-2017/validation/data/000000460229.jpg,validation,locked_confirmation,000000460229
coco-rem,000000460333,/home/felix/fiftyone/coco-2017/validation/data/000000460333.jpg,validation,locked_confirmation,000000460333
coco-rem,000000460347,/home/felix/fiftyone/coco-2017/validation/data/000000460347.jpg,validation,locked_confirmation,000000460347
coco-rem,000000460379,/home/felix/fiftyone/coco-2017/validation/data/000000460379.jpg,validation,locked_confirmation,000000460379
coco-rem,000000460494,/home/felix/fiftyone/coco-2017/validation/data/000000460494.jpg,validation,locked_confirmation,000000460494
coco-rem,000000460682,/home/felix/fiftyone/coco-2017/validation/data/000000460682.jpg,validation,locked_confirmation,000000460682
coco-rem,000000460683,/home/felix/fiftyone/coco-2017/validation/data/000000460683.jpg,validation,locked_confirmation,000000460683
coco-rem,000000460841,/home/felix/fiftyone/coco-2017/validation/data/000000460841.jpg,validation,locked_confirmation,000000460841
coco-rem,000000460927,/home/felix/fiftyone/coco-2017/validation/data/000000460927.jpg,validation,locked_confirmation,000000460927
coco-rem,000000460929,/home/felix/fiftyone/coco-2017/validation/data/000000460929.jpg,validation,locked_confirmation,000000460929
coco-rem,000000460967,/home/felix/fiftyone/coco-2017/validation/data/000000460967.jpg,validation,locked_confirmation,000000460967
coco-rem,000000461009,/home/felix/fiftyone/coco-2017/validation/data/000000461009.jpg,validation,locked_confirmation,000000461009
coco-rem,000000461036,/home/felix/fiftyone/coco-2017/validation/data/000000461036.jpg,validation,locked_confirmation,000000461036
coco-rem,000000461275,/home/felix/fiftyone/coco-2017/validation/data/000000461275.jpg,validation,locked_confirmation,000000461275
coco-rem,000000461405,/home/felix/fiftyone/coco-2017/validation/data/000000461405.jpg,validation,locked_confirmation,000000461405
coco-rem,000000461573,/home/felix/fiftyone/coco-2017/validation/data/000000461573.jpg,validation,locked_confirmation,000000461573
coco-rem,000000461751,/home/felix/fiftyone/coco-2017/validation/data/000000461751.jpg,validation,locked_confirmation,000000461751
coco-rem,000000462031,/home/felix/fiftyone/coco-2017/validation/data/000000462031.jpg,validation,locked_confirmation,000000462031
coco-rem,000000462371,/home/felix/fiftyone/coco-2017/validation/data/000000462371.jpg,validation,locked_confirmation,000000462371
coco-rem,000000462576,/home/felix/fiftyone/coco-2017/validation/data/000000462576.jpg,validation,locked_confirmation,000000462576
coco-rem,000000462614,/home/felix/fiftyone/coco-2017/validation/data/000000462614.jpg,validation,locked_confirmation,000000462614
coco-rem,000000462629,/home/felix/fiftyone/coco-2017/validation/data/000000462629.jpg,validation,locked_confirmation,000000462629
coco-rem,000000462643,/home/felix/fiftyone/coco-2017/validation/data/000000462643.jpg,validation,locked_confirmation,000000462643
coco-rem,000000462728,/home/felix/fiftyone/coco-2017/validation/data/000000462728.jpg,validation,locked_confirmation,000000462728
coco-rem,000000462756,/home/felix/fiftyone/coco-2017/validation/data/000000462756.jpg,validation,locked_confirmation,000000462756
coco-rem,000000462904,/home/felix/fiftyone/coco-2017/validation/data/000000462904.jpg,validation,locked_confirmation,000000462904
coco-rem,000000463037,/home/felix/fiftyone/coco-2017/validation/data/000000463037.jpg,validation,locked_confirmation,000000463037
coco-rem,000000463174,/home/felix/fiftyone/coco-2017/validation/data/000000463174.jpg,validation,locked_confirmation,000000463174
coco-rem,000000463199,/home/felix/fiftyone/coco-2017/validation/data/000000463199.jpg,validation,locked_confirmation,000000463199
coco-rem,000000463283,/home/felix/fiftyone/coco-2017/validation/data/000000463283.jpg,validation,locked_confirmation,000000463283
coco-rem,000000463522,/home/felix/fiftyone/coco-2017/validation/data/000000463522.jpg,validation,locked_confirmation,000000463522
coco-rem,000000463527,/home/felix/fiftyone/coco-2017/validation/data/000000463527.jpg,validation,locked_confirmation,000000463527
coco-rem,000000463542,/home/felix/fiftyone/coco-2017/validation/data/000000463542.jpg,validation,locked_confirmation,000000463542
coco-rem,000000463618,/home/felix/fiftyone/coco-2017/validation/data/000000463618.jpg,validation,locked_confirmation,000000463618
coco-rem,000000463647,/home/felix/fiftyone/coco-2017/validation/data/000000463647.jpg,validation,locked_confirmation,000000463647
coco-rem,000000463690,/home/felix/fiftyone/coco-2017/validation/data/000000463690.jpg,validation,locked_confirmation,000000463690
coco-rem,000000463730,/home/felix/fiftyone/coco-2017/validation/data/000000463730.jpg,validation,locked_confirmation,000000463730
coco-rem,000000463802,/home/felix/fiftyone/coco-2017/validation/data/000000463802.jpg,validation,locked_confirmation,000000463802
coco-rem,000000463842,/home/felix/fiftyone/coco-2017/validation/data/000000463842.jpg,validation,locked_confirmation,000000463842
coco-rem,000000463849,/home/felix/fiftyone/coco-2017/validation/data/000000463849.jpg,validation,locked_confirmation,000000463849
coco-rem,000000463918,/home/felix/fiftyone/coco-2017/validation/data/000000463918.jpg,validation,locked_confirmation,000000463918
coco-rem,000000464089,/home/felix/fiftyone/coco-2017/validation/data/000000464089.jpg,validation,locked_confirmation,000000464089
coco-rem,000000464144,/home/felix/fiftyone/coco-2017/validation/data/000000464144.jpg,validation,locked_confirmation,000000464144
coco-rem,000000464251,/home/felix/fiftyone/coco-2017/validation/data/000000464251.jpg,validation,locked_confirmation,000000464251
coco-rem,000000464358,/home/felix/fiftyone/coco-2017/validation/data/000000464358.jpg,validation,locked_confirmation,000000464358
coco-rem,000000464476,/home/felix/fiftyone/coco-2017/validation/data/000000464476.jpg,validation,locked_confirmation,000000464476
coco-rem,000000464522,/home/felix/fiftyone/coco-2017/validation/data/000000464522.jpg,validation,locked_confirmation,000000464522
coco-rem,000000464689,/home/felix/fiftyone/coco-2017/validation/data/000000464689.jpg,validation,locked_confirmation,000000464689
coco-rem,000000464786,/home/felix/fiftyone/coco-2017/validation/data/000000464786.jpg,validation,locked_confirmation,000000464786
coco-rem,000000464824,/home/felix/fiftyone/coco-2017/validation/data/000000464824.jpg,validation,locked_confirmation,000000464824
coco-rem,000000464872,/home/felix/fiftyone/coco-2017/validation/data/000000464872.jpg,validation,locked_confirmation,000000464872
coco-rem,000000465129,/home/felix/fiftyone/coco-2017/validation/data/000000465129.jpg,validation,locked_confirmation,000000465129
coco-rem,000000465179,/home/felix/fiftyone/coco-2017/validation/data/000000465179.jpg,validation,locked_confirmation,000000465179
coco-rem,000000465180,/home/felix/fiftyone/coco-2017/validation/data/000000465180.jpg,validation,locked_confirmation,000000465180
coco-rem,000000465430,/home/felix/fiftyone/coco-2017/validation/data/000000465430.jpg,validation,locked_confirmation,000000465430
coco-rem,000000465549,/home/felix/fiftyone/coco-2017/validation/data/000000465549.jpg,validation,locked_confirmation,000000465549
coco-rem,000000465585,/home/felix/fiftyone/coco-2017/validation/data/000000465585.jpg,validation,locked_confirmation,000000465585
coco-rem,000000465675,/home/felix/fiftyone/coco-2017/validation/data/000000465675.jpg,validation,locked_confirmation,000000465675
coco-rem,000000465718,/home/felix/fiftyone/coco-2017/validation/data/000000465718.jpg,validation,locked_confirmation,000000465718
coco-rem,000000465806,/home/felix/fiftyone/coco-2017/validation/data/000000465806.jpg,validation,locked_confirmation,000000465806
coco-rem,000000465822,/home/felix/fiftyone/coco-2017/validation/data/000000465822.jpg,validation,locked_confirmation,000000465822
coco-rem,000000465836,/home/felix/fiftyone/coco-2017/validation/data/000000465836.jpg,validation,locked_confirmation,000000465836
coco-rem,000000466085,/home/felix/fiftyone/coco-2017/validation/data/000000466085.jpg,validation,locked_confirmation,000000466085
coco-rem,000000466125,/home/felix/fiftyone/coco-2017/validation/data/000000466125.jpg,validation,locked_confirmation,000000466125
coco-rem,000000466156,/home/felix/fiftyone/coco-2017/validation/data/000000466156.jpg,validation,locked_confirmation,000000466156
coco-rem,000000466256,/home/felix/fiftyone/coco-2017/validation/data/000000466256.jpg,validation,locked_confirmation,000000466256
coco-rem,000000466339,/home/felix/fiftyone/coco-2017/validation/data/000000466339.jpg,validation,locked_confirmation,000000466339
coco-rem,000000466416,/home/felix/fiftyone/coco-2017/validation/data/000000466416.jpg,validation,locked_confirmation,000000466416
coco-rem,000000466567,/home/felix/fiftyone/coco-2017/validation/data/000000466567.jpg,validation,locked_confirmation,000000466567
coco-rem,000000466602,/home/felix/fiftyone/coco-2017/validation/data/000000466602.jpg,validation,locked_confirmation,000000466602
coco-rem,000000466835,/home/felix/fiftyone/coco-2017/validation/data/000000466835.jpg,validation,locked_confirmation,000000466835
coco-rem,000000466986,/home/felix/fiftyone/coco-2017/validation/data/000000466986.jpg,validation,locked_confirmation,000000466986
coco-rem,000000467176,/home/felix/fiftyone/coco-2017/validation/data/000000467176.jpg,validation,locked_confirmation,000000467176
coco-rem,000000467315,/home/felix/fiftyone/coco-2017/validation/data/000000467315.jpg,validation,locked_confirmation,000000467315
coco-rem,000000467511,/home/felix/fiftyone/coco-2017/validation/data/000000467511.jpg,validation,locked_confirmation,000000467511
coco-rem,000000467776,/home/felix/fiftyone/coco-2017/validation/data/000000467776.jpg,validation,locked_confirmation,000000467776
coco-rem,000000467848,/home/felix/fiftyone/coco-2017/validation/data/000000467848.jpg,validation,locked_confirmation,000000467848
coco-rem,000000468124,/home/felix/fiftyone/coco-2017/validation/data/000000468124.jpg,validation,locked_confirmation,000000468124
coco-rem,000000468233,/home/felix/fiftyone/coco-2017/validation/data/000000468233.jpg,validation,locked_confirmation,000000468233
coco-rem,000000468245,/home/felix/fiftyone/coco-2017/validation/data/000000468245.jpg,validation,locked_confirmation,000000468245
coco-rem,000000468332,/home/felix/fiftyone/coco-2017/validation/data/000000468332.jpg,validation,locked_confirmation,000000468332
coco-rem,000000468501,/home/felix/fiftyone/coco-2017/validation/data/000000468501.jpg,validation,locked_confirmation,000000468501
coco-rem,000000468505,/home/felix/fiftyone/coco-2017/validation/data/000000468505.jpg,validation,locked_confirmation,000000468505
coco-rem,000000468577,/home/felix/fiftyone/coco-2017/validation/data/000000468577.jpg,validation,locked_confirmation,000000468577
coco-rem,000000468632,/home/felix/fiftyone/coco-2017/validation/data/000000468632.jpg,validation,locked_confirmation,000000468632
coco-rem,000000468925,/home/felix/fiftyone/coco-2017/validation/data/000000468925.jpg,validation,locked_confirmation,000000468925
coco-rem,000000468954,/home/felix/fiftyone/coco-2017/validation/data/000000468954.jpg,validation,locked_confirmation,000000468954
coco-rem,000000468965,/home/felix/fiftyone/coco-2017/validation/data/000000468965.jpg,validation,locked_confirmation,000000468965
coco-rem,000000469067,/home/felix/fiftyone/coco-2017/validation/data/000000469067.jpg,validation,locked_confirmation,000000469067
coco-rem,000000469174,/home/felix/fiftyone/coco-2017/validation/data/000000469174.jpg,validation,locked_confirmation,000000469174
coco-rem,000000469192,/home/felix/fiftyone/coco-2017/validation/data/000000469192.jpg,validation,locked_confirmation,000000469192
coco-rem,000000469246,/home/felix/fiftyone/coco-2017/validation/data/000000469246.jpg,validation,locked_confirmation,000000469246
coco-rem,000000469652,/home/felix/fiftyone/coco-2017/validation/data/000000469652.jpg,validation,locked_confirmation,000000469652
coco-rem,000000469828,/home/felix/fiftyone/coco-2017/validation/data/000000469828.jpg,validation,locked_confirmation,000000469828
coco-rem,000000470121,/home/felix/fiftyone/coco-2017/validation/data/000000470121.jpg,validation,locked_confirmation,000000470121
coco-rem,000000470173,/home/felix/fiftyone/coco-2017/validation/data/000000470173.jpg,validation,locked_confirmation,000000470173
coco-rem,000000470773,/home/felix/fiftyone/coco-2017/validation/data/000000470773.jpg,validation,locked_confirmation,000000470773
coco-rem,000000470779,/home/felix/fiftyone/coco-2017/validation/data/000000470779.jpg,validation,locked_confirmation,000000470779
coco-rem,000000470924,/home/felix/fiftyone/coco-2017/validation/data/000000470924.jpg,validation,locked_confirmation,000000470924
coco-rem,000000470952,/home/felix/fiftyone/coco-2017/validation/data/000000470952.jpg,validation,locked_confirmation,000000470952
coco-rem,000000471023,/home/felix/fiftyone/coco-2017/validation/data/000000471023.jpg,validation,locked_confirmation,000000471023
coco-rem,000000471087,/home/felix/fiftyone/coco-2017/validation/data/000000471087.jpg,validation,locked_confirmation,000000471087
coco-rem,000000471450,/home/felix/fiftyone/coco-2017/validation/data/000000471450.jpg,validation,locked_confirmation,000000471450
coco-rem,000000471567,/home/felix/fiftyone/coco-2017/validation/data/000000471567.jpg,validation,locked_confirmation,000000471567
coco-rem,000000471756,/home/felix/fiftyone/coco-2017/validation/data/000000471756.jpg,validation,locked_confirmation,000000471756
coco-rem,000000471789,/home/felix/fiftyone/coco-2017/validation/data/000000471789.jpg,validation,locked_confirmation,000000471789
coco-rem,000000471869,/home/felix/fiftyone/coco-2017/validation/data/000000471869.jpg,validation,locked_confirmation,000000471869
coco-rem,000000471893,/home/felix/fiftyone/coco-2017/validation/data/000000471893.jpg,validation,locked_confirmation,000000471893
coco-rem,000000471991,/home/felix/fiftyone/coco-2017/validation/data/000000471991.jpg,validation,locked_confirmation,000000471991
coco-rem,000000472030,/home/felix/fiftyone/coco-2017/validation/data/000000472030.jpg,validation,locked_confirmation,000000472030
coco-rem,000000472046,/home/felix/fiftyone/coco-2017/validation/data/000000472046.jpg,validation,locked_confirmation,000000472046
coco-rem,000000472298,/home/felix/fiftyone/coco-2017/validation/data/000000472298.jpg,validation,locked_confirmation,000000472298
coco-rem,000000472375,/home/felix/fiftyone/coco-2017/validation/data/000000472375.jpg,validation,locked_confirmation,000000472375
coco-rem,000000472623,/home/felix/fiftyone/coco-2017/validation/data/000000472623.jpg,validation,locked_confirmation,000000472623
coco-rem,000000472678,/home/felix/fiftyone/coco-2017/validation/data/000000472678.jpg,validation,locked_confirmation,000000472678
coco-rem,000000473015,/home/felix/fiftyone/coco-2017/validation/data/000000473015.jpg,validation,locked_confirmation,000000473015
coco-rem,000000473118,/home/felix/fiftyone/coco-2017/validation/data/000000473118.jpg,validation,locked_confirmation,000000473118
coco-rem,000000473121,/home/felix/fiftyone/coco-2017/validation/data/000000473121.jpg,validation,locked_confirmation,000000473121
coco-rem,000000473219,/home/felix/fiftyone/coco-2017/validation/data/000000473219.jpg,validation,locked_confirmation,000000473219
coco-rem,000000473237,/home/felix/fiftyone/coco-2017/validation/data/000000473237.jpg,validation,locked_confirmation,000000473237
coco-rem,000000473406,/home/felix/fiftyone/coco-2017/validation/data/000000473406.jpg,validation,locked_confirmation,000000473406
coco-rem,000000473821,/home/felix/fiftyone/coco-2017/validation/data/000000473821.jpg,validation,locked_confirmation,000000473821
coco-rem,000000473869,/home/felix/fiftyone/coco-2017/validation/data/000000473869.jpg,validation,locked_confirmation,000000473869
coco-rem,000000473974,/home/felix/fiftyone/coco-2017/validation/data/000000473974.jpg,validation,locked_confirmation,000000473974
coco-rem,000000474021,/home/felix/fiftyone/coco-2017/validation/data/000000474021.jpg,validation,locked_confirmation,000000474021
coco-rem,000000474028,/home/felix/fiftyone/coco-2017/validation/data/000000474028.jpg,validation,locked_confirmation,000000474028
coco-rem,000000474039,/home/felix/fiftyone/coco-2017/validation/data/000000474039.jpg,validation,locked_confirmation,000000474039
coco-rem,000000474078,/home/felix/fiftyone/coco-2017/validation/data/000000474078.jpg,validation,locked_confirmation,000000474078
coco-rem,000000474095,/home/felix/fiftyone/coco-2017/validation/data/000000474095.jpg,validation,locked_confirmation,000000474095
coco-rem,000000474164,/home/felix/fiftyone/coco-2017/validation/data/000000474164.jpg,validation,locked_confirmation,000000474164
coco-rem,000000474167,/home/felix/fiftyone/coco-2017/validation/data/000000474167.jpg,validation,locked_confirmation,000000474167
coco-rem,000000474170,/home/felix/fiftyone/coco-2017/validation/data/000000474170.jpg,validation,locked_confirmation,000000474170
coco-rem,000000474293,/home/felix/fiftyone/coco-2017/validation/data/000000474293.jpg,validation,locked_confirmation,000000474293
coco-rem,000000474344,/home/felix/fiftyone/coco-2017/validation/data/000000474344.jpg,validation,locked_confirmation,000000474344
coco-rem,000000474452,/home/felix/fiftyone/coco-2017/validation/data/000000474452.jpg,validation,locked_confirmation,000000474452
coco-rem,000000474786,/home/felix/fiftyone/coco-2017/validation/data/000000474786.jpg,validation,locked_confirmation,000000474786
coco-rem,000000474854,/home/felix/fiftyone/coco-2017/validation/data/000000474854.jpg,validation,locked_confirmation,000000474854
coco-rem,000000474881,/home/felix/fiftyone/coco-2017/validation/data/000000474881.jpg,validation,locked_confirmation,000000474881
coco-rem,000000475064,/home/felix/fiftyone/coco-2017/validation/data/000000475064.jpg,validation,locked_confirmation,000000475064
coco-rem,000000475150,/home/felix/fiftyone/coco-2017/validation/data/000000475150.jpg,validation,locked_confirmation,000000475150
coco-rem,000000475191,/home/felix/fiftyone/coco-2017/validation/data/000000475191.jpg,validation,locked_confirmation,000000475191
coco-rem,000000475223,/home/felix/fiftyone/coco-2017/validation/data/000000475223.jpg,validation,locked_confirmation,000000475223
coco-rem,000000475365,/home/felix/fiftyone/coco-2017/validation/data/000000475365.jpg,validation,locked_confirmation,000000475365
coco-rem,000000475387,/home/felix/fiftyone/coco-2017/validation/data/000000475387.jpg,validation,locked_confirmation,000000475387
coco-rem,000000475484,/home/felix/fiftyone/coco-2017/validation/data/000000475484.jpg,validation,locked_confirmation,000000475484
coco-rem,000000475572,/home/felix/fiftyone/coco-2017/validation/data/000000475572.jpg,validation,locked_confirmation,000000475572
coco-rem,000000475678,/home/felix/fiftyone/coco-2017/validation/data/000000475678.jpg,validation,locked_confirmation,000000475678
coco-rem,000000475732,/home/felix/fiftyone/coco-2017/validation/data/000000475732.jpg,validation,locked_confirmation,000000475732
coco-rem,000000475779,/home/felix/fiftyone/coco-2017/validation/data/000000475779.jpg,validation,locked_confirmation,000000475779
coco-rem,000000475904,/home/felix/fiftyone/coco-2017/validation/data/000000475904.jpg,validation,locked_confirmation,000000475904
coco-rem,000000476119,/home/felix/fiftyone/coco-2017/validation/data/000000476119.jpg,validation,locked_confirmation,000000476119
coco-rem,000000476215,/home/felix/fiftyone/coco-2017/validation/data/000000476215.jpg,validation,locked_confirmation,000000476215
coco-rem,000000476258,/home/felix/fiftyone/coco-2017/validation/data/000000476258.jpg,validation,locked_confirmation,000000476258
coco-rem,000000476415,/home/felix/fiftyone/coco-2017/validation/data/000000476415.jpg,validation,locked_confirmation,000000476415
coco-rem,000000476491,/home/felix/fiftyone/coco-2017/validation/data/000000476491.jpg,validation,locked_confirmation,000000476491
coco-rem,000000476514,/home/felix/fiftyone/coco-2017/validation/data/000000476514.jpg,validation,locked_confirmation,000000476514
coco-rem,000000476704,/home/felix/fiftyone/coco-2017/validation/data/000000476704.jpg,validation,locked_confirmation,000000476704
coco-rem,000000476770,/home/felix/fiftyone/coco-2017/validation/data/000000476770.jpg,validation,locked_confirmation,000000476770
coco-rem,000000476787,/home/felix/fiftyone/coco-2017/validation/data/000000476787.jpg,validation,locked_confirmation,000000476787
coco-rem,000000476810,/home/felix/fiftyone/coco-2017/validation/data/000000476810.jpg,validation,locked_confirmation,000000476810
coco-rem,000000477118,/home/felix/fiftyone/coco-2017/validation/data/000000477118.jpg,validation,locked_confirmation,000000477118
coco-rem,000000477227,/home/felix/fiftyone/coco-2017/validation/data/000000477227.jpg,validation,locked_confirmation,000000477227
coco-rem,000000477288,/home/felix/fiftyone/coco-2017/validation/data/000000477288.jpg,validation,locked_confirmation,000000477288
coco-rem,000000477441,/home/felix/fiftyone/coco-2017/validation/data/000000477441.jpg,validation,locked_confirmation,000000477441
coco-rem,000000477623,/home/felix/fiftyone/coco-2017/validation/data/000000477623.jpg,validation,locked_confirmation,000000477623
coco-rem,000000477689,/home/felix/fiftyone/coco-2017/validation/data/000000477689.jpg,validation,locked_confirmation,000000477689
coco-rem,000000477805,/home/felix/fiftyone/coco-2017/validation/data/000000477805.jpg,validation,locked_confirmation,000000477805
coco-rem,000000477955,/home/felix/fiftyone/coco-2017/validation/data/000000477955.jpg,validation,locked_confirmation,000000477955
coco-rem,000000478136,/home/felix/fiftyone/coco-2017/validation/data/000000478136.jpg,validation,locked_confirmation,000000478136
coco-rem,000000478286,/home/felix/fiftyone/coco-2017/validation/data/000000478286.jpg,validation,locked_confirmation,000000478286
coco-rem,000000478393,/home/felix/fiftyone/coco-2017/validation/data/000000478393.jpg,validation,locked_confirmation,000000478393
coco-rem,000000478420,/home/felix/fiftyone/coco-2017/validation/data/000000478420.jpg,validation,locked_confirmation,000000478420
coco-rem,000000478474,/home/felix/fiftyone/coco-2017/validation/data/000000478474.jpg,validation,locked_confirmation,000000478474
coco-rem,000000478721,/home/felix/fiftyone/coco-2017/validation/data/000000478721.jpg,validation,locked_confirmation,000000478721
coco-rem,000000478862,/home/felix/fiftyone/coco-2017/validation/data/000000478862.jpg,validation,locked_confirmation,000000478862
coco-rem,000000479030,/home/felix/fiftyone/coco-2017/validation/data/000000479030.jpg,validation,locked_confirmation,000000479030
coco-rem,000000479099,/home/felix/fiftyone/coco-2017/validation/data/000000479099.jpg,validation,locked_confirmation,000000479099
coco-rem,000000479126,/home/felix/fiftyone/coco-2017/validation/data/000000479126.jpg,validation,locked_confirmation,000000479126
coco-rem,000000479155,/home/felix/fiftyone/coco-2017/validation/data/000000479155.jpg,validation,locked_confirmation,000000479155
coco-rem,000000479248,/home/felix/fiftyone/coco-2017/validation/data/000000479248.jpg,validation,locked_confirmation,000000479248
coco-rem,000000479448,/home/felix/fiftyone/coco-2017/validation/data/000000479448.jpg,validation,locked_confirmation,000000479448
coco-rem,000000479596,/home/felix/fiftyone/coco-2017/validation/data/000000479596.jpg,validation,locked_confirmation,000000479596
coco-rem,000000479732,/home/felix/fiftyone/coco-2017/validation/data/000000479732.jpg,validation,locked_confirmation,000000479732
coco-rem,000000479912,/home/felix/fiftyone/coco-2017/validation/data/000000479912.jpg,validation,locked_confirmation,000000479912
coco-rem,000000479953,/home/felix/fiftyone/coco-2017/validation/data/000000479953.jpg,validation,locked_confirmation,000000479953
coco-rem,000000480021,/home/felix/fiftyone/coco-2017/validation/data/000000480021.jpg,validation,locked_confirmation,000000480021
coco-rem,000000480122,/home/felix/fiftyone/coco-2017/validation/data/000000480122.jpg,validation,locked_confirmation,000000480122
coco-rem,000000480212,/home/felix/fiftyone/coco-2017/validation/data/000000480212.jpg,validation,locked_confirmation,000000480212
coco-rem,000000480275,/home/felix/fiftyone/coco-2017/validation/data/000000480275.jpg,validation,locked_confirmation,000000480275
coco-rem,000000480842,/home/felix/fiftyone/coco-2017/validation/data/000000480842.jpg,validation,locked_confirmation,000000480842
coco-rem,000000480936,/home/felix/fiftyone/coco-2017/validation/data/000000480936.jpg,validation,locked_confirmation,000000480936
coco-rem,000000480944,/home/felix/fiftyone/coco-2017/validation/data/000000480944.jpg,validation,locked_confirmation,000000480944
coco-rem,000000480985,/home/felix/fiftyone/coco-2017/validation/data/000000480985.jpg,validation,locked_confirmation,000000480985
coco-rem,000000481159,/home/felix/fiftyone/coco-2017/validation/data/000000481159.jpg,validation,locked_confirmation,000000481159
coco-rem,000000481386,/home/felix/fiftyone/coco-2017/validation/data/000000481386.jpg,validation,locked_confirmation,000000481386
coco-rem,000000481390,/home/felix/fiftyone/coco-2017/validation/data/000000481390.jpg,validation,locked_confirmation,000000481390
coco-rem,000000481404,/home/felix/fiftyone/coco-2017/validation/data/000000481404.jpg,validation,locked_confirmation,000000481404
coco-rem,000000481413,/home/felix/fiftyone/coco-2017/validation/data/000000481413.jpg,validation,locked_confirmation,000000481413
coco-rem,000000481480,/home/felix/fiftyone/coco-2017/validation/data/000000481480.jpg,validation,locked_confirmation,000000481480
coco-rem,000000481567,/home/felix/fiftyone/coco-2017/validation/data/000000481567.jpg,validation,locked_confirmation,000000481567
coco-rem,000000481573,/home/felix/fiftyone/coco-2017/validation/data/000000481573.jpg,validation,locked_confirmation,000000481573
coco-rem,000000481582,/home/felix/fiftyone/coco-2017/validation/data/000000481582.jpg,validation,locked_confirmation,000000481582
coco-rem,000000482100,/home/felix/fiftyone/coco-2017/validation/data/000000482100.jpg,validation,locked_confirmation,000000482100
coco-rem,000000482275,/home/felix/fiftyone/coco-2017/validation/data/000000482275.jpg,validation,locked_confirmation,000000482275
coco-rem,000000482319,/home/felix/fiftyone/coco-2017/validation/data/000000482319.jpg,validation,locked_confirmation,000000482319
coco-rem,000000482436,/home/felix/fiftyone/coco-2017/validation/data/000000482436.jpg,validation,locked_confirmation,000000482436
coco-rem,000000482477,/home/felix/fiftyone/coco-2017/validation/data/000000482477.jpg,validation,locked_confirmation,000000482477
coco-rem,000000482487,/home/felix/fiftyone/coco-2017/validation/data/000000482487.jpg,validation,locked_confirmation,000000482487
coco-rem,000000482585,/home/felix/fiftyone/coco-2017/validation/data/000000482585.jpg,validation,locked_confirmation,000000482585
coco-rem,000000482719,/home/felix/fiftyone/coco-2017/validation/data/000000482719.jpg,validation,locked_confirmation,000000482719
coco-rem,000000482735,/home/felix/fiftyone/coco-2017/validation/data/000000482735.jpg,validation,locked_confirmation,000000482735
coco-rem,000000482800,/home/felix/fiftyone/coco-2017/validation/data/000000482800.jpg,validation,locked_confirmation,000000482800
coco-rem,000000482917,/home/felix/fiftyone/coco-2017/validation/data/000000482917.jpg,validation,locked_confirmation,000000482917
coco-rem,000000482970,/home/felix/fiftyone/coco-2017/validation/data/000000482970.jpg,validation,locked_confirmation,000000482970
coco-rem,000000482978,/home/felix/fiftyone/coco-2017/validation/data/000000482978.jpg,validation,locked_confirmation,000000482978
coco-rem,000000483050,/home/felix/fiftyone/coco-2017/validation/data/000000483050.jpg,validation,locked_confirmation,000000483050
coco-rem,000000483531,/home/felix/fiftyone/coco-2017/validation/data/000000483531.jpg,validation,locked_confirmation,000000483531
coco-rem,000000483667,/home/felix/fiftyone/coco-2017/validation/data/000000483667.jpg,validation,locked_confirmation,000000483667
coco-rem,000000483999,/home/felix/fiftyone/coco-2017/validation/data/000000483999.jpg,validation,locked_confirmation,000000483999
coco-rem,000000484029,/home/felix/fiftyone/coco-2017/validation/data/000000484029.jpg,validation,locked_confirmation,000000484029
coco-rem,000000484296,/home/felix/fiftyone/coco-2017/validation/data/000000484296.jpg,validation,locked_confirmation,000000484296
coco-rem,000000484351,/home/felix/fiftyone/coco-2017/validation/data/000000484351.jpg,validation,locked_confirmation,000000484351
coco-rem,000000484404,/home/felix/fiftyone/coco-2017/validation/data/000000484404.jpg,validation,locked_confirmation,000000484404
coco-rem,000000484415,/home/felix/fiftyone/coco-2017/validation/data/000000484415.jpg,validation,locked_confirmation,000000484415
coco-rem,000000484760,/home/felix/fiftyone/coco-2017/validation/data/000000484760.jpg,validation,locked_confirmation,000000484760
coco-rem,000000484893,/home/felix/fiftyone/coco-2017/validation/data/000000484893.jpg,validation,locked_confirmation,000000484893
coco-rem,000000484978,/home/felix/fiftyone/coco-2017/validation/data/000000484978.jpg,validation,locked_confirmation,000000484978
coco-rem,000000485027,/home/felix/fiftyone/coco-2017/validation/data/000000485027.jpg,validation,locked_confirmation,000000485027
coco-rem,000000485071,/home/felix/fiftyone/coco-2017/validation/data/000000485071.jpg,validation,locked_confirmation,000000485071
coco-rem,000000485130,/home/felix/fiftyone/coco-2017/validation/data/000000485130.jpg,validation,locked_confirmation,000000485130
coco-rem,000000485237,/home/felix/fiftyone/coco-2017/validation/data/000000485237.jpg,validation,locked_confirmation,000000485237
coco-rem,000000485424,/home/felix/fiftyone/coco-2017/validation/data/000000485424.jpg,validation,locked_confirmation,000000485424
coco-rem,000000485480,/home/felix/fiftyone/coco-2017/validation/data/000000485480.jpg,validation,locked_confirmation,000000485480
coco-rem,000000485802,/home/felix/fiftyone/coco-2017/validation/data/000000485802.jpg,validation,locked_confirmation,000000485802
coco-rem,000000485844,/home/felix/fiftyone/coco-2017/validation/data/000000485844.jpg,validation,locked_confirmation,000000485844
coco-rem,000000485895,/home/felix/fiftyone/coco-2017/validation/data/000000485895.jpg,validation,locked_confirmation,000000485895
coco-rem,000000485972,/home/felix/fiftyone/coco-2017/validation/data/000000485972.jpg,validation,locked_confirmation,000000485972
coco-rem,000000486040,/home/felix/fiftyone/coco-2017/validation/data/000000486040.jpg,validation,locked_confirmation,000000486040
coco-rem,000000486046,/home/felix/fiftyone/coco-2017/validation/data/000000486046.jpg,validation,locked_confirmation,000000486046
coco-rem,000000486104,/home/felix/fiftyone/coco-2017/validation/data/000000486104.jpg,validation,locked_confirmation,000000486104
coco-rem,000000486112,/home/felix/fiftyone/coco-2017/validation/data/000000486112.jpg,validation,locked_confirmation,000000486112
coco-rem,000000486438,/home/felix/fiftyone/coco-2017/validation/data/000000486438.jpg,validation,locked_confirmation,000000486438
coco-rem,000000486479,/home/felix/fiftyone/coco-2017/validation/data/000000486479.jpg,validation,locked_confirmation,000000486479
coco-rem,000000486573,/home/felix/fiftyone/coco-2017/validation/data/000000486573.jpg,validation,locked_confirmation,000000486573
coco-rem,000000487583,/home/felix/fiftyone/coco-2017/validation/data/000000487583.jpg,validation,locked_confirmation,000000487583
coco-rem,000000488075,/home/felix/fiftyone/coco-2017/validation/data/000000488075.jpg,validation,locked_confirmation,000000488075
coco-rem,000000488166,/home/felix/fiftyone/coco-2017/validation/data/000000488166.jpg,validation,locked_confirmation,000000488166
coco-rem,000000488251,/home/felix/fiftyone/coco-2017/validation/data/000000488251.jpg,validation,locked_confirmation,000000488251
coco-rem,000000488270,/home/felix/fiftyone/coco-2017/validation/data/000000488270.jpg,validation,locked_confirmation,000000488270
coco-rem,000000488385,/home/felix/fiftyone/coco-2017/validation/data/000000488385.jpg,validation,locked_confirmation,000000488385
coco-rem,000000488592,/home/felix/fiftyone/coco-2017/validation/data/000000488592.jpg,validation,locked_confirmation,000000488592
coco-rem,000000488664,/home/felix/fiftyone/coco-2017/validation/data/000000488664.jpg,validation,locked_confirmation,000000488664
coco-rem,000000488673,/home/felix/fiftyone/coco-2017/validation/data/000000488673.jpg,validation,locked_confirmation,000000488673
coco-rem,000000488710,/home/felix/fiftyone/coco-2017/validation/data/000000488710.jpg,validation,locked_confirmation,000000488710
coco-rem,000000488736,/home/felix/fiftyone/coco-2017/validation/data/000000488736.jpg,validation,locked_confirmation,000000488736
coco-rem,000000489014,/home/felix/fiftyone/coco-2017/validation/data/000000489014.jpg,validation,locked_confirmation,000000489014
coco-rem,000000489046,/home/felix/fiftyone/coco-2017/validation/data/000000489046.jpg,validation,locked_confirmation,000000489046
coco-rem,000000489091,/home/felix/fiftyone/coco-2017/validation/data/000000489091.jpg,validation,locked_confirmation,000000489091
coco-rem,000000489305,/home/felix/fiftyone/coco-2017/validation/data/000000489305.jpg,validation,locked_confirmation,000000489305
coco-rem,000000489339,/home/felix/fiftyone/coco-2017/validation/data/000000489339.jpg,validation,locked_confirmation,000000489339
coco-rem,000000489611,/home/felix/fiftyone/coco-2017/validation/data/000000489611.jpg,validation,locked_confirmation,000000489611
coco-rem,000000489764,/home/felix/fiftyone/coco-2017/validation/data/000000489764.jpg,validation,locked_confirmation,000000489764
coco-rem,000000489842,/home/felix/fiftyone/coco-2017/validation/data/000000489842.jpg,validation,locked_confirmation,000000489842
coco-rem,000000489924,/home/felix/fiftyone/coco-2017/validation/data/000000489924.jpg,validation,locked_confirmation,000000489924
coco-rem,000000490125,/home/felix/fiftyone/coco-2017/validation/data/000000490125.jpg,validation,locked_confirmation,000000490125
coco-rem,000000490171,/home/felix/fiftyone/coco-2017/validation/data/000000490171.jpg,validation,locked_confirmation,000000490171
coco-rem,000000490413,/home/felix/fiftyone/coco-2017/validation/data/000000490413.jpg,validation,locked_confirmation,000000490413
coco-rem,000000490470,/home/felix/fiftyone/coco-2017/validation/data/000000490470.jpg,validation,locked_confirmation,000000490470
coco-rem,000000490515,/home/felix/fiftyone/coco-2017/validation/data/000000490515.jpg,validation,locked_confirmation,000000490515
coco-rem,000000490936,/home/felix/fiftyone/coco-2017/validation/data/000000490936.jpg,validation,locked_confirmation,000000490936
coco-rem,000000491008,/home/felix/fiftyone/coco-2017/validation/data/000000491008.jpg,validation,locked_confirmation,000000491008
coco-rem,000000491071,/home/felix/fiftyone/coco-2017/validation/data/000000491071.jpg,validation,locked_confirmation,000000491071
coco-rem,000000491090,/home/felix/fiftyone/coco-2017/validation/data/000000491090.jpg,validation,locked_confirmation,000000491090
coco-rem,000000491130,/home/felix/fiftyone/coco-2017/validation/data/000000491130.jpg,validation,locked_confirmation,000000491130
coco-rem,000000491213,/home/felix/fiftyone/coco-2017/validation/data/000000491213.jpg,validation,locked_confirmation,000000491213
coco-rem,000000491216,/home/felix/fiftyone/coco-2017/validation/data/000000491216.jpg,validation,locked_confirmation,000000491216
coco-rem,000000491366,/home/felix/fiftyone/coco-2017/validation/data/000000491366.jpg,validation,locked_confirmation,000000491366
coco-rem,000000491464,/home/felix/fiftyone/coco-2017/validation/data/000000491464.jpg,validation,locked_confirmation,000000491464
coco-rem,000000491470,/home/felix/fiftyone/coco-2017/validation/data/000000491470.jpg,validation,locked_confirmation,000000491470
coco-rem,000000491497,/home/felix/fiftyone/coco-2017/validation/data/000000491497.jpg,validation,locked_confirmation,000000491497
coco-rem,000000491613,/home/felix/fiftyone/coco-2017/validation/data/000000491613.jpg,validation,locked_confirmation,000000491613
coco-rem,000000491683,/home/felix/fiftyone/coco-2017/validation/data/000000491683.jpg,validation,locked_confirmation,000000491683
coco-rem,000000491725,/home/felix/fiftyone/coco-2017/validation/data/000000491725.jpg,validation,locked_confirmation,000000491725
coco-rem,000000491757,/home/felix/fiftyone/coco-2017/validation/data/000000491757.jpg,validation,locked_confirmation,000000491757
coco-rem,000000491867,/home/felix/fiftyone/coco-2017/validation/data/000000491867.jpg,validation,locked_confirmation,000000491867
coco-rem,000000492077,/home/felix/fiftyone/coco-2017/validation/data/000000492077.jpg,validation,locked_confirmation,000000492077
coco-rem,000000492110,/home/felix/fiftyone/coco-2017/validation/data/000000492110.jpg,validation,locked_confirmation,000000492110
coco-rem,000000492282,/home/felix/fiftyone/coco-2017/validation/data/000000492282.jpg,validation,locked_confirmation,000000492282
coco-rem,000000492284,/home/felix/fiftyone/coco-2017/validation/data/000000492284.jpg,validation,locked_confirmation,000000492284
coco-rem,000000492362,/home/felix/fiftyone/coco-2017/validation/data/000000492362.jpg,validation,locked_confirmation,000000492362
coco-rem,000000492758,/home/felix/fiftyone/coco-2017/validation/data/000000492758.jpg,validation,locked_confirmation,000000492758
coco-rem,000000492878,/home/felix/fiftyone/coco-2017/validation/data/000000492878.jpg,validation,locked_confirmation,000000492878
coco-rem,000000492905,/home/felix/fiftyone/coco-2017/validation/data/000000492905.jpg,validation,locked_confirmation,000000492905
coco-rem,000000492937,/home/felix/fiftyone/coco-2017/validation/data/000000492937.jpg,validation,locked_confirmation,000000492937
coco-rem,000000492968,/home/felix/fiftyone/coco-2017/validation/data/000000492968.jpg,validation,locked_confirmation,000000492968
coco-rem,000000492992,/home/felix/fiftyone/coco-2017/validation/data/000000492992.jpg,validation,locked_confirmation,000000492992
coco-rem,000000493019,/home/felix/fiftyone/coco-2017/validation/data/000000493019.jpg,validation,locked_confirmation,000000493019
coco-rem,000000493284,/home/felix/fiftyone/coco-2017/validation/data/000000493284.jpg,validation,locked_confirmation,000000493284
coco-rem,000000493286,/home/felix/fiftyone/coco-2017/validation/data/000000493286.jpg,validation,locked_confirmation,000000493286
coco-rem,000000493334,/home/felix/fiftyone/coco-2017/validation/data/000000493334.jpg,validation,locked_confirmation,000000493334
coco-rem,000000493442,/home/felix/fiftyone/coco-2017/validation/data/000000493442.jpg,validation,locked_confirmation,000000493442
coco-rem,000000493566,/home/felix/fiftyone/coco-2017/validation/data/000000493566.jpg,validation,locked_confirmation,000000493566
coco-rem,000000493613,/home/felix/fiftyone/coco-2017/validation/data/000000493613.jpg,validation,locked_confirmation,000000493613
coco-rem,000000493772,/home/felix/fiftyone/coco-2017/validation/data/000000493772.jpg,validation,locked_confirmation,000000493772
coco-rem,000000493799,/home/felix/fiftyone/coco-2017/validation/data/000000493799.jpg,validation,locked_confirmation,000000493799
coco-rem,000000493864,/home/felix/fiftyone/coco-2017/validation/data/000000493864.jpg,validation,locked_confirmation,000000493864
coco-rem,000000493905,/home/felix/fiftyone/coco-2017/validation/data/000000493905.jpg,validation,locked_confirmation,000000493905
coco-rem,000000494188,/home/felix/fiftyone/coco-2017/validation/data/000000494188.jpg,validation,locked_confirmation,000000494188
coco-rem,000000494427,/home/felix/fiftyone/coco-2017/validation/data/000000494427.jpg,validation,locked_confirmation,000000494427
coco-rem,000000494634,/home/felix/fiftyone/coco-2017/validation/data/000000494634.jpg,validation,locked_confirmation,000000494634
coco-rem,000000494759,/home/felix/fiftyone/coco-2017/validation/data/000000494759.jpg,validation,locked_confirmation,000000494759
coco-rem,000000494863,/home/felix/fiftyone/coco-2017/validation/data/000000494863.jpg,validation,locked_confirmation,000000494863
coco-rem,000000494869,/home/felix/fiftyone/coco-2017/validation/data/000000494869.jpg,validation,locked_confirmation,000000494869
coco-rem,000000494913,/home/felix/fiftyone/coco-2017/validation/data/000000494913.jpg,validation,locked_confirmation,000000494913
coco-rem,000000495054,/home/felix/fiftyone/coco-2017/validation/data/000000495054.jpg,validation,locked_confirmation,000000495054
coco-rem,000000495146,/home/felix/fiftyone/coco-2017/validation/data/000000495146.jpg,validation,locked_confirmation,000000495146
coco-rem,000000495448,/home/felix/fiftyone/coco-2017/validation/data/000000495448.jpg,validation,locked_confirmation,000000495448
coco-rem,000000495732,/home/felix/fiftyone/coco-2017/validation/data/000000495732.jpg,validation,locked_confirmation,000000495732
coco-rem,000000496409,/home/felix/fiftyone/coco-2017/validation/data/000000496409.jpg,validation,locked_confirmation,000000496409
coco-rem,000000496571,/home/felix/fiftyone/coco-2017/validation/data/000000496571.jpg,validation,locked_confirmation,000000496571
coco-rem,000000496597,/home/felix/fiftyone/coco-2017/validation/data/000000496597.jpg,validation,locked_confirmation,000000496597
coco-rem,000000496722,/home/felix/fiftyone/coco-2017/validation/data/000000496722.jpg,validation,locked_confirmation,000000496722
coco-rem,000000496854,/home/felix/fiftyone/coco-2017/validation/data/000000496854.jpg,validation,locked_confirmation,000000496854
coco-rem,000000496954,/home/felix/fiftyone/coco-2017/validation/data/000000496954.jpg,validation,locked_confirmation,000000496954
coco-rem,000000497344,/home/felix/fiftyone/coco-2017/validation/data/000000497344.jpg,validation,locked_confirmation,000000497344
coco-rem,000000497568,/home/felix/fiftyone/coco-2017/validation/data/000000497568.jpg,validation,locked_confirmation,000000497568
coco-rem,000000497599,/home/felix/fiftyone/coco-2017/validation/data/000000497599.jpg,validation,locked_confirmation,000000497599
coco-rem,000000497628,/home/felix/fiftyone/coco-2017/validation/data/000000497628.jpg,validation,locked_confirmation,000000497628
coco-rem,000000497867,/home/felix/fiftyone/coco-2017/validation/data/000000497867.jpg,validation,locked_confirmation,000000497867
coco-rem,000000498032,/home/felix/fiftyone/coco-2017/validation/data/000000498032.jpg,validation,locked_confirmation,000000498032
coco-rem,000000498286,/home/felix/fiftyone/coco-2017/validation/data/000000498286.jpg,validation,locked_confirmation,000000498286
coco-rem,000000498463,/home/felix/fiftyone/coco-2017/validation/data/000000498463.jpg,validation,locked_confirmation,000000498463
coco-rem,000000498709,/home/felix/fiftyone/coco-2017/validation/data/000000498709.jpg,validation,locked_confirmation,000000498709
coco-rem,000000498747,/home/felix/fiftyone/coco-2017/validation/data/000000498747.jpg,validation,locked_confirmation,000000498747
coco-rem,000000498807,/home/felix/fiftyone/coco-2017/validation/data/000000498807.jpg,validation,locked_confirmation,000000498807
coco-rem,000000498857,/home/felix/fiftyone/coco-2017/validation/data/000000498857.jpg,validation,locked_confirmation,000000498857
coco-rem,000000498919,/home/felix/fiftyone/coco-2017/validation/data/000000498919.jpg,validation,locked_confirmation,000000498919
coco-rem,000000499031,/home/felix/fiftyone/coco-2017/validation/data/000000499031.jpg,validation,locked_confirmation,000000499031
coco-rem,000000499109,/home/felix/fiftyone/coco-2017/validation/data/000000499109.jpg,validation,locked_confirmation,000000499109
coco-rem,000000499181,/home/felix/fiftyone/coco-2017/validation/data/000000499181.jpg,validation,locked_confirmation,000000499181
coco-rem,000000499266,/home/felix/fiftyone/coco-2017/validation/data/000000499266.jpg,validation,locked_confirmation,000000499266
coco-rem,000000499313,/home/felix/fiftyone/coco-2017/validation/data/000000499313.jpg,validation,locked_confirmation,000000499313
coco-rem,000000499622,/home/felix/fiftyone/coco-2017/validation/data/000000499622.jpg,validation,locked_confirmation,000000499622
coco-rem,000000499768,/home/felix/fiftyone/coco-2017/validation/data/000000499768.jpg,validation,locked_confirmation,000000499768
coco-rem,000000499775,/home/felix/fiftyone/coco-2017/validation/data/000000499775.jpg,validation,locked_confirmation,000000499775
coco-rem,000000500049,/home/felix/fiftyone/coco-2017/validation/data/000000500049.jpg,validation,locked_confirmation,000000500049
coco-rem,000000500211,/home/felix/fiftyone/coco-2017/validation/data/000000500211.jpg,validation,locked_confirmation,000000500211
coco-rem,000000500257,/home/felix/fiftyone/coco-2017/validation/data/000000500257.jpg,validation,locked_confirmation,000000500257
coco-rem,000000500270,/home/felix/fiftyone/coco-2017/validation/data/000000500270.jpg,validation,locked_confirmation,000000500270
coco-rem,000000500423,/home/felix/fiftyone/coco-2017/validation/data/000000500423.jpg,validation,locked_confirmation,000000500423
coco-rem,000000500464,/home/felix/fiftyone/coco-2017/validation/data/000000500464.jpg,validation,locked_confirmation,000000500464
coco-rem,000000500477,/home/felix/fiftyone/coco-2017/validation/data/000000500477.jpg,validation,locked_confirmation,000000500477
coco-rem,000000500478,/home/felix/fiftyone/coco-2017/validation/data/000000500478.jpg,validation,locked_confirmation,000000500478
coco-rem,000000500565,/home/felix/fiftyone/coco-2017/validation/data/000000500565.jpg,validation,locked_confirmation,000000500565
coco-rem,000000500613,/home/felix/fiftyone/coco-2017/validation/data/000000500613.jpg,validation,locked_confirmation,000000500613
coco-rem,000000500663,/home/felix/fiftyone/coco-2017/validation/data/000000500663.jpg,validation,locked_confirmation,000000500663
coco-rem,000000500716,/home/felix/fiftyone/coco-2017/validation/data/000000500716.jpg,validation,locked_confirmation,000000500716
coco-rem,000000500826,/home/felix/fiftyone/coco-2017/validation/data/000000500826.jpg,validation,locked_confirmation,000000500826
coco-rem,000000501005,/home/felix/fiftyone/coco-2017/validation/data/000000501005.jpg,validation,locked_confirmation,000000501005
coco-rem,000000501023,/home/felix/fiftyone/coco-2017/validation/data/000000501023.jpg,validation,locked_confirmation,000000501023
coco-rem,000000501243,/home/felix/fiftyone/coco-2017/validation/data/000000501243.jpg,validation,locked_confirmation,000000501243
coco-rem,000000501368,/home/felix/fiftyone/coco-2017/validation/data/000000501368.jpg,validation,locked_confirmation,000000501368
coco-rem,000000501523,/home/felix/fiftyone/coco-2017/validation/data/000000501523.jpg,validation,locked_confirmation,000000501523
coco-rem,000000502136,/home/felix/fiftyone/coco-2017/validation/data/000000502136.jpg,validation,locked_confirmation,000000502136
coco-rem,000000502168,/home/felix/fiftyone/coco-2017/validation/data/000000502168.jpg,validation,locked_confirmation,000000502168
coco-rem,000000502229,/home/felix/fiftyone/coco-2017/validation/data/000000502229.jpg,validation,locked_confirmation,000000502229
coco-rem,000000502336,/home/felix/fiftyone/coco-2017/validation/data/000000502336.jpg,validation,locked_confirmation,000000502336
coco-rem,000000502347,/home/felix/fiftyone/coco-2017/validation/data/000000502347.jpg,validation,locked_confirmation,000000502347
coco-rem,000000502599,/home/felix/fiftyone/coco-2017/validation/data/000000502599.jpg,validation,locked_confirmation,000000502599
coco-rem,000000502732,/home/felix/fiftyone/coco-2017/validation/data/000000502732.jpg,validation,locked_confirmation,000000502732
coco-rem,000000502737,/home/felix/fiftyone/coco-2017/validation/data/000000502737.jpg,validation,locked_confirmation,000000502737
coco-rem,000000502910,/home/felix/fiftyone/coco-2017/validation/data/000000502910.jpg,validation,locked_confirmation,000000502910
coco-rem,000000503755,/home/felix/fiftyone/coco-2017/validation/data/000000503755.jpg,validation,locked_confirmation,000000503755
coco-rem,000000503823,/home/felix/fiftyone/coco-2017/validation/data/000000503823.jpg,validation,locked_confirmation,000000503823
coco-rem,000000503841,/home/felix/fiftyone/coco-2017/validation/data/000000503841.jpg,validation,locked_confirmation,000000503841
coco-rem,000000503855,/home/felix/fiftyone/coco-2017/validation/data/000000503855.jpg,validation,locked_confirmation,000000503855
coco-rem,000000504000,/home/felix/fiftyone/coco-2017/validation/data/000000504000.jpg,validation,locked_confirmation,000000504000
coco-rem,000000504074,/home/felix/fiftyone/coco-2017/validation/data/000000504074.jpg,validation,locked_confirmation,000000504074
coco-rem,000000504389,/home/felix/fiftyone/coco-2017/validation/data/000000504389.jpg,validation,locked_confirmation,000000504389
coco-rem,000000504415,/home/felix/fiftyone/coco-2017/validation/data/000000504415.jpg,validation,locked_confirmation,000000504415
coco-rem,000000504439,/home/felix/fiftyone/coco-2017/validation/data/000000504439.jpg,validation,locked_confirmation,000000504439
coco-rem,000000504580,/home/felix/fiftyone/coco-2017/validation/data/000000504580.jpg,validation,locked_confirmation,000000504580
coco-rem,000000504589,/home/felix/fiftyone/coco-2017/validation/data/000000504589.jpg,validation,locked_confirmation,000000504589
coco-rem,000000504635,/home/felix/fiftyone/coco-2017/validation/data/000000504635.jpg,validation,locked_confirmation,000000504635
coco-rem,000000504711,/home/felix/fiftyone/coco-2017/validation/data/000000504711.jpg,validation,locked_confirmation,000000504711
coco-rem,000000505169,/home/felix/fiftyone/coco-2017/validation/data/000000505169.jpg,validation,locked_confirmation,000000505169
coco-rem,000000505451,/home/felix/fiftyone/coco-2017/validation/data/000000505451.jpg,validation,locked_confirmation,000000505451
coco-rem,000000505565,/home/felix/fiftyone/coco-2017/validation/data/000000505565.jpg,validation,locked_confirmation,000000505565
coco-rem,000000505573,/home/felix/fiftyone/coco-2017/validation/data/000000505573.jpg,validation,locked_confirmation,000000505573
coco-rem,000000505638,/home/felix/fiftyone/coco-2017/validation/data/000000505638.jpg,validation,locked_confirmation,000000505638
coco-rem,000000505789,/home/felix/fiftyone/coco-2017/validation/data/000000505789.jpg,validation,locked_confirmation,000000505789
coco-rem,000000505942,/home/felix/fiftyone/coco-2017/validation/data/000000505942.jpg,validation,locked_confirmation,000000505942
coco-rem,000000506004,/home/felix/fiftyone/coco-2017/validation/data/000000506004.jpg,validation,locked_confirmation,000000506004
coco-rem,000000506178,/home/felix/fiftyone/coco-2017/validation/data/000000506178.jpg,validation,locked_confirmation,000000506178
coco-rem,000000506279,/home/felix/fiftyone/coco-2017/validation/data/000000506279.jpg,validation,locked_confirmation,000000506279
coco-rem,000000506310,/home/felix/fiftyone/coco-2017/validation/data/000000506310.jpg,validation,locked_confirmation,000000506310
coco-rem,000000506454,/home/felix/fiftyone/coco-2017/validation/data/000000506454.jpg,validation,locked_confirmation,000000506454
coco-rem,000000506656,/home/felix/fiftyone/coco-2017/validation/data/000000506656.jpg,validation,locked_confirmation,000000506656
coco-rem,000000506707,/home/felix/fiftyone/coco-2017/validation/data/000000506707.jpg,validation,locked_confirmation,000000506707
coco-rem,000000506933,/home/felix/fiftyone/coco-2017/validation/data/000000506933.jpg,validation,locked_confirmation,000000506933
coco-rem,000000507015,/home/felix/fiftyone/coco-2017/validation/data/000000507015.jpg,validation,locked_confirmation,000000507015
coco-rem,000000507037,/home/felix/fiftyone/coco-2017/validation/data/000000507037.jpg,validation,locked_confirmation,000000507037
coco-rem,000000507042,/home/felix/fiftyone/coco-2017/validation/data/000000507042.jpg,validation,locked_confirmation,000000507042
coco-rem,000000507081,/home/felix/fiftyone/coco-2017/validation/data/000000507081.jpg,validation,locked_confirmation,000000507081
coco-rem,000000507223,/home/felix/fiftyone/coco-2017/validation/data/000000507223.jpg,validation,locked_confirmation,000000507223
coco-rem,000000507235,/home/felix/fiftyone/coco-2017/validation/data/000000507235.jpg,validation,locked_confirmation,000000507235
coco-rem,000000507473,/home/felix/fiftyone/coco-2017/validation/data/000000507473.jpg,validation,locked_confirmation,000000507473
coco-rem,000000507575,/home/felix/fiftyone/coco-2017/validation/data/000000507575.jpg,validation,locked_confirmation,000000507575
coco-rem,000000507667,/home/felix/fiftyone/coco-2017/validation/data/000000507667.jpg,validation,locked_confirmation,000000507667
coco-rem,000000507797,/home/felix/fiftyone/coco-2017/validation/data/000000507797.jpg,validation,locked_confirmation,000000507797
coco-rem,000000507893,/home/felix/fiftyone/coco-2017/validation/data/000000507893.jpg,validation,locked_confirmation,000000507893
coco-rem,000000507975,/home/felix/fiftyone/coco-2017/validation/data/000000507975.jpg,validation,locked_confirmation,000000507975
coco-rem,000000508101,/home/felix/fiftyone/coco-2017/validation/data/000000508101.jpg,validation,locked_confirmation,000000508101
coco-rem,000000508312,/home/felix/fiftyone/coco-2017/validation/data/000000508312.jpg,validation,locked_confirmation,000000508312
coco-rem,000000508370,/home/felix/fiftyone/coco-2017/validation/data/000000508370.jpg,validation,locked_confirmation,000000508370
coco-rem,000000508482,/home/felix/fiftyone/coco-2017/validation/data/000000508482.jpg,validation,locked_confirmation,000000508482
coco-rem,000000508586,/home/felix/fiftyone/coco-2017/validation/data/000000508586.jpg,validation,locked_confirmation,000000508586
coco-rem,000000508602,/home/felix/fiftyone/coco-2017/validation/data/000000508602.jpg,validation,locked_confirmation,000000508602
coco-rem,000000508639,/home/felix/fiftyone/coco-2017/validation/data/000000508639.jpg,validation,locked_confirmation,000000508639
coco-rem,000000508730,/home/felix/fiftyone/coco-2017/validation/data/000000508730.jpg,validation,locked_confirmation,000000508730
coco-rem,000000508917,/home/felix/fiftyone/coco-2017/validation/data/000000508917.jpg,validation,locked_confirmation,000000508917
coco-rem,000000509008,/home/felix/fiftyone/coco-2017/validation/data/000000509008.jpg,validation,locked_confirmation,000000509008
coco-rem,000000509014,/home/felix/fiftyone/coco-2017/validation/data/000000509014.jpg,validation,locked_confirmation,000000509014
coco-rem,000000509131,/home/felix/fiftyone/coco-2017/validation/data/000000509131.jpg,validation,locked_confirmation,000000509131
coco-rem,000000509258,/home/felix/fiftyone/coco-2017/validation/data/000000509258.jpg,validation,locked_confirmation,000000509258
coco-rem,000000509260,/home/felix/fiftyone/coco-2017/validation/data/000000509260.jpg,validation,locked_confirmation,000000509260
coco-rem,000000509403,/home/felix/fiftyone/coco-2017/validation/data/000000509403.jpg,validation,locked_confirmation,000000509403
coco-rem,000000509451,/home/felix/fiftyone/coco-2017/validation/data/000000509451.jpg,validation,locked_confirmation,000000509451
coco-rem,000000509656,/home/felix/fiftyone/coco-2017/validation/data/000000509656.jpg,validation,locked_confirmation,000000509656
coco-rem,000000509699,/home/felix/fiftyone/coco-2017/validation/data/000000509699.jpg,validation,locked_confirmation,000000509699
coco-rem,000000509719,/home/felix/fiftyone/coco-2017/validation/data/000000509719.jpg,validation,locked_confirmation,000000509719
coco-rem,000000509735,/home/felix/fiftyone/coco-2017/validation/data/000000509735.jpg,validation,locked_confirmation,000000509735
coco-rem,000000509824,/home/felix/fiftyone/coco-2017/validation/data/000000509824.jpg,validation,locked_confirmation,000000509824
coco-rem,000000510095,/home/felix/fiftyone/coco-2017/validation/data/000000510095.jpg,validation,locked_confirmation,000000510095
coco-rem,000000510329,/home/felix/fiftyone/coco-2017/validation/data/000000510329.jpg,validation,locked_confirmation,000000510329
coco-rem,000000511076,/home/felix/fiftyone/coco-2017/validation/data/000000511076.jpg,validation,locked_confirmation,000000511076
coco-rem,000000511321,/home/felix/fiftyone/coco-2017/validation/data/000000511321.jpg,validation,locked_confirmation,000000511321
coco-rem,000000511384,/home/felix/fiftyone/coco-2017/validation/data/000000511384.jpg,validation,locked_confirmation,000000511384
coco-rem,000000511398,/home/felix/fiftyone/coco-2017/validation/data/000000511398.jpg,validation,locked_confirmation,000000511398
coco-rem,000000511453,/home/felix/fiftyone/coco-2017/validation/data/000000511453.jpg,validation,locked_confirmation,000000511453
coco-rem,000000511599,/home/felix/fiftyone/coco-2017/validation/data/000000511599.jpg,validation,locked_confirmation,000000511599
coco-rem,000000511647,/home/felix/fiftyone/coco-2017/validation/data/000000511647.jpg,validation,locked_confirmation,000000511647
coco-rem,000000511760,/home/felix/fiftyone/coco-2017/validation/data/000000511760.jpg,validation,locked_confirmation,000000511760
coco-rem,000000511999,/home/felix/fiftyone/coco-2017/validation/data/000000511999.jpg,validation,locked_confirmation,000000511999
coco-rem,000000512194,/home/felix/fiftyone/coco-2017/validation/data/000000512194.jpg,validation,locked_confirmation,000000512194
coco-rem,000000512248,/home/felix/fiftyone/coco-2017/validation/data/000000512248.jpg,validation,locked_confirmation,000000512248
coco-rem,000000512330,/home/felix/fiftyone/coco-2017/validation/data/000000512330.jpg,validation,locked_confirmation,000000512330
coco-rem,000000512403,/home/felix/fiftyone/coco-2017/validation/data/000000512403.jpg,validation,locked_confirmation,000000512403
coco-rem,000000512476,/home/felix/fiftyone/coco-2017/validation/data/000000512476.jpg,validation,locked_confirmation,000000512476
coco-rem,000000512564,/home/felix/fiftyone/coco-2017/validation/data/000000512564.jpg,validation,locked_confirmation,000000512564
coco-rem,000000512648,/home/felix/fiftyone/coco-2017/validation/data/000000512648.jpg,validation,locked_confirmation,000000512648
coco-rem,000000512657,/home/felix/fiftyone/coco-2017/validation/data/000000512657.jpg,validation,locked_confirmation,000000512657
coco-rem,000000512776,/home/felix/fiftyone/coco-2017/validation/data/000000512776.jpg,validation,locked_confirmation,000000512776
coco-rem,000000512836,/home/felix/fiftyone/coco-2017/validation/data/000000512836.jpg,validation,locked_confirmation,000000512836
coco-rem,000000512929,/home/felix/fiftyone/coco-2017/validation/data/000000512929.jpg,validation,locked_confirmation,000000512929
coco-rem,000000512985,/home/felix/fiftyone/coco-2017/validation/data/000000512985.jpg,validation,locked_confirmation,000000512985
coco-rem,000000513041,/home/felix/fiftyone/coco-2017/validation/data/000000513041.jpg,validation,locked_confirmation,000000513041
coco-rem,000000513181,/home/felix/fiftyone/coco-2017/validation/data/000000513181.jpg,validation,locked_confirmation,000000513181
coco-rem,000000513283,/home/felix/fiftyone/coco-2017/validation/data/000000513283.jpg,validation,locked_confirmation,000000513283
coco-rem,000000513484,/home/felix/fiftyone/coco-2017/validation/data/000000513484.jpg,validation,locked_confirmation,000000513484
coco-rem,000000513524,/home/felix/fiftyone/coco-2017/validation/data/000000513524.jpg,validation,locked_confirmation,000000513524
coco-rem,000000513567,/home/felix/fiftyone/coco-2017/validation/data/000000513567.jpg,validation,locked_confirmation,000000513567
coco-rem,000000513580,/home/felix/fiftyone/coco-2017/validation/data/000000513580.jpg,validation,locked_confirmation,000000513580
coco-rem,000000513688,/home/felix/fiftyone/coco-2017/validation/data/000000513688.jpg,validation,locked_confirmation,000000513688
coco-rem,000000514376,/home/felix/fiftyone/coco-2017/validation/data/000000514376.jpg,validation,locked_confirmation,000000514376
coco-rem,000000514508,/home/felix/fiftyone/coco-2017/validation/data/000000514508.jpg,validation,locked_confirmation,000000514508
coco-rem,000000514540,/home/felix/fiftyone/coco-2017/validation/data/000000514540.jpg,validation,locked_confirmation,000000514540
coco-rem,000000514586,/home/felix/fiftyone/coco-2017/validation/data/000000514586.jpg,validation,locked_confirmation,000000514586
coco-rem,000000514797,/home/felix/fiftyone/coco-2017/validation/data/000000514797.jpg,validation,locked_confirmation,000000514797
coco-rem,000000514914,/home/felix/fiftyone/coco-2017/validation/data/000000514914.jpg,validation,locked_confirmation,000000514914
coco-rem,000000514979,/home/felix/fiftyone/coco-2017/validation/data/000000514979.jpg,validation,locked_confirmation,000000514979
coco-rem,000000515025,/home/felix/fiftyone/coco-2017/validation/data/000000515025.jpg,validation,locked_confirmation,000000515025
coco-rem,000000515077,/home/felix/fiftyone/coco-2017/validation/data/000000515077.jpg,validation,locked_confirmation,000000515077
coco-rem,000000515266,/home/felix/fiftyone/coco-2017/validation/data/000000515266.jpg,validation,locked_confirmation,000000515266
coco-rem,000000515350,/home/felix/fiftyone/coco-2017/validation/data/000000515350.jpg,validation,locked_confirmation,000000515350
coco-rem,000000515445,/home/felix/fiftyone/coco-2017/validation/data/000000515445.jpg,validation,locked_confirmation,000000515445
coco-rem,000000515577,/home/felix/fiftyone/coco-2017/validation/data/000000515577.jpg,validation,locked_confirmation,000000515577
coco-rem,000000515579,/home/felix/fiftyone/coco-2017/validation/data/000000515579.jpg,validation,locked_confirmation,000000515579
coco-rem,000000515828,/home/felix/fiftyone/coco-2017/validation/data/000000515828.jpg,validation,locked_confirmation,000000515828
coco-rem,000000515982,/home/felix/fiftyone/coco-2017/validation/data/000000515982.jpg,validation,locked_confirmation,000000515982
coco-rem,000000516038,/home/felix/fiftyone/coco-2017/validation/data/000000516038.jpg,validation,locked_confirmation,000000516038
coco-rem,000000516143,/home/felix/fiftyone/coco-2017/validation/data/000000516143.jpg,validation,locked_confirmation,000000516143
coco-rem,000000516173,/home/felix/fiftyone/coco-2017/validation/data/000000516173.jpg,validation,locked_confirmation,000000516173
coco-rem,000000516316,/home/felix/fiftyone/coco-2017/validation/data/000000516316.jpg,validation,locked_confirmation,000000516316
coco-rem,000000516318,/home/felix/fiftyone/coco-2017/validation/data/000000516318.jpg,validation,locked_confirmation,000000516318
coco-rem,000000516601,/home/felix/fiftyone/coco-2017/validation/data/000000516601.jpg,validation,locked_confirmation,000000516601
coco-rem,000000516677,/home/felix/fiftyone/coco-2017/validation/data/000000516677.jpg,validation,locked_confirmation,000000516677
coco-rem,000000516708,/home/felix/fiftyone/coco-2017/validation/data/000000516708.jpg,validation,locked_confirmation,000000516708
coco-rem,000000516804,/home/felix/fiftyone/coco-2017/validation/data/000000516804.jpg,validation,locked_confirmation,000000516804
coco-rem,000000516871,/home/felix/fiftyone/coco-2017/validation/data/000000516871.jpg,validation,locked_confirmation,000000516871
coco-rem,000000516916,/home/felix/fiftyone/coco-2017/validation/data/000000516916.jpg,validation,locked_confirmation,000000516916
coco-rem,000000517056,/home/felix/fiftyone/coco-2017/validation/data/000000517056.jpg,validation,locked_confirmation,000000517056
coco-rem,000000517069,/home/felix/fiftyone/coco-2017/validation/data/000000517069.jpg,validation,locked_confirmation,000000517069
coco-rem,000000517523,/home/felix/fiftyone/coco-2017/validation/data/000000517523.jpg,validation,locked_confirmation,000000517523
coco-rem,000000517687,/home/felix/fiftyone/coco-2017/validation/data/000000517687.jpg,validation,locked_confirmation,000000517687
coco-rem,000000517832,/home/felix/fiftyone/coco-2017/validation/data/000000517832.jpg,validation,locked_confirmation,000000517832
coco-rem,000000518213,/home/felix/fiftyone/coco-2017/validation/data/000000518213.jpg,validation,locked_confirmation,000000518213
coco-rem,000000518326,/home/felix/fiftyone/coco-2017/validation/data/000000518326.jpg,validation,locked_confirmation,000000518326
coco-rem,000000518770,/home/felix/fiftyone/coco-2017/validation/data/000000518770.jpg,validation,locked_confirmation,000000518770
coco-rem,000000519039,/home/felix/fiftyone/coco-2017/validation/data/000000519039.jpg,validation,locked_confirmation,000000519039
coco-rem,000000519208,/home/felix/fiftyone/coco-2017/validation/data/000000519208.jpg,validation,locked_confirmation,000000519208
coco-rem,000000519338,/home/felix/fiftyone/coco-2017/validation/data/000000519338.jpg,validation,locked_confirmation,000000519338
coco-rem,000000519491,/home/felix/fiftyone/coco-2017/validation/data/000000519491.jpg,validation,locked_confirmation,000000519491
coco-rem,000000519522,/home/felix/fiftyone/coco-2017/validation/data/000000519522.jpg,validation,locked_confirmation,000000519522
coco-rem,000000519569,/home/felix/fiftyone/coco-2017/validation/data/000000519569.jpg,validation,locked_confirmation,000000519569
coco-rem,000000519611,/home/felix/fiftyone/coco-2017/validation/data/000000519611.jpg,validation,locked_confirmation,000000519611
coco-rem,000000519688,/home/felix/fiftyone/coco-2017/validation/data/000000519688.jpg,validation,locked_confirmation,000000519688
coco-rem,000000519764,/home/felix/fiftyone/coco-2017/validation/data/000000519764.jpg,validation,locked_confirmation,000000519764
coco-rem,000000520009,/home/felix/fiftyone/coco-2017/validation/data/000000520009.jpg,validation,locked_confirmation,000000520009
coco-rem,000000520077,/home/felix/fiftyone/coco-2017/validation/data/000000520077.jpg,validation,locked_confirmation,000000520077
coco-rem,000000520264,/home/felix/fiftyone/coco-2017/validation/data/000000520264.jpg,validation,locked_confirmation,000000520264
coco-rem,000000520301,/home/felix/fiftyone/coco-2017/validation/data/000000520301.jpg,validation,locked_confirmation,000000520301
coco-rem,000000520324,/home/felix/fiftyone/coco-2017/validation/data/000000520324.jpg,validation,locked_confirmation,000000520324
coco-rem,000000520531,/home/felix/fiftyone/coco-2017/validation/data/000000520531.jpg,validation,locked_confirmation,000000520531
coco-rem,000000520659,/home/felix/fiftyone/coco-2017/validation/data/000000520659.jpg,validation,locked_confirmation,000000520659
coco-rem,000000520707,/home/felix/fiftyone/coco-2017/validation/data/000000520707.jpg,validation,locked_confirmation,000000520707
coco-rem,000000520832,/home/felix/fiftyone/coco-2017/validation/data/000000520832.jpg,validation,locked_confirmation,000000520832
coco-rem,000000520871,/home/felix/fiftyone/coco-2017/validation/data/000000520871.jpg,validation,locked_confirmation,000000520871
coco-rem,000000520910,/home/felix/fiftyone/coco-2017/validation/data/000000520910.jpg,validation,locked_confirmation,000000520910
coco-rem,000000521052,/home/felix/fiftyone/coco-2017/validation/data/000000521052.jpg,validation,locked_confirmation,000000521052
coco-rem,000000521141,/home/felix/fiftyone/coco-2017/validation/data/000000521141.jpg,validation,locked_confirmation,000000521141
coco-rem,000000521231,/home/felix/fiftyone/coco-2017/validation/data/000000521231.jpg,validation,locked_confirmation,000000521231
coco-rem,000000521259,/home/felix/fiftyone/coco-2017/validation/data/000000521259.jpg,validation,locked_confirmation,000000521259
coco-rem,000000521282,/home/felix/fiftyone/coco-2017/validation/data/000000521282.jpg,validation,locked_confirmation,000000521282
coco-rem,000000521405,/home/felix/fiftyone/coco-2017/validation/data/000000521405.jpg,validation,locked_confirmation,000000521405
coco-rem,000000521509,/home/felix/fiftyone/coco-2017/validation/data/000000521509.jpg,validation,locked_confirmation,000000521509
coco-rem,000000521540,/home/felix/fiftyone/coco-2017/validation/data/000000521540.jpg,validation,locked_confirmation,000000521540
coco-rem,000000521601,/home/felix/fiftyone/coco-2017/validation/data/000000521601.jpg,validation,locked_confirmation,000000521601
coco-rem,000000521717,/home/felix/fiftyone/coco-2017/validation/data/000000521717.jpg,validation,locked_confirmation,000000521717
coco-rem,000000521719,/home/felix/fiftyone/coco-2017/validation/data/000000521719.jpg,validation,locked_confirmation,000000521719
coco-rem,000000521819,/home/felix/fiftyone/coco-2017/validation/data/000000521819.jpg,validation,locked_confirmation,000000521819
coco-rem,000000521956,/home/felix/fiftyone/coco-2017/validation/data/000000521956.jpg,validation,locked_confirmation,000000521956
coco-rem,000000522007,/home/felix/fiftyone/coco-2017/validation/data/000000522007.jpg,validation,locked_confirmation,000000522007
coco-rem,000000522156,/home/felix/fiftyone/coco-2017/validation/data/000000522156.jpg,validation,locked_confirmation,000000522156
coco-rem,000000522393,/home/felix/fiftyone/coco-2017/validation/data/000000522393.jpg,validation,locked_confirmation,000000522393
coco-rem,000000522638,/home/felix/fiftyone/coco-2017/validation/data/000000522638.jpg,validation,locked_confirmation,000000522638
coco-rem,000000522713,/home/felix/fiftyone/coco-2017/validation/data/000000522713.jpg,validation,locked_confirmation,000000522713
coco-rem,000000522751,/home/felix/fiftyone/coco-2017/validation/data/000000522751.jpg,validation,locked_confirmation,000000522751
coco-rem,000000522889,/home/felix/fiftyone/coco-2017/validation/data/000000522889.jpg,validation,locked_confirmation,000000522889
coco-rem,000000522940,/home/felix/fiftyone/coco-2017/validation/data/000000522940.jpg,validation,locked_confirmation,000000522940
coco-rem,000000523033,/home/felix/fiftyone/coco-2017/validation/data/000000523033.jpg,validation,locked_confirmation,000000523033
coco-rem,000000523100,/home/felix/fiftyone/coco-2017/validation/data/000000523100.jpg,validation,locked_confirmation,000000523100
coco-rem,000000523175,/home/felix/fiftyone/coco-2017/validation/data/000000523175.jpg,validation,locked_confirmation,000000523175
coco-rem,000000523194,/home/felix/fiftyone/coco-2017/validation/data/000000523194.jpg,validation,locked_confirmation,000000523194
coco-rem,000000523229,/home/felix/fiftyone/coco-2017/validation/data/000000523229.jpg,validation,locked_confirmation,000000523229
coco-rem,000000523241,/home/felix/fiftyone/coco-2017/validation/data/000000523241.jpg,validation,locked_confirmation,000000523241
coco-rem,000000523782,/home/felix/fiftyone/coco-2017/validation/data/000000523782.jpg,validation,locked_confirmation,000000523782
coco-rem,000000523807,/home/felix/fiftyone/coco-2017/validation/data/000000523807.jpg,validation,locked_confirmation,000000523807
coco-rem,000000523811,/home/felix/fiftyone/coco-2017/validation/data/000000523811.jpg,validation,locked_confirmation,000000523811
coco-rem,000000523957,/home/felix/fiftyone/coco-2017/validation/data/000000523957.jpg,validation,locked_confirmation,000000523957
coco-rem,000000524108,/home/felix/fiftyone/coco-2017/validation/data/000000524108.jpg,validation,locked_confirmation,000000524108
coco-rem,000000524280,/home/felix/fiftyone/coco-2017/validation/data/000000524280.jpg,validation,locked_confirmation,000000524280
coco-rem,000000524456,/home/felix/fiftyone/coco-2017/validation/data/000000524456.jpg,validation,locked_confirmation,000000524456
coco-rem,000000524742,/home/felix/fiftyone/coco-2017/validation/data/000000524742.jpg,validation,locked_confirmation,000000524742
coco-rem,000000524850,/home/felix/fiftyone/coco-2017/validation/data/000000524850.jpg,validation,locked_confirmation,000000524850
coco-rem,000000525083,/home/felix/fiftyone/coco-2017/validation/data/000000525083.jpg,validation,locked_confirmation,000000525083
coco-rem,000000525155,/home/felix/fiftyone/coco-2017/validation/data/000000525155.jpg,validation,locked_confirmation,000000525155
coco-rem,000000525247,/home/felix/fiftyone/coco-2017/validation/data/000000525247.jpg,validation,locked_confirmation,000000525247
coco-rem,000000525286,/home/felix/fiftyone/coco-2017/validation/data/000000525286.jpg,validation,locked_confirmation,000000525286
coco-rem,000000525322,/home/felix/fiftyone/coco-2017/validation/data/000000525322.jpg,validation,locked_confirmation,000000525322
coco-rem,000000525600,/home/felix/fiftyone/coco-2017/validation/data/000000525600.jpg,validation,locked_confirmation,000000525600
coco-rem,000000526103,/home/felix/fiftyone/coco-2017/validation/data/000000526103.jpg,validation,locked_confirmation,000000526103
coco-rem,000000526197,/home/felix/fiftyone/coco-2017/validation/data/000000526197.jpg,validation,locked_confirmation,000000526197
coco-rem,000000526256,/home/felix/fiftyone/coco-2017/validation/data/000000526256.jpg,validation,locked_confirmation,000000526256
coco-rem,000000526392,/home/felix/fiftyone/coco-2017/validation/data/000000526392.jpg,validation,locked_confirmation,000000526392
coco-rem,000000526706,/home/felix/fiftyone/coco-2017/validation/data/000000526706.jpg,validation,locked_confirmation,000000526706
coco-rem,000000526728,/home/felix/fiftyone/coco-2017/validation/data/000000526728.jpg,validation,locked_confirmation,000000526728
coco-rem,000000526751,/home/felix/fiftyone/coco-2017/validation/data/000000526751.jpg,validation,locked_confirmation,000000526751
coco-rem,000000527029,/home/felix/fiftyone/coco-2017/validation/data/000000527029.jpg,validation,locked_confirmation,000000527029
coco-rem,000000527215,/home/felix/fiftyone/coco-2017/validation/data/000000527215.jpg,validation,locked_confirmation,000000527215
coco-rem,000000527220,/home/felix/fiftyone/coco-2017/validation/data/000000527220.jpg,validation,locked_confirmation,000000527220
coco-rem,000000527427,/home/felix/fiftyone/coco-2017/validation/data/000000527427.jpg,validation,locked_confirmation,000000527427
coco-rem,000000527528,/home/felix/fiftyone/coco-2017/validation/data/000000527528.jpg,validation,locked_confirmation,000000527528
coco-rem,000000527616,/home/felix/fiftyone/coco-2017/validation/data/000000527616.jpg,validation,locked_confirmation,000000527616
coco-rem,000000527695,/home/felix/fiftyone/coco-2017/validation/data/000000527695.jpg,validation,locked_confirmation,000000527695
coco-rem,000000527750,/home/felix/fiftyone/coco-2017/validation/data/000000527750.jpg,validation,locked_confirmation,000000527750
coco-rem,000000527784,/home/felix/fiftyone/coco-2017/validation/data/000000527784.jpg,validation,locked_confirmation,000000527784
coco-rem,000000527960,/home/felix/fiftyone/coco-2017/validation/data/000000527960.jpg,validation,locked_confirmation,000000527960
coco-rem,000000528314,/home/felix/fiftyone/coco-2017/validation/data/000000528314.jpg,validation,locked_confirmation,000000528314
coco-rem,000000528399,/home/felix/fiftyone/coco-2017/validation/data/000000528399.jpg,validation,locked_confirmation,000000528399
coco-rem,000000528524,/home/felix/fiftyone/coco-2017/validation/data/000000528524.jpg,validation,locked_confirmation,000000528524
coco-rem,000000528578,/home/felix/fiftyone/coco-2017/validation/data/000000528578.jpg,validation,locked_confirmation,000000528578
coco-rem,000000528705,/home/felix/fiftyone/coco-2017/validation/data/000000528705.jpg,validation,locked_confirmation,000000528705
coco-rem,000000528862,/home/felix/fiftyone/coco-2017/validation/data/000000528862.jpg,validation,locked_confirmation,000000528862
coco-rem,000000528977,/home/felix/fiftyone/coco-2017/validation/data/000000528977.jpg,validation,locked_confirmation,000000528977
coco-rem,000000528980,/home/felix/fiftyone/coco-2017/validation/data/000000528980.jpg,validation,locked_confirmation,000000528980
coco-rem,000000529105,/home/felix/fiftyone/coco-2017/validation/data/000000529105.jpg,validation,locked_confirmation,000000529105
coco-rem,000000529122,/home/felix/fiftyone/coco-2017/validation/data/000000529122.jpg,validation,locked_confirmation,000000529122
coco-rem,000000529148,/home/felix/fiftyone/coco-2017/validation/data/000000529148.jpg,validation,locked_confirmation,000000529148
coco-rem,000000529528,/home/felix/fiftyone/coco-2017/validation/data/000000529528.jpg,validation,locked_confirmation,000000529528
coco-rem,000000529568,/home/felix/fiftyone/coco-2017/validation/data/000000529568.jpg,validation,locked_confirmation,000000529568
coco-rem,000000529762,/home/felix/fiftyone/coco-2017/validation/data/000000529762.jpg,validation,locked_confirmation,000000529762
coco-rem,000000529939,/home/felix/fiftyone/coco-2017/validation/data/000000529939.jpg,validation,locked_confirmation,000000529939
coco-rem,000000529966,/home/felix/fiftyone/coco-2017/validation/data/000000529966.jpg,validation,locked_confirmation,000000529966
coco-rem,000000530052,/home/felix/fiftyone/coco-2017/validation/data/000000530052.jpg,validation,locked_confirmation,000000530052
coco-rem,000000530061,/home/felix/fiftyone/coco-2017/validation/data/000000530061.jpg,validation,locked_confirmation,000000530061
coco-rem,000000530099,/home/felix/fiftyone/coco-2017/validation/data/000000530099.jpg,validation,locked_confirmation,000000530099
coco-rem,000000530146,/home/felix/fiftyone/coco-2017/validation/data/000000530146.jpg,validation,locked_confirmation,000000530146
coco-rem,000000530162,/home/felix/fiftyone/coco-2017/validation/data/000000530162.jpg,validation,locked_confirmation,000000530162
coco-rem,000000530457,/home/felix/fiftyone/coco-2017/validation/data/000000530457.jpg,validation,locked_confirmation,000000530457
coco-rem,000000530466,/home/felix/fiftyone/coco-2017/validation/data/000000530466.jpg,validation,locked_confirmation,000000530466
coco-rem,000000530470,/home/felix/fiftyone/coco-2017/validation/data/000000530470.jpg,validation,locked_confirmation,000000530470
coco-rem,000000530624,/home/felix/fiftyone/coco-2017/validation/data/000000530624.jpg,validation,locked_confirmation,000000530624
coco-rem,000000530820,/home/felix/fiftyone/coco-2017/validation/data/000000530820.jpg,validation,locked_confirmation,000000530820
coco-rem,000000530836,/home/felix/fiftyone/coco-2017/validation/data/000000530836.jpg,validation,locked_confirmation,000000530836
coco-rem,000000530854,/home/felix/fiftyone/coco-2017/validation/data/000000530854.jpg,validation,locked_confirmation,000000530854
coco-rem,000000530975,/home/felix/fiftyone/coco-2017/validation/data/000000530975.jpg,validation,locked_confirmation,000000530975
coco-rem,000000531036,/home/felix/fiftyone/coco-2017/validation/data/000000531036.jpg,validation,locked_confirmation,000000531036
coco-rem,000000531134,/home/felix/fiftyone/coco-2017/validation/data/000000531134.jpg,validation,locked_confirmation,000000531134
coco-rem,000000531135,/home/felix/fiftyone/coco-2017/validation/data/000000531135.jpg,validation,locked_confirmation,000000531135
coco-rem,000000531495,/home/felix/fiftyone/coco-2017/validation/data/000000531495.jpg,validation,locked_confirmation,000000531495
coco-rem,000000531707,/home/felix/fiftyone/coco-2017/validation/data/000000531707.jpg,validation,locked_confirmation,000000531707
coco-rem,000000531771,/home/felix/fiftyone/coco-2017/validation/data/000000531771.jpg,validation,locked_confirmation,000000531771
coco-rem,000000532058,/home/felix/fiftyone/coco-2017/validation/data/000000532058.jpg,validation,locked_confirmation,000000532058
coco-rem,000000532071,/home/felix/fiftyone/coco-2017/validation/data/000000532071.jpg,validation,locked_confirmation,000000532071
coco-rem,000000532129,/home/felix/fiftyone/coco-2017/validation/data/000000532129.jpg,validation,locked_confirmation,000000532129
coco-rem,000000532481,/home/felix/fiftyone/coco-2017/validation/data/000000532481.jpg,validation,locked_confirmation,000000532481
coco-rem,000000532493,/home/felix/fiftyone/coco-2017/validation/data/000000532493.jpg,validation,locked_confirmation,000000532493
coco-rem,000000532530,/home/felix/fiftyone/coco-2017/validation/data/000000532530.jpg,validation,locked_confirmation,000000532530
coco-rem,000000532575,/home/felix/fiftyone/coco-2017/validation/data/000000532575.jpg,validation,locked_confirmation,000000532575
coco-rem,000000532690,/home/felix/fiftyone/coco-2017/validation/data/000000532690.jpg,validation,locked_confirmation,000000532690
coco-rem,000000532761,/home/felix/fiftyone/coco-2017/validation/data/000000532761.jpg,validation,locked_confirmation,000000532761
coco-rem,000000532855,/home/felix/fiftyone/coco-2017/validation/data/000000532855.jpg,validation,locked_confirmation,000000532855
coco-rem,000000532901,/home/felix/fiftyone/coco-2017/validation/data/000000532901.jpg,validation,locked_confirmation,000000532901
coco-rem,000000533145,/home/felix/fiftyone/coco-2017/validation/data/000000533145.jpg,validation,locked_confirmation,000000533145
coco-rem,000000533206,/home/felix/fiftyone/coco-2017/validation/data/000000533206.jpg,validation,locked_confirmation,000000533206
coco-rem,000000533493,/home/felix/fiftyone/coco-2017/validation/data/000000533493.jpg,validation,locked_confirmation,000000533493
coco-rem,000000533536,/home/felix/fiftyone/coco-2017/validation/data/000000533536.jpg,validation,locked_confirmation,000000533536
coco-rem,000000533816,/home/felix/fiftyone/coco-2017/validation/data/000000533816.jpg,validation,locked_confirmation,000000533816
coco-rem,000000533855,/home/felix/fiftyone/coco-2017/validation/data/000000533855.jpg,validation,locked_confirmation,000000533855
coco-rem,000000533958,/home/felix/fiftyone/coco-2017/validation/data/000000533958.jpg,validation,locked_confirmation,000000533958
coco-rem,000000534041,/home/felix/fiftyone/coco-2017/validation/data/000000534041.jpg,validation,locked_confirmation,000000534041
coco-rem,000000534270,/home/felix/fiftyone/coco-2017/validation/data/000000534270.jpg,validation,locked_confirmation,000000534270
coco-rem,000000534394,/home/felix/fiftyone/coco-2017/validation/data/000000534394.jpg,validation,locked_confirmation,000000534394
coco-rem,000000534601,/home/felix/fiftyone/coco-2017/validation/data/000000534601.jpg,validation,locked_confirmation,000000534601
coco-rem,000000534605,/home/felix/fiftyone/coco-2017/validation/data/000000534605.jpg,validation,locked_confirmation,000000534605
coco-rem,000000534639,/home/felix/fiftyone/coco-2017/validation/data/000000534639.jpg,validation,locked_confirmation,000000534639
coco-rem,000000534664,/home/felix/fiftyone/coco-2017/validation/data/000000534664.jpg,validation,locked_confirmation,000000534664
coco-rem,000000534673,/home/felix/fiftyone/coco-2017/validation/data/000000534673.jpg,validation,locked_confirmation,000000534673
coco-rem,000000534827,/home/felix/fiftyone/coco-2017/validation/data/000000534827.jpg,validation,locked_confirmation,000000534827
coco-rem,000000535094,/home/felix/fiftyone/coco-2017/validation/data/000000535094.jpg,validation,locked_confirmation,000000535094
coco-rem,000000535156,/home/felix/fiftyone/coco-2017/validation/data/000000535156.jpg,validation,locked_confirmation,000000535156
coco-rem,000000535253,/home/felix/fiftyone/coco-2017/validation/data/000000535253.jpg,validation,locked_confirmation,000000535253
coco-rem,000000535306,/home/felix/fiftyone/coco-2017/validation/data/000000535306.jpg,validation,locked_confirmation,000000535306
coco-rem,000000535523,/home/felix/fiftyone/coco-2017/validation/data/000000535523.jpg,validation,locked_confirmation,000000535523
coco-rem,000000535578,/home/felix/fiftyone/coco-2017/validation/data/000000535578.jpg,validation,locked_confirmation,000000535578
coco-rem,000000535608,/home/felix/fiftyone/coco-2017/validation/data/000000535608.jpg,validation,locked_confirmation,000000535608
coco-rem,000000535858,/home/felix/fiftyone/coco-2017/validation/data/000000535858.jpg,validation,locked_confirmation,000000535858
coco-rem,000000536038,/home/felix/fiftyone/coco-2017/validation/data/000000536038.jpg,validation,locked_confirmation,000000536038
coco-rem,000000536073,/home/felix/fiftyone/coco-2017/validation/data/000000536073.jpg,validation,locked_confirmation,000000536073
coco-rem,000000536343,/home/felix/fiftyone/coco-2017/validation/data/000000536343.jpg,validation,locked_confirmation,000000536343
coco-rem,000000536947,/home/felix/fiftyone/coco-2017/validation/data/000000536947.jpg,validation,locked_confirmation,000000536947
coco-rem,000000537053,/home/felix/fiftyone/coco-2017/validation/data/000000537053.jpg,validation,locked_confirmation,000000537053
coco-rem,000000537153,/home/felix/fiftyone/coco-2017/validation/data/000000537153.jpg,validation,locked_confirmation,000000537153
coco-rem,000000537241,/home/felix/fiftyone/coco-2017/validation/data/000000537241.jpg,validation,locked_confirmation,000000537241
coco-rem,000000537270,/home/felix/fiftyone/coco-2017/validation/data/000000537270.jpg,validation,locked_confirmation,000000537270
coco-rem,000000537355,/home/felix/fiftyone/coco-2017/validation/data/000000537355.jpg,validation,locked_confirmation,000000537355
coco-rem,000000537506,/home/felix/fiftyone/coco-2017/validation/data/000000537506.jpg,validation,locked_confirmation,000000537506
coco-rem,000000537672,/home/felix/fiftyone/coco-2017/validation/data/000000537672.jpg,validation,locked_confirmation,000000537672
coco-rem,000000537802,/home/felix/fiftyone/coco-2017/validation/data/000000537802.jpg,validation,locked_confirmation,000000537802
coco-rem,000000537812,/home/felix/fiftyone/coco-2017/validation/data/000000537812.jpg,validation,locked_confirmation,000000537812
coco-rem,000000537827,/home/felix/fiftyone/coco-2017/validation/data/000000537827.jpg,validation,locked_confirmation,000000537827
coco-rem,000000537964,/home/felix/fiftyone/coco-2017/validation/data/000000537964.jpg,validation,locked_confirmation,000000537964
coco-rem,000000537991,/home/felix/fiftyone/coco-2017/validation/data/000000537991.jpg,validation,locked_confirmation,000000537991
coco-rem,000000538067,/home/felix/fiftyone/coco-2017/validation/data/000000538067.jpg,validation,locked_confirmation,000000538067
coco-rem,000000538236,/home/felix/fiftyone/coco-2017/validation/data/000000538236.jpg,validation,locked_confirmation,000000538236
coco-rem,000000538364,/home/felix/fiftyone/coco-2017/validation/data/000000538364.jpg,validation,locked_confirmation,000000538364
coco-rem,000000538458,/home/felix/fiftyone/coco-2017/validation/data/000000538458.jpg,validation,locked_confirmation,000000538458
coco-rem,000000539143,/home/felix/fiftyone/coco-2017/validation/data/000000539143.jpg,validation,locked_confirmation,000000539143
coco-rem,000000539445,/home/felix/fiftyone/coco-2017/validation/data/000000539445.jpg,validation,locked_confirmation,000000539445
coco-rem,000000539883,/home/felix/fiftyone/coco-2017/validation/data/000000539883.jpg,validation,locked_confirmation,000000539883
coco-rem,000000539962,/home/felix/fiftyone/coco-2017/validation/data/000000539962.jpg,validation,locked_confirmation,000000539962
coco-rem,000000540280,/home/felix/fiftyone/coco-2017/validation/data/000000540280.jpg,validation,locked_confirmation,000000540280
coco-rem,000000540414,/home/felix/fiftyone/coco-2017/validation/data/000000540414.jpg,validation,locked_confirmation,000000540414
coco-rem,000000540466,/home/felix/fiftyone/coco-2017/validation/data/000000540466.jpg,validation,locked_confirmation,000000540466
coco-rem,000000540502,/home/felix/fiftyone/coco-2017/validation/data/000000540502.jpg,validation,locked_confirmation,000000540502
coco-rem,000000540928,/home/felix/fiftyone/coco-2017/validation/data/000000540928.jpg,validation,locked_confirmation,000000540928
coco-rem,000000540932,/home/felix/fiftyone/coco-2017/validation/data/000000540932.jpg,validation,locked_confirmation,000000540932
coco-rem,000000540962,/home/felix/fiftyone/coco-2017/validation/data/000000540962.jpg,validation,locked_confirmation,000000540962
coco-rem,000000541055,/home/felix/fiftyone/coco-2017/validation/data/000000541055.jpg,validation,locked_confirmation,000000541055
coco-rem,000000541123,/home/felix/fiftyone/coco-2017/validation/data/000000541123.jpg,validation,locked_confirmation,000000541123
coco-rem,000000541291,/home/felix/fiftyone/coco-2017/validation/data/000000541291.jpg,validation,locked_confirmation,000000541291
coco-rem,000000541634,/home/felix/fiftyone/coco-2017/validation/data/000000541634.jpg,validation,locked_confirmation,000000541634
coco-rem,000000541664,/home/felix/fiftyone/coco-2017/validation/data/000000541664.jpg,validation,locked_confirmation,000000541664
coco-rem,000000541773,/home/felix/fiftyone/coco-2017/validation/data/000000541773.jpg,validation,locked_confirmation,000000541773
coco-rem,000000541952,/home/felix/fiftyone/coco-2017/validation/data/000000541952.jpg,validation,locked_confirmation,000000541952
coco-rem,000000542073,/home/felix/fiftyone/coco-2017/validation/data/000000542073.jpg,validation,locked_confirmation,000000542073
coco-rem,000000542089,/home/felix/fiftyone/coco-2017/validation/data/000000542089.jpg,validation,locked_confirmation,000000542089
coco-rem,000000542127,/home/felix/fiftyone/coco-2017/validation/data/000000542127.jpg,validation,locked_confirmation,000000542127
coco-rem,000000542423,/home/felix/fiftyone/coco-2017/validation/data/000000542423.jpg,validation,locked_confirmation,000000542423
coco-rem,000000542625,/home/felix/fiftyone/coco-2017/validation/data/000000542625.jpg,validation,locked_confirmation,000000542625
coco-rem,000000542776,/home/felix/fiftyone/coco-2017/validation/data/000000542776.jpg,validation,locked_confirmation,000000542776
coco-rem,000000542856,/home/felix/fiftyone/coco-2017/validation/data/000000542856.jpg,validation,locked_confirmation,000000542856
coco-rem,000000543043,/home/felix/fiftyone/coco-2017/validation/data/000000543043.jpg,validation,locked_confirmation,000000543043
coco-rem,000000543047,/home/felix/fiftyone/coco-2017/validation/data/000000543047.jpg,validation,locked_confirmation,000000543047
coco-rem,000000543300,/home/felix/fiftyone/coco-2017/validation/data/000000543300.jpg,validation,locked_confirmation,000000543300
coco-rem,000000543528,/home/felix/fiftyone/coco-2017/validation/data/000000543528.jpg,validation,locked_confirmation,000000543528
coco-rem,000000543581,/home/felix/fiftyone/coco-2017/validation/data/000000543581.jpg,validation,locked_confirmation,000000543581
coco-rem,000000544052,/home/felix/fiftyone/coco-2017/validation/data/000000544052.jpg,validation,locked_confirmation,000000544052
coco-rem,000000544306,/home/felix/fiftyone/coco-2017/validation/data/000000544306.jpg,validation,locked_confirmation,000000544306
coco-rem,000000544444,/home/felix/fiftyone/coco-2017/validation/data/000000544444.jpg,validation,locked_confirmation,000000544444
coco-rem,000000544519,/home/felix/fiftyone/coco-2017/validation/data/000000544519.jpg,validation,locked_confirmation,000000544519
coco-rem,000000544565,/home/felix/fiftyone/coco-2017/validation/data/000000544565.jpg,validation,locked_confirmation,000000544565
coco-rem,000000544605,/home/felix/fiftyone/coco-2017/validation/data/000000544605.jpg,validation,locked_confirmation,000000544605
coco-rem,000000544811,/home/felix/fiftyone/coco-2017/validation/data/000000544811.jpg,validation,locked_confirmation,000000544811
coco-rem,000000545007,/home/felix/fiftyone/coco-2017/validation/data/000000545007.jpg,validation,locked_confirmation,000000545007
coco-rem,000000545100,/home/felix/fiftyone/coco-2017/validation/data/000000545100.jpg,validation,locked_confirmation,000000545100
coco-rem,000000545129,/home/felix/fiftyone/coco-2017/validation/data/000000545129.jpg,validation,locked_confirmation,000000545129
coco-rem,000000545219,/home/felix/fiftyone/coco-2017/validation/data/000000545219.jpg,validation,locked_confirmation,000000545219
coco-rem,000000545407,/home/felix/fiftyone/coco-2017/validation/data/000000545407.jpg,validation,locked_confirmation,000000545407
coco-rem,000000545594,/home/felix/fiftyone/coco-2017/validation/data/000000545594.jpg,validation,locked_confirmation,000000545594
coco-rem,000000545730,/home/felix/fiftyone/coco-2017/validation/data/000000545730.jpg,validation,locked_confirmation,000000545730
coco-rem,000000545826,/home/felix/fiftyone/coco-2017/validation/data/000000545826.jpg,validation,locked_confirmation,000000545826
coco-rem,000000545958,/home/felix/fiftyone/coco-2017/validation/data/000000545958.jpg,validation,locked_confirmation,000000545958
coco-rem,000000546011,/home/felix/fiftyone/coco-2017/validation/data/000000546011.jpg,validation,locked_confirmation,000000546011
coco-rem,000000546219,/home/felix/fiftyone/coco-2017/validation/data/000000546219.jpg,validation,locked_confirmation,000000546219
coco-rem,000000546325,/home/felix/fiftyone/coco-2017/validation/data/000000546325.jpg,validation,locked_confirmation,000000546325
coco-rem,000000546475,/home/felix/fiftyone/coco-2017/validation/data/000000546475.jpg,validation,locked_confirmation,000000546475
coco-rem,000000546556,/home/felix/fiftyone/coco-2017/validation/data/000000546556.jpg,validation,locked_confirmation,000000546556
coco-rem,000000546626,/home/felix/fiftyone/coco-2017/validation/data/000000546626.jpg,validation,locked_confirmation,000000546626
coco-rem,000000546659,/home/felix/fiftyone/coco-2017/validation/data/000000546659.jpg,validation,locked_confirmation,000000546659
coco-rem,000000546717,/home/felix/fiftyone/coco-2017/validation/data/000000546717.jpg,validation,locked_confirmation,000000546717
coco-rem,000000546823,/home/felix/fiftyone/coco-2017/validation/data/000000546823.jpg,validation,locked_confirmation,000000546823
coco-rem,000000546826,/home/felix/fiftyone/coco-2017/validation/data/000000546826.jpg,validation,locked_confirmation,000000546826
coco-rem,000000546829,/home/felix/fiftyone/coco-2017/validation/data/000000546829.jpg,validation,locked_confirmation,000000546829
coco-rem,000000546964,/home/felix/fiftyone/coco-2017/validation/data/000000546964.jpg,validation,locked_confirmation,000000546964
coco-rem,000000546976,/home/felix/fiftyone/coco-2017/validation/data/000000546976.jpg,validation,locked_confirmation,000000546976
coco-rem,000000547144,/home/felix/fiftyone/coco-2017/validation/data/000000547144.jpg,validation,locked_confirmation,000000547144
coco-rem,000000547336,/home/felix/fiftyone/coco-2017/validation/data/000000547336.jpg,validation,locked_confirmation,000000547336
coco-rem,000000547383,/home/felix/fiftyone/coco-2017/validation/data/000000547383.jpg,validation,locked_confirmation,000000547383
coco-rem,000000547502,/home/felix/fiftyone/coco-2017/validation/data/000000547502.jpg,validation,locked_confirmation,000000547502
coco-rem,000000547519,/home/felix/fiftyone/coco-2017/validation/data/000000547519.jpg,validation,locked_confirmation,000000547519
coco-rem,000000547816,/home/felix/fiftyone/coco-2017/validation/data/000000547816.jpg,validation,locked_confirmation,000000547816
coco-rem,000000547854,/home/felix/fiftyone/coco-2017/validation/data/000000547854.jpg,validation,locked_confirmation,000000547854
coco-rem,000000547886,/home/felix/fiftyone/coco-2017/validation/data/000000547886.jpg,validation,locked_confirmation,000000547886
coco-rem,000000548246,/home/felix/fiftyone/coco-2017/validation/data/000000548246.jpg,validation,locked_confirmation,000000548246
coco-rem,000000548267,/home/felix/fiftyone/coco-2017/validation/data/000000548267.jpg,validation,locked_confirmation,000000548267
coco-rem,000000548339,/home/felix/fiftyone/coco-2017/validation/data/000000548339.jpg,validation,locked_confirmation,000000548339
coco-rem,000000548506,/home/felix/fiftyone/coco-2017/validation/data/000000548506.jpg,validation,locked_confirmation,000000548506
coco-rem,000000548524,/home/felix/fiftyone/coco-2017/validation/data/000000548524.jpg,validation,locked_confirmation,000000548524
coco-rem,000000548555,/home/felix/fiftyone/coco-2017/validation/data/000000548555.jpg,validation,locked_confirmation,000000548555
coco-rem,000000548780,/home/felix/fiftyone/coco-2017/validation/data/000000548780.jpg,validation,locked_confirmation,000000548780
coco-rem,000000549055,/home/felix/fiftyone/coco-2017/validation/data/000000549055.jpg,validation,locked_confirmation,000000549055
coco-rem,000000549136,/home/felix/fiftyone/coco-2017/validation/data/000000549136.jpg,validation,locked_confirmation,000000549136
coco-rem,000000549167,/home/felix/fiftyone/coco-2017/validation/data/000000549167.jpg,validation,locked_confirmation,000000549167
coco-rem,000000549220,/home/felix/fiftyone/coco-2017/validation/data/000000549220.jpg,validation,locked_confirmation,000000549220
coco-rem,000000549390,/home/felix/fiftyone/coco-2017/validation/data/000000549390.jpg,validation,locked_confirmation,000000549390
coco-rem,000000549674,/home/felix/fiftyone/coco-2017/validation/data/000000549674.jpg,validation,locked_confirmation,000000549674
coco-rem,000000549738,/home/felix/fiftyone/coco-2017/validation/data/000000549738.jpg,validation,locked_confirmation,000000549738
coco-rem,000000549930,/home/felix/fiftyone/coco-2017/validation/data/000000549930.jpg,validation,locked_confirmation,000000549930
coco-rem,000000550084,/home/felix/fiftyone/coco-2017/validation/data/000000550084.jpg,validation,locked_confirmation,000000550084
coco-rem,000000550322,/home/felix/fiftyone/coco-2017/validation/data/000000550322.jpg,validation,locked_confirmation,000000550322
coco-rem,000000550349,/home/felix/fiftyone/coco-2017/validation/data/000000550349.jpg,validation,locked_confirmation,000000550349
coco-rem,000000550426,/home/felix/fiftyone/coco-2017/validation/data/000000550426.jpg,validation,locked_confirmation,000000550426
coco-rem,000000550471,/home/felix/fiftyone/coco-2017/validation/data/000000550471.jpg,validation,locked_confirmation,000000550471
coco-rem,000000550691,/home/felix/fiftyone/coco-2017/validation/data/000000550691.jpg,validation,locked_confirmation,000000550691
coco-rem,000000550714,/home/felix/fiftyone/coco-2017/validation/data/000000550714.jpg,validation,locked_confirmation,000000550714
coco-rem,000000550797,/home/felix/fiftyone/coco-2017/validation/data/000000550797.jpg,validation,locked_confirmation,000000550797
coco-rem,000000550939,/home/felix/fiftyone/coco-2017/validation/data/000000550939.jpg,validation,locked_confirmation,000000550939
coco-rem,000000551215,/home/felix/fiftyone/coco-2017/validation/data/000000551215.jpg,validation,locked_confirmation,000000551215
coco-rem,000000551304,/home/felix/fiftyone/coco-2017/validation/data/000000551304.jpg,validation,locked_confirmation,000000551304
coco-rem,000000551350,/home/felix/fiftyone/coco-2017/validation/data/000000551350.jpg,validation,locked_confirmation,000000551350
coco-rem,000000551439,/home/felix/fiftyone/coco-2017/validation/data/000000551439.jpg,validation,locked_confirmation,000000551439
coco-rem,000000551660,/home/felix/fiftyone/coco-2017/validation/data/000000551660.jpg,validation,locked_confirmation,000000551660
coco-rem,000000551780,/home/felix/fiftyone/coco-2017/validation/data/000000551780.jpg,validation,locked_confirmation,000000551780
coco-rem,000000551794,/home/felix/fiftyone/coco-2017/validation/data/000000551794.jpg,validation,locked_confirmation,000000551794
coco-rem,000000551804,/home/felix/fiftyone/coco-2017/validation/data/000000551804.jpg,validation,locked_confirmation,000000551804
coco-rem,000000551815,/home/felix/fiftyone/coco-2017/validation/data/000000551815.jpg,validation,locked_confirmation,000000551815
coco-rem,000000551820,/home/felix/fiftyone/coco-2017/validation/data/000000551820.jpg,validation,locked_confirmation,000000551820
coco-rem,000000551822,/home/felix/fiftyone/coco-2017/validation/data/000000551822.jpg,validation,locked_confirmation,000000551822
coco-rem,000000552371,/home/felix/fiftyone/coco-2017/validation/data/000000552371.jpg,validation,locked_confirmation,000000552371
coco-rem,000000552612,/home/felix/fiftyone/coco-2017/validation/data/000000552612.jpg,validation,locked_confirmation,000000552612
coco-rem,000000552775,/home/felix/fiftyone/coco-2017/validation/data/000000552775.jpg,validation,locked_confirmation,000000552775
coco-rem,000000552842,/home/felix/fiftyone/coco-2017/validation/data/000000552842.jpg,validation,locked_confirmation,000000552842
coco-rem,000000552883,/home/felix/fiftyone/coco-2017/validation/data/000000552883.jpg,validation,locked_confirmation,000000552883
coco-rem,000000552902,/home/felix/fiftyone/coco-2017/validation/data/000000552902.jpg,validation,locked_confirmation,000000552902
coco-rem,000000553094,/home/felix/fiftyone/coco-2017/validation/data/000000553094.jpg,validation,locked_confirmation,000000553094
coco-rem,000000553221,/home/felix/fiftyone/coco-2017/validation/data/000000553221.jpg,validation,locked_confirmation,000000553221
coco-rem,000000553339,/home/felix/fiftyone/coco-2017/validation/data/000000553339.jpg,validation,locked_confirmation,000000553339
coco-rem,000000553511,/home/felix/fiftyone/coco-2017/validation/data/000000553511.jpg,validation,locked_confirmation,000000553511
coco-rem,000000553664,/home/felix/fiftyone/coco-2017/validation/data/000000553664.jpg,validation,locked_confirmation,000000553664
coco-rem,000000553669,/home/felix/fiftyone/coco-2017/validation/data/000000553669.jpg,validation,locked_confirmation,000000553669
coco-rem,000000553731,/home/felix/fiftyone/coco-2017/validation/data/000000553731.jpg,validation,locked_confirmation,000000553731
coco-rem,000000553776,/home/felix/fiftyone/coco-2017/validation/data/000000553776.jpg,validation,locked_confirmation,000000553776
coco-rem,000000553788,/home/felix/fiftyone/coco-2017/validation/data/000000553788.jpg,validation,locked_confirmation,000000553788
coco-rem,000000553990,/home/felix/fiftyone/coco-2017/validation/data/000000553990.jpg,validation,locked_confirmation,000000553990
coco-rem,000000554002,/home/felix/fiftyone/coco-2017/validation/data/000000554002.jpg,validation,locked_confirmation,000000554002
coco-rem,000000554156,/home/felix/fiftyone/coco-2017/validation/data/000000554156.jpg,validation,locked_confirmation,000000554156
coco-rem,000000554266,/home/felix/fiftyone/coco-2017/validation/data/000000554266.jpg,validation,locked_confirmation,000000554266
coco-rem,000000554291,/home/felix/fiftyone/coco-2017/validation/data/000000554291.jpg,validation,locked_confirmation,000000554291
coco-rem,000000554328,/home/felix/fiftyone/coco-2017/validation/data/000000554328.jpg,validation,locked_confirmation,000000554328
coco-rem,000000554579,/home/felix/fiftyone/coco-2017/validation/data/000000554579.jpg,validation,locked_confirmation,000000554579
coco-rem,000000554595,/home/felix/fiftyone/coco-2017/validation/data/000000554595.jpg,validation,locked_confirmation,000000554595
coco-rem,000000554735,/home/felix/fiftyone/coco-2017/validation/data/000000554735.jpg,validation,locked_confirmation,000000554735
coco-rem,000000554838,/home/felix/fiftyone/coco-2017/validation/data/000000554838.jpg,validation,locked_confirmation,000000554838
coco-rem,000000555005,/home/felix/fiftyone/coco-2017/validation/data/000000555005.jpg,validation,locked_confirmation,000000555005
coco-rem,000000555009,/home/felix/fiftyone/coco-2017/validation/data/000000555009.jpg,validation,locked_confirmation,000000555009
coco-rem,000000555012,/home/felix/fiftyone/coco-2017/validation/data/000000555012.jpg,validation,locked_confirmation,000000555012
coco-rem,000000555050,/home/felix/fiftyone/coco-2017/validation/data/000000555050.jpg,validation,locked_confirmation,000000555050
coco-rem,000000555412,/home/felix/fiftyone/coco-2017/validation/data/000000555412.jpg,validation,locked_confirmation,000000555412
coco-rem,000000555597,/home/felix/fiftyone/coco-2017/validation/data/000000555597.jpg,validation,locked_confirmation,000000555597
coco-rem,000000555705,/home/felix/fiftyone/coco-2017/validation/data/000000555705.jpg,validation,locked_confirmation,000000555705
coco-rem,000000555972,/home/felix/fiftyone/coco-2017/validation/data/000000555972.jpg,validation,locked_confirmation,000000555972
coco-rem,000000556000,/home/felix/fiftyone/coco-2017/validation/data/000000556000.jpg,validation,locked_confirmation,000000556000
coco-rem,000000556158,/home/felix/fiftyone/coco-2017/validation/data/000000556158.jpg,validation,locked_confirmation,000000556158
coco-rem,000000556193,/home/felix/fiftyone/coco-2017/validation/data/000000556193.jpg,validation,locked_confirmation,000000556193
coco-rem,000000556498,/home/felix/fiftyone/coco-2017/validation/data/000000556498.jpg,validation,locked_confirmation,000000556498
coco-rem,000000556765,/home/felix/fiftyone/coco-2017/validation/data/000000556765.jpg,validation,locked_confirmation,000000556765
coco-rem,000000556873,/home/felix/fiftyone/coco-2017/validation/data/000000556873.jpg,validation,locked_confirmation,000000556873
coco-rem,000000557172,/home/felix/fiftyone/coco-2017/validation/data/000000557172.jpg,validation,locked_confirmation,000000557172
coco-rem,000000557258,/home/felix/fiftyone/coco-2017/validation/data/000000557258.jpg,validation,locked_confirmation,000000557258
coco-rem,000000557501,/home/felix/fiftyone/coco-2017/validation/data/000000557501.jpg,validation,locked_confirmation,000000557501
coco-rem,000000557672,/home/felix/fiftyone/coco-2017/validation/data/000000557672.jpg,validation,locked_confirmation,000000557672
coco-rem,000000557884,/home/felix/fiftyone/coco-2017/validation/data/000000557884.jpg,validation,locked_confirmation,000000557884
coco-rem,000000557916,/home/felix/fiftyone/coco-2017/validation/data/000000557916.jpg,validation,locked_confirmation,000000557916
coco-rem,000000558073,/home/felix/fiftyone/coco-2017/validation/data/000000558073.jpg,validation,locked_confirmation,000000558073
coco-rem,000000558114,/home/felix/fiftyone/coco-2017/validation/data/000000558114.jpg,validation,locked_confirmation,000000558114
coco-rem,000000558213,/home/felix/fiftyone/coco-2017/validation/data/000000558213.jpg,validation,locked_confirmation,000000558213
coco-rem,000000558421,/home/felix/fiftyone/coco-2017/validation/data/000000558421.jpg,validation,locked_confirmation,000000558421
coco-rem,000000558558,/home/felix/fiftyone/coco-2017/validation/data/000000558558.jpg,validation,locked_confirmation,000000558558
coco-rem,000000558854,/home/felix/fiftyone/coco-2017/validation/data/000000558854.jpg,validation,locked_confirmation,000000558854
coco-rem,000000559099,/home/felix/fiftyone/coco-2017/validation/data/000000559099.jpg,validation,locked_confirmation,000000559099
coco-rem,000000559160,/home/felix/fiftyone/coco-2017/validation/data/000000559160.jpg,validation,locked_confirmation,000000559160
coco-rem,000000559348,/home/felix/fiftyone/coco-2017/validation/data/000000559348.jpg,validation,locked_confirmation,000000559348
coco-rem,000000559513,/home/felix/fiftyone/coco-2017/validation/data/000000559513.jpg,validation,locked_confirmation,000000559513
coco-rem,000000559543,/home/felix/fiftyone/coco-2017/validation/data/000000559543.jpg,validation,locked_confirmation,000000559543
coco-rem,000000559547,/home/felix/fiftyone/coco-2017/validation/data/000000559547.jpg,validation,locked_confirmation,000000559547
coco-rem,000000559707,/home/felix/fiftyone/coco-2017/validation/data/000000559707.jpg,validation,locked_confirmation,000000559707
coco-rem,000000559842,/home/felix/fiftyone/coco-2017/validation/data/000000559842.jpg,validation,locked_confirmation,000000559842
coco-rem,000000559956,/home/felix/fiftyone/coco-2017/validation/data/000000559956.jpg,validation,locked_confirmation,000000559956
coco-rem,000000560011,/home/felix/fiftyone/coco-2017/validation/data/000000560011.jpg,validation,locked_confirmation,000000560011
coco-rem,000000560178,/home/felix/fiftyone/coco-2017/validation/data/000000560178.jpg,validation,locked_confirmation,000000560178
coco-rem,000000560256,/home/felix/fiftyone/coco-2017/validation/data/000000560256.jpg,validation,locked_confirmation,000000560256
coco-rem,000000560266,/home/felix/fiftyone/coco-2017/validation/data/000000560266.jpg,validation,locked_confirmation,000000560266
coco-rem,000000560279,/home/felix/fiftyone/coco-2017/validation/data/000000560279.jpg,validation,locked_confirmation,000000560279
coco-rem,000000560312,/home/felix/fiftyone/coco-2017/validation/data/000000560312.jpg,validation,locked_confirmation,000000560312
coco-rem,000000560371,/home/felix/fiftyone/coco-2017/validation/data/000000560371.jpg,validation,locked_confirmation,000000560371
coco-rem,000000560474,/home/felix/fiftyone/coco-2017/validation/data/000000560474.jpg,validation,locked_confirmation,000000560474
coco-rem,000000560880,/home/felix/fiftyone/coco-2017/validation/data/000000560880.jpg,validation,locked_confirmation,000000560880
coco-rem,000000560911,/home/felix/fiftyone/coco-2017/validation/data/000000560911.jpg,validation,locked_confirmation,000000560911
coco-rem,000000561009,/home/felix/fiftyone/coco-2017/validation/data/000000561009.jpg,validation,locked_confirmation,000000561009
coco-rem,000000561223,/home/felix/fiftyone/coco-2017/validation/data/000000561223.jpg,validation,locked_confirmation,000000561223
coco-rem,000000561256,/home/felix/fiftyone/coco-2017/validation/data/000000561256.jpg,validation,locked_confirmation,000000561256
coco-rem,000000561335,/home/felix/fiftyone/coco-2017/validation/data/000000561335.jpg,validation,locked_confirmation,000000561335
coco-rem,000000561366,/home/felix/fiftyone/coco-2017/validation/data/000000561366.jpg,validation,locked_confirmation,000000561366
coco-rem,000000561465,/home/felix/fiftyone/coco-2017/validation/data/000000561465.jpg,validation,locked_confirmation,000000561465
coco-rem,000000561679,/home/felix/fiftyone/coco-2017/validation/data/000000561679.jpg,validation,locked_confirmation,000000561679
coco-rem,000000561889,/home/felix/fiftyone/coco-2017/validation/data/000000561889.jpg,validation,locked_confirmation,000000561889
coco-rem,000000561958,/home/felix/fiftyone/coco-2017/validation/data/000000561958.jpg,validation,locked_confirmation,000000561958
coco-rem,000000562059,/home/felix/fiftyone/coco-2017/validation/data/000000562059.jpg,validation,locked_confirmation,000000562059
coco-rem,000000562121,/home/felix/fiftyone/coco-2017/validation/data/000000562121.jpg,validation,locked_confirmation,000000562121
coco-rem,000000562197,/home/felix/fiftyone/coco-2017/validation/data/000000562197.jpg,validation,locked_confirmation,000000562197
coco-rem,000000562207,/home/felix/fiftyone/coco-2017/validation/data/000000562207.jpg,validation,locked_confirmation,000000562207
coco-rem,000000562229,/home/felix/fiftyone/coco-2017/validation/data/000000562229.jpg,validation,locked_confirmation,000000562229
coco-rem,000000562243,/home/felix/fiftyone/coco-2017/validation/data/000000562243.jpg,validation,locked_confirmation,000000562243
coco-rem,000000562443,/home/felix/fiftyone/coco-2017/validation/data/000000562443.jpg,validation,locked_confirmation,000000562443
coco-rem,000000562448,/home/felix/fiftyone/coco-2017/validation/data/000000562448.jpg,validation,locked_confirmation,000000562448
coco-rem,000000562561,/home/felix/fiftyone/coco-2017/validation/data/000000562561.jpg,validation,locked_confirmation,000000562561
coco-rem,000000562581,/home/felix/fiftyone/coco-2017/validation/data/000000562581.jpg,validation,locked_confirmation,000000562581
coco-rem,000000562818,/home/felix/fiftyone/coco-2017/validation/data/000000562818.jpg,validation,locked_confirmation,000000562818
coco-rem,000000562843,/home/felix/fiftyone/coco-2017/validation/data/000000562843.jpg,validation,locked_confirmation,000000562843
coco-rem,000000563267,/home/felix/fiftyone/coco-2017/validation/data/000000563267.jpg,validation,locked_confirmation,000000563267
coco-rem,000000563281,/home/felix/fiftyone/coco-2017/validation/data/000000563281.jpg,validation,locked_confirmation,000000563281
coco-rem,000000563349,/home/felix/fiftyone/coco-2017/validation/data/000000563349.jpg,validation,locked_confirmation,000000563349
coco-rem,000000563470,/home/felix/fiftyone/coco-2017/validation/data/000000563470.jpg,validation,locked_confirmation,000000563470
coco-rem,000000563603,/home/felix/fiftyone/coco-2017/validation/data/000000563603.jpg,validation,locked_confirmation,000000563603
coco-rem,000000563604,/home/felix/fiftyone/coco-2017/validation/data/000000563604.jpg,validation,locked_confirmation,000000563604
coco-rem,000000563648,/home/felix/fiftyone/coco-2017/validation/data/000000563648.jpg,validation,locked_confirmation,000000563648
coco-rem,000000563653,/home/felix/fiftyone/coco-2017/validation/data/000000563653.jpg,validation,locked_confirmation,000000563653
coco-rem,000000563702,/home/felix/fiftyone/coco-2017/validation/data/000000563702.jpg,validation,locked_confirmation,000000563702
coco-rem,000000563758,/home/felix/fiftyone/coco-2017/validation/data/000000563758.jpg,validation,locked_confirmation,000000563758
coco-rem,000000563882,/home/felix/fiftyone/coco-2017/validation/data/000000563882.jpg,validation,locked_confirmation,000000563882
coco-rem,000000564023,/home/felix/fiftyone/coco-2017/validation/data/000000564023.jpg,validation,locked_confirmation,000000564023
coco-rem,000000564091,/home/felix/fiftyone/coco-2017/validation/data/000000564091.jpg,validation,locked_confirmation,000000564091
coco-rem,000000564127,/home/felix/fiftyone/coco-2017/validation/data/000000564127.jpg,validation,locked_confirmation,000000564127
coco-rem,000000564133,/home/felix/fiftyone/coco-2017/validation/data/000000564133.jpg,validation,locked_confirmation,000000564133
coco-rem,000000564280,/home/felix/fiftyone/coco-2017/validation/data/000000564280.jpg,validation,locked_confirmation,000000564280
coco-rem,000000564336,/home/felix/fiftyone/coco-2017/validation/data/000000564336.jpg,validation,locked_confirmation,000000564336
coco-rem,000000565012,/home/felix/fiftyone/coco-2017/validation/data/000000565012.jpg,validation,locked_confirmation,000000565012
coco-rem,000000565045,/home/felix/fiftyone/coco-2017/validation/data/000000565045.jpg,validation,locked_confirmation,000000565045
coco-rem,000000565153,/home/felix/fiftyone/coco-2017/validation/data/000000565153.jpg,validation,locked_confirmation,000000565153
coco-rem,000000565391,/home/felix/fiftyone/coco-2017/validation/data/000000565391.jpg,validation,locked_confirmation,000000565391
coco-rem,000000565469,/home/felix/fiftyone/coco-2017/validation/data/000000565469.jpg,validation,locked_confirmation,000000565469
coco-rem,000000565563,/home/felix/fiftyone/coco-2017/validation/data/000000565563.jpg,validation,locked_confirmation,000000565563
coco-rem,000000565597,/home/felix/fiftyone/coco-2017/validation/data/000000565597.jpg,validation,locked_confirmation,000000565597
coco-rem,000000565607,/home/felix/fiftyone/coco-2017/validation/data/000000565607.jpg,validation,locked_confirmation,000000565607
coco-rem,000000565624,/home/felix/fiftyone/coco-2017/validation/data/000000565624.jpg,validation,locked_confirmation,000000565624
coco-rem,000000565776,/home/felix/fiftyone/coco-2017/validation/data/000000565776.jpg,validation,locked_confirmation,000000565776
coco-rem,000000565778,/home/felix/fiftyone/coco-2017/validation/data/000000565778.jpg,validation,locked_confirmation,000000565778
coco-rem,000000565853,/home/felix/fiftyone/coco-2017/validation/data/000000565853.jpg,validation,locked_confirmation,000000565853
coco-rem,000000565877,/home/felix/fiftyone/coco-2017/validation/data/000000565877.jpg,validation,locked_confirmation,000000565877
coco-rem,000000565962,/home/felix/fiftyone/coco-2017/validation/data/000000565962.jpg,validation,locked_confirmation,000000565962
coco-rem,000000565989,/home/felix/fiftyone/coco-2017/validation/data/000000565989.jpg,validation,locked_confirmation,000000565989
coco-rem,000000566042,/home/felix/fiftyone/coco-2017/validation/data/000000566042.jpg,validation,locked_confirmation,000000566042
coco-rem,000000566282,/home/felix/fiftyone/coco-2017/validation/data/000000566282.jpg,validation,locked_confirmation,000000566282
coco-rem,000000566436,/home/felix/fiftyone/coco-2017/validation/data/000000566436.jpg,validation,locked_confirmation,000000566436
coco-rem,000000566524,/home/felix/fiftyone/coco-2017/validation/data/000000566524.jpg,validation,locked_confirmation,000000566524
coco-rem,000000566758,/home/felix/fiftyone/coco-2017/validation/data/000000566758.jpg,validation,locked_confirmation,000000566758
coco-rem,000000566923,/home/felix/fiftyone/coco-2017/validation/data/000000566923.jpg,validation,locked_confirmation,000000566923
coco-rem,000000567011,/home/felix/fiftyone/coco-2017/validation/data/000000567011.jpg,validation,locked_confirmation,000000567011
coco-rem,000000567197,/home/felix/fiftyone/coco-2017/validation/data/000000567197.jpg,validation,locked_confirmation,000000567197
coco-rem,000000567432,/home/felix/fiftyone/coco-2017/validation/data/000000567432.jpg,validation,locked_confirmation,000000567432
coco-rem,000000567640,/home/felix/fiftyone/coco-2017/validation/data/000000567640.jpg,validation,locked_confirmation,000000567640
coco-rem,000000567740,/home/felix/fiftyone/coco-2017/validation/data/000000567740.jpg,validation,locked_confirmation,000000567740
coco-rem,000000567825,/home/felix/fiftyone/coco-2017/validation/data/000000567825.jpg,validation,locked_confirmation,000000567825
coco-rem,000000567886,/home/felix/fiftyone/coco-2017/validation/data/000000567886.jpg,validation,locked_confirmation,000000567886
coco-rem,000000567898,/home/felix/fiftyone/coco-2017/validation/data/000000567898.jpg,validation,locked_confirmation,000000567898
coco-rem,000000568147,/home/felix/fiftyone/coco-2017/validation/data/000000568147.jpg,validation,locked_confirmation,000000568147
coco-rem,000000568195,/home/felix/fiftyone/coco-2017/validation/data/000000568195.jpg,validation,locked_confirmation,000000568195
coco-rem,000000568213,/home/felix/fiftyone/coco-2017/validation/data/000000568213.jpg,validation,locked_confirmation,000000568213
coco-rem,000000568290,/home/felix/fiftyone/coco-2017/validation/data/000000568290.jpg,validation,locked_confirmation,000000568290
coco-rem,000000568439,/home/felix/fiftyone/coco-2017/validation/data/000000568439.jpg,validation,locked_confirmation,000000568439
coco-rem,000000568584,/home/felix/fiftyone/coco-2017/validation/data/000000568584.jpg,validation,locked_confirmation,000000568584
coco-rem,000000568690,/home/felix/fiftyone/coco-2017/validation/data/000000568690.jpg,validation,locked_confirmation,000000568690
coco-rem,000000568710,/home/felix/fiftyone/coco-2017/validation/data/000000568710.jpg,validation,locked_confirmation,000000568710
coco-rem,000000568814,/home/felix/fiftyone/coco-2017/validation/data/000000568814.jpg,validation,locked_confirmation,000000568814
coco-rem,000000568981,/home/felix/fiftyone/coco-2017/validation/data/000000568981.jpg,validation,locked_confirmation,000000568981
coco-rem,000000569030,/home/felix/fiftyone/coco-2017/validation/data/000000569030.jpg,validation,locked_confirmation,000000569030
coco-rem,000000569059,/home/felix/fiftyone/coco-2017/validation/data/000000569059.jpg,validation,locked_confirmation,000000569059
coco-rem,000000569273,/home/felix/fiftyone/coco-2017/validation/data/000000569273.jpg,validation,locked_confirmation,000000569273
coco-rem,000000569565,/home/felix/fiftyone/coco-2017/validation/data/000000569565.jpg,validation,locked_confirmation,000000569565
coco-rem,000000569700,/home/felix/fiftyone/coco-2017/validation/data/000000569700.jpg,validation,locked_confirmation,000000569700
coco-rem,000000569825,/home/felix/fiftyone/coco-2017/validation/data/000000569825.jpg,validation,locked_confirmation,000000569825
coco-rem,000000569917,/home/felix/fiftyone/coco-2017/validation/data/000000569917.jpg,validation,locked_confirmation,000000569917
coco-rem,000000569972,/home/felix/fiftyone/coco-2017/validation/data/000000569972.jpg,validation,locked_confirmation,000000569972
coco-rem,000000569976,/home/felix/fiftyone/coco-2017/validation/data/000000569976.jpg,validation,locked_confirmation,000000569976
coco-rem,000000570169,/home/felix/fiftyone/coco-2017/validation/data/000000570169.jpg,validation,locked_confirmation,000000570169
coco-rem,000000570448,/home/felix/fiftyone/coco-2017/validation/data/000000570448.jpg,validation,locked_confirmation,000000570448
coco-rem,000000570456,/home/felix/fiftyone/coco-2017/validation/data/000000570456.jpg,validation,locked_confirmation,000000570456
coco-rem,000000570471,/home/felix/fiftyone/coco-2017/validation/data/000000570471.jpg,validation,locked_confirmation,000000570471
coco-rem,000000570539,/home/felix/fiftyone/coco-2017/validation/data/000000570539.jpg,validation,locked_confirmation,000000570539
coco-rem,000000570664,/home/felix/fiftyone/coco-2017/validation/data/000000570664.jpg,validation,locked_confirmation,000000570664
coco-rem,000000570688,/home/felix/fiftyone/coco-2017/validation/data/000000570688.jpg,validation,locked_confirmation,000000570688
coco-rem,000000570736,/home/felix/fiftyone/coco-2017/validation/data/000000570736.jpg,validation,locked_confirmation,000000570736
coco-rem,000000570756,/home/felix/fiftyone/coco-2017/validation/data/000000570756.jpg,validation,locked_confirmation,000000570756
coco-rem,000000570782,/home/felix/fiftyone/coco-2017/validation/data/000000570782.jpg,validation,locked_confirmation,000000570782
coco-rem,000000570834,/home/felix/fiftyone/coco-2017/validation/data/000000570834.jpg,validation,locked_confirmation,000000570834
coco-rem,000000571008,/home/felix/fiftyone/coco-2017/validation/data/000000571008.jpg,validation,locked_confirmation,000000571008
coco-rem,000000571264,/home/felix/fiftyone/coco-2017/validation/data/000000571264.jpg,validation,locked_confirmation,000000571264
coco-rem,000000571313,/home/felix/fiftyone/coco-2017/validation/data/000000571313.jpg,validation,locked_confirmation,000000571313
coco-rem,000000571598,/home/felix/fiftyone/coco-2017/validation/data/000000571598.jpg,validation,locked_confirmation,000000571598
coco-rem,000000571718,/home/felix/fiftyone/coco-2017/validation/data/000000571718.jpg,validation,locked_confirmation,000000571718
coco-rem,000000571804,/home/felix/fiftyone/coco-2017/validation/data/000000571804.jpg,validation,locked_confirmation,000000571804
coco-rem,000000571857,/home/felix/fiftyone/coco-2017/validation/data/000000571857.jpg,validation,locked_confirmation,000000571857
coco-rem,000000571893,/home/felix/fiftyone/coco-2017/validation/data/000000571893.jpg,validation,locked_confirmation,000000571893
coco-rem,000000571943,/home/felix/fiftyone/coco-2017/validation/data/000000571943.jpg,validation,locked_confirmation,000000571943
coco-rem,000000572303,/home/felix/fiftyone/coco-2017/validation/data/000000572303.jpg,validation,locked_confirmation,000000572303
coco-rem,000000572388,/home/felix/fiftyone/coco-2017/validation/data/000000572388.jpg,validation,locked_confirmation,000000572388
coco-rem,000000572408,/home/felix/fiftyone/coco-2017/validation/data/000000572408.jpg,validation,locked_confirmation,000000572408
coco-rem,000000572462,/home/felix/fiftyone/coco-2017/validation/data/000000572462.jpg,validation,locked_confirmation,000000572462
coco-rem,000000572517,/home/felix/fiftyone/coco-2017/validation/data/000000572517.jpg,validation,locked_confirmation,000000572517
coco-rem,000000572555,/home/felix/fiftyone/coco-2017/validation/data/000000572555.jpg,validation,locked_confirmation,000000572555
coco-rem,000000572620,/home/felix/fiftyone/coco-2017/validation/data/000000572620.jpg,validation,locked_confirmation,000000572620
coco-rem,000000572678,/home/felix/fiftyone/coco-2017/validation/data/000000572678.jpg,validation,locked_confirmation,000000572678
coco-rem,000000572900,/home/felix/fiftyone/coco-2017/validation/data/000000572900.jpg,validation,locked_confirmation,000000572900
coco-rem,000000572956,/home/felix/fiftyone/coco-2017/validation/data/000000572956.jpg,validation,locked_confirmation,000000572956
coco-rem,000000573008,/home/felix/fiftyone/coco-2017/validation/data/000000573008.jpg,validation,locked_confirmation,000000573008
coco-rem,000000573094,/home/felix/fiftyone/coco-2017/validation/data/000000573094.jpg,validation,locked_confirmation,000000573094
coco-rem,000000573258,/home/felix/fiftyone/coco-2017/validation/data/000000573258.jpg,validation,locked_confirmation,000000573258
coco-rem,000000573391,/home/felix/fiftyone/coco-2017/validation/data/000000573391.jpg,validation,locked_confirmation,000000573391
coco-rem,000000573626,/home/felix/fiftyone/coco-2017/validation/data/000000573626.jpg,validation,locked_confirmation,000000573626
coco-rem,000000573943,/home/felix/fiftyone/coco-2017/validation/data/000000573943.jpg,validation,locked_confirmation,000000573943
coco-rem,000000574297,/home/felix/fiftyone/coco-2017/validation/data/000000574297.jpg,validation,locked_confirmation,000000574297
coco-rem,000000574315,/home/felix/fiftyone/coco-2017/validation/data/000000574315.jpg,validation,locked_confirmation,000000574315
coco-rem,000000574425,/home/felix/fiftyone/coco-2017/validation/data/000000574425.jpg,validation,locked_confirmation,000000574425
coco-rem,000000574520,/home/felix/fiftyone/coco-2017/validation/data/000000574520.jpg,validation,locked_confirmation,000000574520
coco-rem,000000574702,/home/felix/fiftyone/coco-2017/validation/data/000000574702.jpg,validation,locked_confirmation,000000574702
coco-rem,000000574810,/home/felix/fiftyone/coco-2017/validation/data/000000574810.jpg,validation,locked_confirmation,000000574810
coco-rem,000000574823,/home/felix/fiftyone/coco-2017/validation/data/000000574823.jpg,validation,locked_confirmation,000000574823
coco-rem,000000575081,/home/felix/fiftyone/coco-2017/validation/data/000000575081.jpg,validation,locked_confirmation,000000575081
coco-rem,000000575187,/home/felix/fiftyone/coco-2017/validation/data/000000575187.jpg,validation,locked_confirmation,000000575187
coco-rem,000000575205,/home/felix/fiftyone/coco-2017/validation/data/000000575205.jpg,validation,locked_confirmation,000000575205
coco-rem,000000575243,/home/felix/fiftyone/coco-2017/validation/data/000000575243.jpg,validation,locked_confirmation,000000575243
coco-rem,000000575357,/home/felix/fiftyone/coco-2017/validation/data/000000575357.jpg,validation,locked_confirmation,000000575357
coco-rem,000000575372,/home/felix/fiftyone/coco-2017/validation/data/000000575372.jpg,validation,locked_confirmation,000000575372
coco-rem,000000575500,/home/felix/fiftyone/coco-2017/validation/data/000000575500.jpg,validation,locked_confirmation,000000575500
coco-rem,000000575815,/home/felix/fiftyone/coco-2017/validation/data/000000575815.jpg,validation,locked_confirmation,000000575815
coco-rem,000000575970,/home/felix/fiftyone/coco-2017/validation/data/000000575970.jpg,validation,locked_confirmation,000000575970
coco-rem,000000576031,/home/felix/fiftyone/coco-2017/validation/data/000000576031.jpg,validation,locked_confirmation,000000576031
coco-rem,000000576052,/home/felix/fiftyone/coco-2017/validation/data/000000576052.jpg,validation,locked_confirmation,000000576052
coco-rem,000000576566,/home/felix/fiftyone/coco-2017/validation/data/000000576566.jpg,validation,locked_confirmation,000000576566
coco-rem,000000576654,/home/felix/fiftyone/coco-2017/validation/data/000000576654.jpg,validation,locked_confirmation,000000576654
coco-rem,000000576955,/home/felix/fiftyone/coco-2017/validation/data/000000576955.jpg,validation,locked_confirmation,000000576955
coco-rem,000000577149,/home/felix/fiftyone/coco-2017/validation/data/000000577149.jpg,validation,locked_confirmation,000000577149
coco-rem,000000577182,/home/felix/fiftyone/coco-2017/validation/data/000000577182.jpg,validation,locked_confirmation,000000577182
coco-rem,000000577539,/home/felix/fiftyone/coco-2017/validation/data/000000577539.jpg,validation,locked_confirmation,000000577539
coco-rem,000000577584,/home/felix/fiftyone/coco-2017/validation/data/000000577584.jpg,validation,locked_confirmation,000000577584
coco-rem,000000577735,/home/felix/fiftyone/coco-2017/validation/data/000000577735.jpg,validation,locked_confirmation,000000577735
coco-rem,000000577862,/home/felix/fiftyone/coco-2017/validation/data/000000577862.jpg,validation,locked_confirmation,000000577862
coco-rem,000000577864,/home/felix/fiftyone/coco-2017/validation/data/000000577864.jpg,validation,locked_confirmation,000000577864
coco-rem,000000577932,/home/felix/fiftyone/coco-2017/validation/data/000000577932.jpg,validation,locked_confirmation,000000577932
coco-rem,000000577959,/home/felix/fiftyone/coco-2017/validation/data/000000577959.jpg,validation,locked_confirmation,000000577959
coco-rem,000000577976,/home/felix/fiftyone/coco-2017/validation/data/000000577976.jpg,validation,locked_confirmation,000000577976
coco-rem,000000578093,/home/felix/fiftyone/coco-2017/validation/data/000000578093.jpg,validation,locked_confirmation,000000578093
coco-rem,000000578236,/home/felix/fiftyone/coco-2017/validation/data/000000578236.jpg,validation,locked_confirmation,000000578236
coco-rem,000000578489,/home/felix/fiftyone/coco-2017/validation/data/000000578489.jpg,validation,locked_confirmation,000000578489
coco-rem,000000578500,/home/felix/fiftyone/coco-2017/validation/data/000000578500.jpg,validation,locked_confirmation,000000578500
coco-rem,000000578545,/home/felix/fiftyone/coco-2017/validation/data/000000578545.jpg,validation,locked_confirmation,000000578545
coco-rem,000000578792,/home/felix/fiftyone/coco-2017/validation/data/000000578792.jpg,validation,locked_confirmation,000000578792
coco-rem,000000578871,/home/felix/fiftyone/coco-2017/validation/data/000000578871.jpg,validation,locked_confirmation,000000578871
coco-rem,000000578922,/home/felix/fiftyone/coco-2017/validation/data/000000578922.jpg,validation,locked_confirmation,000000578922
coco-rem,000000578967,/home/felix/fiftyone/coco-2017/validation/data/000000578967.jpg,validation,locked_confirmation,000000578967
coco-rem,000000579070,/home/felix/fiftyone/coco-2017/validation/data/000000579070.jpg,validation,locked_confirmation,000000579070
coco-rem,000000579091,/home/felix/fiftyone/coco-2017/validation/data/000000579091.jpg,validation,locked_confirmation,000000579091
coco-rem,000000579158,/home/felix/fiftyone/coco-2017/validation/data/000000579158.jpg,validation,locked_confirmation,000000579158
coco-rem,000000579307,/home/felix/fiftyone/coco-2017/validation/data/000000579307.jpg,validation,locked_confirmation,000000579307
coco-rem,000000579321,/home/felix/fiftyone/coco-2017/validation/data/000000579321.jpg,validation,locked_confirmation,000000579321
coco-rem,000000579635,/home/felix/fiftyone/coco-2017/validation/data/000000579635.jpg,validation,locked_confirmation,000000579635
coco-rem,000000579655,/home/felix/fiftyone/coco-2017/validation/data/000000579655.jpg,validation,locked_confirmation,000000579655
coco-rem,000000579818,/home/felix/fiftyone/coco-2017/validation/data/000000579818.jpg,validation,locked_confirmation,000000579818
coco-rem,000000579893,/home/felix/fiftyone/coco-2017/validation/data/000000579893.jpg,validation,locked_confirmation,000000579893
coco-rem,000000579900,/home/felix/fiftyone/coco-2017/validation/data/000000579900.jpg,validation,locked_confirmation,000000579900
coco-rem,000000579902,/home/felix/fiftyone/coco-2017/validation/data/000000579902.jpg,validation,locked_confirmation,000000579902
coco-rem,000000579970,/home/felix/fiftyone/coco-2017/validation/data/000000579970.jpg,validation,locked_confirmation,000000579970
coco-rem,000000580197,/home/felix/fiftyone/coco-2017/validation/data/000000580197.jpg,validation,locked_confirmation,000000580197
coco-rem,000000580294,/home/felix/fiftyone/coco-2017/validation/data/000000580294.jpg,validation,locked_confirmation,000000580294
coco-rem,000000580410,/home/felix/fiftyone/coco-2017/validation/data/000000580410.jpg,validation,locked_confirmation,000000580410
coco-rem,000000580418,/home/felix/fiftyone/coco-2017/validation/data/000000580418.jpg,validation,locked_confirmation,000000580418
coco-rem,000000580757,/home/felix/fiftyone/coco-2017/validation/data/000000580757.jpg,validation,locked_confirmation,000000580757
coco-rem,000000581062,/home/felix/fiftyone/coco-2017/validation/data/000000581062.jpg,validation,locked_confirmation,000000581062
coco-rem,000000581100,/home/felix/fiftyone/coco-2017/validation/data/000000581100.jpg,validation,locked_confirmation,000000581100
coco-rem,000000581206,/home/felix/fiftyone/coco-2017/validation/data/000000581206.jpg,validation,locked_confirmation,000000581206
coco-rem,000000581317,/home/felix/fiftyone/coco-2017/validation/data/000000581317.jpg,validation,locked_confirmation,000000581317
coco-rem,000000581357,/home/felix/fiftyone/coco-2017/validation/data/000000581357.jpg,validation,locked_confirmation,000000581357
coco-rem,000000581482,/home/felix/fiftyone/coco-2017/validation/data/000000581482.jpg,validation,locked_confirmation,000000581482
coco-rem,000000581615,/home/felix/fiftyone/coco-2017/validation/data/000000581615.jpg,validation,locked_confirmation,000000581615
coco-rem,000000581781,/home/felix/fiftyone/coco-2017/validation/data/000000581781.jpg,validation,locked_confirmation,000000581781
