dataset,image_id,filepath,source_split,partition,source_group_id
coco-rem,000000410972,/home/felix/fiftyone/coco-2017/train/data/000000410972.jpg,train,mllm_selection,000000410972
coco-rem,000000491958,/home/felix/fiftyone/coco-2017/train/data/000000491958.jpg,train,mllm_selection,000000491958
coco-rem,000000439392,/home/felix/fiftyone/coco-2017/train/data/000000439392.jpg,train,mllm_selection,000000439392
coco-rem,000000473060,/home/felix/fiftyone/coco-2017/train/data/000000473060.jpg,train,mllm_selection,000000473060
coco-rem,000000313481,/home/felix/fiftyone/coco-2017/train/data/000000313481.jpg,train,mllm_selection,000000313481
coco-rem,000000465824,/home/felix/fiftyone/coco-2017/train/data/000000465824.jpg,train,mllm_selection,000000465824
coco-rem,000000268921,/home/felix/fiftyone/coco-2017/train/data/000000268921.jpg,train,mllm_selection,000000268921
coco-rem,000000504540,/home/felix/fiftyone/coco-2017/train/data/000000504540.jpg,train,mllm_selection,000000504540
coco-rem,000000518659,/home/felix/fiftyone/coco-2017/train/data/000000518659.jpg,train,mllm_selection,000000518659
coco-rem,000000575096,/home/felix/fiftyone/coco-2017/train/data/000000575096.jpg,train,mllm_selection,000000575096
coco-rem,000000397094,/home/felix/fiftyone/coco-2017/train/data/000000397094.jpg,train,mllm_selection,000000397094
coco-rem,000000045573,/home/felix/fiftyone/coco-2017/train/data/000000045573.jpg,train,mllm_selection,000000045573
coco-rem,000000232344,/home/felix/fiftyone/coco-2017/train/data/000000232344.jpg,train,mllm_selection,000000232344
coco-rem,000000259149,/home/felix/fiftyone/coco-2017/train/data/000000259149.jpg,train,mllm_selection,000000259149
coco-rem,000000013639,/home/felix/fiftyone/coco-2017/train/data/000000013639.jpg,train,mllm_selection,000000013639
coco-rem,000000537860,/home/felix/fiftyone/coco-2017/train/data/000000537860.jpg,train,mllm_selection,000000537860
coco-rem,000000142350,/home/felix/fiftyone/coco-2017/train/data/000000142350.jpg,train,mllm_selection,000000142350
coco-rem,000000447744,/home/felix/fiftyone/coco-2017/train/data/000000447744.jpg,train,mllm_selection,000000447744
coco-rem,000000527464,/home/felix/fiftyone/coco-2017/train/data/000000527464.jpg,train,mllm_selection,000000527464
coco-rem,000000027252,/home/felix/fiftyone/coco-2017/train/data/000000027252.jpg,train,mllm_selection,000000027252
coco-rem,000000208649,/home/felix/fiftyone/coco-2017/train/data/000000208649.jpg,train,mllm_selection,000000208649
coco-rem,000000425480,/home/felix/fiftyone/coco-2017/train/data/000000425480.jpg,train,mllm_selection,000000425480
coco-rem,000000207051,/home/felix/fiftyone/coco-2017/train/data/000000207051.jpg,train,mllm_selection,000000207051
coco-rem,000000312388,/home/felix/fiftyone/coco-2017/train/data/000000312388.jpg,train,mllm_selection,000000312388
coco-rem,000000417597,/home/felix/fiftyone/coco-2017/train/data/000000417597.jpg,train,mllm_selection,000000417597
coco-rem,000000021206,/home/felix/fiftyone/coco-2017/train/data/000000021206.jpg,train,mllm_selection,000000021206
coco-rem,000000265313,/home/felix/fiftyone/coco-2017/train/data/000000265313.jpg,train,mllm_selection,000000265313
coco-rem,000000094097,/home/felix/fiftyone/coco-2017/train/data/000000094097.jpg,train,mllm_selection,000000094097
coco-rem,000000121779,/home/felix/fiftyone/coco-2017/train/data/000000121779.jpg,train,mllm_selection,000000121779
coco-rem,000000330439,/home/felix/fiftyone/coco-2017/train/data/000000330439.jpg,train,mllm_selection,000000330439
coco-rem,000000380258,/home/felix/fiftyone/coco-2017/train/data/000000380258.jpg,train,mllm_selection,000000380258
coco-rem,000000144251,/home/felix/fiftyone/coco-2017/train/data/000000144251.jpg,train,mllm_selection,000000144251
coco-rem,000000022462,/home/felix/fiftyone/coco-2017/train/data/000000022462.jpg,train,mllm_selection,000000022462
coco-rem,000000533454,/home/felix/fiftyone/coco-2017/train/data/000000533454.jpg,train,mllm_selection,000000533454
coco-rem,000000178620,/home/felix/fiftyone/coco-2017/train/data/000000178620.jpg,train,mllm_selection,000000178620
coco-rem,000000367716,/home/felix/fiftyone/coco-2017/train/data/000000367716.jpg,train,mllm_selection,000000367716
coco-rem,000000561823,/home/felix/fiftyone/coco-2017/train/data/000000561823.jpg,train,mllm_selection,000000561823
coco-rem,000000527248,/home/felix/fiftyone/coco-2017/train/data/000000527248.jpg,train,mllm_selection,000000527248
coco-rem,000000529041,/home/felix/fiftyone/coco-2017/train/data/000000529041.jpg,train,mllm_selection,000000529041
coco-rem,000000359851,/home/felix/fiftyone/coco-2017/train/data/000000359851.jpg,train,mllm_selection,000000359851
coco-rem,000000179209,/home/felix/fiftyone/coco-2017/train/data/000000179209.jpg,train,mllm_selection,000000179209
coco-rem,000000362189,/home/felix/fiftyone/coco-2017/train/data/000000362189.jpg,train,mllm_selection,000000362189
coco-rem,000000075643,/home/felix/fiftyone/coco-2017/train/data/000000075643.jpg,train,mllm_selection,000000075643
coco-rem,000000519874,/home/felix/fiftyone/coco-2017/train/data/000000519874.jpg,train,mllm_selection,000000519874
coco-rem,000000118051,/home/felix/fiftyone/coco-2017/train/data/000000118051.jpg,train,mllm_selection,000000118051
coco-rem,000000310369,/home/felix/fiftyone/coco-2017/train/data/000000310369.jpg,train,mllm_selection,000000310369
coco-rem,000000241211,/home/felix/fiftyone/coco-2017/train/data/000000241211.jpg,train,mllm_selection,000000241211
coco-rem,000000517636,/home/felix/fiftyone/coco-2017/train/data/000000517636.jpg,train,mllm_selection,000000517636
coco-rem,000000384420,/home/felix/fiftyone/coco-2017/train/data/000000384420.jpg,train,mllm_selection,000000384420
coco-rem,000000051620,/home/felix/fiftyone/coco-2017/train/data/000000051620.jpg,train,mllm_selection,000000051620
coco-rem,000000244596,/home/felix/fiftyone/coco-2017/train/data/000000244596.jpg,train,mllm_selection,000000244596
coco-rem,000000482479,/home/felix/fiftyone/coco-2017/train/data/000000482479.jpg,train,mllm_selection,000000482479
coco-rem,000000493741,/home/felix/fiftyone/coco-2017/train/data/000000493741.jpg,train,mllm_selection,000000493741
coco-rem,000000242807,/home/felix/fiftyone/coco-2017/train/data/000000242807.jpg,train,mllm_selection,000000242807
coco-rem,000000028463,/home/felix/fiftyone/coco-2017/train/data/000000028463.jpg,train,mllm_selection,000000028463
coco-rem,000000317756,/home/felix/fiftyone/coco-2017/train/data/000000317756.jpg,train,mllm_selection,000000317756
coco-rem,000000517632,/home/felix/fiftyone/coco-2017/train/data/000000517632.jpg,train,mllm_selection,000000517632
coco-rem,000000387601,/home/felix/fiftyone/coco-2017/train/data/000000387601.jpg,train,mllm_selection,000000387601
coco-rem,000000456035,/home/felix/fiftyone/coco-2017/train/data/000000456035.jpg,train,mllm_selection,000000456035
coco-rem,000000111612,/home/felix/fiftyone/coco-2017/train/data/000000111612.jpg,train,mllm_selection,000000111612
coco-rem,000000196365,/home/felix/fiftyone/coco-2017/train/data/000000196365.jpg,train,mllm_selection,000000196365
coco-rem,000000218368,/home/felix/fiftyone/coco-2017/train/data/000000218368.jpg,train,mllm_selection,000000218368
coco-rem,000000188062,/home/felix/fiftyone/coco-2017/train/data/000000188062.jpg,train,mllm_selection,000000188062
coco-rem,000000436164,/home/felix/fiftyone/coco-2017/train/data/000000436164.jpg,train,mllm_selection,000000436164
coco-rem,000000369596,/home/felix/fiftyone/coco-2017/train/data/000000369596.jpg,train,mllm_selection,000000369596
coco-rem,000000142761,/home/felix/fiftyone/coco-2017/train/data/000000142761.jpg,train,mllm_selection,000000142761
coco-rem,000000431742,/home/felix/fiftyone/coco-2017/train/data/000000431742.jpg,train,mllm_selection,000000431742
coco-rem,000000317015,/home/felix/fiftyone/coco-2017/train/data/000000317015.jpg,train,mllm_selection,000000317015
coco-rem,000000401140,/home/felix/fiftyone/coco-2017/train/data/000000401140.jpg,train,mllm_selection,000000401140
coco-rem,000000147192,/home/felix/fiftyone/coco-2017/train/data/000000147192.jpg,train,mllm_selection,000000147192
coco-rem,000000434634,/home/felix/fiftyone/coco-2017/train/data/000000434634.jpg,train,mllm_selection,000000434634
coco-rem,000000357635,/home/felix/fiftyone/coco-2017/train/data/000000357635.jpg,train,mllm_selection,000000357635
coco-rem,000000102159,/home/felix/fiftyone/coco-2017/train/data/000000102159.jpg,train,mllm_selection,000000102159
coco-rem,000000093031,/home/felix/fiftyone/coco-2017/train/data/000000093031.jpg,train,mllm_selection,000000093031
coco-rem,000000401169,/home/felix/fiftyone/coco-2017/train/data/000000401169.jpg,train,mllm_selection,000000401169
coco-rem,000000576513,/home/felix/fiftyone/coco-2017/train/data/000000576513.jpg,train,mllm_selection,000000576513
coco-rem,000000230129,/home/felix/fiftyone/coco-2017/train/data/000000230129.jpg,train,mllm_selection,000000230129
coco-rem,000000429580,/home/felix/fiftyone/coco-2017/train/data/000000429580.jpg,train,mllm_selection,000000429580
coco-rem,000000163615,/home/felix/fiftyone/coco-2017/train/data/000000163615.jpg,train,mllm_selection,000000163615
coco-rem,000000425945,/home/felix/fiftyone/coco-2017/train/data/000000425945.jpg,train,mllm_selection,000000425945
coco-rem,000000424641,/home/felix/fiftyone/coco-2017/train/data/000000424641.jpg,train,mllm_selection,000000424641
coco-rem,000000451983,/home/felix/fiftyone/coco-2017/train/data/000000451983.jpg,train,mllm_selection,000000451983
coco-rem,000000386638,/home/felix/fiftyone/coco-2017/train/data/000000386638.jpg,train,mllm_selection,000000386638
coco-rem,000000243341,/home/felix/fiftyone/coco-2017/train/data/000000243341.jpg,train,mllm_selection,000000243341
coco-rem,000000082052,/home/felix/fiftyone/coco-2017/train/data/000000082052.jpg,train,mllm_selection,000000082052
coco-rem,000000440928,/home/felix/fiftyone/coco-2017/train/data/000000440928.jpg,train,mllm_selection,000000440928
coco-rem,000000124525,/home/felix/fiftyone/coco-2017/train/data/000000124525.jpg,train,mllm_selection,000000124525
coco-rem,000000273732,/home/felix/fiftyone/coco-2017/train/data/000000273732.jpg,train,mllm_selection,000000273732
coco-rem,000000518855,/home/felix/fiftyone/coco-2017/train/data/000000518855.jpg,train,mllm_selection,000000518855
coco-rem,000000521150,/home/felix/fiftyone/coco-2017/train/data/000000521150.jpg,train,mllm_selection,000000521150
coco-rem,000000281382,/home/felix/fiftyone/coco-2017/train/data/000000281382.jpg,train,mllm_selection,000000281382
coco-rem,000000185606,/home/felix/fiftyone/coco-2017/train/data/000000185606.jpg,train,mllm_selection,000000185606
coco-rem,000000279129,/home/felix/fiftyone/coco-2017/train/data/000000279129.jpg,train,mllm_selection,000000279129
coco-rem,000000505627,/home/felix/fiftyone/coco-2017/train/data/000000505627.jpg,train,mllm_selection,000000505627
coco-rem,000000324663,/home/felix/fiftyone/coco-2017/train/data/000000324663.jpg,train,mllm_selection,000000324663
coco-rem,000000224974,/home/felix/fiftyone/coco-2017/train/data/000000224974.jpg,train,mllm_selection,000000224974
coco-rem,000000558824,/home/felix/fiftyone/coco-2017/train/data/000000558824.jpg,train,mllm_selection,000000558824
coco-rem,000000152019,/home/felix/fiftyone/coco-2017/train/data/000000152019.jpg,train,mllm_selection,000000152019
coco-rem,000000109488,/home/felix/fiftyone/coco-2017/train/data/000000109488.jpg,train,mllm_selection,000000109488
coco-rem,000000414068,/home/felix/fiftyone/coco-2017/train/data/000000414068.jpg,train,mllm_selection,000000414068
coco-rem,000000175126,/home/felix/fiftyone/coco-2017/train/data/000000175126.jpg,train,mllm_selection,000000175126
coco-rem,000000572991,/home/felix/fiftyone/coco-2017/train/data/000000572991.jpg,train,mllm_selection,000000572991
coco-rem,000000551701,/home/felix/fiftyone/coco-2017/train/data/000000551701.jpg,train,mllm_selection,000000551701
coco-rem,000000416960,/home/felix/fiftyone/coco-2017/train/data/000000416960.jpg,train,mllm_selection,000000416960
coco-rem,000000452468,/home/felix/fiftyone/coco-2017/train/data/000000452468.jpg,train,mllm_selection,000000452468
coco-rem,000000411841,/home/felix/fiftyone/coco-2017/train/data/000000411841.jpg,train,mllm_selection,000000411841
coco-rem,000000271401,/home/felix/fiftyone/coco-2017/train/data/000000271401.jpg,train,mllm_selection,000000271401
coco-rem,000000467411,/home/felix/fiftyone/coco-2017/train/data/000000467411.jpg,train,mllm_selection,000000467411
coco-rem,000000302241,/home/felix/fiftyone/coco-2017/train/data/000000302241.jpg,train,mllm_selection,000000302241
coco-rem,000000367275,/home/felix/fiftyone/coco-2017/train/data/000000367275.jpg,train,mllm_selection,000000367275
coco-rem,000000570902,/home/felix/fiftyone/coco-2017/train/data/000000570902.jpg,train,mllm_selection,000000570902
coco-rem,000000443254,/home/felix/fiftyone/coco-2017/train/data/000000443254.jpg,train,mllm_selection,000000443254
coco-rem,000000237245,/home/felix/fiftyone/coco-2017/train/data/000000237245.jpg,train,mllm_selection,000000237245
coco-rem,000000470046,/home/felix/fiftyone/coco-2017/train/data/000000470046.jpg,train,mllm_selection,000000470046
coco-rem,000000199881,/home/felix/fiftyone/coco-2017/train/data/000000199881.jpg,train,mllm_selection,000000199881
coco-rem,000000380742,/home/felix/fiftyone/coco-2017/train/data/000000380742.jpg,train,mllm_selection,000000380742
coco-rem,000000303197,/home/felix/fiftyone/coco-2017/train/data/000000303197.jpg,train,mllm_selection,000000303197
coco-rem,000000249836,/home/felix/fiftyone/coco-2017/train/data/000000249836.jpg,train,mllm_selection,000000249836
coco-rem,000000265840,/home/felix/fiftyone/coco-2017/train/data/000000265840.jpg,train,mllm_selection,000000265840
coco-rem,000000020018,/home/felix/fiftyone/coco-2017/train/data/000000020018.jpg,train,mllm_selection,000000020018
coco-rem,000000146850,/home/felix/fiftyone/coco-2017/train/data/000000146850.jpg,train,mllm_selection,000000146850
coco-rem,000000420702,/home/felix/fiftyone/coco-2017/train/data/000000420702.jpg,train,mllm_selection,000000420702
coco-rem,000000053958,/home/felix/fiftyone/coco-2017/train/data/000000053958.jpg,train,mllm_selection,000000053958
coco-rem,000000289535,/home/felix/fiftyone/coco-2017/train/data/000000289535.jpg,train,mllm_selection,000000289535
coco-rem,000000217183,/home/felix/fiftyone/coco-2017/train/data/000000217183.jpg,train,mllm_selection,000000217183
coco-rem,000000479134,/home/felix/fiftyone/coco-2017/train/data/000000479134.jpg,train,mllm_selection,000000479134
coco-rem,000000034114,/home/felix/fiftyone/coco-2017/train/data/000000034114.jpg,train,mllm_selection,000000034114
coco-rem,000000403518,/home/felix/fiftyone/coco-2017/train/data/000000403518.jpg,train,mllm_selection,000000403518
coco-rem,000000228330,/home/felix/fiftyone/coco-2017/train/data/000000228330.jpg,train,mllm_selection,000000228330
coco-rem,000000428896,/home/felix/fiftyone/coco-2017/train/data/000000428896.jpg,train,mllm_selection,000000428896
coco-rem,000000041818,/home/felix/fiftyone/coco-2017/train/data/000000041818.jpg,train,mllm_selection,000000041818
coco-rem,000000443564,/home/felix/fiftyone/coco-2017/train/data/000000443564.jpg,train,mllm_selection,000000443564
coco-rem,000000393905,/home/felix/fiftyone/coco-2017/train/data/000000393905.jpg,train,mllm_selection,000000393905
coco-rem,000000161929,/home/felix/fiftyone/coco-2017/train/data/000000161929.jpg,train,mllm_selection,000000161929
coco-rem,000000426996,/home/felix/fiftyone/coco-2017/train/data/000000426996.jpg,train,mllm_selection,000000426996
coco-rem,000000435902,/home/felix/fiftyone/coco-2017/train/data/000000435902.jpg,train,mllm_selection,000000435902
coco-rem,000000292829,/home/felix/fiftyone/coco-2017/train/data/000000292829.jpg,train,mllm_selection,000000292829
coco-rem,000000513978,/home/felix/fiftyone/coco-2017/train/data/000000513978.jpg,train,mllm_selection,000000513978
coco-rem,000000230296,/home/felix/fiftyone/coco-2017/train/data/000000230296.jpg,train,mllm_selection,000000230296
coco-rem,000000189330,/home/felix/fiftyone/coco-2017/train/data/000000189330.jpg,train,mllm_selection,000000189330
coco-rem,000000227512,/home/felix/fiftyone/coco-2017/train/data/000000227512.jpg,train,mllm_selection,000000227512
coco-rem,000000334658,/home/felix/fiftyone/coco-2017/train/data/000000334658.jpg,train,mllm_selection,000000334658
coco-rem,000000148827,/home/felix/fiftyone/coco-2017/train/data/000000148827.jpg,train,mllm_selection,000000148827
coco-rem,000000195993,/home/felix/fiftyone/coco-2017/train/data/000000195993.jpg,train,mllm_selection,000000195993
coco-rem,000000106750,/home/felix/fiftyone/coco-2017/train/data/000000106750.jpg,train,mllm_selection,000000106750
coco-rem,000000041199,/home/felix/fiftyone/coco-2017/train/data/000000041199.jpg,train,mllm_selection,000000041199
coco-rem,000000562100,/home/felix/fiftyone/coco-2017/train/data/000000562100.jpg,train,mllm_selection,000000562100
coco-rem,000000550870,/home/felix/fiftyone/coco-2017/train/data/000000550870.jpg,train,mllm_selection,000000550870
coco-rem,000000502979,/home/felix/fiftyone/coco-2017/train/data/000000502979.jpg,train,mllm_selection,000000502979
coco-rem,000000146640,/home/felix/fiftyone/coco-2017/train/data/000000146640.jpg,train,mllm_selection,000000146640
coco-rem,000000335799,/home/felix/fiftyone/coco-2017/train/data/000000335799.jpg,train,mllm_selection,000000335799
coco-rem,000000400347,/home/felix/fiftyone/coco-2017/train/data/000000400347.jpg,train,mllm_selection,000000400347
coco-rem,000000484332,/home/felix/fiftyone/coco-2017/train/data/000000484332.jpg,train,mllm_selection,000000484332
coco-rem,000000487692,/home/felix/fiftyone/coco-2017/train/data/000000487692.jpg,train,mllm_selection,000000487692
coco-rem,000000324809,/home/felix/fiftyone/coco-2017/train/data/000000324809.jpg,train,mllm_selection,000000324809
coco-rem,000000015802,/home/felix/fiftyone/coco-2017/train/data/000000015802.jpg,train,mllm_selection,000000015802
coco-rem,000000077854,/home/felix/fiftyone/coco-2017/train/data/000000077854.jpg,train,mllm_selection,000000077854
coco-rem,000000542129,/home/felix/fiftyone/coco-2017/train/data/000000542129.jpg,train,mllm_selection,000000542129
coco-rem,000000549599,/home/felix/fiftyone/coco-2017/train/data/000000549599.jpg,train,mllm_selection,000000549599
coco-rem,000000056519,/home/felix/fiftyone/coco-2017/train/data/000000056519.jpg,train,mllm_selection,000000056519
coco-rem,000000174890,/home/felix/fiftyone/coco-2017/train/data/000000174890.jpg,train,mllm_selection,000000174890
coco-rem,000000578221,/home/felix/fiftyone/coco-2017/train/data/000000578221.jpg,train,mllm_selection,000000578221
coco-rem,000000013175,/home/felix/fiftyone/coco-2017/train/data/000000013175.jpg,train,mllm_selection,000000013175
coco-rem,000000228133,/home/felix/fiftyone/coco-2017/train/data/000000228133.jpg,train,mllm_selection,000000228133
coco-rem,000000533224,/home/felix/fiftyone/coco-2017/train/data/000000533224.jpg,train,mllm_selection,000000533224
coco-rem,000000189239,/home/felix/fiftyone/coco-2017/train/data/000000189239.jpg,train,mllm_selection,000000189239
coco-rem,000000227549,/home/felix/fiftyone/coco-2017/train/data/000000227549.jpg,train,mllm_selection,000000227549
coco-rem,000000056435,/home/felix/fiftyone/coco-2017/train/data/000000056435.jpg,train,mllm_selection,000000056435
coco-rem,000000401381,/home/felix/fiftyone/coco-2017/train/data/000000401381.jpg,train,mllm_selection,000000401381
coco-rem,000000342696,/home/felix/fiftyone/coco-2017/train/data/000000342696.jpg,train,mllm_selection,000000342696
coco-rem,000000061582,/home/felix/fiftyone/coco-2017/train/data/000000061582.jpg,train,mllm_selection,000000061582
coco-rem,000000132265,/home/felix/fiftyone/coco-2017/train/data/000000132265.jpg,train,mllm_selection,000000132265
coco-rem,000000010545,/home/felix/fiftyone/coco-2017/train/data/000000010545.jpg,train,mllm_selection,000000010545
coco-rem,000000473057,/home/felix/fiftyone/coco-2017/train/data/000000473057.jpg,train,mllm_selection,000000473057
coco-rem,000000516986,/home/felix/fiftyone/coco-2017/train/data/000000516986.jpg,train,mllm_selection,000000516986
coco-rem,000000288569,/home/felix/fiftyone/coco-2017/train/data/000000288569.jpg,train,mllm_selection,000000288569
coco-rem,000000085847,/home/felix/fiftyone/coco-2017/train/data/000000085847.jpg,train,mllm_selection,000000085847
coco-rem,000000299838,/home/felix/fiftyone/coco-2017/train/data/000000299838.jpg,train,mllm_selection,000000299838
coco-rem,000000491273,/home/felix/fiftyone/coco-2017/train/data/000000491273.jpg,train,mllm_selection,000000491273
coco-rem,000000004394,/home/felix/fiftyone/coco-2017/train/data/000000004394.jpg,train,mllm_selection,000000004394
coco-rem,000000345005,/home/felix/fiftyone/coco-2017/train/data/000000345005.jpg,train,mllm_selection,000000345005
coco-rem,000000497788,/home/felix/fiftyone/coco-2017/train/data/000000497788.jpg,train,mllm_selection,000000497788
coco-rem,000000479176,/home/felix/fiftyone/coco-2017/train/data/000000479176.jpg,train,mllm_selection,000000479176
coco-rem,000000439427,/home/felix/fiftyone/coco-2017/train/data/000000439427.jpg,train,mllm_selection,000000439427
coco-rem,000000102872,/home/felix/fiftyone/coco-2017/train/data/000000102872.jpg,train,mllm_selection,000000102872
coco-rem,000000116402,/home/felix/fiftyone/coco-2017/train/data/000000116402.jpg,train,mllm_selection,000000116402
coco-rem,000000415354,/home/felix/fiftyone/coco-2017/train/data/000000415354.jpg,train,mllm_selection,000000415354
coco-rem,000000009353,/home/felix/fiftyone/coco-2017/train/data/000000009353.jpg,train,mllm_selection,000000009353
coco-rem,000000345265,/home/felix/fiftyone/coco-2017/train/data/000000345265.jpg,train,mllm_selection,000000345265
coco-rem,000000385969,/home/felix/fiftyone/coco-2017/train/data/000000385969.jpg,train,mllm_selection,000000385969
coco-rem,000000391320,/home/felix/fiftyone/coco-2017/train/data/000000391320.jpg,train,mllm_selection,000000391320
coco-rem,000000326781,/home/felix/fiftyone/coco-2017/train/data/000000326781.jpg,train,mllm_selection,000000326781
coco-rem,000000460115,/home/felix/fiftyone/coco-2017/train/data/000000460115.jpg,train,mllm_selection,000000460115
coco-rem,000000318585,/home/felix/fiftyone/coco-2017/train/data/000000318585.jpg,train,mllm_selection,000000318585
coco-rem,000000239047,/home/felix/fiftyone/coco-2017/train/data/000000239047.jpg,train,mllm_selection,000000239047
coco-rem,000000576622,/home/felix/fiftyone/coco-2017/train/data/000000576622.jpg,train,mllm_selection,000000576622
coco-rem,000000356937,/home/felix/fiftyone/coco-2017/train/data/000000356937.jpg,train,mllm_selection,000000356937
coco-rem,000000541290,/home/felix/fiftyone/coco-2017/train/data/000000541290.jpg,train,mllm_selection,000000541290
coco-rem,000000421544,/home/felix/fiftyone/coco-2017/train/data/000000421544.jpg,train,mllm_selection,000000421544
coco-rem,000000152514,/home/felix/fiftyone/coco-2017/train/data/000000152514.jpg,train,mllm_selection,000000152514
coco-rem,000000170173,/home/felix/fiftyone/coco-2017/train/data/000000170173.jpg,train,mllm_selection,000000170173
coco-rem,000000016254,/home/felix/fiftyone/coco-2017/train/data/000000016254.jpg,train,mllm_selection,000000016254
coco-rem,000000002585,/home/felix/fiftyone/coco-2017/train/data/000000002585.jpg,train,mllm_selection,000000002585
coco-rem,000000528786,/home/felix/fiftyone/coco-2017/train/data/000000528786.jpg,train,mllm_selection,000000528786
coco-rem,000000379159,/home/felix/fiftyone/coco-2017/train/data/000000379159.jpg,train,mllm_selection,000000379159
coco-rem,000000127337,/home/felix/fiftyone/coco-2017/train/data/000000127337.jpg,train,mllm_selection,000000127337
coco-rem,000000395865,/home/felix/fiftyone/coco-2017/train/data/000000395865.jpg,train,mllm_selection,000000395865
coco-rem,000000280674,/home/felix/fiftyone/coco-2017/train/data/000000280674.jpg,train,mllm_selection,000000280674
coco-rem,000000423036,/home/felix/fiftyone/coco-2017/train/data/000000423036.jpg,train,mllm_selection,000000423036
coco-rem,000000035032,/home/felix/fiftyone/coco-2017/train/data/000000035032.jpg,train,mllm_selection,000000035032
coco-rem,000000515656,/home/felix/fiftyone/coco-2017/train/data/000000515656.jpg,train,mllm_selection,000000515656
coco-rem,000000386299,/home/felix/fiftyone/coco-2017/train/data/000000386299.jpg,train,mllm_selection,000000386299
coco-rem,000000205280,/home/felix/fiftyone/coco-2017/train/data/000000205280.jpg,train,mllm_selection,000000205280
coco-rem,000000031919,/home/felix/fiftyone/coco-2017/train/data/000000031919.jpg,train,mllm_selection,000000031919
coco-rem,000000229574,/home/felix/fiftyone/coco-2017/train/data/000000229574.jpg,train,mllm_selection,000000229574
coco-rem,000000299444,/home/felix/fiftyone/coco-2017/train/data/000000299444.jpg,train,mllm_selection,000000299444
coco-rem,000000237735,/home/felix/fiftyone/coco-2017/train/data/000000237735.jpg,train,mllm_selection,000000237735
coco-rem,000000169340,/home/felix/fiftyone/coco-2017/train/data/000000169340.jpg,train,mllm_selection,000000169340
coco-rem,000000040813,/home/felix/fiftyone/coco-2017/train/data/000000040813.jpg,train,mllm_selection,000000040813
coco-rem,000000434128,/home/felix/fiftyone/coco-2017/train/data/000000434128.jpg,train,mllm_selection,000000434128
coco-rem,000000429092,/home/felix/fiftyone/coco-2017/train/data/000000429092.jpg,train,mllm_selection,000000429092
coco-rem,000000341205,/home/felix/fiftyone/coco-2017/train/data/000000341205.jpg,train,mllm_selection,000000341205
coco-rem,000000565807,/home/felix/fiftyone/coco-2017/train/data/000000565807.jpg,train,mllm_selection,000000565807
coco-rem,000000445327,/home/felix/fiftyone/coco-2017/train/data/000000445327.jpg,train,mllm_selection,000000445327
coco-rem,000000242257,/home/felix/fiftyone/coco-2017/train/data/000000242257.jpg,train,mllm_selection,000000242257
coco-rem,000000477646,/home/felix/fiftyone/coco-2017/train/data/000000477646.jpg,train,mllm_selection,000000477646
coco-rem,000000420546,/home/felix/fiftyone/coco-2017/train/data/000000420546.jpg,train,mllm_selection,000000420546
coco-rem,000000218224,/home/felix/fiftyone/coco-2017/train/data/000000218224.jpg,train,mllm_selection,000000218224
coco-rem,000000117931,/home/felix/fiftyone/coco-2017/train/data/000000117931.jpg,train,mllm_selection,000000117931
coco-rem,000000371260,/home/felix/fiftyone/coco-2017/train/data/000000371260.jpg,train,mllm_selection,000000371260
coco-rem,000000500718,/home/felix/fiftyone/coco-2017/train/data/000000500718.jpg,train,mllm_selection,000000500718
coco-rem,000000134386,/home/felix/fiftyone/coco-2017/train/data/000000134386.jpg,train,mllm_selection,000000134386
coco-rem,000000426631,/home/felix/fiftyone/coco-2017/train/data/000000426631.jpg,train,mllm_selection,000000426631
coco-rem,000000490890,/home/felix/fiftyone/coco-2017/train/data/000000490890.jpg,train,mllm_selection,000000490890
coco-rem,000000016706,/home/felix/fiftyone/coco-2017/train/data/000000016706.jpg,train,mllm_selection,000000016706
coco-rem,000000170053,/home/felix/fiftyone/coco-2017/train/data/000000170053.jpg,train,mllm_selection,000000170053
coco-rem,000000399556,/home/felix/fiftyone/coco-2017/train/data/000000399556.jpg,train,mllm_selection,000000399556
coco-rem,000000076460,/home/felix/fiftyone/coco-2017/train/data/000000076460.jpg,train,mllm_selection,000000076460
coco-rem,000000371595,/home/felix/fiftyone/coco-2017/train/data/000000371595.jpg,train,mllm_selection,000000371595
coco-rem,000000232231,/home/felix/fiftyone/coco-2017/train/data/000000232231.jpg,train,mllm_selection,000000232231
coco-rem,000000112272,/home/felix/fiftyone/coco-2017/train/data/000000112272.jpg,train,mllm_selection,000000112272
coco-rem,000000231426,/home/felix/fiftyone/coco-2017/train/data/000000231426.jpg,train,mllm_selection,000000231426
coco-rem,000000435218,/home/felix/fiftyone/coco-2017/train/data/000000435218.jpg,train,mllm_selection,000000435218
coco-rem,000000184834,/home/felix/fiftyone/coco-2017/train/data/000000184834.jpg,train,mllm_selection,000000184834
coco-rem,000000181619,/home/felix/fiftyone/coco-2017/train/data/000000181619.jpg,train,mllm_selection,000000181619
coco-rem,000000246677,/home/felix/fiftyone/coco-2017/train/data/000000246677.jpg,train,mllm_selection,000000246677
coco-rem,000000088605,/home/felix/fiftyone/coco-2017/train/data/000000088605.jpg,train,mllm_selection,000000088605
coco-rem,000000151537,/home/felix/fiftyone/coco-2017/train/data/000000151537.jpg,train,mllm_selection,000000151537
coco-rem,000000381199,/home/felix/fiftyone/coco-2017/train/data/000000381199.jpg,train,mllm_selection,000000381199
coco-rem,000000400046,/home/felix/fiftyone/coco-2017/train/data/000000400046.jpg,train,mllm_selection,000000400046
coco-rem,000000153559,/home/felix/fiftyone/coco-2017/train/data/000000153559.jpg,train,mllm_selection,000000153559
coco-rem,000000140487,/home/felix/fiftyone/coco-2017/train/data/000000140487.jpg,train,mllm_selection,000000140487
coco-rem,000000019665,/home/felix/fiftyone/coco-2017/train/data/000000019665.jpg,train,mllm_selection,000000019665
coco-rem,000000100770,/home/felix/fiftyone/coco-2017/train/data/000000100770.jpg,train,mllm_selection,000000100770
coco-rem,000000239352,/home/felix/fiftyone/coco-2017/train/data/000000239352.jpg,train,mllm_selection,000000239352
coco-rem,000000581309,/home/felix/fiftyone/coco-2017/train/data/000000581309.jpg,train,mllm_selection,000000581309
coco-rem,000000358717,/home/felix/fiftyone/coco-2017/train/data/000000358717.jpg,train,mllm_selection,000000358717
coco-rem,000000236272,/home/felix/fiftyone/coco-2017/train/data/000000236272.jpg,train,mllm_selection,000000236272
coco-rem,000000194195,/home/felix/fiftyone/coco-2017/train/data/000000194195.jpg,train,mllm_selection,000000194195
coco-rem,000000316444,/home/felix/fiftyone/coco-2017/train/data/000000316444.jpg,train,mllm_selection,000000316444
coco-rem,000000188747,/home/felix/fiftyone/coco-2017/train/data/000000188747.jpg,train,mllm_selection,000000188747
coco-rem,000000408266,/home/felix/fiftyone/coco-2017/train/data/000000408266.jpg,train,mllm_selection,000000408266
coco-rem,000000319581,/home/felix/fiftyone/coco-2017/train/data/000000319581.jpg,train,mllm_selection,000000319581
coco-rem,000000510460,/home/felix/fiftyone/coco-2017/train/data/000000510460.jpg,train,mllm_selection,000000510460
coco-rem,000000530713,/home/felix/fiftyone/coco-2017/train/data/000000530713.jpg,train,mllm_selection,000000530713
coco-rem,000000232663,/home/felix/fiftyone/coco-2017/train/data/000000232663.jpg,train,mllm_selection,000000232663
coco-rem,000000490872,/home/felix/fiftyone/coco-2017/train/data/000000490872.jpg,train,mllm_selection,000000490872
coco-rem,000000039925,/home/felix/fiftyone/coco-2017/train/data/000000039925.jpg,train,mllm_selection,000000039925
coco-rem,000000137028,/home/felix/fiftyone/coco-2017/train/data/000000137028.jpg,train,mllm_selection,000000137028
coco-rem,000000349621,/home/felix/fiftyone/coco-2017/train/data/000000349621.jpg,train,mllm_selection,000000349621
coco-rem,000000028658,/home/felix/fiftyone/coco-2017/train/data/000000028658.jpg,train,mllm_selection,000000028658
coco-rem,000000490337,/home/felix/fiftyone/coco-2017/train/data/000000490337.jpg,train,mllm_selection,000000490337
coco-rem,000000273436,/home/felix/fiftyone/coco-2017/train/data/000000273436.jpg,train,mllm_selection,000000273436
coco-rem,000000092205,/home/felix/fiftyone/coco-2017/train/data/000000092205.jpg,train,mllm_selection,000000092205
coco-rem,000000383884,/home/felix/fiftyone/coco-2017/train/data/000000383884.jpg,train,mllm_selection,000000383884
coco-rem,000000243825,/home/felix/fiftyone/coco-2017/train/data/000000243825.jpg,train,mllm_selection,000000243825
coco-rem,000000047101,/home/felix/fiftyone/coco-2017/train/data/000000047101.jpg,train,mllm_selection,000000047101
coco-rem,000000099922,/home/felix/fiftyone/coco-2017/train/data/000000099922.jpg,train,mllm_selection,000000099922
coco-rem,000000323813,/home/felix/fiftyone/coco-2017/train/data/000000323813.jpg,train,mllm_selection,000000323813
coco-rem,000000042860,/home/felix/fiftyone/coco-2017/train/data/000000042860.jpg,train,mllm_selection,000000042860
coco-rem,000000043997,/home/felix/fiftyone/coco-2017/train/data/000000043997.jpg,train,mllm_selection,000000043997
coco-rem,000000053289,/home/felix/fiftyone/coco-2017/train/data/000000053289.jpg,train,mllm_selection,000000053289
coco-rem,000000484434,/home/felix/fiftyone/coco-2017/train/data/000000484434.jpg,train,mllm_selection,000000484434
coco-rem,000000416325,/home/felix/fiftyone/coco-2017/train/data/000000416325.jpg,train,mllm_selection,000000416325
coco-rem,000000366204,/home/felix/fiftyone/coco-2017/train/data/000000366204.jpg,train,mllm_selection,000000366204
coco-rem,000000166865,/home/felix/fiftyone/coco-2017/train/data/000000166865.jpg,train,mllm_selection,000000166865
coco-rem,000000471884,/home/felix/fiftyone/coco-2017/train/data/000000471884.jpg,train,mllm_selection,000000471884
coco-rem,000000238045,/home/felix/fiftyone/coco-2017/train/data/000000238045.jpg,train,mllm_selection,000000238045
coco-rem,000000279621,/home/felix/fiftyone/coco-2017/train/data/000000279621.jpg,train,mllm_selection,000000279621
coco-rem,000000245161,/home/felix/fiftyone/coco-2017/train/data/000000245161.jpg,train,mllm_selection,000000245161
coco-rem,000000483742,/home/felix/fiftyone/coco-2017/train/data/000000483742.jpg,train,mllm_selection,000000483742
coco-rem,000000204775,/home/felix/fiftyone/coco-2017/train/data/000000204775.jpg,train,mllm_selection,000000204775
coco-rem,000000030822,/home/felix/fiftyone/coco-2017/train/data/000000030822.jpg,train,mllm_selection,000000030822
coco-rem,000000008080,/home/felix/fiftyone/coco-2017/train/data/000000008080.jpg,train,mllm_selection,000000008080
coco-rem,000000032151,/home/felix/fiftyone/coco-2017/train/data/000000032151.jpg,train,mllm_selection,000000032151
coco-rem,000000357526,/home/felix/fiftyone/coco-2017/train/data/000000357526.jpg,train,mllm_selection,000000357526
coco-rem,000000345903,/home/felix/fiftyone/coco-2017/train/data/000000345903.jpg,train,mllm_selection,000000345903
coco-rem,000000453602,/home/felix/fiftyone/coco-2017/train/data/000000453602.jpg,train,mllm_selection,000000453602
coco-rem,000000468284,/home/felix/fiftyone/coco-2017/train/data/000000468284.jpg,train,mllm_selection,000000468284
coco-rem,000000293169,/home/felix/fiftyone/coco-2017/train/data/000000293169.jpg,train,mllm_selection,000000293169
coco-rem,000000514602,/home/felix/fiftyone/coco-2017/train/data/000000514602.jpg,train,mllm_selection,000000514602
coco-rem,000000214447,/home/felix/fiftyone/coco-2017/train/data/000000214447.jpg,train,mllm_selection,000000214447
coco-rem,000000064796,/home/felix/fiftyone/coco-2017/train/data/000000064796.jpg,train,mllm_selection,000000064796
coco-rem,000000367442,/home/felix/fiftyone/coco-2017/train/data/000000367442.jpg,train,mllm_selection,000000367442
coco-rem,000000373748,/home/felix/fiftyone/coco-2017/train/data/000000373748.jpg,train,mllm_selection,000000373748
coco-rem,000000196117,/home/felix/fiftyone/coco-2017/train/data/000000196117.jpg,train,mllm_selection,000000196117
coco-rem,000000353562,/home/felix/fiftyone/coco-2017/train/data/000000353562.jpg,train,mllm_selection,000000353562
coco-rem,000000242823,/home/felix/fiftyone/coco-2017/train/data/000000242823.jpg,train,mllm_selection,000000242823
coco-rem,000000116026,/home/felix/fiftyone/coco-2017/train/data/000000116026.jpg,train,mllm_selection,000000116026
coco-rem,000000397042,/home/felix/fiftyone/coco-2017/train/data/000000397042.jpg,train,mllm_selection,000000397042
coco-rem,000000029432,/home/felix/fiftyone/coco-2017/train/data/000000029432.jpg,train,mllm_selection,000000029432
coco-rem,000000331937,/home/felix/fiftyone/coco-2017/train/data/000000331937.jpg,train,mllm_selection,000000331937
coco-rem,000000363581,/home/felix/fiftyone/coco-2017/train/data/000000363581.jpg,train,mllm_selection,000000363581
coco-rem,000000220189,/home/felix/fiftyone/coco-2017/train/data/000000220189.jpg,train,mllm_selection,000000220189
coco-rem,000000564958,/home/felix/fiftyone/coco-2017/train/data/000000564958.jpg,train,mllm_selection,000000564958
coco-rem,000000573513,/home/felix/fiftyone/coco-2017/train/data/000000573513.jpg,train,mllm_selection,000000573513
coco-rem,000000085254,/home/felix/fiftyone/coco-2017/train/data/000000085254.jpg,train,mllm_selection,000000085254
coco-rem,000000498860,/home/felix/fiftyone/coco-2017/train/data/000000498860.jpg,train,mllm_selection,000000498860
coco-rem,000000438301,/home/felix/fiftyone/coco-2017/train/data/000000438301.jpg,train,mllm_selection,000000438301
coco-rem,000000152328,/home/felix/fiftyone/coco-2017/train/data/000000152328.jpg,train,mllm_selection,000000152328
coco-rem,000000124804,/home/felix/fiftyone/coco-2017/train/data/000000124804.jpg,train,mllm_selection,000000124804
coco-rem,000000357385,/home/felix/fiftyone/coco-2017/train/data/000000357385.jpg,train,mllm_selection,000000357385
coco-rem,000000193853,/home/felix/fiftyone/coco-2017/train/data/000000193853.jpg,train,mllm_selection,000000193853
coco-rem,000000105195,/home/felix/fiftyone/coco-2017/train/data/000000105195.jpg,train,mllm_selection,000000105195
coco-rem,000000362558,/home/felix/fiftyone/coco-2017/train/data/000000362558.jpg,train,mllm_selection,000000362558
coco-rem,000000237201,/home/felix/fiftyone/coco-2017/train/data/000000237201.jpg,train,mllm_selection,000000237201
coco-rem,000000239808,/home/felix/fiftyone/coco-2017/train/data/000000239808.jpg,train,mllm_selection,000000239808
coco-rem,000000293704,/home/felix/fiftyone/coco-2017/train/data/000000293704.jpg,train,mllm_selection,000000293704
coco-rem,000000465670,/home/felix/fiftyone/coco-2017/train/data/000000465670.jpg,train,mllm_selection,000000465670
coco-rem,000000193049,/home/felix/fiftyone/coco-2017/train/data/000000193049.jpg,train,mllm_selection,000000193049
coco-rem,000000157107,/home/felix/fiftyone/coco-2017/train/data/000000157107.jpg,train,mllm_selection,000000157107
coco-rem,000000459787,/home/felix/fiftyone/coco-2017/train/data/000000459787.jpg,train,mllm_selection,000000459787
coco-rem,000000178557,/home/felix/fiftyone/coco-2017/train/data/000000178557.jpg,train,mllm_selection,000000178557
coco-rem,000000129159,/home/felix/fiftyone/coco-2017/train/data/000000129159.jpg,train,mllm_selection,000000129159
coco-rem,000000370805,/home/felix/fiftyone/coco-2017/train/data/000000370805.jpg,train,mllm_selection,000000370805
coco-rem,000000322710,/home/felix/fiftyone/coco-2017/train/data/000000322710.jpg,train,mllm_selection,000000322710
coco-rem,000000543557,/home/felix/fiftyone/coco-2017/train/data/000000543557.jpg,train,mllm_selection,000000543557
coco-rem,000000045494,/home/felix/fiftyone/coco-2017/train/data/000000045494.jpg,train,mllm_selection,000000045494
coco-rem,000000528720,/home/felix/fiftyone/coco-2017/train/data/000000528720.jpg,train,mllm_selection,000000528720
coco-rem,000000575585,/home/felix/fiftyone/coco-2017/train/data/000000575585.jpg,train,mllm_selection,000000575585
coco-rem,000000137579,/home/felix/fiftyone/coco-2017/train/data/000000137579.jpg,train,mllm_selection,000000137579
coco-rem,000000247223,/home/felix/fiftyone/coco-2017/train/data/000000247223.jpg,train,mllm_selection,000000247223
coco-rem,000000262336,/home/felix/fiftyone/coco-2017/train/data/000000262336.jpg,train,mllm_selection,000000262336
coco-rem,000000152431,/home/felix/fiftyone/coco-2017/train/data/000000152431.jpg,train,mllm_selection,000000152431
coco-rem,000000119214,/home/felix/fiftyone/coco-2017/train/data/000000119214.jpg,train,mllm_selection,000000119214
coco-rem,000000111714,/home/felix/fiftyone/coco-2017/train/data/000000111714.jpg,train,mllm_selection,000000111714
coco-rem,000000317798,/home/felix/fiftyone/coco-2017/train/data/000000317798.jpg,train,mllm_selection,000000317798
coco-rem,000000137243,/home/felix/fiftyone/coco-2017/train/data/000000137243.jpg,train,mllm_selection,000000137243
coco-rem,000000437948,/home/felix/fiftyone/coco-2017/train/data/000000437948.jpg,train,mllm_selection,000000437948
coco-rem,000000400175,/home/felix/fiftyone/coco-2017/train/data/000000400175.jpg,train,mllm_selection,000000400175
coco-rem,000000559464,/home/felix/fiftyone/coco-2017/train/data/000000559464.jpg,train,mllm_selection,000000559464
coco-rem,000000384242,/home/felix/fiftyone/coco-2017/train/data/000000384242.jpg,train,mllm_selection,000000384242
coco-rem,000000295836,/home/felix/fiftyone/coco-2017/train/data/000000295836.jpg,train,mllm_selection,000000295836
coco-rem,000000508557,/home/felix/fiftyone/coco-2017/train/data/000000508557.jpg,train,mllm_selection,000000508557
coco-rem,000000450570,/home/felix/fiftyone/coco-2017/train/data/000000450570.jpg,train,mllm_selection,000000450570
coco-rem,000000159133,/home/felix/fiftyone/coco-2017/train/data/000000159133.jpg,train,mllm_selection,000000159133
coco-rem,000000267555,/home/felix/fiftyone/coco-2017/train/data/000000267555.jpg,train,mllm_selection,000000267555
coco-rem,000000163818,/home/felix/fiftyone/coco-2017/train/data/000000163818.jpg,train,mllm_selection,000000163818
coco-rem,000000289782,/home/felix/fiftyone/coco-2017/train/data/000000289782.jpg,train,mllm_selection,000000289782
coco-rem,000000437554,/home/felix/fiftyone/coco-2017/train/data/000000437554.jpg,train,mllm_selection,000000437554
coco-rem,000000110769,/home/felix/fiftyone/coco-2017/train/data/000000110769.jpg,train,mllm_selection,000000110769
coco-rem,000000408795,/home/felix/fiftyone/coco-2017/train/data/000000408795.jpg,train,mllm_selection,000000408795
coco-rem,000000201342,/home/felix/fiftyone/coco-2017/train/data/000000201342.jpg,train,mllm_selection,000000201342
coco-rem,000000545213,/home/felix/fiftyone/coco-2017/train/data/000000545213.jpg,train,mllm_selection,000000545213
coco-rem,000000013468,/home/felix/fiftyone/coco-2017/train/data/000000013468.jpg,train,mllm_selection,000000013468
coco-rem,000000325012,/home/felix/fiftyone/coco-2017/train/data/000000325012.jpg,train,mllm_selection,000000325012
coco-rem,000000197111,/home/felix/fiftyone/coco-2017/train/data/000000197111.jpg,train,mllm_selection,000000197111
coco-rem,000000520924,/home/felix/fiftyone/coco-2017/train/data/000000520924.jpg,train,mllm_selection,000000520924
coco-rem,000000204004,/home/felix/fiftyone/coco-2017/train/data/000000204004.jpg,train,mllm_selection,000000204004
coco-rem,000000463226,/home/felix/fiftyone/coco-2017/train/data/000000463226.jpg,train,mllm_selection,000000463226
coco-rem,000000077990,/home/felix/fiftyone/coco-2017/train/data/000000077990.jpg,train,mllm_selection,000000077990
coco-rem,000000467182,/home/felix/fiftyone/coco-2017/train/data/000000467182.jpg,train,mllm_selection,000000467182
coco-rem,000000353223,/home/felix/fiftyone/coco-2017/train/data/000000353223.jpg,train,mllm_selection,000000353223
coco-rem,000000399932,/home/felix/fiftyone/coco-2017/train/data/000000399932.jpg,train,mllm_selection,000000399932
coco-rem,000000469471,/home/felix/fiftyone/coco-2017/train/data/000000469471.jpg,train,mllm_selection,000000469471
coco-rem,000000431510,/home/felix/fiftyone/coco-2017/train/data/000000431510.jpg,train,mllm_selection,000000431510
coco-rem,000000043227,/home/felix/fiftyone/coco-2017/train/data/000000043227.jpg,train,mllm_selection,000000043227
coco-rem,000000078880,/home/felix/fiftyone/coco-2017/train/data/000000078880.jpg,train,mllm_selection,000000078880
coco-rem,000000531995,/home/felix/fiftyone/coco-2017/train/data/000000531995.jpg,train,mllm_selection,000000531995
coco-rem,000000208251,/home/felix/fiftyone/coco-2017/train/data/000000208251.jpg,train,mllm_selection,000000208251
coco-rem,000000301508,/home/felix/fiftyone/coco-2017/train/data/000000301508.jpg,train,mllm_selection,000000301508
coco-rem,000000499460,/home/felix/fiftyone/coco-2017/train/data/000000499460.jpg,train,mllm_selection,000000499460
coco-rem,000000047905,/home/felix/fiftyone/coco-2017/train/data/000000047905.jpg,train,mllm_selection,000000047905
coco-rem,000000080010,/home/felix/fiftyone/coco-2017/train/data/000000080010.jpg,train,mllm_selection,000000080010
coco-rem,000000313093,/home/felix/fiftyone/coco-2017/train/data/000000313093.jpg,train,mllm_selection,000000313093
coco-rem,000000521440,/home/felix/fiftyone/coco-2017/train/data/000000521440.jpg,train,mllm_selection,000000521440
coco-rem,000000364701,/home/felix/fiftyone/coco-2017/train/data/000000364701.jpg,train,mllm_selection,000000364701
coco-rem,000000208586,/home/felix/fiftyone/coco-2017/train/data/000000208586.jpg,train,mllm_selection,000000208586
coco-rem,000000213790,/home/felix/fiftyone/coco-2017/train/data/000000213790.jpg,train,mllm_selection,000000213790
coco-rem,000000236057,/home/felix/fiftyone/coco-2017/train/data/000000236057.jpg,train,mllm_selection,000000236057
coco-rem,000000069270,/home/felix/fiftyone/coco-2017/train/data/000000069270.jpg,train,mllm_selection,000000069270
coco-rem,000000049502,/home/felix/fiftyone/coco-2017/train/data/000000049502.jpg,train,mllm_selection,000000049502
coco-rem,000000304374,/home/felix/fiftyone/coco-2017/train/data/000000304374.jpg,train,mllm_selection,000000304374
coco-rem,000000333819,/home/felix/fiftyone/coco-2017/train/data/000000333819.jpg,train,mllm_selection,000000333819
coco-rem,000000480977,/home/felix/fiftyone/coco-2017/train/data/000000480977.jpg,train,mllm_selection,000000480977
coco-rem,000000511285,/home/felix/fiftyone/coco-2017/train/data/000000511285.jpg,train,mllm_selection,000000511285
coco-rem,000000160415,/home/felix/fiftyone/coco-2017/train/data/000000160415.jpg,train,mllm_selection,000000160415
coco-rem,000000568238,/home/felix/fiftyone/coco-2017/train/data/000000568238.jpg,train,mllm_selection,000000568238
coco-rem,000000337420,/home/felix/fiftyone/coco-2017/train/data/000000337420.jpg,train,mllm_selection,000000337420
coco-rem,000000091973,/home/felix/fiftyone/coco-2017/train/data/000000091973.jpg,train,mllm_selection,000000091973
coco-rem,000000267216,/home/felix/fiftyone/coco-2017/train/data/000000267216.jpg,train,mllm_selection,000000267216
coco-rem,000000449718,/home/felix/fiftyone/coco-2017/train/data/000000449718.jpg,train,mllm_selection,000000449718
coco-rem,000000256713,/home/felix/fiftyone/coco-2017/train/data/000000256713.jpg,train,mllm_selection,000000256713
coco-rem,000000546622,/home/felix/fiftyone/coco-2017/train/data/000000546622.jpg,train,mllm_selection,000000546622
coco-rem,000000512572,/home/felix/fiftyone/coco-2017/train/data/000000512572.jpg,train,mllm_selection,000000512572
coco-rem,000000383512,/home/felix/fiftyone/coco-2017/train/data/000000383512.jpg,train,mllm_selection,000000383512
coco-rem,000000029648,/home/felix/fiftyone/coco-2017/train/data/000000029648.jpg,train,mllm_selection,000000029648
coco-rem,000000159457,/home/felix/fiftyone/coco-2017/train/data/000000159457.jpg,train,mllm_selection,000000159457
coco-rem,000000470308,/home/felix/fiftyone/coco-2017/train/data/000000470308.jpg,train,mllm_selection,000000470308
coco-rem,000000412000,/home/felix/fiftyone/coco-2017/train/data/000000412000.jpg,train,mllm_selection,000000412000
coco-rem,000000285743,/home/felix/fiftyone/coco-2017/train/data/000000285743.jpg,train,mllm_selection,000000285743
coco-rem,000000253432,/home/felix/fiftyone/coco-2017/train/data/000000253432.jpg,train,mllm_selection,000000253432
coco-rem,000000190187,/home/felix/fiftyone/coco-2017/train/data/000000190187.jpg,train,mllm_selection,000000190187
coco-rem,000000231450,/home/felix/fiftyone/coco-2017/train/data/000000231450.jpg,train,mllm_selection,000000231450
coco-rem,000000001688,/home/felix/fiftyone/coco-2017/train/data/000000001688.jpg,train,mllm_selection,000000001688
coco-rem,000000016977,/home/felix/fiftyone/coco-2017/train/data/000000016977.jpg,train,mllm_selection,000000016977
coco-rem,000000547774,/home/felix/fiftyone/coco-2017/train/data/000000547774.jpg,train,mllm_selection,000000547774
coco-rem,000000482196,/home/felix/fiftyone/coco-2017/train/data/000000482196.jpg,train,mllm_selection,000000482196
coco-rem,000000012690,/home/felix/fiftyone/coco-2017/train/data/000000012690.jpg,train,mllm_selection,000000012690
coco-rem,000000254864,/home/felix/fiftyone/coco-2017/train/data/000000254864.jpg,train,mllm_selection,000000254864
coco-rem,000000300690,/home/felix/fiftyone/coco-2017/train/data/000000300690.jpg,train,mllm_selection,000000300690
coco-rem,000000137516,/home/felix/fiftyone/coco-2017/train/data/000000137516.jpg,train,mllm_selection,000000137516
coco-rem,000000437303,/home/felix/fiftyone/coco-2017/train/data/000000437303.jpg,train,mllm_selection,000000437303
coco-rem,000000004719,/home/felix/fiftyone/coco-2017/train/data/000000004719.jpg,train,mllm_selection,000000004719
coco-rem,000000359403,/home/felix/fiftyone/coco-2017/train/data/000000359403.jpg,train,mllm_selection,000000359403
coco-rem,000000578238,/home/felix/fiftyone/coco-2017/train/data/000000578238.jpg,train,mllm_selection,000000578238
coco-rem,000000162645,/home/felix/fiftyone/coco-2017/train/data/000000162645.jpg,train,mllm_selection,000000162645
coco-rem,000000482062,/home/felix/fiftyone/coco-2017/train/data/000000482062.jpg,train,mllm_selection,000000482062
coco-rem,000000511325,/home/felix/fiftyone/coco-2017/train/data/000000511325.jpg,train,mllm_selection,000000511325
coco-rem,000000567990,/home/felix/fiftyone/coco-2017/train/data/000000567990.jpg,train,mllm_selection,000000567990
coco-rem,000000296455,/home/felix/fiftyone/coco-2017/train/data/000000296455.jpg,train,mllm_selection,000000296455
coco-rem,000000490347,/home/felix/fiftyone/coco-2017/train/data/000000490347.jpg,train,mllm_selection,000000490347
coco-rem,000000527163,/home/felix/fiftyone/coco-2017/train/data/000000527163.jpg,train,mllm_selection,000000527163
coco-rem,000000542751,/home/felix/fiftyone/coco-2017/train/data/000000542751.jpg,train,mllm_selection,000000542751
coco-rem,000000370233,/home/felix/fiftyone/coco-2017/train/data/000000370233.jpg,train,mllm_selection,000000370233
coco-rem,000000543194,/home/felix/fiftyone/coco-2017/train/data/000000543194.jpg,train,mllm_selection,000000543194
coco-rem,000000279931,/home/felix/fiftyone/coco-2017/train/data/000000279931.jpg,train,mllm_selection,000000279931
coco-rem,000000002377,/home/felix/fiftyone/coco-2017/train/data/000000002377.jpg,train,mllm_selection,000000002377
coco-rem,000000580264,/home/felix/fiftyone/coco-2017/train/data/000000580264.jpg,train,mllm_selection,000000580264
coco-rem,000000185243,/home/felix/fiftyone/coco-2017/train/data/000000185243.jpg,train,mllm_selection,000000185243
coco-rem,000000156216,/home/felix/fiftyone/coco-2017/train/data/000000156216.jpg,train,mllm_selection,000000156216
coco-rem,000000006428,/home/felix/fiftyone/coco-2017/train/data/000000006428.jpg,train,mllm_selection,000000006428
coco-rem,000000390190,/home/felix/fiftyone/coco-2017/train/data/000000390190.jpg,train,mllm_selection,000000390190
coco-rem,000000315218,/home/felix/fiftyone/coco-2017/train/data/000000315218.jpg,train,mllm_selection,000000315218
coco-rem,000000528466,/home/felix/fiftyone/coco-2017/train/data/000000528466.jpg,train,mllm_selection,000000528466
coco-rem,000000550972,/home/felix/fiftyone/coco-2017/train/data/000000550972.jpg,train,mllm_selection,000000550972
coco-rem,000000247407,/home/felix/fiftyone/coco-2017/train/data/000000247407.jpg,train,mllm_selection,000000247407
coco-rem,000000049382,/home/felix/fiftyone/coco-2017/train/data/000000049382.jpg,train,mllm_selection,000000049382
coco-rem,000000346724,/home/felix/fiftyone/coco-2017/train/data/000000346724.jpg,train,mllm_selection,000000346724
coco-rem,000000372250,/home/felix/fiftyone/coco-2017/train/data/000000372250.jpg,train,mllm_selection,000000372250
coco-rem,000000394992,/home/felix/fiftyone/coco-2017/train/data/000000394992.jpg,train,mllm_selection,000000394992
coco-rem,000000273885,/home/felix/fiftyone/coco-2017/train/data/000000273885.jpg,train,mllm_selection,000000273885
coco-rem,000000494785,/home/felix/fiftyone/coco-2017/train/data/000000494785.jpg,train,mllm_selection,000000494785
coco-rem,000000107979,/home/felix/fiftyone/coco-2017/train/data/000000107979.jpg,train,mllm_selection,000000107979
coco-rem,000000120333,/home/felix/fiftyone/coco-2017/train/data/000000120333.jpg,train,mllm_selection,000000120333
coco-rem,000000146492,/home/felix/fiftyone/coco-2017/train/data/000000146492.jpg,train,mllm_selection,000000146492
coco-rem,000000205022,/home/felix/fiftyone/coco-2017/train/data/000000205022.jpg,train,mllm_selection,000000205022
coco-rem,000000018930,/home/felix/fiftyone/coco-2017/train/data/000000018930.jpg,train,mllm_selection,000000018930
coco-rem,000000418070,/home/felix/fiftyone/coco-2017/train/data/000000418070.jpg,train,mllm_selection,000000418070
coco-rem,000000478406,/home/felix/fiftyone/coco-2017/train/data/000000478406.jpg,train,mllm_selection,000000478406
coco-rem,000000243773,/home/felix/fiftyone/coco-2017/train/data/000000243773.jpg,train,mllm_selection,000000243773
coco-rem,000000243875,/home/felix/fiftyone/coco-2017/train/data/000000243875.jpg,train,mllm_selection,000000243875
coco-rem,000000027009,/home/felix/fiftyone/coco-2017/train/data/000000027009.jpg,train,mllm_selection,000000027009
coco-rem,000000488156,/home/felix/fiftyone/coco-2017/train/data/000000488156.jpg,train,mllm_selection,000000488156
coco-rem,000000017328,/home/felix/fiftyone/coco-2017/train/data/000000017328.jpg,train,mllm_selection,000000017328
coco-rem,000000308599,/home/felix/fiftyone/coco-2017/train/data/000000308599.jpg,train,mllm_selection,000000308599
coco-rem,000000440675,/home/felix/fiftyone/coco-2017/train/data/000000440675.jpg,train,mllm_selection,000000440675
coco-rem,000000406932,/home/felix/fiftyone/coco-2017/train/data/000000406932.jpg,train,mllm_selection,000000406932
coco-rem,000000090331,/home/felix/fiftyone/coco-2017/train/data/000000090331.jpg,train,mllm_selection,000000090331
coco-rem,000000183330,/home/felix/fiftyone/coco-2017/train/data/000000183330.jpg,train,mllm_selection,000000183330
coco-rem,000000227855,/home/felix/fiftyone/coco-2017/train/data/000000227855.jpg,train,mllm_selection,000000227855
coco-rem,000000304447,/home/felix/fiftyone/coco-2017/train/data/000000304447.jpg,train,mllm_selection,000000304447
coco-rem,000000254183,/home/felix/fiftyone/coco-2017/train/data/000000254183.jpg,train,mllm_selection,000000254183
coco-rem,000000239953,/home/felix/fiftyone/coco-2017/train/data/000000239953.jpg,train,mllm_selection,000000239953
coco-rem,000000386089,/home/felix/fiftyone/coco-2017/train/data/000000386089.jpg,train,mllm_selection,000000386089
coco-rem,000000501889,/home/felix/fiftyone/coco-2017/train/data/000000501889.jpg,train,mllm_selection,000000501889
coco-rem,000000020069,/home/felix/fiftyone/coco-2017/train/data/000000020069.jpg,train,mllm_selection,000000020069
coco-rem,000000138891,/home/felix/fiftyone/coco-2017/train/data/000000138891.jpg,train,mllm_selection,000000138891
coco-rem,000000004694,/home/felix/fiftyone/coco-2017/train/data/000000004694.jpg,train,mllm_selection,000000004694
coco-rem,000000241882,/home/felix/fiftyone/coco-2017/train/data/000000241882.jpg,train,mllm_selection,000000241882
coco-rem,000000032712,/home/felix/fiftyone/coco-2017/train/data/000000032712.jpg,train,mllm_selection,000000032712
coco-rem,000000019358,/home/felix/fiftyone/coco-2017/train/data/000000019358.jpg,train,mllm_selection,000000019358
coco-rem,000000454789,/home/felix/fiftyone/coco-2017/train/data/000000454789.jpg,train,mllm_selection,000000454789
coco-rem,000000097540,/home/felix/fiftyone/coco-2017/train/data/000000097540.jpg,train,mllm_selection,000000097540
coco-rem,000000234006,/home/felix/fiftyone/coco-2017/train/data/000000234006.jpg,train,mllm_selection,000000234006
coco-rem,000000397736,/home/felix/fiftyone/coco-2017/train/data/000000397736.jpg,train,mllm_selection,000000397736
coco-rem,000000560627,/home/felix/fiftyone/coco-2017/train/data/000000560627.jpg,train,mllm_selection,000000560627
coco-rem,000000549612,/home/felix/fiftyone/coco-2017/train/data/000000549612.jpg,train,mllm_selection,000000549612
coco-rem,000000294491,/home/felix/fiftyone/coco-2017/train/data/000000294491.jpg,train,mllm_selection,000000294491
coco-rem,000000121366,/home/felix/fiftyone/coco-2017/train/data/000000121366.jpg,train,mllm_selection,000000121366
coco-rem,000000061567,/home/felix/fiftyone/coco-2017/train/data/000000061567.jpg,train,mllm_selection,000000061567
coco-rem,000000281534,/home/felix/fiftyone/coco-2017/train/data/000000281534.jpg,train,mllm_selection,000000281534
coco-rem,000000042057,/home/felix/fiftyone/coco-2017/train/data/000000042057.jpg,train,mllm_selection,000000042057
coco-rem,000000406073,/home/felix/fiftyone/coco-2017/train/data/000000406073.jpg,train,mllm_selection,000000406073
coco-rem,000000446391,/home/felix/fiftyone/coco-2017/train/data/000000446391.jpg,train,mllm_selection,000000446391
coco-rem,000000310457,/home/felix/fiftyone/coco-2017/train/data/000000310457.jpg,train,mllm_selection,000000310457
coco-rem,000000019532,/home/felix/fiftyone/coco-2017/train/data/000000019532.jpg,train,mllm_selection,000000019532
coco-rem,000000429791,/home/felix/fiftyone/coco-2017/train/data/000000429791.jpg,train,mllm_selection,000000429791
coco-rem,000000489879,/home/felix/fiftyone/coco-2017/train/data/000000489879.jpg,train,mllm_selection,000000489879
coco-rem,000000181009,/home/felix/fiftyone/coco-2017/train/data/000000181009.jpg,train,mllm_selection,000000181009
coco-rem,000000159957,/home/felix/fiftyone/coco-2017/train/data/000000159957.jpg,train,mllm_selection,000000159957
coco-rem,000000363353,/home/felix/fiftyone/coco-2017/train/data/000000363353.jpg,train,mllm_selection,000000363353
coco-rem,000000061959,/home/felix/fiftyone/coco-2017/train/data/000000061959.jpg,train,mllm_selection,000000061959
coco-rem,000000278032,/home/felix/fiftyone/coco-2017/train/data/000000278032.jpg,train,mllm_selection,000000278032
coco-rem,000000344597,/home/felix/fiftyone/coco-2017/train/data/000000344597.jpg,train,mllm_selection,000000344597
coco-rem,000000297244,/home/felix/fiftyone/coco-2017/train/data/000000297244.jpg,train,mllm_selection,000000297244
coco-rem,000000476874,/home/felix/fiftyone/coco-2017/train/data/000000476874.jpg,train,mllm_selection,000000476874
coco-rem,000000203299,/home/felix/fiftyone/coco-2017/train/data/000000203299.jpg,train,mllm_selection,000000203299
coco-rem,000000029909,/home/felix/fiftyone/coco-2017/train/data/000000029909.jpg,train,mllm_selection,000000029909
coco-rem,000000275929,/home/felix/fiftyone/coco-2017/train/data/000000275929.jpg,train,mllm_selection,000000275929
coco-rem,000000564503,/home/felix/fiftyone/coco-2017/train/data/000000564503.jpg,train,mllm_selection,000000564503
coco-rem,000000517945,/home/felix/fiftyone/coco-2017/train/data/000000517945.jpg,train,mllm_selection,000000517945
coco-rem,000000430345,/home/felix/fiftyone/coco-2017/train/data/000000430345.jpg,train,mllm_selection,000000430345
coco-rem,000000151934,/home/felix/fiftyone/coco-2017/train/data/000000151934.jpg,train,mllm_selection,000000151934
coco-rem,000000553862,/home/felix/fiftyone/coco-2017/train/data/000000553862.jpg,train,mllm_selection,000000553862
coco-rem,000000023875,/home/felix/fiftyone/coco-2017/train/data/000000023875.jpg,train,mllm_selection,000000023875
coco-rem,000000377427,/home/felix/fiftyone/coco-2017/train/data/000000377427.jpg,train,mllm_selection,000000377427
coco-rem,000000495797,/home/felix/fiftyone/coco-2017/train/data/000000495797.jpg,train,mllm_selection,000000495797
coco-rem,000000399512,/home/felix/fiftyone/coco-2017/train/data/000000399512.jpg,train,mllm_selection,000000399512
coco-rem,000000404981,/home/felix/fiftyone/coco-2017/train/data/000000404981.jpg,train,mllm_selection,000000404981
coco-rem,000000360555,/home/felix/fiftyone/coco-2017/train/data/000000360555.jpg,train,mllm_selection,000000360555
coco-rem,000000380932,/home/felix/fiftyone/coco-2017/train/data/000000380932.jpg,train,mllm_selection,000000380932
coco-rem,000000226691,/home/felix/fiftyone/coco-2017/train/data/000000226691.jpg,train,mllm_selection,000000226691
coco-rem,000000303986,/home/felix/fiftyone/coco-2017/train/data/000000303986.jpg,train,mllm_selection,000000303986
coco-rem,000000460005,/home/felix/fiftyone/coco-2017/train/data/000000460005.jpg,train,mllm_selection,000000460005
coco-rem,000000144027,/home/felix/fiftyone/coco-2017/train/data/000000144027.jpg,train,mllm_selection,000000144027
coco-rem,000000204683,/home/felix/fiftyone/coco-2017/train/data/000000204683.jpg,train,mllm_selection,000000204683
coco-rem,000000061072,/home/felix/fiftyone/coco-2017/train/data/000000061072.jpg,train,mllm_selection,000000061072
coco-rem,000000260363,/home/felix/fiftyone/coco-2017/train/data/000000260363.jpg,train,mllm_selection,000000260363
coco-rem,000000047837,/home/felix/fiftyone/coco-2017/train/data/000000047837.jpg,train,mllm_selection,000000047837
coco-rem,000000363126,/home/felix/fiftyone/coco-2017/train/data/000000363126.jpg,train,mllm_selection,000000363126
coco-rem,000000342592,/home/felix/fiftyone/coco-2017/train/data/000000342592.jpg,train,mllm_selection,000000342592
coco-rem,000000378183,/home/felix/fiftyone/coco-2017/train/data/000000378183.jpg,train,mllm_selection,000000378183
coco-rem,000000549508,/home/felix/fiftyone/coco-2017/train/data/000000549508.jpg,train,mllm_selection,000000549508
coco-rem,000000034810,/home/felix/fiftyone/coco-2017/train/data/000000034810.jpg,train,mllm_selection,000000034810
coco-rem,000000457791,/home/felix/fiftyone/coco-2017/train/data/000000457791.jpg,train,mllm_selection,000000457791
coco-rem,000000503283,/home/felix/fiftyone/coco-2017/train/data/000000503283.jpg,train,mllm_selection,000000503283
coco-rem,000000505633,/home/felix/fiftyone/coco-2017/train/data/000000505633.jpg,train,mllm_selection,000000505633
coco-rem,000000571219,/home/felix/fiftyone/coco-2017/train/data/000000571219.jpg,train,mllm_selection,000000571219
coco-rem,000000211201,/home/felix/fiftyone/coco-2017/train/data/000000211201.jpg,train,mllm_selection,000000211201
coco-rem,000000119750,/home/felix/fiftyone/coco-2017/train/data/000000119750.jpg,train,mllm_selection,000000119750
coco-rem,000000503164,/home/felix/fiftyone/coco-2017/train/data/000000503164.jpg,train,mllm_selection,000000503164
coco-rem,000000570601,/home/felix/fiftyone/coco-2017/train/data/000000570601.jpg,train,mllm_selection,000000570601
coco-rem,000000096679,/home/felix/fiftyone/coco-2017/train/data/000000096679.jpg,train,mllm_selection,000000096679
coco-rem,000000574215,/home/felix/fiftyone/coco-2017/train/data/000000574215.jpg,train,mllm_selection,000000574215
coco-rem,000000378048,/home/felix/fiftyone/coco-2017/train/data/000000378048.jpg,train,mllm_selection,000000378048
coco-rem,000000352241,/home/felix/fiftyone/coco-2017/train/data/000000352241.jpg,train,mllm_selection,000000352241
coco-rem,000000376479,/home/felix/fiftyone/coco-2017/train/data/000000376479.jpg,train,mllm_selection,000000376479
coco-rem,000000490509,/home/felix/fiftyone/coco-2017/train/data/000000490509.jpg,train,mllm_selection,000000490509
coco-rem,000000043753,/home/felix/fiftyone/coco-2017/train/data/000000043753.jpg,train,mllm_selection,000000043753
coco-rem,000000440110,/home/felix/fiftyone/coco-2017/train/data/000000440110.jpg,train,mllm_selection,000000440110
coco-rem,000000196244,/home/felix/fiftyone/coco-2017/train/data/000000196244.jpg,train,mllm_selection,000000196244
coco-rem,000000556073,/home/felix/fiftyone/coco-2017/train/data/000000556073.jpg,train,mllm_selection,000000556073
coco-rem,000000021475,/home/felix/fiftyone/coco-2017/train/data/000000021475.jpg,train,mllm_selection,000000021475
coco-rem,000000118683,/home/felix/fiftyone/coco-2017/train/data/000000118683.jpg,train,mllm_selection,000000118683
coco-rem,000000177809,/home/felix/fiftyone/coco-2017/train/data/000000177809.jpg,train,mllm_selection,000000177809
coco-rem,000000009968,/home/felix/fiftyone/coco-2017/train/data/000000009968.jpg,train,mllm_selection,000000009968
coco-rem,000000355092,/home/felix/fiftyone/coco-2017/train/data/000000355092.jpg,train,mllm_selection,000000355092
coco-rem,000000058841,/home/felix/fiftyone/coco-2017/train/data/000000058841.jpg,train,mllm_selection,000000058841
coco-rem,000000165147,/home/felix/fiftyone/coco-2017/train/data/000000165147.jpg,train,mllm_selection,000000165147
coco-rem,000000237363,/home/felix/fiftyone/coco-2017/train/data/000000237363.jpg,train,mllm_selection,000000237363
coco-rem,000000330868,/home/felix/fiftyone/coco-2017/train/data/000000330868.jpg,train,mllm_selection,000000330868
coco-rem,000000127573,/home/felix/fiftyone/coco-2017/train/data/000000127573.jpg,train,mllm_selection,000000127573
coco-rem,000000215012,/home/felix/fiftyone/coco-2017/train/data/000000215012.jpg,train,mllm_selection,000000215012
coco-rem,000000272391,/home/felix/fiftyone/coco-2017/train/data/000000272391.jpg,train,mllm_selection,000000272391
coco-rem,000000477887,/home/felix/fiftyone/coco-2017/train/data/000000477887.jpg,train,mllm_selection,000000477887
coco-rem,000000466681,/home/felix/fiftyone/coco-2017/train/data/000000466681.jpg,train,mllm_selection,000000466681
coco-rem,000000366353,/home/felix/fiftyone/coco-2017/train/data/000000366353.jpg,train,mllm_selection,000000366353
coco-rem,000000301484,/home/felix/fiftyone/coco-2017/train/data/000000301484.jpg,train,mllm_selection,000000301484
coco-rem,000000308806,/home/felix/fiftyone/coco-2017/train/data/000000308806.jpg,train,mllm_selection,000000308806
coco-rem,000000196977,/home/felix/fiftyone/coco-2017/train/data/000000196977.jpg,train,mllm_selection,000000196977
coco-rem,000000438073,/home/felix/fiftyone/coco-2017/train/data/000000438073.jpg,train,mllm_selection,000000438073
coco-rem,000000069968,/home/felix/fiftyone/coco-2017/train/data/000000069968.jpg,train,mllm_selection,000000069968
coco-rem,000000392229,/home/felix/fiftyone/coco-2017/train/data/000000392229.jpg,train,mllm_selection,000000392229
coco-rem,000000027030,/home/felix/fiftyone/coco-2017/train/data/000000027030.jpg,train,mllm_selection,000000027030
coco-rem,000000501578,/home/felix/fiftyone/coco-2017/train/data/000000501578.jpg,train,mllm_selection,000000501578
coco-rem,000000295006,/home/felix/fiftyone/coco-2017/train/data/000000295006.jpg,train,mllm_selection,000000295006
coco-rem,000000484214,/home/felix/fiftyone/coco-2017/train/data/000000484214.jpg,train,mllm_selection,000000484214
coco-rem,000000044358,/home/felix/fiftyone/coco-2017/train/data/000000044358.jpg,train,mllm_selection,000000044358
coco-rem,000000083586,/home/felix/fiftyone/coco-2017/train/data/000000083586.jpg,train,mllm_selection,000000083586
coco-rem,000000275741,/home/felix/fiftyone/coco-2017/train/data/000000275741.jpg,train,mllm_selection,000000275741
coco-rem,000000330136,/home/felix/fiftyone/coco-2017/train/data/000000330136.jpg,train,mllm_selection,000000330136
coco-rem,000000089174,/home/felix/fiftyone/coco-2017/train/data/000000089174.jpg,train,mllm_selection,000000089174
coco-rem,000000315812,/home/felix/fiftyone/coco-2017/train/data/000000315812.jpg,train,mllm_selection,000000315812
coco-rem,000000477470,/home/felix/fiftyone/coco-2017/train/data/000000477470.jpg,train,mllm_selection,000000477470
coco-rem,000000530047,/home/felix/fiftyone/coco-2017/train/data/000000530047.jpg,train,mllm_selection,000000530047
coco-rem,000000407291,/home/felix/fiftyone/coco-2017/train/data/000000407291.jpg,train,mllm_selection,000000407291
coco-rem,000000010822,/home/felix/fiftyone/coco-2017/train/data/000000010822.jpg,train,mllm_selection,000000010822
coco-rem,000000243027,/home/felix/fiftyone/coco-2017/train/data/000000243027.jpg,train,mllm_selection,000000243027
coco-rem,000000262752,/home/felix/fiftyone/coco-2017/train/data/000000262752.jpg,train,mllm_selection,000000262752
coco-rem,000000197458,/home/felix/fiftyone/coco-2017/train/data/000000197458.jpg,train,mllm_selection,000000197458
coco-rem,000000422810,/home/felix/fiftyone/coco-2017/train/data/000000422810.jpg,train,mllm_selection,000000422810
coco-rem,000000474434,/home/felix/fiftyone/coco-2017/train/data/000000474434.jpg,train,mllm_selection,000000474434
coco-rem,000000550093,/home/felix/fiftyone/coco-2017/train/data/000000550093.jpg,train,mllm_selection,000000550093
coco-rem,000000099025,/home/felix/fiftyone/coco-2017/train/data/000000099025.jpg,train,mllm_selection,000000099025
coco-rem,000000421995,/home/felix/fiftyone/coco-2017/train/data/000000421995.jpg,train,mllm_selection,000000421995
coco-rem,000000377756,/home/felix/fiftyone/coco-2017/train/data/000000377756.jpg,train,mllm_selection,000000377756
coco-rem,000000568240,/home/felix/fiftyone/coco-2017/train/data/000000568240.jpg,train,mllm_selection,000000568240
coco-rem,000000492321,/home/felix/fiftyone/coco-2017/train/data/000000492321.jpg,train,mllm_selection,000000492321
coco-rem,000000342085,/home/felix/fiftyone/coco-2017/train/data/000000342085.jpg,train,mllm_selection,000000342085
coco-rem,000000114352,/home/felix/fiftyone/coco-2017/train/data/000000114352.jpg,train,mllm_selection,000000114352
coco-rem,000000243207,/home/felix/fiftyone/coco-2017/train/data/000000243207.jpg,train,mllm_selection,000000243207
coco-rem,000000181861,/home/felix/fiftyone/coco-2017/train/data/000000181861.jpg,train,mllm_selection,000000181861
coco-rem,000000072895,/home/felix/fiftyone/coco-2017/train/data/000000072895.jpg,train,mllm_selection,000000072895
coco-rem,000000458175,/home/felix/fiftyone/coco-2017/train/data/000000458175.jpg,train,mllm_selection,000000458175
coco-rem,000000106151,/home/felix/fiftyone/coco-2017/train/data/000000106151.jpg,train,mllm_selection,000000106151
coco-rem,000000074429,/home/felix/fiftyone/coco-2017/train/data/000000074429.jpg,train,mllm_selection,000000074429
coco-rem,000000101348,/home/felix/fiftyone/coco-2017/train/data/000000101348.jpg,train,mllm_selection,000000101348
coco-rem,000000561097,/home/felix/fiftyone/coco-2017/train/data/000000561097.jpg,train,mllm_selection,000000561097
coco-rem,000000326113,/home/felix/fiftyone/coco-2017/train/data/000000326113.jpg,train,mllm_selection,000000326113
coco-rem,000000260399,/home/felix/fiftyone/coco-2017/train/data/000000260399.jpg,train,mllm_selection,000000260399
coco-rem,000000273188,/home/felix/fiftyone/coco-2017/train/data/000000273188.jpg,train,mllm_selection,000000273188
coco-rem,000000067414,/home/felix/fiftyone/coco-2017/train/data/000000067414.jpg,train,mllm_selection,000000067414
coco-rem,000000227840,/home/felix/fiftyone/coco-2017/train/data/000000227840.jpg,train,mllm_selection,000000227840
coco-rem,000000146591,/home/felix/fiftyone/coco-2017/train/data/000000146591.jpg,train,mllm_selection,000000146591
coco-rem,000000025421,/home/felix/fiftyone/coco-2017/train/data/000000025421.jpg,train,mllm_selection,000000025421
coco-rem,000000115749,/home/felix/fiftyone/coco-2017/train/data/000000115749.jpg,train,mllm_selection,000000115749
coco-rem,000000156192,/home/felix/fiftyone/coco-2017/train/data/000000156192.jpg,train,mllm_selection,000000156192
coco-rem,000000306940,/home/felix/fiftyone/coco-2017/train/data/000000306940.jpg,train,mllm_selection,000000306940
coco-rem,000000328101,/home/felix/fiftyone/coco-2017/train/data/000000328101.jpg,train,mllm_selection,000000328101
coco-rem,000000017761,/home/felix/fiftyone/coco-2017/train/data/000000017761.jpg,train,mllm_selection,000000017761
coco-rem,000000446881,/home/felix/fiftyone/coco-2017/train/data/000000446881.jpg,train,mllm_selection,000000446881
coco-rem,000000093089,/home/felix/fiftyone/coco-2017/train/data/000000093089.jpg,train,mllm_selection,000000093089
coco-rem,000000378098,/home/felix/fiftyone/coco-2017/train/data/000000378098.jpg,train,mllm_selection,000000378098
coco-rem,000000349144,/home/felix/fiftyone/coco-2017/train/data/000000349144.jpg,train,mllm_selection,000000349144
coco-rem,000000257955,/home/felix/fiftyone/coco-2017/train/data/000000257955.jpg,train,mllm_selection,000000257955
coco-rem,000000306931,/home/felix/fiftyone/coco-2017/train/data/000000306931.jpg,train,mllm_selection,000000306931
coco-rem,000000313228,/home/felix/fiftyone/coco-2017/train/data/000000313228.jpg,train,mllm_selection,000000313228
coco-rem,000000461506,/home/felix/fiftyone/coco-2017/train/data/000000461506.jpg,train,mllm_selection,000000461506
coco-rem,000000441655,/home/felix/fiftyone/coco-2017/train/data/000000441655.jpg,train,mllm_selection,000000441655
coco-rem,000000204375,/home/felix/fiftyone/coco-2017/train/data/000000204375.jpg,train,mllm_selection,000000204375
coco-rem,000000401518,/home/felix/fiftyone/coco-2017/train/data/000000401518.jpg,train,mllm_selection,000000401518
coco-rem,000000548861,/home/felix/fiftyone/coco-2017/train/data/000000548861.jpg,train,mllm_selection,000000548861
coco-rem,000000243446,/home/felix/fiftyone/coco-2017/train/data/000000243446.jpg,train,mllm_selection,000000243446
coco-rem,000000454858,/home/felix/fiftyone/coco-2017/train/data/000000454858.jpg,train,mllm_selection,000000454858
coco-rem,000000439881,/home/felix/fiftyone/coco-2017/train/data/000000439881.jpg,train,mllm_selection,000000439881
coco-rem,000000433402,/home/felix/fiftyone/coco-2017/train/data/000000433402.jpg,train,mllm_selection,000000433402
coco-rem,000000388696,/home/felix/fiftyone/coco-2017/train/data/000000388696.jpg,train,mllm_selection,000000388696
coco-rem,000000213649,/home/felix/fiftyone/coco-2017/train/data/000000213649.jpg,train,mllm_selection,000000213649
coco-rem,000000142637,/home/felix/fiftyone/coco-2017/train/data/000000142637.jpg,train,mllm_selection,000000142637
coco-rem,000000121453,/home/felix/fiftyone/coco-2017/train/data/000000121453.jpg,train,mllm_selection,000000121453
coco-rem,000000388853,/home/felix/fiftyone/coco-2017/train/data/000000388853.jpg,train,mllm_selection,000000388853
coco-rem,000000007596,/home/felix/fiftyone/coco-2017/train/data/000000007596.jpg,train,mllm_selection,000000007596
coco-rem,000000068637,/home/felix/fiftyone/coco-2017/train/data/000000068637.jpg,train,mllm_selection,000000068637
coco-rem,000000532408,/home/felix/fiftyone/coco-2017/train/data/000000532408.jpg,train,mllm_selection,000000532408
coco-rem,000000151576,/home/felix/fiftyone/coco-2017/train/data/000000151576.jpg,train,mllm_selection,000000151576
coco-rem,000000448868,/home/felix/fiftyone/coco-2017/train/data/000000448868.jpg,train,mllm_selection,000000448868
coco-rem,000000263734,/home/felix/fiftyone/coco-2017/train/data/000000263734.jpg,train,mllm_selection,000000263734
coco-rem,000000442818,/home/felix/fiftyone/coco-2017/train/data/000000442818.jpg,train,mllm_selection,000000442818
coco-rem,000000108898,/home/felix/fiftyone/coco-2017/train/data/000000108898.jpg,train,mllm_selection,000000108898
coco-rem,000000229478,/home/felix/fiftyone/coco-2017/train/data/000000229478.jpg,train,mllm_selection,000000229478
coco-rem,000000458481,/home/felix/fiftyone/coco-2017/train/data/000000458481.jpg,train,mllm_selection,000000458481
coco-rem,000000338515,/home/felix/fiftyone/coco-2017/train/data/000000338515.jpg,train,mllm_selection,000000338515
coco-rem,000000380524,/home/felix/fiftyone/coco-2017/train/data/000000380524.jpg,train,mllm_selection,000000380524
coco-rem,000000139049,/home/felix/fiftyone/coco-2017/train/data/000000139049.jpg,train,mllm_selection,000000139049
coco-rem,000000166993,/home/felix/fiftyone/coco-2017/train/data/000000166993.jpg,train,mllm_selection,000000166993
coco-rem,000000394159,/home/felix/fiftyone/coco-2017/train/data/000000394159.jpg,train,mllm_selection,000000394159
coco-rem,000000267540,/home/felix/fiftyone/coco-2017/train/data/000000267540.jpg,train,mllm_selection,000000267540
coco-rem,000000395290,/home/felix/fiftyone/coco-2017/train/data/000000395290.jpg,train,mllm_selection,000000395290
coco-rem,000000224522,/home/felix/fiftyone/coco-2017/train/data/000000224522.jpg,train,mllm_selection,000000224522
coco-rem,000000231337,/home/felix/fiftyone/coco-2017/train/data/000000231337.jpg,train,mllm_selection,000000231337
coco-rem,000000262118,/home/felix/fiftyone/coco-2017/train/data/000000262118.jpg,train,mllm_selection,000000262118
coco-rem,000000016773,/home/felix/fiftyone/coco-2017/train/data/000000016773.jpg,train,mllm_selection,000000016773
coco-rem,000000459827,/home/felix/fiftyone/coco-2017/train/data/000000459827.jpg,train,mllm_selection,000000459827
coco-rem,000000360129,/home/felix/fiftyone/coco-2017/train/data/000000360129.jpg,train,mllm_selection,000000360129
coco-rem,000000529632,/home/felix/fiftyone/coco-2017/train/data/000000529632.jpg,train,mllm_selection,000000529632
coco-rem,000000253217,/home/felix/fiftyone/coco-2017/train/data/000000253217.jpg,train,mllm_selection,000000253217
coco-rem,000000139930,/home/felix/fiftyone/coco-2017/train/data/000000139930.jpg,train,mllm_selection,000000139930
coco-rem,000000515249,/home/felix/fiftyone/coco-2017/train/data/000000515249.jpg,train,mllm_selection,000000515249
coco-rem,000000395978,/home/felix/fiftyone/coco-2017/train/data/000000395978.jpg,train,mllm_selection,000000395978
coco-rem,000000265208,/home/felix/fiftyone/coco-2017/train/data/000000265208.jpg,train,mllm_selection,000000265208
coco-rem,000000527720,/home/felix/fiftyone/coco-2017/train/data/000000527720.jpg,train,mllm_selection,000000527720
coco-rem,000000165919,/home/felix/fiftyone/coco-2017/train/data/000000165919.jpg,train,mllm_selection,000000165919
coco-rem,000000441900,/home/felix/fiftyone/coco-2017/train/data/000000441900.jpg,train,mllm_selection,000000441900
coco-rem,000000535981,/home/felix/fiftyone/coco-2017/train/data/000000535981.jpg,train,mllm_selection,000000535981
coco-rem,000000501758,/home/felix/fiftyone/coco-2017/train/data/000000501758.jpg,train,mllm_selection,000000501758
coco-rem,000000571747,/home/felix/fiftyone/coco-2017/train/data/000000571747.jpg,train,mllm_selection,000000571747
coco-rem,000000434502,/home/felix/fiftyone/coco-2017/train/data/000000434502.jpg,train,mllm_selection,000000434502
coco-rem,000000332096,/home/felix/fiftyone/coco-2017/train/data/000000332096.jpg,train,mllm_selection,000000332096
coco-rem,000000275969,/home/felix/fiftyone/coco-2017/train/data/000000275969.jpg,train,mllm_selection,000000275969
coco-rem,000000484100,/home/felix/fiftyone/coco-2017/train/data/000000484100.jpg,train,mllm_selection,000000484100
coco-rem,000000106641,/home/felix/fiftyone/coco-2017/train/data/000000106641.jpg,train,mllm_selection,000000106641
coco-rem,000000404933,/home/felix/fiftyone/coco-2017/train/data/000000404933.jpg,train,mllm_selection,000000404933
coco-rem,000000540978,/home/felix/fiftyone/coco-2017/train/data/000000540978.jpg,train,mllm_selection,000000540978
coco-rem,000000566427,/home/felix/fiftyone/coco-2017/train/data/000000566427.jpg,train,mllm_selection,000000566427
coco-rem,000000479035,/home/felix/fiftyone/coco-2017/train/data/000000479035.jpg,train,mllm_selection,000000479035
coco-rem,000000083872,/home/felix/fiftyone/coco-2017/train/data/000000083872.jpg,train,mllm_selection,000000083872
coco-rem,000000516633,/home/felix/fiftyone/coco-2017/train/data/000000516633.jpg,train,mllm_selection,000000516633
coco-rem,000000389384,/home/felix/fiftyone/coco-2017/train/data/000000389384.jpg,train,mllm_selection,000000389384
coco-rem,000000449676,/home/felix/fiftyone/coco-2017/train/data/000000449676.jpg,train,mllm_selection,000000449676
coco-rem,000000360896,/home/felix/fiftyone/coco-2017/train/data/000000360896.jpg,train,mllm_selection,000000360896
coco-rem,000000438220,/home/felix/fiftyone/coco-2017/train/data/000000438220.jpg,train,mllm_selection,000000438220
coco-rem,000000040055,/home/felix/fiftyone/coco-2017/train/data/000000040055.jpg,train,mllm_selection,000000040055
coco-rem,000000225571,/home/felix/fiftyone/coco-2017/train/data/000000225571.jpg,train,mllm_selection,000000225571
coco-rem,000000575664,/home/felix/fiftyone/coco-2017/train/data/000000575664.jpg,train,mllm_selection,000000575664
coco-rem,000000089268,/home/felix/fiftyone/coco-2017/train/data/000000089268.jpg,train,mllm_selection,000000089268
coco-rem,000000038186,/home/felix/fiftyone/coco-2017/train/data/000000038186.jpg,train,mllm_selection,000000038186
coco-rem,000000318184,/home/felix/fiftyone/coco-2017/train/data/000000318184.jpg,train,mllm_selection,000000318184
coco-rem,000000537041,/home/felix/fiftyone/coco-2017/train/data/000000537041.jpg,train,mllm_selection,000000537041
coco-rem,000000229569,/home/felix/fiftyone/coco-2017/train/data/000000229569.jpg,train,mllm_selection,000000229569
coco-rem,000000043771,/home/felix/fiftyone/coco-2017/train/data/000000043771.jpg,train,mllm_selection,000000043771
coco-rem,000000148099,/home/felix/fiftyone/coco-2017/train/data/000000148099.jpg,train,mllm_selection,000000148099
coco-rem,000000395203,/home/felix/fiftyone/coco-2017/train/data/000000395203.jpg,train,mllm_selection,000000395203
coco-rem,000000261942,/home/felix/fiftyone/coco-2017/train/data/000000261942.jpg,train,mllm_selection,000000261942
coco-rem,000000427864,/home/felix/fiftyone/coco-2017/train/data/000000427864.jpg,train,mllm_selection,000000427864
coco-rem,000000300867,/home/felix/fiftyone/coco-2017/train/data/000000300867.jpg,train,mllm_selection,000000300867
coco-rem,000000004032,/home/felix/fiftyone/coco-2017/train/data/000000004032.jpg,train,mllm_selection,000000004032
coco-rem,000000484563,/home/felix/fiftyone/coco-2017/train/data/000000484563.jpg,train,mllm_selection,000000484563
coco-rem,000000507535,/home/felix/fiftyone/coco-2017/train/data/000000507535.jpg,train,mllm_selection,000000507535
coco-rem,000000480243,/home/felix/fiftyone/coco-2017/train/data/000000480243.jpg,train,mllm_selection,000000480243
coco-rem,000000341592,/home/felix/fiftyone/coco-2017/train/data/000000341592.jpg,train,mllm_selection,000000341592
coco-rem,000000186608,/home/felix/fiftyone/coco-2017/train/data/000000186608.jpg,train,mllm_selection,000000186608
coco-rem,000000100159,/home/felix/fiftyone/coco-2017/train/data/000000100159.jpg,train,mllm_selection,000000100159
coco-rem,000000289329,/home/felix/fiftyone/coco-2017/train/data/000000289329.jpg,train,mllm_selection,000000289329
coco-rem,000000374453,/home/felix/fiftyone/coco-2017/train/data/000000374453.jpg,train,mllm_selection,000000374453
coco-rem,000000445338,/home/felix/fiftyone/coco-2017/train/data/000000445338.jpg,train,mllm_selection,000000445338
coco-rem,000000150158,/home/felix/fiftyone/coco-2017/train/data/000000150158.jpg,train,mllm_selection,000000150158
coco-rem,000000468393,/home/felix/fiftyone/coco-2017/train/data/000000468393.jpg,train,mllm_selection,000000468393
coco-rem,000000516339,/home/felix/fiftyone/coco-2017/train/data/000000516339.jpg,train,mllm_selection,000000516339
coco-rem,000000443319,/home/felix/fiftyone/coco-2017/train/data/000000443319.jpg,train,mllm_selection,000000443319
coco-rem,000000574951,/home/felix/fiftyone/coco-2017/train/data/000000574951.jpg,train,mllm_selection,000000574951
coco-rem,000000173196,/home/felix/fiftyone/coco-2017/train/data/000000173196.jpg,train,mllm_selection,000000173196
coco-rem,000000421531,/home/felix/fiftyone/coco-2017/train/data/000000421531.jpg,train,mllm_selection,000000421531
coco-rem,000000414954,/home/felix/fiftyone/coco-2017/train/data/000000414954.jpg,train,mllm_selection,000000414954
coco-rem,000000388830,/home/felix/fiftyone/coco-2017/train/data/000000388830.jpg,train,mllm_selection,000000388830
coco-rem,000000540330,/home/felix/fiftyone/coco-2017/train/data/000000540330.jpg,train,mllm_selection,000000540330
coco-rem,000000499611,/home/felix/fiftyone/coco-2017/train/data/000000499611.jpg,train,mllm_selection,000000499611
coco-rem,000000359853,/home/felix/fiftyone/coco-2017/train/data/000000359853.jpg,train,mllm_selection,000000359853
coco-rem,000000371143,/home/felix/fiftyone/coco-2017/train/data/000000371143.jpg,train,mllm_selection,000000371143
coco-rem,000000031288,/home/felix/fiftyone/coco-2017/train/data/000000031288.jpg,train,mllm_selection,000000031288
coco-rem,000000472309,/home/felix/fiftyone/coco-2017/train/data/000000472309.jpg,train,mllm_selection,000000472309
coco-rem,000000183329,/home/felix/fiftyone/coco-2017/train/data/000000183329.jpg,train,mllm_selection,000000183329
coco-rem,000000043345,/home/felix/fiftyone/coco-2017/train/data/000000043345.jpg,train,mllm_selection,000000043345
coco-rem,000000494404,/home/felix/fiftyone/coco-2017/train/data/000000494404.jpg,train,mllm_selection,000000494404
coco-rem,000000019675,/home/felix/fiftyone/coco-2017/train/data/000000019675.jpg,train,mllm_selection,000000019675
coco-rem,000000547227,/home/felix/fiftyone/coco-2017/train/data/000000547227.jpg,train,mllm_selection,000000547227
coco-rem,000000490535,/home/felix/fiftyone/coco-2017/train/data/000000490535.jpg,train,mllm_selection,000000490535
coco-rem,000000005123,/home/felix/fiftyone/coco-2017/train/data/000000005123.jpg,train,mllm_selection,000000005123
coco-rem,000000085584,/home/felix/fiftyone/coco-2017/train/data/000000085584.jpg,train,mllm_selection,000000085584
coco-rem,000000542488,/home/felix/fiftyone/coco-2017/train/data/000000542488.jpg,train,mllm_selection,000000542488
coco-rem,000000292428,/home/felix/fiftyone/coco-2017/train/data/000000292428.jpg,train,mllm_selection,000000292428
coco-rem,000000066005,/home/felix/fiftyone/coco-2017/train/data/000000066005.jpg,train,mllm_selection,000000066005
coco-rem,000000152459,/home/felix/fiftyone/coco-2017/train/data/000000152459.jpg,train,mllm_selection,000000152459
coco-rem,000000389948,/home/felix/fiftyone/coco-2017/train/data/000000389948.jpg,train,mllm_selection,000000389948
coco-rem,000000225931,/home/felix/fiftyone/coco-2017/train/data/000000225931.jpg,train,mllm_selection,000000225931
coco-rem,000000337164,/home/felix/fiftyone/coco-2017/train/data/000000337164.jpg,train,mllm_selection,000000337164
coco-rem,000000351431,/home/felix/fiftyone/coco-2017/train/data/000000351431.jpg,train,mllm_selection,000000351431
coco-rem,000000335774,/home/felix/fiftyone/coco-2017/train/data/000000335774.jpg,train,mllm_selection,000000335774
coco-rem,000000490570,/home/felix/fiftyone/coco-2017/train/data/000000490570.jpg,train,mllm_selection,000000490570
coco-rem,000000124169,/home/felix/fiftyone/coco-2017/train/data/000000124169.jpg,train,mllm_selection,000000124169
coco-rem,000000219291,/home/felix/fiftyone/coco-2017/train/data/000000219291.jpg,train,mllm_selection,000000219291
coco-rem,000000441407,/home/felix/fiftyone/coco-2017/train/data/000000441407.jpg,train,mllm_selection,000000441407
coco-rem,000000395402,/home/felix/fiftyone/coco-2017/train/data/000000395402.jpg,train,mllm_selection,000000395402
coco-rem,000000304408,/home/felix/fiftyone/coco-2017/train/data/000000304408.jpg,train,mllm_selection,000000304408
coco-rem,000000265566,/home/felix/fiftyone/coco-2017/train/data/000000265566.jpg,train,mllm_selection,000000265566
coco-rem,000000375481,/home/felix/fiftyone/coco-2017/train/data/000000375481.jpg,train,mllm_selection,000000375481
coco-rem,000000066046,/home/felix/fiftyone/coco-2017/train/data/000000066046.jpg,train,mllm_selection,000000066046
coco-rem,000000269038,/home/felix/fiftyone/coco-2017/train/data/000000269038.jpg,train,mllm_selection,000000269038
coco-rem,000000242427,/home/felix/fiftyone/coco-2017/train/data/000000242427.jpg,train,mllm_selection,000000242427
coco-rem,000000392727,/home/felix/fiftyone/coco-2017/train/data/000000392727.jpg,train,mllm_selection,000000392727
coco-rem,000000283867,/home/felix/fiftyone/coco-2017/train/data/000000283867.jpg,train,mllm_selection,000000283867
coco-rem,000000474233,/home/felix/fiftyone/coco-2017/train/data/000000474233.jpg,train,mllm_selection,000000474233
coco-rem,000000079486,/home/felix/fiftyone/coco-2017/train/data/000000079486.jpg,train,mllm_selection,000000079486
coco-rem,000000309953,/home/felix/fiftyone/coco-2017/train/data/000000309953.jpg,train,mllm_selection,000000309953
coco-rem,000000322858,/home/felix/fiftyone/coco-2017/train/data/000000322858.jpg,train,mllm_selection,000000322858
coco-rem,000000042408,/home/felix/fiftyone/coco-2017/train/data/000000042408.jpg,train,mllm_selection,000000042408
coco-rem,000000193401,/home/felix/fiftyone/coco-2017/train/data/000000193401.jpg,train,mllm_selection,000000193401
coco-rem,000000540670,/home/felix/fiftyone/coco-2017/train/data/000000540670.jpg,train,mllm_selection,000000540670
coco-rem,000000116397,/home/felix/fiftyone/coco-2017/train/data/000000116397.jpg,train,mllm_selection,000000116397
coco-rem,000000198972,/home/felix/fiftyone/coco-2017/train/data/000000198972.jpg,train,mllm_selection,000000198972
coco-rem,000000233642,/home/felix/fiftyone/coco-2017/train/data/000000233642.jpg,train,mllm_selection,000000233642
coco-rem,000000497139,/home/felix/fiftyone/coco-2017/train/data/000000497139.jpg,train,mllm_selection,000000497139
coco-rem,000000254347,/home/felix/fiftyone/coco-2017/train/data/000000254347.jpg,train,mllm_selection,000000254347
coco-rem,000000442321,/home/felix/fiftyone/coco-2017/train/data/000000442321.jpg,train,mllm_selection,000000442321
coco-rem,000000343849,/home/felix/fiftyone/coco-2017/train/data/000000343849.jpg,train,mllm_selection,000000343849
coco-rem,000000078477,/home/felix/fiftyone/coco-2017/train/data/000000078477.jpg,train,mllm_selection,000000078477
coco-rem,000000237247,/home/felix/fiftyone/coco-2017/train/data/000000237247.jpg,train,mllm_selection,000000237247
coco-rem,000000301218,/home/felix/fiftyone/coco-2017/train/data/000000301218.jpg,train,mllm_selection,000000301218
coco-rem,000000553501,/home/felix/fiftyone/coco-2017/train/data/000000553501.jpg,train,mllm_selection,000000553501
coco-rem,000000299371,/home/felix/fiftyone/coco-2017/train/data/000000299371.jpg,train,mllm_selection,000000299371
coco-rem,000000171639,/home/felix/fiftyone/coco-2017/train/data/000000171639.jpg,train,mllm_selection,000000171639
coco-rem,000000233102,/home/felix/fiftyone/coco-2017/train/data/000000233102.jpg,train,mllm_selection,000000233102
coco-rem,000000265237,/home/felix/fiftyone/coco-2017/train/data/000000265237.jpg,train,mllm_selection,000000265237
coco-rem,000000101456,/home/felix/fiftyone/coco-2017/train/data/000000101456.jpg,train,mllm_selection,000000101456
coco-rem,000000418623,/home/felix/fiftyone/coco-2017/train/data/000000418623.jpg,train,mllm_selection,000000418623
coco-rem,000000115266,/home/felix/fiftyone/coco-2017/train/data/000000115266.jpg,train,mllm_selection,000000115266
coco-rem,000000567801,/home/felix/fiftyone/coco-2017/train/data/000000567801.jpg,train,mllm_selection,000000567801
coco-rem,000000109950,/home/felix/fiftyone/coco-2017/train/data/000000109950.jpg,train,mllm_selection,000000109950
coco-rem,000000009759,/home/felix/fiftyone/coco-2017/train/data/000000009759.jpg,train,mllm_selection,000000009759
coco-rem,000000483806,/home/felix/fiftyone/coco-2017/train/data/000000483806.jpg,train,mllm_selection,000000483806
coco-rem,000000322080,/home/felix/fiftyone/coco-2017/train/data/000000322080.jpg,train,mllm_selection,000000322080
coco-rem,000000441752,/home/felix/fiftyone/coco-2017/train/data/000000441752.jpg,train,mllm_selection,000000441752
coco-rem,000000454359,/home/felix/fiftyone/coco-2017/train/data/000000454359.jpg,train,mllm_selection,000000454359
coco-rem,000000367063,/home/felix/fiftyone/coco-2017/train/data/000000367063.jpg,train,mllm_selection,000000367063
coco-rem,000000033698,/home/felix/fiftyone/coco-2017/train/data/000000033698.jpg,train,mllm_selection,000000033698
coco-rem,000000113561,/home/felix/fiftyone/coco-2017/train/data/000000113561.jpg,train,mllm_selection,000000113561
coco-rem,000000100448,/home/felix/fiftyone/coco-2017/train/data/000000100448.jpg,train,mllm_selection,000000100448
coco-rem,000000499592,/home/felix/fiftyone/coco-2017/train/data/000000499592.jpg,train,mllm_selection,000000499592
coco-rem,000000269229,/home/felix/fiftyone/coco-2017/train/data/000000269229.jpg,train,mllm_selection,000000269229
coco-rem,000000081259,/home/felix/fiftyone/coco-2017/train/data/000000081259.jpg,train,mllm_selection,000000081259
coco-rem,000000505485,/home/felix/fiftyone/coco-2017/train/data/000000505485.jpg,train,mllm_selection,000000505485
coco-rem,000000044814,/home/felix/fiftyone/coco-2017/train/data/000000044814.jpg,train,mllm_selection,000000044814
coco-rem,000000011802,/home/felix/fiftyone/coco-2017/train/data/000000011802.jpg,train,mllm_selection,000000011802
coco-rem,000000490462,/home/felix/fiftyone/coco-2017/train/data/000000490462.jpg,train,mllm_selection,000000490462
coco-rem,000000450526,/home/felix/fiftyone/coco-2017/train/data/000000450526.jpg,train,mllm_selection,000000450526
coco-rem,000000554805,/home/felix/fiftyone/coco-2017/train/data/000000554805.jpg,train,mllm_selection,000000554805
coco-rem,000000418512,/home/felix/fiftyone/coco-2017/train/data/000000418512.jpg,train,mllm_selection,000000418512
coco-rem,000000166979,/home/felix/fiftyone/coco-2017/train/data/000000166979.jpg,train,mllm_selection,000000166979
coco-rem,000000536553,/home/felix/fiftyone/coco-2017/train/data/000000536553.jpg,train,mllm_selection,000000536553
coco-rem,000000061826,/home/felix/fiftyone/coco-2017/train/data/000000061826.jpg,train,mllm_selection,000000061826
coco-rem,000000506735,/home/felix/fiftyone/coco-2017/train/data/000000506735.jpg,train,mllm_selection,000000506735
coco-rem,000000568276,/home/felix/fiftyone/coco-2017/train/data/000000568276.jpg,train,mllm_selection,000000568276
coco-rem,000000213669,/home/felix/fiftyone/coco-2017/train/data/000000213669.jpg,train,mllm_selection,000000213669
coco-rem,000000138025,/home/felix/fiftyone/coco-2017/train/data/000000138025.jpg,train,mllm_selection,000000138025
coco-rem,000000121414,/home/felix/fiftyone/coco-2017/train/data/000000121414.jpg,train,mllm_selection,000000121414
coco-rem,000000447724,/home/felix/fiftyone/coco-2017/train/data/000000447724.jpg,train,mllm_selection,000000447724
coco-rem,000000391033,/home/felix/fiftyone/coco-2017/train/data/000000391033.jpg,train,mllm_selection,000000391033
coco-rem,000000468009,/home/felix/fiftyone/coco-2017/train/data/000000468009.jpg,train,mllm_selection,000000468009
coco-rem,000000362145,/home/felix/fiftyone/coco-2017/train/data/000000362145.jpg,train,mllm_selection,000000362145
coco-rem,000000067420,/home/felix/fiftyone/coco-2017/train/data/000000067420.jpg,train,mllm_selection,000000067420
coco-rem,000000056715,/home/felix/fiftyone/coco-2017/train/data/000000056715.jpg,train,mllm_selection,000000056715
coco-rem,000000157592,/home/felix/fiftyone/coco-2017/train/data/000000157592.jpg,train,mllm_selection,000000157592
coco-rem,000000321701,/home/felix/fiftyone/coco-2017/train/data/000000321701.jpg,train,mllm_selection,000000321701
coco-rem,000000381641,/home/felix/fiftyone/coco-2017/train/data/000000381641.jpg,train,mllm_selection,000000381641
coco-rem,000000056800,/home/felix/fiftyone/coco-2017/train/data/000000056800.jpg,train,mllm_selection,000000056800
coco-rem,000000222346,/home/felix/fiftyone/coco-2017/train/data/000000222346.jpg,train,mllm_selection,000000222346
coco-rem,000000455290,/home/felix/fiftyone/coco-2017/train/data/000000455290.jpg,train,mllm_selection,000000455290
coco-rem,000000339918,/home/felix/fiftyone/coco-2017/train/data/000000339918.jpg,train,mllm_selection,000000339918
coco-rem,000000477104,/home/felix/fiftyone/coco-2017/train/data/000000477104.jpg,train,mllm_selection,000000477104
coco-rem,000000574282,/home/felix/fiftyone/coco-2017/train/data/000000574282.jpg,train,mllm_selection,000000574282
coco-rem,000000017629,/home/felix/fiftyone/coco-2017/train/data/000000017629.jpg,train,mllm_selection,000000017629
coco-rem,000000070921,/home/felix/fiftyone/coco-2017/train/data/000000070921.jpg,train,mllm_selection,000000070921
coco-rem,000000443870,/home/felix/fiftyone/coco-2017/train/data/000000443870.jpg,train,mllm_selection,000000443870
coco-rem,000000343818,/home/felix/fiftyone/coco-2017/train/data/000000343818.jpg,train,mllm_selection,000000343818
coco-rem,000000015097,/home/felix/fiftyone/coco-2017/train/data/000000015097.jpg,train,mllm_selection,000000015097
coco-rem,000000010867,/home/felix/fiftyone/coco-2017/train/data/000000010867.jpg,train,mllm_selection,000000010867
coco-rem,000000518355,/home/felix/fiftyone/coco-2017/train/data/000000518355.jpg,train,mllm_selection,000000518355
coco-rem,000000461835,/home/felix/fiftyone/coco-2017/train/data/000000461835.jpg,train,mllm_selection,000000461835
coco-rem,000000364284,/home/felix/fiftyone/coco-2017/train/data/000000364284.jpg,train,mllm_selection,000000364284
coco-rem,000000151778,/home/felix/fiftyone/coco-2017/train/data/000000151778.jpg,train,mllm_selection,000000151778
coco-rem,000000306047,/home/felix/fiftyone/coco-2017/train/data/000000306047.jpg,train,mllm_selection,000000306047
coco-rem,000000138591,/home/felix/fiftyone/coco-2017/train/data/000000138591.jpg,train,mllm_selection,000000138591
coco-rem,000000116892,/home/felix/fiftyone/coco-2017/train/data/000000116892.jpg,train,mllm_selection,000000116892
coco-rem,000000263620,/home/felix/fiftyone/coco-2017/train/data/000000263620.jpg,train,mllm_selection,000000263620
coco-rem,000000167642,/home/felix/fiftyone/coco-2017/train/data/000000167642.jpg,train,mllm_selection,000000167642
coco-rem,000000040165,/home/felix/fiftyone/coco-2017/train/data/000000040165.jpg,train,mllm_selection,000000040165
coco-rem,000000038919,/home/felix/fiftyone/coco-2017/train/data/000000038919.jpg,train,mllm_selection,000000038919
coco-rem,000000041924,/home/felix/fiftyone/coco-2017/train/data/000000041924.jpg,train,mllm_selection,000000041924
coco-rem,000000076746,/home/felix/fiftyone/coco-2017/train/data/000000076746.jpg,train,mllm_selection,000000076746
coco-rem,000000248518,/home/felix/fiftyone/coco-2017/train/data/000000248518.jpg,train,mllm_selection,000000248518
coco-rem,000000368659,/home/felix/fiftyone/coco-2017/train/data/000000368659.jpg,train,mllm_selection,000000368659
coco-rem,000000475185,/home/felix/fiftyone/coco-2017/train/data/000000475185.jpg,train,mllm_selection,000000475185
coco-rem,000000107758,/home/felix/fiftyone/coco-2017/train/data/000000107758.jpg,train,mllm_selection,000000107758
coco-rem,000000393176,/home/felix/fiftyone/coco-2017/train/data/000000393176.jpg,train,mllm_selection,000000393176
coco-rem,000000552962,/home/felix/fiftyone/coco-2017/train/data/000000552962.jpg,train,mllm_selection,000000552962
coco-rem,000000480447,/home/felix/fiftyone/coco-2017/train/data/000000480447.jpg,train,mllm_selection,000000480447
coco-rem,000000178285,/home/felix/fiftyone/coco-2017/train/data/000000178285.jpg,train,mllm_selection,000000178285
coco-rem,000000137794,/home/felix/fiftyone/coco-2017/train/data/000000137794.jpg,train,mllm_selection,000000137794
coco-rem,000000581815,/home/felix/fiftyone/coco-2017/train/data/000000581815.jpg,train,mllm_selection,000000581815
coco-rem,000000265084,/home/felix/fiftyone/coco-2017/train/data/000000265084.jpg,train,mllm_selection,000000265084
coco-rem,000000225834,/home/felix/fiftyone/coco-2017/train/data/000000225834.jpg,train,mllm_selection,000000225834
coco-rem,000000326290,/home/felix/fiftyone/coco-2017/train/data/000000326290.jpg,train,mllm_selection,000000326290
coco-rem,000000550315,/home/felix/fiftyone/coco-2017/train/data/000000550315.jpg,train,mllm_selection,000000550315
coco-rem,000000049901,/home/felix/fiftyone/coco-2017/train/data/000000049901.jpg,train,mllm_selection,000000049901
coco-rem,000000560615,/home/felix/fiftyone/coco-2017/train/data/000000560615.jpg,train,mllm_selection,000000560615
coco-rem,000000224190,/home/felix/fiftyone/coco-2017/train/data/000000224190.jpg,train,mllm_selection,000000224190
coco-rem,000000483213,/home/felix/fiftyone/coco-2017/train/data/000000483213.jpg,train,mllm_selection,000000483213
coco-rem,000000272059,/home/felix/fiftyone/coco-2017/train/data/000000272059.jpg,train,mllm_selection,000000272059
coco-rem,000000179017,/home/felix/fiftyone/coco-2017/train/data/000000179017.jpg,train,mllm_selection,000000179017
coco-rem,000000067143,/home/felix/fiftyone/coco-2017/train/data/000000067143.jpg,train,mllm_selection,000000067143
coco-rem,000000335284,/home/felix/fiftyone/coco-2017/train/data/000000335284.jpg,train,mllm_selection,000000335284
coco-rem,000000350360,/home/felix/fiftyone/coco-2017/train/data/000000350360.jpg,train,mllm_selection,000000350360
coco-rem,000000191159,/home/felix/fiftyone/coco-2017/train/data/000000191159.jpg,train,mllm_selection,000000191159
coco-rem,000000223410,/home/felix/fiftyone/coco-2017/train/data/000000223410.jpg,train,mllm_selection,000000223410
coco-rem,000000395606,/home/felix/fiftyone/coco-2017/train/data/000000395606.jpg,train,mllm_selection,000000395606
coco-rem,000000301236,/home/felix/fiftyone/coco-2017/train/data/000000301236.jpg,train,mllm_selection,000000301236
coco-rem,000000259192,/home/felix/fiftyone/coco-2017/train/data/000000259192.jpg,train,mllm_selection,000000259192
coco-rem,000000359897,/home/felix/fiftyone/coco-2017/train/data/000000359897.jpg,train,mllm_selection,000000359897
coco-rem,000000576449,/home/felix/fiftyone/coco-2017/train/data/000000576449.jpg,train,mllm_selection,000000576449
coco-rem,000000555869,/home/felix/fiftyone/coco-2017/train/data/000000555869.jpg,train,mllm_selection,000000555869
coco-rem,000000104758,/home/felix/fiftyone/coco-2017/train/data/000000104758.jpg,train,mllm_selection,000000104758
coco-rem,000000267111,/home/felix/fiftyone/coco-2017/train/data/000000267111.jpg,train,mllm_selection,000000267111
coco-rem,000000295956,/home/felix/fiftyone/coco-2017/train/data/000000295956.jpg,train,mllm_selection,000000295956
coco-rem,000000530439,/home/felix/fiftyone/coco-2017/train/data/000000530439.jpg,train,mllm_selection,000000530439
coco-rem,000000157981,/home/felix/fiftyone/coco-2017/train/data/000000157981.jpg,train,mllm_selection,000000157981
coco-rem,000000509009,/home/felix/fiftyone/coco-2017/train/data/000000509009.jpg,train,mllm_selection,000000509009
coco-rem,000000331370,/home/felix/fiftyone/coco-2017/train/data/000000331370.jpg,train,mllm_selection,000000331370
coco-rem,000000465926,/home/felix/fiftyone/coco-2017/train/data/000000465926.jpg,train,mllm_selection,000000465926
coco-rem,000000273782,/home/felix/fiftyone/coco-2017/train/data/000000273782.jpg,train,mllm_selection,000000273782
coco-rem,000000497930,/home/felix/fiftyone/coco-2017/train/data/000000497930.jpg,train,mllm_selection,000000497930
coco-rem,000000316826,/home/felix/fiftyone/coco-2017/train/data/000000316826.jpg,train,mllm_selection,000000316826
coco-rem,000000255937,/home/felix/fiftyone/coco-2017/train/data/000000255937.jpg,train,mllm_selection,000000255937
coco-rem,000000198943,/home/felix/fiftyone/coco-2017/train/data/000000198943.jpg,train,mllm_selection,000000198943
coco-rem,000000074013,/home/felix/fiftyone/coco-2017/train/data/000000074013.jpg,train,mllm_selection,000000074013
coco-rem,000000168884,/home/felix/fiftyone/coco-2017/train/data/000000168884.jpg,train,mllm_selection,000000168884
coco-rem,000000289027,/home/felix/fiftyone/coco-2017/train/data/000000289027.jpg,train,mllm_selection,000000289027
coco-rem,000000052087,/home/felix/fiftyone/coco-2017/train/data/000000052087.jpg,train,mllm_selection,000000052087
coco-rem,000000477892,/home/felix/fiftyone/coco-2017/train/data/000000477892.jpg,train,mllm_selection,000000477892
coco-rem,000000345578,/home/felix/fiftyone/coco-2017/train/data/000000345578.jpg,train,mllm_selection,000000345578
coco-rem,000000189919,/home/felix/fiftyone/coco-2017/train/data/000000189919.jpg,train,mllm_selection,000000189919
coco-rem,000000302397,/home/felix/fiftyone/coco-2017/train/data/000000302397.jpg,train,mllm_selection,000000302397
coco-rem,000000153475,/home/felix/fiftyone/coco-2017/train/data/000000153475.jpg,train,mllm_selection,000000153475
coco-rem,000000365251,/home/felix/fiftyone/coco-2017/train/data/000000365251.jpg,train,mllm_selection,000000365251
coco-rem,000000089931,/home/felix/fiftyone/coco-2017/train/data/000000089931.jpg,train,mllm_selection,000000089931
coco-rem,000000350242,/home/felix/fiftyone/coco-2017/train/data/000000350242.jpg,train,mllm_selection,000000350242
coco-rem,000000164587,/home/felix/fiftyone/coco-2017/train/data/000000164587.jpg,train,mllm_selection,000000164587
coco-rem,000000138078,/home/felix/fiftyone/coco-2017/train/data/000000138078.jpg,train,mllm_selection,000000138078
coco-rem,000000286058,/home/felix/fiftyone/coco-2017/train/data/000000286058.jpg,train,mllm_selection,000000286058
coco-rem,000000501210,/home/felix/fiftyone/coco-2017/train/data/000000501210.jpg,train,mllm_selection,000000501210
coco-rem,000000092951,/home/felix/fiftyone/coco-2017/train/data/000000092951.jpg,train,mllm_selection,000000092951
coco-rem,000000074001,/home/felix/fiftyone/coco-2017/train/data/000000074001.jpg,train,mllm_selection,000000074001
coco-rem,000000368845,/home/felix/fiftyone/coco-2017/train/data/000000368845.jpg,train,mllm_selection,000000368845
coco-rem,000000234748,/home/felix/fiftyone/coco-2017/train/data/000000234748.jpg,train,mllm_selection,000000234748
coco-rem,000000456666,/home/felix/fiftyone/coco-2017/train/data/000000456666.jpg,train,mllm_selection,000000456666
coco-rem,000000507744,/home/felix/fiftyone/coco-2017/train/data/000000507744.jpg,train,mllm_selection,000000507744
coco-rem,000000528621,/home/felix/fiftyone/coco-2017/train/data/000000528621.jpg,train,mllm_selection,000000528621
coco-rem,000000404507,/home/felix/fiftyone/coco-2017/train/data/000000404507.jpg,train,mllm_selection,000000404507
coco-rem,000000193062,/home/felix/fiftyone/coco-2017/train/data/000000193062.jpg,train,mllm_selection,000000193062
coco-rem,000000243782,/home/felix/fiftyone/coco-2017/train/data/000000243782.jpg,train,mllm_selection,000000243782
coco-rem,000000022004,/home/felix/fiftyone/coco-2017/train/data/000000022004.jpg,train,mllm_selection,000000022004
coco-rem,000000171011,/home/felix/fiftyone/coco-2017/train/data/000000171011.jpg,train,mllm_selection,000000171011
coco-rem,000000143490,/home/felix/fiftyone/coco-2017/train/data/000000143490.jpg,train,mllm_selection,000000143490
coco-rem,000000047191,/home/felix/fiftyone/coco-2017/train/data/000000047191.jpg,train,mllm_selection,000000047191
coco-rem,000000281917,/home/felix/fiftyone/coco-2017/train/data/000000281917.jpg,train,mllm_selection,000000281917
coco-rem,000000029406,/home/felix/fiftyone/coco-2017/train/data/000000029406.jpg,train,mllm_selection,000000029406
coco-rem,000000140627,/home/felix/fiftyone/coco-2017/train/data/000000140627.jpg,train,mllm_selection,000000140627
coco-rem,000000016547,/home/felix/fiftyone/coco-2017/train/data/000000016547.jpg,train,mllm_selection,000000016547
coco-rem,000000075791,/home/felix/fiftyone/coco-2017/train/data/000000075791.jpg,train,mllm_selection,000000075791
coco-rem,000000113052,/home/felix/fiftyone/coco-2017/train/data/000000113052.jpg,train,mllm_selection,000000113052
coco-rem,000000515485,/home/felix/fiftyone/coco-2017/train/data/000000515485.jpg,train,mllm_selection,000000515485
coco-rem,000000301467,/home/felix/fiftyone/coco-2017/train/data/000000301467.jpg,train,mllm_selection,000000301467
coco-rem,000000366162,/home/felix/fiftyone/coco-2017/train/data/000000366162.jpg,train,mllm_selection,000000366162
coco-rem,000000420372,/home/felix/fiftyone/coco-2017/train/data/000000420372.jpg,train,mllm_selection,000000420372
coco-rem,000000454887,/home/felix/fiftyone/coco-2017/train/data/000000454887.jpg,train,mllm_selection,000000454887
coco-rem,000000173062,/home/felix/fiftyone/coco-2017/train/data/000000173062.jpg,train,mllm_selection,000000173062
coco-rem,000000167273,/home/felix/fiftyone/coco-2017/train/data/000000167273.jpg,train,mllm_selection,000000167273
coco-rem,000000091257,/home/felix/fiftyone/coco-2017/train/data/000000091257.jpg,train,mllm_selection,000000091257
coco-rem,000000077903,/home/felix/fiftyone/coco-2017/train/data/000000077903.jpg,train,mllm_selection,000000077903
coco-rem,000000515241,/home/felix/fiftyone/coco-2017/train/data/000000515241.jpg,train,mllm_selection,000000515241
coco-rem,000000266010,/home/felix/fiftyone/coco-2017/train/data/000000266010.jpg,train,mllm_selection,000000266010
coco-rem,000000358206,/home/felix/fiftyone/coco-2017/train/data/000000358206.jpg,train,mllm_selection,000000358206
coco-rem,000000526522,/home/felix/fiftyone/coco-2017/train/data/000000526522.jpg,train,mllm_selection,000000526522
coco-rem,000000523186,/home/felix/fiftyone/coco-2017/train/data/000000523186.jpg,train,mllm_selection,000000523186
coco-rem,000000342380,/home/felix/fiftyone/coco-2017/train/data/000000342380.jpg,train,mllm_selection,000000342380
coco-rem,000000001036,/home/felix/fiftyone/coco-2017/train/data/000000001036.jpg,train,mllm_selection,000000001036
coco-rem,000000498669,/home/felix/fiftyone/coco-2017/train/data/000000498669.jpg,train,mllm_selection,000000498669
coco-rem,000000529823,/home/felix/fiftyone/coco-2017/train/data/000000529823.jpg,train,mllm_selection,000000529823
coco-rem,000000071090,/home/felix/fiftyone/coco-2017/train/data/000000071090.jpg,train,mllm_selection,000000071090
coco-rem,000000145631,/home/felix/fiftyone/coco-2017/train/data/000000145631.jpg,train,mllm_selection,000000145631
coco-rem,000000064823,/home/felix/fiftyone/coco-2017/train/data/000000064823.jpg,train,mllm_selection,000000064823
coco-rem,000000199960,/home/felix/fiftyone/coco-2017/train/data/000000199960.jpg,train,mllm_selection,000000199960
coco-rem,000000137206,/home/felix/fiftyone/coco-2017/train/data/000000137206.jpg,train,mllm_selection,000000137206
coco-rem,000000284464,/home/felix/fiftyone/coco-2017/train/data/000000284464.jpg,train,mllm_selection,000000284464
coco-rem,000000274894,/home/felix/fiftyone/coco-2017/train/data/000000274894.jpg,train,mllm_selection,000000274894
coco-rem,000000015486,/home/felix/fiftyone/coco-2017/train/data/000000015486.jpg,train,mllm_selection,000000015486
coco-rem,000000463716,/home/felix/fiftyone/coco-2017/train/data/000000463716.jpg,train,mllm_selection,000000463716
coco-rem,000000516598,/home/felix/fiftyone/coco-2017/train/data/000000516598.jpg,train,mllm_selection,000000516598
coco-rem,000000548906,/home/felix/fiftyone/coco-2017/train/data/000000548906.jpg,train,mllm_selection,000000548906
coco-rem,000000337784,/home/felix/fiftyone/coco-2017/train/data/000000337784.jpg,train,mllm_selection,000000337784
coco-rem,000000096702,/home/felix/fiftyone/coco-2017/train/data/000000096702.jpg,train,mllm_selection,000000096702
coco-rem,000000512630,/home/felix/fiftyone/coco-2017/train/data/000000512630.jpg,train,mllm_selection,000000512630
coco-rem,000000435897,/home/felix/fiftyone/coco-2017/train/data/000000435897.jpg,train,mllm_selection,000000435897
coco-rem,000000178460,/home/felix/fiftyone/coco-2017/train/data/000000178460.jpg,train,mllm_selection,000000178460
coco-rem,000000464030,/home/felix/fiftyone/coco-2017/train/data/000000464030.jpg,train,mllm_selection,000000464030
coco-rem,000000095951,/home/felix/fiftyone/coco-2017/train/data/000000095951.jpg,train,mllm_selection,000000095951
coco-rem,000000543276,/home/felix/fiftyone/coco-2017/train/data/000000543276.jpg,train,mllm_selection,000000543276
coco-rem,000000418684,/home/felix/fiftyone/coco-2017/train/data/000000418684.jpg,train,mllm_selection,000000418684
coco-rem,000000201919,/home/felix/fiftyone/coco-2017/train/data/000000201919.jpg,train,mllm_selection,000000201919
coco-rem,000000337104,/home/felix/fiftyone/coco-2017/train/data/000000337104.jpg,train,mllm_selection,000000337104
coco-rem,000000273704,/home/felix/fiftyone/coco-2017/train/data/000000273704.jpg,train,mllm_selection,000000273704
coco-rem,000000313520,/home/felix/fiftyone/coco-2017/train/data/000000313520.jpg,train,mllm_selection,000000313520
coco-rem,000000406451,/home/felix/fiftyone/coco-2017/train/data/000000406451.jpg,train,mllm_selection,000000406451
coco-rem,000000099336,/home/felix/fiftyone/coco-2017/train/data/000000099336.jpg,train,mllm_selection,000000099336
coco-rem,000000063325,/home/felix/fiftyone/coco-2017/train/data/000000063325.jpg,train,mllm_selection,000000063325
coco-rem,000000476893,/home/felix/fiftyone/coco-2017/train/data/000000476893.jpg,train,mllm_selection,000000476893
coco-rem,000000262386,/home/felix/fiftyone/coco-2017/train/data/000000262386.jpg,train,mllm_selection,000000262386
coco-rem,000000478227,/home/felix/fiftyone/coco-2017/train/data/000000478227.jpg,train,mllm_selection,000000478227
coco-rem,000000304027,/home/felix/fiftyone/coco-2017/train/data/000000304027.jpg,train,mllm_selection,000000304027
coco-rem,000000077754,/home/felix/fiftyone/coco-2017/train/data/000000077754.jpg,train,mllm_selection,000000077754
coco-rem,000000370013,/home/felix/fiftyone/coco-2017/train/data/000000370013.jpg,train,mllm_selection,000000370013
coco-rem,000000154614,/home/felix/fiftyone/coco-2017/train/data/000000154614.jpg,train,mllm_selection,000000154614
coco-rem,000000495419,/home/felix/fiftyone/coco-2017/train/data/000000495419.jpg,train,mllm_selection,000000495419
coco-rem,000000335507,/home/felix/fiftyone/coco-2017/train/data/000000335507.jpg,train,mllm_selection,000000335507
coco-rem,000000005435,/home/felix/fiftyone/coco-2017/train/data/000000005435.jpg,train,mllm_selection,000000005435
coco-rem,000000249922,/home/felix/fiftyone/coco-2017/train/data/000000249922.jpg,train,mllm_selection,000000249922
coco-rem,000000028981,/home/felix/fiftyone/coco-2017/train/data/000000028981.jpg,train,mllm_selection,000000028981
coco-rem,000000280160,/home/felix/fiftyone/coco-2017/train/data/000000280160.jpg,train,mllm_selection,000000280160
coco-rem,000000027298,/home/felix/fiftyone/coco-2017/train/data/000000027298.jpg,train,mllm_selection,000000027298
coco-rem,000000121087,/home/felix/fiftyone/coco-2017/train/data/000000121087.jpg,train,mllm_selection,000000121087
coco-rem,000000050061,/home/felix/fiftyone/coco-2017/train/data/000000050061.jpg,train,mllm_selection,000000050061
coco-rem,000000505831,/home/felix/fiftyone/coco-2017/train/data/000000505831.jpg,train,mllm_selection,000000505831
coco-rem,000000568668,/home/felix/fiftyone/coco-2017/train/data/000000568668.jpg,train,mllm_selection,000000568668
coco-rem,000000184435,/home/felix/fiftyone/coco-2017/train/data/000000184435.jpg,train,mllm_selection,000000184435
coco-rem,000000174391,/home/felix/fiftyone/coco-2017/train/data/000000174391.jpg,train,mllm_selection,000000174391
coco-rem,000000360409,/home/felix/fiftyone/coco-2017/train/data/000000360409.jpg,train,mllm_selection,000000360409
coco-rem,000000447424,/home/felix/fiftyone/coco-2017/train/data/000000447424.jpg,train,mllm_selection,000000447424
coco-rem,000000122350,/home/felix/fiftyone/coco-2017/train/data/000000122350.jpg,train,mllm_selection,000000122350
coco-rem,000000177253,/home/felix/fiftyone/coco-2017/train/data/000000177253.jpg,train,mllm_selection,000000177253
coco-rem,000000549746,/home/felix/fiftyone/coco-2017/train/data/000000549746.jpg,train,mllm_selection,000000549746
coco-rem,000000164170,/home/felix/fiftyone/coco-2017/train/data/000000164170.jpg,train,mllm_selection,000000164170
coco-rem,000000267457,/home/felix/fiftyone/coco-2017/train/data/000000267457.jpg,train,mllm_selection,000000267457
coco-rem,000000107800,/home/felix/fiftyone/coco-2017/train/data/000000107800.jpg,train,mllm_selection,000000107800
coco-rem,000000183379,/home/felix/fiftyone/coco-2017/train/data/000000183379.jpg,train,mllm_selection,000000183379
coco-rem,000000309104,/home/felix/fiftyone/coco-2017/train/data/000000309104.jpg,train,mllm_selection,000000309104
coco-rem,000000280951,/home/felix/fiftyone/coco-2017/train/data/000000280951.jpg,train,mllm_selection,000000280951
coco-rem,000000459219,/home/felix/fiftyone/coco-2017/train/data/000000459219.jpg,train,mllm_selection,000000459219
coco-rem,000000513968,/home/felix/fiftyone/coco-2017/train/data/000000513968.jpg,train,mllm_selection,000000513968
coco-rem,000000052773,/home/felix/fiftyone/coco-2017/train/data/000000052773.jpg,train,mllm_selection,000000052773
coco-rem,000000428029,/home/felix/fiftyone/coco-2017/train/data/000000428029.jpg,train,mllm_selection,000000428029
coco-rem,000000532285,/home/felix/fiftyone/coco-2017/train/data/000000532285.jpg,train,mllm_selection,000000532285
coco-rem,000000489442,/home/felix/fiftyone/coco-2017/train/data/000000489442.jpg,train,mllm_selection,000000489442
coco-rem,000000430092,/home/felix/fiftyone/coco-2017/train/data/000000430092.jpg,train,mllm_selection,000000430092
coco-rem,000000087286,/home/felix/fiftyone/coco-2017/train/data/000000087286.jpg,train,mllm_selection,000000087286
coco-rem,000000371997,/home/felix/fiftyone/coco-2017/train/data/000000371997.jpg,train,mllm_selection,000000371997
coco-rem,000000510706,/home/felix/fiftyone/coco-2017/train/data/000000510706.jpg,train,mllm_selection,000000510706
coco-rem,000000077063,/home/felix/fiftyone/coco-2017/train/data/000000077063.jpg,train,mllm_selection,000000077063
coco-rem,000000284350,/home/felix/fiftyone/coco-2017/train/data/000000284350.jpg,train,mllm_selection,000000284350
coco-rem,000000498319,/home/felix/fiftyone/coco-2017/train/data/000000498319.jpg,train,mllm_selection,000000498319
coco-rem,000000506736,/home/felix/fiftyone/coco-2017/train/data/000000506736.jpg,train,mllm_selection,000000506736
coco-rem,000000165874,/home/felix/fiftyone/coco-2017/train/data/000000165874.jpg,train,mllm_selection,000000165874
coco-rem,000000149233,/home/felix/fiftyone/coco-2017/train/data/000000149233.jpg,train,mllm_selection,000000149233
coco-rem,000000147105,/home/felix/fiftyone/coco-2017/train/data/000000147105.jpg,train,mllm_selection,000000147105
coco-rem,000000251888,/home/felix/fiftyone/coco-2017/train/data/000000251888.jpg,train,mllm_selection,000000251888
coco-rem,000000404257,/home/felix/fiftyone/coco-2017/train/data/000000404257.jpg,train,mllm_selection,000000404257
coco-rem,000000231568,/home/felix/fiftyone/coco-2017/train/data/000000231568.jpg,train,mllm_selection,000000231568
coco-rem,000000278435,/home/felix/fiftyone/coco-2017/train/data/000000278435.jpg,train,mllm_selection,000000278435
coco-rem,000000423341,/home/felix/fiftyone/coco-2017/train/data/000000423341.jpg,train,mllm_selection,000000423341
coco-rem,000000094828,/home/felix/fiftyone/coco-2017/train/data/000000094828.jpg,train,mllm_selection,000000094828
coco-rem,000000043099,/home/felix/fiftyone/coco-2017/train/data/000000043099.jpg,train,mllm_selection,000000043099
coco-rem,000000546846,/home/felix/fiftyone/coco-2017/train/data/000000546846.jpg,train,mllm_selection,000000546846
coco-rem,000000578089,/home/felix/fiftyone/coco-2017/train/data/000000578089.jpg,train,mllm_selection,000000578089
coco-rem,000000122825,/home/felix/fiftyone/coco-2017/train/data/000000122825.jpg,train,mllm_selection,000000122825
coco-rem,000000011316,/home/felix/fiftyone/coco-2017/train/data/000000011316.jpg,train,mllm_selection,000000011316
coco-rem,000000409367,/home/felix/fiftyone/coco-2017/train/data/000000409367.jpg,train,mllm_selection,000000409367
coco-rem,000000122362,/home/felix/fiftyone/coco-2017/train/data/000000122362.jpg,train,mllm_selection,000000122362
coco-rem,000000133142,/home/felix/fiftyone/coco-2017/train/data/000000133142.jpg,train,mllm_selection,000000133142
coco-rem,000000542570,/home/felix/fiftyone/coco-2017/train/data/000000542570.jpg,train,mllm_selection,000000542570
coco-rem,000000487421,/home/felix/fiftyone/coco-2017/train/data/000000487421.jpg,train,mllm_selection,000000487421
coco-rem,000000542487,/home/felix/fiftyone/coco-2017/train/data/000000542487.jpg,train,mllm_selection,000000542487
coco-rem,000000418535,/home/felix/fiftyone/coco-2017/train/data/000000418535.jpg,train,mllm_selection,000000418535
coco-rem,000000293749,/home/felix/fiftyone/coco-2017/train/data/000000293749.jpg,train,mllm_selection,000000293749
coco-rem,000000117508,/home/felix/fiftyone/coco-2017/train/data/000000117508.jpg,train,mllm_selection,000000117508
coco-rem,000000252359,/home/felix/fiftyone/coco-2017/train/data/000000252359.jpg,train,mllm_selection,000000252359
coco-rem,000000425254,/home/felix/fiftyone/coco-2017/train/data/000000425254.jpg,train,mllm_selection,000000425254
coco-rem,000000140289,/home/felix/fiftyone/coco-2017/train/data/000000140289.jpg,train,mllm_selection,000000140289
coco-rem,000000169863,/home/felix/fiftyone/coco-2017/train/data/000000169863.jpg,train,mllm_selection,000000169863
coco-rem,000000506126,/home/felix/fiftyone/coco-2017/train/data/000000506126.jpg,train,mllm_selection,000000506126
coco-rem,000000186442,/home/felix/fiftyone/coco-2017/train/data/000000186442.jpg,train,mllm_selection,000000186442
coco-rem,000000478071,/home/felix/fiftyone/coco-2017/train/data/000000478071.jpg,train,mllm_selection,000000478071
coco-rem,000000350089,/home/felix/fiftyone/coco-2017/train/data/000000350089.jpg,train,mllm_selection,000000350089
coco-rem,000000370503,/home/felix/fiftyone/coco-2017/train/data/000000370503.jpg,train,mllm_selection,000000370503
coco-rem,000000234794,/home/felix/fiftyone/coco-2017/train/data/000000234794.jpg,train,mllm_selection,000000234794
coco-rem,000000276204,/home/felix/fiftyone/coco-2017/train/data/000000276204.jpg,train,mllm_selection,000000276204
coco-rem,000000144941,/home/felix/fiftyone/coco-2017/train/data/000000144941.jpg,train,mllm_selection,000000144941
coco-rem,000000370043,/home/felix/fiftyone/coco-2017/train/data/000000370043.jpg,train,mllm_selection,000000370043
coco-rem,000000530649,/home/felix/fiftyone/coco-2017/train/data/000000530649.jpg,train,mllm_selection,000000530649
coco-rem,000000039004,/home/felix/fiftyone/coco-2017/train/data/000000039004.jpg,train,mllm_selection,000000039004
coco-rem,000000454749,/home/felix/fiftyone/coco-2017/train/data/000000454749.jpg,train,mllm_selection,000000454749
coco-rem,000000348680,/home/felix/fiftyone/coco-2017/train/data/000000348680.jpg,train,mllm_selection,000000348680
coco-rem,000000048118,/home/felix/fiftyone/coco-2017/train/data/000000048118.jpg,train,mllm_selection,000000048118
coco-rem,000000542154,/home/felix/fiftyone/coco-2017/train/data/000000542154.jpg,train,mllm_selection,000000542154
coco-rem,000000221000,/home/felix/fiftyone/coco-2017/train/data/000000221000.jpg,train,mllm_selection,000000221000
coco-rem,000000385646,/home/felix/fiftyone/coco-2017/train/data/000000385646.jpg,train,mllm_selection,000000385646
coco-rem,000000060370,/home/felix/fiftyone/coco-2017/train/data/000000060370.jpg,train,mllm_selection,000000060370
coco-rem,000000190646,/home/felix/fiftyone/coco-2017/train/data/000000190646.jpg,train,mllm_selection,000000190646
coco-rem,000000379754,/home/felix/fiftyone/coco-2017/train/data/000000379754.jpg,train,mllm_selection,000000379754
coco-rem,000000067917,/home/felix/fiftyone/coco-2017/train/data/000000067917.jpg,train,mllm_selection,000000067917
coco-rem,000000456519,/home/felix/fiftyone/coco-2017/train/data/000000456519.jpg,train,mllm_selection,000000456519
coco-rem,000000038666,/home/felix/fiftyone/coco-2017/train/data/000000038666.jpg,train,mllm_selection,000000038666
coco-rem,000000535997,/home/felix/fiftyone/coco-2017/train/data/000000535997.jpg,train,mllm_selection,000000535997
coco-rem,000000334251,/home/felix/fiftyone/coco-2017/train/data/000000334251.jpg,train,mllm_selection,000000334251
coco-rem,000000456656,/home/felix/fiftyone/coco-2017/train/data/000000456656.jpg,train,mllm_selection,000000456656
coco-rem,000000477587,/home/felix/fiftyone/coco-2017/train/data/000000477587.jpg,train,mllm_selection,000000477587
coco-rem,000000026171,/home/felix/fiftyone/coco-2017/train/data/000000026171.jpg,train,mllm_selection,000000026171
coco-rem,000000380447,/home/felix/fiftyone/coco-2017/train/data/000000380447.jpg,train,mllm_selection,000000380447
coco-rem,000000027662,/home/felix/fiftyone/coco-2017/train/data/000000027662.jpg,train,mllm_selection,000000027662
coco-rem,000000546114,/home/felix/fiftyone/coco-2017/train/data/000000546114.jpg,train,mllm_selection,000000546114
coco-rem,000000328917,/home/felix/fiftyone/coco-2017/train/data/000000328917.jpg,train,mllm_selection,000000328917
coco-rem,000000350457,/home/felix/fiftyone/coco-2017/train/data/000000350457.jpg,train,mllm_selection,000000350457
coco-rem,000000037968,/home/felix/fiftyone/coco-2017/train/data/000000037968.jpg,train,mllm_selection,000000037968
coco-rem,000000349804,/home/felix/fiftyone/coco-2017/train/data/000000349804.jpg,train,mllm_selection,000000349804
coco-rem,000000146805,/home/felix/fiftyone/coco-2017/train/data/000000146805.jpg,train,mllm_selection,000000146805
coco-rem,000000150754,/home/felix/fiftyone/coco-2017/train/data/000000150754.jpg,train,mllm_selection,000000150754
coco-rem,000000184201,/home/felix/fiftyone/coco-2017/train/data/000000184201.jpg,train,mllm_selection,000000184201
coco-rem,000000293586,/home/felix/fiftyone/coco-2017/train/data/000000293586.jpg,train,mllm_selection,000000293586
coco-rem,000000419700,/home/felix/fiftyone/coco-2017/train/data/000000419700.jpg,train,mllm_selection,000000419700
coco-rem,000000208919,/home/felix/fiftyone/coco-2017/train/data/000000208919.jpg,train,mllm_selection,000000208919
coco-rem,000000540783,/home/felix/fiftyone/coco-2017/train/data/000000540783.jpg,train,mllm_selection,000000540783
coco-rem,000000466557,/home/felix/fiftyone/coco-2017/train/data/000000466557.jpg,train,mllm_selection,000000466557
coco-rem,000000565570,/home/felix/fiftyone/coco-2017/train/data/000000565570.jpg,train,mllm_selection,000000565570
coco-rem,000000269664,/home/felix/fiftyone/coco-2017/train/data/000000269664.jpg,train,mllm_selection,000000269664
coco-rem,000000012209,/home/felix/fiftyone/coco-2017/train/data/000000012209.jpg,train,mllm_selection,000000012209
coco-rem,000000570538,/home/felix/fiftyone/coco-2017/train/data/000000570538.jpg,train,mllm_selection,000000570538
coco-rem,000000088723,/home/felix/fiftyone/coco-2017/train/data/000000088723.jpg,train,mllm_selection,000000088723
coco-rem,000000205846,/home/felix/fiftyone/coco-2017/train/data/000000205846.jpg,train,mllm_selection,000000205846
coco-rem,000000518335,/home/felix/fiftyone/coco-2017/train/data/000000518335.jpg,train,mllm_selection,000000518335
coco-rem,000000218832,/home/felix/fiftyone/coco-2017/train/data/000000218832.jpg,train,mllm_selection,000000218832
coco-rem,000000169250,/home/felix/fiftyone/coco-2017/train/data/000000169250.jpg,train,mllm_selection,000000169250
coco-rem,000000230135,/home/felix/fiftyone/coco-2017/train/data/000000230135.jpg,train,mllm_selection,000000230135
coco-rem,000000272876,/home/felix/fiftyone/coco-2017/train/data/000000272876.jpg,train,mllm_selection,000000272876
coco-rem,000000008043,/home/felix/fiftyone/coco-2017/train/data/000000008043.jpg,train,mllm_selection,000000008043
coco-rem,000000279697,/home/felix/fiftyone/coco-2017/train/data/000000279697.jpg,train,mllm_selection,000000279697
coco-rem,000000053591,/home/felix/fiftyone/coco-2017/train/data/000000053591.jpg,train,mllm_selection,000000053591
coco-rem,000000078413,/home/felix/fiftyone/coco-2017/train/data/000000078413.jpg,train,mllm_selection,000000078413
coco-rem,000000247576,/home/felix/fiftyone/coco-2017/train/data/000000247576.jpg,train,mllm_selection,000000247576
coco-rem,000000040894,/home/felix/fiftyone/coco-2017/train/data/000000040894.jpg,train,mllm_selection,000000040894
coco-rem,000000328454,/home/felix/fiftyone/coco-2017/train/data/000000328454.jpg,train,mllm_selection,000000328454
coco-rem,000000013452,/home/felix/fiftyone/coco-2017/train/data/000000013452.jpg,train,mllm_selection,000000013452
coco-rem,000000546342,/home/felix/fiftyone/coco-2017/train/data/000000546342.jpg,train,mllm_selection,000000546342
coco-rem,000000031912,/home/felix/fiftyone/coco-2017/train/data/000000031912.jpg,train,mllm_selection,000000031912
coco-rem,000000005011,/home/felix/fiftyone/coco-2017/train/data/000000005011.jpg,train,mllm_selection,000000005011
coco-rem,000000135202,/home/felix/fiftyone/coco-2017/train/data/000000135202.jpg,train,mllm_selection,000000135202
coco-rem,000000488203,/home/felix/fiftyone/coco-2017/train/data/000000488203.jpg,train,mllm_selection,000000488203
coco-rem,000000193031,/home/felix/fiftyone/coco-2017/train/data/000000193031.jpg,train,mllm_selection,000000193031
coco-rem,000000145749,/home/felix/fiftyone/coco-2017/train/data/000000145749.jpg,train,mllm_selection,000000145749
coco-rem,000000112250,/home/felix/fiftyone/coco-2017/train/data/000000112250.jpg,train,mllm_selection,000000112250
coco-rem,000000323717,/home/felix/fiftyone/coco-2017/train/data/000000323717.jpg,train,mllm_selection,000000323717
coco-rem,000000377395,/home/felix/fiftyone/coco-2017/train/data/000000377395.jpg,train,mllm_selection,000000377395
coco-rem,000000253686,/home/felix/fiftyone/coco-2017/train/data/000000253686.jpg,train,mllm_selection,000000253686
coco-rem,000000099382,/home/felix/fiftyone/coco-2017/train/data/000000099382.jpg,train,mllm_selection,000000099382
coco-rem,000000347612,/home/felix/fiftyone/coco-2017/train/data/000000347612.jpg,train,mllm_selection,000000347612
coco-rem,000000233193,/home/felix/fiftyone/coco-2017/train/data/000000233193.jpg,train,mllm_selection,000000233193
coco-rem,000000539068,/home/felix/fiftyone/coco-2017/train/data/000000539068.jpg,train,mllm_selection,000000539068
coco-rem,000000303020,/home/felix/fiftyone/coco-2017/train/data/000000303020.jpg,train,mllm_selection,000000303020
coco-rem,000000035413,/home/felix/fiftyone/coco-2017/train/data/000000035413.jpg,train,mllm_selection,000000035413
coco-rem,000000424137,/home/felix/fiftyone/coco-2017/train/data/000000424137.jpg,train,mllm_selection,000000424137
coco-rem,000000395124,/home/felix/fiftyone/coco-2017/train/data/000000395124.jpg,train,mllm_selection,000000395124
coco-rem,000000484456,/home/felix/fiftyone/coco-2017/train/data/000000484456.jpg,train,mllm_selection,000000484456
coco-rem,000000526104,/home/felix/fiftyone/coco-2017/train/data/000000526104.jpg,train,mllm_selection,000000526104
coco-rem,000000574930,/home/felix/fiftyone/coco-2017/train/data/000000574930.jpg,train,mllm_selection,000000574930
coco-rem,000000055527,/home/felix/fiftyone/coco-2017/train/data/000000055527.jpg,train,mllm_selection,000000055527
coco-rem,000000505814,/home/felix/fiftyone/coco-2017/train/data/000000505814.jpg,train,mllm_selection,000000505814
coco-rem,000000310526,/home/felix/fiftyone/coco-2017/train/data/000000310526.jpg,train,mllm_selection,000000310526
coco-rem,000000439932,/home/felix/fiftyone/coco-2017/train/data/000000439932.jpg,train,mllm_selection,000000439932
coco-rem,000000038586,/home/felix/fiftyone/coco-2017/train/data/000000038586.jpg,train,mllm_selection,000000038586
coco-rem,000000335395,/home/felix/fiftyone/coco-2017/train/data/000000335395.jpg,train,mllm_selection,000000335395
coco-rem,000000292289,/home/felix/fiftyone/coco-2017/train/data/000000292289.jpg,train,mllm_selection,000000292289
coco-rem,000000519490,/home/felix/fiftyone/coco-2017/train/data/000000519490.jpg,train,mllm_selection,000000519490
coco-rem,000000163928,/home/felix/fiftyone/coco-2017/train/data/000000163928.jpg,train,mllm_selection,000000163928
coco-rem,000000285568,/home/felix/fiftyone/coco-2017/train/data/000000285568.jpg,train,mllm_selection,000000285568
coco-rem,000000014352,/home/felix/fiftyone/coco-2017/train/data/000000014352.jpg,train,mllm_selection,000000014352
coco-rem,000000447233,/home/felix/fiftyone/coco-2017/train/data/000000447233.jpg,train,mllm_selection,000000447233
coco-rem,000000381251,/home/felix/fiftyone/coco-2017/train/data/000000381251.jpg,train,mllm_selection,000000381251
coco-rem,000000388466,/home/felix/fiftyone/coco-2017/train/data/000000388466.jpg,train,mllm_selection,000000388466
coco-rem,000000273035,/home/felix/fiftyone/coco-2017/train/data/000000273035.jpg,train,mllm_selection,000000273035
coco-rem,000000047172,/home/felix/fiftyone/coco-2017/train/data/000000047172.jpg,train,mllm_selection,000000047172
coco-rem,000000056104,/home/felix/fiftyone/coco-2017/train/data/000000056104.jpg,train,mllm_selection,000000056104
coco-rem,000000262262,/home/felix/fiftyone/coco-2017/train/data/000000262262.jpg,train,mllm_selection,000000262262
coco-rem,000000006347,/home/felix/fiftyone/coco-2017/train/data/000000006347.jpg,train,mllm_selection,000000006347
coco-rem,000000424816,/home/felix/fiftyone/coco-2017/train/data/000000424816.jpg,train,mllm_selection,000000424816
coco-rem,000000103223,/home/felix/fiftyone/coco-2017/train/data/000000103223.jpg,train,mllm_selection,000000103223
coco-rem,000000285307,/home/felix/fiftyone/coco-2017/train/data/000000285307.jpg,train,mllm_selection,000000285307
coco-rem,000000562801,/home/felix/fiftyone/coco-2017/train/data/000000562801.jpg,train,mllm_selection,000000562801
coco-rem,000000220850,/home/felix/fiftyone/coco-2017/train/data/000000220850.jpg,train,mllm_selection,000000220850
coco-rem,000000354888,/home/felix/fiftyone/coco-2017/train/data/000000354888.jpg,train,mllm_selection,000000354888
coco-rem,000000456699,/home/felix/fiftyone/coco-2017/train/data/000000456699.jpg,train,mllm_selection,000000456699
coco-rem,000000413278,/home/felix/fiftyone/coco-2017/train/data/000000413278.jpg,train,mllm_selection,000000413278
coco-rem,000000438762,/home/felix/fiftyone/coco-2017/train/data/000000438762.jpg,train,mllm_selection,000000438762
coco-rem,000000118785,/home/felix/fiftyone/coco-2017/train/data/000000118785.jpg,train,mllm_selection,000000118785
coco-rem,000000460188,/home/felix/fiftyone/coco-2017/train/data/000000460188.jpg,train,mllm_selection,000000460188
coco-rem,000000124766,/home/felix/fiftyone/coco-2017/train/data/000000124766.jpg,train,mllm_selection,000000124766
coco-rem,000000408950,/home/felix/fiftyone/coco-2017/train/data/000000408950.jpg,train,mllm_selection,000000408950
coco-rem,000000363298,/home/felix/fiftyone/coco-2017/train/data/000000363298.jpg,train,mllm_selection,000000363298
coco-rem,000000169054,/home/felix/fiftyone/coco-2017/train/data/000000169054.jpg,train,mllm_selection,000000169054
coco-rem,000000293909,/home/felix/fiftyone/coco-2017/train/data/000000293909.jpg,train,mllm_selection,000000293909
coco-rem,000000556551,/home/felix/fiftyone/coco-2017/train/data/000000556551.jpg,train,mllm_selection,000000556551
coco-rem,000000344255,/home/felix/fiftyone/coco-2017/train/data/000000344255.jpg,train,mllm_selection,000000344255
coco-rem,000000366630,/home/felix/fiftyone/coco-2017/train/data/000000366630.jpg,train,mllm_selection,000000366630
coco-rem,000000214574,/home/felix/fiftyone/coco-2017/train/data/000000214574.jpg,train,mllm_selection,000000214574
coco-rem,000000320563,/home/felix/fiftyone/coco-2017/train/data/000000320563.jpg,train,mllm_selection,000000320563
coco-rem,000000265187,/home/felix/fiftyone/coco-2017/train/data/000000265187.jpg,train,mllm_selection,000000265187
coco-rem,000000400655,/home/felix/fiftyone/coco-2017/train/data/000000400655.jpg,train,mllm_selection,000000400655
coco-rem,000000517018,/home/felix/fiftyone/coco-2017/train/data/000000517018.jpg,train,mllm_selection,000000517018
coco-rem,000000579277,/home/felix/fiftyone/coco-2017/train/data/000000579277.jpg,train,mllm_selection,000000579277
coco-rem,000000493307,/home/felix/fiftyone/coco-2017/train/data/000000493307.jpg,train,mllm_selection,000000493307
coco-rem,000000023594,/home/felix/fiftyone/coco-2017/train/data/000000023594.jpg,train,mllm_selection,000000023594
coco-rem,000000105015,/home/felix/fiftyone/coco-2017/train/data/000000105015.jpg,train,mllm_selection,000000105015
coco-rem,000000523183,/home/felix/fiftyone/coco-2017/train/data/000000523183.jpg,train,mllm_selection,000000523183
coco-rem,000000505788,/home/felix/fiftyone/coco-2017/train/data/000000505788.jpg,train,mllm_selection,000000505788
coco-rem,000000404385,/home/felix/fiftyone/coco-2017/train/data/000000404385.jpg,train,mllm_selection,000000404385
coco-rem,000000254644,/home/felix/fiftyone/coco-2017/train/data/000000254644.jpg,train,mllm_selection,000000254644
coco-rem,000000560131,/home/felix/fiftyone/coco-2017/train/data/000000560131.jpg,train,mllm_selection,000000560131
coco-rem,000000559395,/home/felix/fiftyone/coco-2017/train/data/000000559395.jpg,train,mllm_selection,000000559395
coco-rem,000000085926,/home/felix/fiftyone/coco-2017/train/data/000000085926.jpg,train,mllm_selection,000000085926
coco-rem,000000208342,/home/felix/fiftyone/coco-2017/train/data/000000208342.jpg,train,mllm_selection,000000208342
coco-rem,000000145746,/home/felix/fiftyone/coco-2017/train/data/000000145746.jpg,train,mllm_selection,000000145746
coco-rem,000000436990,/home/felix/fiftyone/coco-2017/train/data/000000436990.jpg,train,mllm_selection,000000436990
coco-rem,000000543026,/home/felix/fiftyone/coco-2017/train/data/000000543026.jpg,train,mllm_selection,000000543026
coco-rem,000000140826,/home/felix/fiftyone/coco-2017/train/data/000000140826.jpg,train,mllm_selection,000000140826
coco-rem,000000268468,/home/felix/fiftyone/coco-2017/train/data/000000268468.jpg,train,mllm_selection,000000268468
coco-rem,000000191881,/home/felix/fiftyone/coco-2017/train/data/000000191881.jpg,train,mllm_selection,000000191881
coco-rem,000000307196,/home/felix/fiftyone/coco-2017/train/data/000000307196.jpg,train,mllm_selection,000000307196
coco-rem,000000501289,/home/felix/fiftyone/coco-2017/train/data/000000501289.jpg,train,mllm_selection,000000501289
coco-rem,000000566083,/home/felix/fiftyone/coco-2017/train/data/000000566083.jpg,train,mllm_selection,000000566083
coco-rem,000000523677,/home/felix/fiftyone/coco-2017/train/data/000000523677.jpg,train,mllm_selection,000000523677
coco-rem,000000113638,/home/felix/fiftyone/coco-2017/train/data/000000113638.jpg,train,mllm_selection,000000113638
coco-rem,000000356028,/home/felix/fiftyone/coco-2017/train/data/000000356028.jpg,train,mllm_selection,000000356028
coco-rem,000000538480,/home/felix/fiftyone/coco-2017/train/data/000000538480.jpg,train,mllm_selection,000000538480
coco-rem,000000420826,/home/felix/fiftyone/coco-2017/train/data/000000420826.jpg,train,mllm_selection,000000420826
coco-rem,000000150769,/home/felix/fiftyone/coco-2017/train/data/000000150769.jpg,train,mllm_selection,000000150769
coco-rem,000000533201,/home/felix/fiftyone/coco-2017/train/data/000000533201.jpg,train,mllm_selection,000000533201
coco-rem,000000519827,/home/felix/fiftyone/coco-2017/train/data/000000519827.jpg,train,mllm_selection,000000519827
coco-rem,000000165969,/home/felix/fiftyone/coco-2017/train/data/000000165969.jpg,train,mllm_selection,000000165969
coco-rem,000000463110,/home/felix/fiftyone/coco-2017/train/data/000000463110.jpg,train,mllm_selection,000000463110
coco-rem,000000158292,/home/felix/fiftyone/coco-2017/train/data/000000158292.jpg,train,mllm_selection,000000158292
coco-rem,000000268681,/home/felix/fiftyone/coco-2017/train/data/000000268681.jpg,train,mllm_selection,000000268681
coco-rem,000000285217,/home/felix/fiftyone/coco-2017/train/data/000000285217.jpg,train,mllm_selection,000000285217
coco-rem,000000034811,/home/felix/fiftyone/coco-2017/train/data/000000034811.jpg,train,mllm_selection,000000034811
coco-rem,000000214106,/home/felix/fiftyone/coco-2017/train/data/000000214106.jpg,train,mllm_selection,000000214106
coco-rem,000000575020,/home/felix/fiftyone/coco-2017/train/data/000000575020.jpg,train,mllm_selection,000000575020
coco-rem,000000151589,/home/felix/fiftyone/coco-2017/train/data/000000151589.jpg,train,mllm_selection,000000151589
coco-rem,000000326332,/home/felix/fiftyone/coco-2017/train/data/000000326332.jpg,train,mllm_selection,000000326332
coco-rem,000000311783,/home/felix/fiftyone/coco-2017/train/data/000000311783.jpg,train,mllm_selection,000000311783
coco-rem,000000080480,/home/felix/fiftyone/coco-2017/train/data/000000080480.jpg,train,mllm_selection,000000080480
coco-rem,000000279237,/home/felix/fiftyone/coco-2017/train/data/000000279237.jpg,train,mllm_selection,000000279237
coco-rem,000000352831,/home/felix/fiftyone/coco-2017/train/data/000000352831.jpg,train,mllm_selection,000000352831
coco-rem,000000036841,/home/felix/fiftyone/coco-2017/train/data/000000036841.jpg,train,mllm_selection,000000036841
coco-rem,000000064751,/home/felix/fiftyone/coco-2017/train/data/000000064751.jpg,train,mllm_selection,000000064751
coco-rem,000000323930,/home/felix/fiftyone/coco-2017/train/data/000000323930.jpg,train,mllm_selection,000000323930
coco-rem,000000050206,/home/felix/fiftyone/coco-2017/train/data/000000050206.jpg,train,mllm_selection,000000050206
coco-rem,000000558784,/home/felix/fiftyone/coco-2017/train/data/000000558784.jpg,train,mllm_selection,000000558784
coco-rem,000000474764,/home/felix/fiftyone/coco-2017/train/data/000000474764.jpg,train,mllm_selection,000000474764
coco-rem,000000489093,/home/felix/fiftyone/coco-2017/train/data/000000489093.jpg,train,mllm_selection,000000489093
coco-rem,000000173392,/home/felix/fiftyone/coco-2017/train/data/000000173392.jpg,train,mllm_selection,000000173392
coco-rem,000000240904,/home/felix/fiftyone/coco-2017/train/data/000000240904.jpg,train,mllm_selection,000000240904
coco-rem,000000554182,/home/felix/fiftyone/coco-2017/train/data/000000554182.jpg,train,mllm_selection,000000554182
coco-rem,000000379584,/home/felix/fiftyone/coco-2017/train/data/000000379584.jpg,train,mllm_selection,000000379584
coco-rem,000000290183,/home/felix/fiftyone/coco-2017/train/data/000000290183.jpg,train,mllm_selection,000000290183
coco-rem,000000390348,/home/felix/fiftyone/coco-2017/train/data/000000390348.jpg,train,mllm_selection,000000390348
coco-rem,000000534292,/home/felix/fiftyone/coco-2017/train/data/000000534292.jpg,train,mllm_selection,000000534292
coco-rem,000000381858,/home/felix/fiftyone/coco-2017/train/data/000000381858.jpg,train,mllm_selection,000000381858
coco-rem,000000239499,/home/felix/fiftyone/coco-2017/train/data/000000239499.jpg,train,mllm_selection,000000239499
coco-rem,000000518894,/home/felix/fiftyone/coco-2017/train/data/000000518894.jpg,train,mllm_selection,000000518894
coco-rem,000000257767,/home/felix/fiftyone/coco-2017/train/data/000000257767.jpg,train,mllm_selection,000000257767
coco-rem,000000458640,/home/felix/fiftyone/coco-2017/train/data/000000458640.jpg,train,mllm_selection,000000458640
coco-rem,000000358391,/home/felix/fiftyone/coco-2017/train/data/000000358391.jpg,train,mllm_selection,000000358391
coco-rem,000000436349,/home/felix/fiftyone/coco-2017/train/data/000000436349.jpg,train,mllm_selection,000000436349
coco-rem,000000527064,/home/felix/fiftyone/coco-2017/train/data/000000527064.jpg,train,mllm_selection,000000527064
coco-rem,000000504621,/home/felix/fiftyone/coco-2017/train/data/000000504621.jpg,train,mllm_selection,000000504621
coco-rem,000000524366,/home/felix/fiftyone/coco-2017/train/data/000000524366.jpg,train,mllm_selection,000000524366
coco-rem,000000331129,/home/felix/fiftyone/coco-2017/train/data/000000331129.jpg,train,mllm_selection,000000331129
coco-rem,000000095535,/home/felix/fiftyone/coco-2017/train/data/000000095535.jpg,train,mllm_selection,000000095535
coco-rem,000000264362,/home/felix/fiftyone/coco-2017/train/data/000000264362.jpg,train,mllm_selection,000000264362
coco-rem,000000359066,/home/felix/fiftyone/coco-2017/train/data/000000359066.jpg,train,mllm_selection,000000359066
coco-rem,000000489849,/home/felix/fiftyone/coco-2017/train/data/000000489849.jpg,train,mllm_selection,000000489849
coco-rem,000000161840,/home/felix/fiftyone/coco-2017/train/data/000000161840.jpg,train,mllm_selection,000000161840
coco-rem,000000431827,/home/felix/fiftyone/coco-2017/train/data/000000431827.jpg,train,mllm_selection,000000431827
coco-rem,000000444626,/home/felix/fiftyone/coco-2017/train/data/000000444626.jpg,train,mllm_selection,000000444626
coco-rem,000000063835,/home/felix/fiftyone/coco-2017/train/data/000000063835.jpg,train,mllm_selection,000000063835
coco-rem,000000157037,/home/felix/fiftyone/coco-2017/train/data/000000157037.jpg,train,mllm_selection,000000157037
coco-rem,000000062038,/home/felix/fiftyone/coco-2017/train/data/000000062038.jpg,train,mllm_selection,000000062038
coco-rem,000000571051,/home/felix/fiftyone/coco-2017/train/data/000000571051.jpg,train,mllm_selection,000000571051
coco-rem,000000257813,/home/felix/fiftyone/coco-2017/train/data/000000257813.jpg,train,mllm_selection,000000257813
coco-rem,000000021294,/home/felix/fiftyone/coco-2017/train/data/000000021294.jpg,train,mllm_selection,000000021294
coco-rem,000000224554,/home/felix/fiftyone/coco-2017/train/data/000000224554.jpg,train,mllm_selection,000000224554
coco-rem,000000158726,/home/felix/fiftyone/coco-2017/train/data/000000158726.jpg,train,mllm_selection,000000158726
coco-rem,000000568961,/home/felix/fiftyone/coco-2017/train/data/000000568961.jpg,train,mllm_selection,000000568961
coco-rem,000000141710,/home/felix/fiftyone/coco-2017/train/data/000000141710.jpg,train,mllm_selection,000000141710
coco-rem,000000331349,/home/felix/fiftyone/coco-2017/train/data/000000331349.jpg,train,mllm_selection,000000331349
coco-rem,000000570588,/home/felix/fiftyone/coco-2017/train/data/000000570588.jpg,train,mllm_selection,000000570588
coco-rem,000000560361,/home/felix/fiftyone/coco-2017/train/data/000000560361.jpg,train,mllm_selection,000000560361
coco-rem,000000322112,/home/felix/fiftyone/coco-2017/train/data/000000322112.jpg,train,mllm_selection,000000322112
coco-rem,000000455667,/home/felix/fiftyone/coco-2017/train/data/000000455667.jpg,train,mllm_selection,000000455667
coco-rem,000000459923,/home/felix/fiftyone/coco-2017/train/data/000000459923.jpg,train,mllm_selection,000000459923
coco-rem,000000161586,/home/felix/fiftyone/coco-2017/train/data/000000161586.jpg,train,mllm_selection,000000161586
coco-rem,000000103059,/home/felix/fiftyone/coco-2017/train/data/000000103059.jpg,train,mllm_selection,000000103059
coco-rem,000000449936,/home/felix/fiftyone/coco-2017/train/data/000000449936.jpg,train,mllm_selection,000000449936
coco-rem,000000027149,/home/felix/fiftyone/coco-2017/train/data/000000027149.jpg,train,mllm_selection,000000027149
coco-rem,000000546646,/home/felix/fiftyone/coco-2017/train/data/000000546646.jpg,train,mllm_selection,000000546646
coco-rem,000000578951,/home/felix/fiftyone/coco-2017/train/data/000000578951.jpg,train,mllm_selection,000000578951
coco-rem,000000409031,/home/felix/fiftyone/coco-2017/train/data/000000409031.jpg,train,mllm_selection,000000409031
coco-rem,000000181462,/home/felix/fiftyone/coco-2017/train/data/000000181462.jpg,train,mllm_selection,000000181462
coco-rem,000000536960,/home/felix/fiftyone/coco-2017/train/data/000000536960.jpg,train,mllm_selection,000000536960
coco-rem,000000269338,/home/felix/fiftyone/coco-2017/train/data/000000269338.jpg,train,mllm_selection,000000269338
coco-rem,000000274022,/home/felix/fiftyone/coco-2017/train/data/000000274022.jpg,train,mllm_selection,000000274022
coco-rem,000000104290,/home/felix/fiftyone/coco-2017/train/data/000000104290.jpg,train,mllm_selection,000000104290
coco-rem,000000331444,/home/felix/fiftyone/coco-2017/train/data/000000331444.jpg,train,mllm_selection,000000331444
coco-rem,000000250922,/home/felix/fiftyone/coco-2017/train/data/000000250922.jpg,train,mllm_selection,000000250922
coco-rem,000000246124,/home/felix/fiftyone/coco-2017/train/data/000000246124.jpg,train,mllm_selection,000000246124
coco-rem,000000109516,/home/felix/fiftyone/coco-2017/train/data/000000109516.jpg,train,mllm_selection,000000109516
coco-rem,000000460503,/home/felix/fiftyone/coco-2017/train/data/000000460503.jpg,train,mllm_selection,000000460503
coco-rem,000000341534,/home/felix/fiftyone/coco-2017/train/data/000000341534.jpg,train,mllm_selection,000000341534
coco-rem,000000192656,/home/felix/fiftyone/coco-2017/train/data/000000192656.jpg,train,mllm_selection,000000192656
coco-rem,000000431818,/home/felix/fiftyone/coco-2017/train/data/000000431818.jpg,train,mllm_selection,000000431818
coco-rem,000000112590,/home/felix/fiftyone/coco-2017/train/data/000000112590.jpg,train,mllm_selection,000000112590
coco-rem,000000111759,/home/felix/fiftyone/coco-2017/train/data/000000111759.jpg,train,mllm_selection,000000111759
coco-rem,000000407699,/home/felix/fiftyone/coco-2017/train/data/000000407699.jpg,train,mllm_selection,000000407699
coco-rem,000000063650,/home/felix/fiftyone/coco-2017/train/data/000000063650.jpg,train,mllm_selection,000000063650
coco-rem,000000279838,/home/felix/fiftyone/coco-2017/train/data/000000279838.jpg,train,mllm_selection,000000279838
coco-rem,000000152965,/home/felix/fiftyone/coco-2017/train/data/000000152965.jpg,train,mllm_selection,000000152965
coco-rem,000000153909,/home/felix/fiftyone/coco-2017/train/data/000000153909.jpg,train,mllm_selection,000000153909
coco-rem,000000004318,/home/felix/fiftyone/coco-2017/train/data/000000004318.jpg,train,mllm_selection,000000004318
coco-rem,000000054996,/home/felix/fiftyone/coco-2017/train/data/000000054996.jpg,train,mllm_selection,000000054996
coco-rem,000000380115,/home/felix/fiftyone/coco-2017/train/data/000000380115.jpg,train,mllm_selection,000000380115
coco-rem,000000320173,/home/felix/fiftyone/coco-2017/train/data/000000320173.jpg,train,mllm_selection,000000320173
coco-rem,000000214589,/home/felix/fiftyone/coco-2017/train/data/000000214589.jpg,train,mllm_selection,000000214589
coco-rem,000000277642,/home/felix/fiftyone/coco-2017/train/data/000000277642.jpg,train,mllm_selection,000000277642
coco-rem,000000058614,/home/felix/fiftyone/coco-2017/train/data/000000058614.jpg,train,mllm_selection,000000058614
coco-rem,000000454917,/home/felix/fiftyone/coco-2017/train/data/000000454917.jpg,train,mllm_selection,000000454917
coco-rem,000000053491,/home/felix/fiftyone/coco-2017/train/data/000000053491.jpg,train,mllm_selection,000000053491
coco-rem,000000516116,/home/felix/fiftyone/coco-2017/train/data/000000516116.jpg,train,mllm_selection,000000516116
coco-rem,000000532926,/home/felix/fiftyone/coco-2017/train/data/000000532926.jpg,train,mllm_selection,000000532926
coco-rem,000000004140,/home/felix/fiftyone/coco-2017/train/data/000000004140.jpg,train,mllm_selection,000000004140
coco-rem,000000099211,/home/felix/fiftyone/coco-2017/train/data/000000099211.jpg,train,mllm_selection,000000099211
coco-rem,000000495433,/home/felix/fiftyone/coco-2017/train/data/000000495433.jpg,train,mllm_selection,000000495433
coco-rem,000000389180,/home/felix/fiftyone/coco-2017/train/data/000000389180.jpg,train,mllm_selection,000000389180
coco-rem,000000127809,/home/felix/fiftyone/coco-2017/train/data/000000127809.jpg,train,mllm_selection,000000127809
coco-rem,000000354976,/home/felix/fiftyone/coco-2017/train/data/000000354976.jpg,train,mllm_selection,000000354976
coco-rem,000000000623,/home/felix/fiftyone/coco-2017/train/data/000000000623.jpg,train,mllm_selection,000000000623
coco-rem,000000396366,/home/felix/fiftyone/coco-2017/train/data/000000396366.jpg,train,mllm_selection,000000396366
coco-rem,000000359659,/home/felix/fiftyone/coco-2017/train/data/000000359659.jpg,train,mllm_selection,000000359659
coco-rem,000000468159,/home/felix/fiftyone/coco-2017/train/data/000000468159.jpg,train,mllm_selection,000000468159
coco-rem,000000257020,/home/felix/fiftyone/coco-2017/train/data/000000257020.jpg,train,mllm_selection,000000257020
coco-rem,000000459935,/home/felix/fiftyone/coco-2017/train/data/000000459935.jpg,train,mllm_selection,000000459935
coco-rem,000000079143,/home/felix/fiftyone/coco-2017/train/data/000000079143.jpg,train,mllm_selection,000000079143
coco-rem,000000443562,/home/felix/fiftyone/coco-2017/train/data/000000443562.jpg,train,mllm_selection,000000443562
coco-rem,000000318056,/home/felix/fiftyone/coco-2017/train/data/000000318056.jpg,train,mllm_selection,000000318056
coco-rem,000000342279,/home/felix/fiftyone/coco-2017/train/data/000000342279.jpg,train,mllm_selection,000000342279
coco-rem,000000345870,/home/felix/fiftyone/coco-2017/train/data/000000345870.jpg,train,mllm_selection,000000345870
coco-rem,000000252443,/home/felix/fiftyone/coco-2017/train/data/000000252443.jpg,train,mllm_selection,000000252443
coco-rem,000000413999,/home/felix/fiftyone/coco-2017/train/data/000000413999.jpg,train,mllm_selection,000000413999
coco-rem,000000092355,/home/felix/fiftyone/coco-2017/train/data/000000092355.jpg,train,mllm_selection,000000092355
coco-rem,000000369763,/home/felix/fiftyone/coco-2017/train/data/000000369763.jpg,train,mllm_selection,000000369763
coco-rem,000000541938,/home/felix/fiftyone/coco-2017/train/data/000000541938.jpg,train,mllm_selection,000000541938
coco-rem,000000200611,/home/felix/fiftyone/coco-2017/train/data/000000200611.jpg,train,mllm_selection,000000200611
coco-rem,000000013517,/home/felix/fiftyone/coco-2017/train/data/000000013517.jpg,train,mllm_selection,000000013517
coco-rem,000000498980,/home/felix/fiftyone/coco-2017/train/data/000000498980.jpg,train,mllm_selection,000000498980
coco-rem,000000458721,/home/felix/fiftyone/coco-2017/train/data/000000458721.jpg,train,mllm_selection,000000458721
coco-rem,000000287953,/home/felix/fiftyone/coco-2017/train/data/000000287953.jpg,train,mllm_selection,000000287953
coco-rem,000000005673,/home/felix/fiftyone/coco-2017/train/data/000000005673.jpg,train,mllm_selection,000000005673
coco-rem,000000097936,/home/felix/fiftyone/coco-2017/train/data/000000097936.jpg,train,mllm_selection,000000097936
coco-rem,000000158130,/home/felix/fiftyone/coco-2017/train/data/000000158130.jpg,train,mllm_selection,000000158130
coco-rem,000000218784,/home/felix/fiftyone/coco-2017/train/data/000000218784.jpg,train,mllm_selection,000000218784
coco-rem,000000509047,/home/felix/fiftyone/coco-2017/train/data/000000509047.jpg,train,mllm_selection,000000509047
coco-rem,000000130000,/home/felix/fiftyone/coco-2017/train/data/000000130000.jpg,train,mllm_selection,000000130000
coco-rem,000000288076,/home/felix/fiftyone/coco-2017/train/data/000000288076.jpg,train,mllm_selection,000000288076
coco-rem,000000392998,/home/felix/fiftyone/coco-2017/train/data/000000392998.jpg,train,mllm_selection,000000392998
coco-rem,000000560967,/home/felix/fiftyone/coco-2017/train/data/000000560967.jpg,train,mllm_selection,000000560967
coco-rem,000000160013,/home/felix/fiftyone/coco-2017/train/data/000000160013.jpg,train,mllm_selection,000000160013
coco-rem,000000134857,/home/felix/fiftyone/coco-2017/train/data/000000134857.jpg,train,mllm_selection,000000134857
coco-rem,000000064089,/home/felix/fiftyone/coco-2017/train/data/000000064089.jpg,train,mllm_selection,000000064089
coco-rem,000000379911,/home/felix/fiftyone/coco-2017/train/data/000000379911.jpg,train,mllm_selection,000000379911
coco-rem,000000034938,/home/felix/fiftyone/coco-2017/train/data/000000034938.jpg,train,mllm_selection,000000034938
coco-rem,000000042416,/home/felix/fiftyone/coco-2017/train/data/000000042416.jpg,train,mllm_selection,000000042416
coco-rem,000000436174,/home/felix/fiftyone/coco-2017/train/data/000000436174.jpg,train,mllm_selection,000000436174
coco-rem,000000314050,/home/felix/fiftyone/coco-2017/train/data/000000314050.jpg,train,mllm_selection,000000314050
coco-rem,000000471737,/home/felix/fiftyone/coco-2017/train/data/000000471737.jpg,train,mllm_selection,000000471737
coco-rem,000000449865,/home/felix/fiftyone/coco-2017/train/data/000000449865.jpg,train,mllm_selection,000000449865
coco-rem,000000438095,/home/felix/fiftyone/coco-2017/train/data/000000438095.jpg,train,mllm_selection,000000438095
coco-rem,000000312439,/home/felix/fiftyone/coco-2017/train/data/000000312439.jpg,train,mllm_selection,000000312439
coco-rem,000000101485,/home/felix/fiftyone/coco-2017/train/data/000000101485.jpg,train,mllm_selection,000000101485
coco-rem,000000428175,/home/felix/fiftyone/coco-2017/train/data/000000428175.jpg,train,mllm_selection,000000428175
coco-rem,000000382307,/home/felix/fiftyone/coco-2017/train/data/000000382307.jpg,train,mllm_selection,000000382307
coco-rem,000000128826,/home/felix/fiftyone/coco-2017/train/data/000000128826.jpg,train,mllm_selection,000000128826
coco-rem,000000262204,/home/felix/fiftyone/coco-2017/train/data/000000262204.jpg,train,mllm_selection,000000262204
coco-rem,000000434118,/home/felix/fiftyone/coco-2017/train/data/000000434118.jpg,train,mllm_selection,000000434118
coco-rem,000000050096,/home/felix/fiftyone/coco-2017/train/data/000000050096.jpg,train,mllm_selection,000000050096
coco-rem,000000247871,/home/felix/fiftyone/coco-2017/train/data/000000247871.jpg,train,mllm_selection,000000247871
coco-rem,000000322820,/home/felix/fiftyone/coco-2017/train/data/000000322820.jpg,train,mllm_selection,000000322820
coco-rem,000000277393,/home/felix/fiftyone/coco-2017/train/data/000000277393.jpg,train,mllm_selection,000000277393
coco-rem,000000384675,/home/felix/fiftyone/coco-2017/train/data/000000384675.jpg,train,mllm_selection,000000384675
coco-rem,000000527139,/home/felix/fiftyone/coco-2017/train/data/000000527139.jpg,train,mllm_selection,000000527139
coco-rem,000000364159,/home/felix/fiftyone/coco-2017/train/data/000000364159.jpg,train,mllm_selection,000000364159
coco-rem,000000314574,/home/felix/fiftyone/coco-2017/train/data/000000314574.jpg,train,mllm_selection,000000314574
coco-rem,000000037039,/home/felix/fiftyone/coco-2017/train/data/000000037039.jpg,train,mllm_selection,000000037039
coco-rem,000000321194,/home/felix/fiftyone/coco-2017/train/data/000000321194.jpg,train,mllm_selection,000000321194
coco-rem,000000170931,/home/felix/fiftyone/coco-2017/train/data/000000170931.jpg,train,mllm_selection,000000170931
coco-rem,000000049005,/home/felix/fiftyone/coco-2017/train/data/000000049005.jpg,train,mllm_selection,000000049005
coco-rem,000000190499,/home/felix/fiftyone/coco-2017/train/data/000000190499.jpg,train,mllm_selection,000000190499
coco-rem,000000306060,/home/felix/fiftyone/coco-2017/train/data/000000306060.jpg,train,mllm_selection,000000306060
coco-rem,000000235809,/home/felix/fiftyone/coco-2017/train/data/000000235809.jpg,train,mllm_selection,000000235809
coco-rem,000000546105,/home/felix/fiftyone/coco-2017/train/data/000000546105.jpg,train,mllm_selection,000000546105
coco-rem,000000201059,/home/felix/fiftyone/coco-2017/train/data/000000201059.jpg,train,mllm_selection,000000201059
coco-rem,000000347023,/home/felix/fiftyone/coco-2017/train/data/000000347023.jpg,train,mllm_selection,000000347023
coco-rem,000000224282,/home/felix/fiftyone/coco-2017/train/data/000000224282.jpg,train,mllm_selection,000000224282
coco-rem,000000033924,/home/felix/fiftyone/coco-2017/train/data/000000033924.jpg,train,mllm_selection,000000033924
coco-rem,000000366096,/home/felix/fiftyone/coco-2017/train/data/000000366096.jpg,train,mllm_selection,000000366096
coco-rem,000000297415,/home/felix/fiftyone/coco-2017/train/data/000000297415.jpg,train,mllm_selection,000000297415
coco-rem,000000322031,/home/felix/fiftyone/coco-2017/train/data/000000322031.jpg,train,mllm_selection,000000322031
coco-rem,000000110251,/home/felix/fiftyone/coco-2017/train/data/000000110251.jpg,train,mllm_selection,000000110251
coco-rem,000000573932,/home/felix/fiftyone/coco-2017/train/data/000000573932.jpg,train,mllm_selection,000000573932
coco-rem,000000534771,/home/felix/fiftyone/coco-2017/train/data/000000534771.jpg,train,mllm_selection,000000534771
coco-rem,000000320039,/home/felix/fiftyone/coco-2017/train/data/000000320039.jpg,train,mllm_selection,000000320039
coco-rem,000000069809,/home/felix/fiftyone/coco-2017/train/data/000000069809.jpg,train,mllm_selection,000000069809
coco-rem,000000324203,/home/felix/fiftyone/coco-2017/train/data/000000324203.jpg,train,mllm_selection,000000324203
coco-rem,000000002197,/home/felix/fiftyone/coco-2017/train/data/000000002197.jpg,train,mllm_selection,000000002197
coco-rem,000000134075,/home/felix/fiftyone/coco-2017/train/data/000000134075.jpg,train,mllm_selection,000000134075
coco-rem,000000396105,/home/felix/fiftyone/coco-2017/train/data/000000396105.jpg,train,mllm_selection,000000396105
coco-rem,000000509540,/home/felix/fiftyone/coco-2017/train/data/000000509540.jpg,train,mllm_selection,000000509540
coco-rem,000000449919,/home/felix/fiftyone/coco-2017/train/data/000000449919.jpg,train,mllm_selection,000000449919
coco-rem,000000069308,/home/felix/fiftyone/coco-2017/train/data/000000069308.jpg,train,mllm_selection,000000069308
coco-rem,000000263382,/home/felix/fiftyone/coco-2017/train/data/000000263382.jpg,train,mllm_selection,000000263382
coco-rem,000000528984,/home/felix/fiftyone/coco-2017/train/data/000000528984.jpg,train,mllm_selection,000000528984
coco-rem,000000056433,/home/felix/fiftyone/coco-2017/train/data/000000056433.jpg,train,mllm_selection,000000056433
coco-rem,000000372683,/home/felix/fiftyone/coco-2017/train/data/000000372683.jpg,train,mllm_selection,000000372683
coco-rem,000000219984,/home/felix/fiftyone/coco-2017/train/data/000000219984.jpg,train,mllm_selection,000000219984
coco-rem,000000333863,/home/felix/fiftyone/coco-2017/train/data/000000333863.jpg,train,mllm_selection,000000333863
coco-rem,000000491664,/home/felix/fiftyone/coco-2017/train/data/000000491664.jpg,train,mllm_selection,000000491664
coco-rem,000000292789,/home/felix/fiftyone/coco-2017/train/data/000000292789.jpg,train,mllm_selection,000000292789
coco-rem,000000484583,/home/felix/fiftyone/coco-2017/train/data/000000484583.jpg,train,mllm_selection,000000484583
coco-rem,000000140963,/home/felix/fiftyone/coco-2017/train/data/000000140963.jpg,train,mllm_selection,000000140963
coco-rem,000000188225,/home/felix/fiftyone/coco-2017/train/data/000000188225.jpg,train,mllm_selection,000000188225
coco-rem,000000170371,/home/felix/fiftyone/coco-2017/train/data/000000170371.jpg,train,mllm_selection,000000170371
coco-rem,000000161917,/home/felix/fiftyone/coco-2017/train/data/000000161917.jpg,train,mllm_selection,000000161917
coco-rem,000000030535,/home/felix/fiftyone/coco-2017/train/data/000000030535.jpg,train,mllm_selection,000000030535
coco-rem,000000223560,/home/felix/fiftyone/coco-2017/train/data/000000223560.jpg,train,mllm_selection,000000223560
coco-rem,000000404101,/home/felix/fiftyone/coco-2017/train/data/000000404101.jpg,train,mllm_selection,000000404101
coco-rem,000000269947,/home/felix/fiftyone/coco-2017/train/data/000000269947.jpg,train,mllm_selection,000000269947
coco-rem,000000063240,/home/felix/fiftyone/coco-2017/train/data/000000063240.jpg,train,mllm_selection,000000063240
coco-rem,000000001525,/home/felix/fiftyone/coco-2017/train/data/000000001525.jpg,train,mllm_selection,000000001525
coco-rem,000000134846,/home/felix/fiftyone/coco-2017/train/data/000000134846.jpg,train,mllm_selection,000000134846
coco-rem,000000545670,/home/felix/fiftyone/coco-2017/train/data/000000545670.jpg,train,mllm_selection,000000545670
coco-rem,000000207545,/home/felix/fiftyone/coco-2017/train/data/000000207545.jpg,train,mllm_selection,000000207545
coco-rem,000000348759,/home/felix/fiftyone/coco-2017/train/data/000000348759.jpg,train,mllm_selection,000000348759
coco-rem,000000555911,/home/felix/fiftyone/coco-2017/train/data/000000555911.jpg,train,mllm_selection,000000555911
coco-rem,000000179088,/home/felix/fiftyone/coco-2017/train/data/000000179088.jpg,train,mllm_selection,000000179088
coco-rem,000000335725,/home/felix/fiftyone/coco-2017/train/data/000000335725.jpg,train,mllm_selection,000000335725
coco-rem,000000306890,/home/felix/fiftyone/coco-2017/train/data/000000306890.jpg,train,mllm_selection,000000306890
coco-rem,000000363165,/home/felix/fiftyone/coco-2017/train/data/000000363165.jpg,train,mllm_selection,000000363165
coco-rem,000000420620,/home/felix/fiftyone/coco-2017/train/data/000000420620.jpg,train,mllm_selection,000000420620
coco-rem,000000027777,/home/felix/fiftyone/coco-2017/train/data/000000027777.jpg,train,mllm_selection,000000027777
coco-rem,000000472654,/home/felix/fiftyone/coco-2017/train/data/000000472654.jpg,train,mllm_selection,000000472654
coco-rem,000000252502,/home/felix/fiftyone/coco-2017/train/data/000000252502.jpg,train,mllm_selection,000000252502
coco-rem,000000013969,/home/felix/fiftyone/coco-2017/train/data/000000013969.jpg,train,mllm_selection,000000013969
coco-rem,000000016616,/home/felix/fiftyone/coco-2017/train/data/000000016616.jpg,train,mllm_selection,000000016616
coco-rem,000000452873,/home/felix/fiftyone/coco-2017/train/data/000000452873.jpg,train,mllm_selection,000000452873
coco-rem,000000303617,/home/felix/fiftyone/coco-2017/train/data/000000303617.jpg,train,mllm_selection,000000303617
coco-rem,000000508130,/home/felix/fiftyone/coco-2017/train/data/000000508130.jpg,train,mllm_selection,000000508130
coco-rem,000000361831,/home/felix/fiftyone/coco-2017/train/data/000000361831.jpg,train,mllm_selection,000000361831
coco-rem,000000355826,/home/felix/fiftyone/coco-2017/train/data/000000355826.jpg,train,mllm_selection,000000355826
coco-rem,000000204700,/home/felix/fiftyone/coco-2017/train/data/000000204700.jpg,train,mllm_selection,000000204700
coco-rem,000000365306,/home/felix/fiftyone/coco-2017/train/data/000000365306.jpg,train,mllm_selection,000000365306
coco-rem,000000390675,/home/felix/fiftyone/coco-2017/train/data/000000390675.jpg,train,mllm_selection,000000390675
coco-rem,000000053573,/home/felix/fiftyone/coco-2017/train/data/000000053573.jpg,train,mllm_selection,000000053573
coco-rem,000000179914,/home/felix/fiftyone/coco-2017/train/data/000000179914.jpg,train,mllm_selection,000000179914
coco-rem,000000184745,/home/felix/fiftyone/coco-2017/train/data/000000184745.jpg,train,mllm_selection,000000184745
coco-rem,000000478726,/home/felix/fiftyone/coco-2017/train/data/000000478726.jpg,train,mllm_selection,000000478726
coco-rem,000000080853,/home/felix/fiftyone/coco-2017/train/data/000000080853.jpg,train,mllm_selection,000000080853
coco-rem,000000307873,/home/felix/fiftyone/coco-2017/train/data/000000307873.jpg,train,mllm_selection,000000307873
coco-rem,000000161990,/home/felix/fiftyone/coco-2017/train/data/000000161990.jpg,train,mllm_selection,000000161990
coco-rem,000000163992,/home/felix/fiftyone/coco-2017/train/data/000000163992.jpg,train,mllm_selection,000000163992
coco-rem,000000464888,/home/felix/fiftyone/coco-2017/train/data/000000464888.jpg,train,mllm_selection,000000464888
coco-rem,000000097610,/home/felix/fiftyone/coco-2017/train/data/000000097610.jpg,train,mllm_selection,000000097610
coco-rem,000000351534,/home/felix/fiftyone/coco-2017/train/data/000000351534.jpg,train,mllm_selection,000000351534
coco-rem,000000413172,/home/felix/fiftyone/coco-2017/train/data/000000413172.jpg,train,mllm_selection,000000413172
coco-rem,000000054517,/home/felix/fiftyone/coco-2017/train/data/000000054517.jpg,train,mllm_selection,000000054517
coco-rem,000000025566,/home/felix/fiftyone/coco-2017/train/data/000000025566.jpg,train,mllm_selection,000000025566
coco-rem,000000536317,/home/felix/fiftyone/coco-2017/train/data/000000536317.jpg,train,mllm_selection,000000536317
coco-rem,000000115574,/home/felix/fiftyone/coco-2017/train/data/000000115574.jpg,train,mllm_selection,000000115574
coco-rem,000000030080,/home/felix/fiftyone/coco-2017/train/data/000000030080.jpg,train,mllm_selection,000000030080
coco-rem,000000397166,/home/felix/fiftyone/coco-2017/train/data/000000397166.jpg,train,mllm_selection,000000397166
coco-rem,000000062257,/home/felix/fiftyone/coco-2017/train/data/000000062257.jpg,train,mllm_selection,000000062257
coco-rem,000000474230,/home/felix/fiftyone/coco-2017/train/data/000000474230.jpg,train,mllm_selection,000000474230
coco-rem,000000548420,/home/felix/fiftyone/coco-2017/train/data/000000548420.jpg,train,mllm_selection,000000548420
coco-rem,000000120179,/home/felix/fiftyone/coco-2017/train/data/000000120179.jpg,train,mllm_selection,000000120179
coco-rem,000000532852,/home/felix/fiftyone/coco-2017/train/data/000000532852.jpg,train,mllm_selection,000000532852
coco-rem,000000215972,/home/felix/fiftyone/coco-2017/train/data/000000215972.jpg,train,mllm_selection,000000215972
coco-rem,000000542969,/home/felix/fiftyone/coco-2017/train/data/000000542969.jpg,train,mllm_selection,000000542969
coco-rem,000000501624,/home/felix/fiftyone/coco-2017/train/data/000000501624.jpg,train,mllm_selection,000000501624
coco-rem,000000405246,/home/felix/fiftyone/coco-2017/train/data/000000405246.jpg,train,mllm_selection,000000405246
coco-rem,000000021639,/home/felix/fiftyone/coco-2017/train/data/000000021639.jpg,train,mllm_selection,000000021639
coco-rem,000000112816,/home/felix/fiftyone/coco-2017/train/data/000000112816.jpg,train,mllm_selection,000000112816
coco-rem,000000308026,/home/felix/fiftyone/coco-2017/train/data/000000308026.jpg,train,mllm_selection,000000308026
coco-rem,000000291475,/home/felix/fiftyone/coco-2017/train/data/000000291475.jpg,train,mllm_selection,000000291475
coco-rem,000000445982,/home/felix/fiftyone/coco-2017/train/data/000000445982.jpg,train,mllm_selection,000000445982
coco-rem,000000519635,/home/felix/fiftyone/coco-2017/train/data/000000519635.jpg,train,mllm_selection,000000519635
coco-rem,000000360350,/home/felix/fiftyone/coco-2017/train/data/000000360350.jpg,train,mllm_selection,000000360350
coco-rem,000000167510,/home/felix/fiftyone/coco-2017/train/data/000000167510.jpg,train,mllm_selection,000000167510
coco-rem,000000448732,/home/felix/fiftyone/coco-2017/train/data/000000448732.jpg,train,mllm_selection,000000448732
coco-rem,000000559282,/home/felix/fiftyone/coco-2017/train/data/000000559282.jpg,train,mllm_selection,000000559282
coco-rem,000000276721,/home/felix/fiftyone/coco-2017/train/data/000000276721.jpg,train,mllm_selection,000000276721
coco-rem,000000547164,/home/felix/fiftyone/coco-2017/train/data/000000547164.jpg,train,mllm_selection,000000547164
coco-rem,000000428518,/home/felix/fiftyone/coco-2017/train/data/000000428518.jpg,train,mllm_selection,000000428518
coco-rem,000000098447,/home/felix/fiftyone/coco-2017/train/data/000000098447.jpg,train,mllm_selection,000000098447
coco-rem,000000149890,/home/felix/fiftyone/coco-2017/train/data/000000149890.jpg,train,mllm_selection,000000149890
coco-rem,000000305661,/home/felix/fiftyone/coco-2017/train/data/000000305661.jpg,train,mllm_selection,000000305661
coco-rem,000000034214,/home/felix/fiftyone/coco-2017/train/data/000000034214.jpg,train,mllm_selection,000000034214
coco-rem,000000315136,/home/felix/fiftyone/coco-2017/train/data/000000315136.jpg,train,mllm_selection,000000315136
coco-rem,000000057362,/home/felix/fiftyone/coco-2017/train/data/000000057362.jpg,train,mllm_selection,000000057362
coco-rem,000000524536,/home/felix/fiftyone/coco-2017/train/data/000000524536.jpg,train,mllm_selection,000000524536
coco-rem,000000046004,/home/felix/fiftyone/coco-2017/train/data/000000046004.jpg,train,mllm_selection,000000046004
coco-rem,000000342160,/home/felix/fiftyone/coco-2017/train/data/000000342160.jpg,train,mllm_selection,000000342160
coco-rem,000000207686,/home/felix/fiftyone/coco-2017/train/data/000000207686.jpg,train,mllm_selection,000000207686
coco-rem,000000231812,/home/felix/fiftyone/coco-2017/train/data/000000231812.jpg,train,mllm_selection,000000231812
coco-rem,000000190921,/home/felix/fiftyone/coco-2017/train/data/000000190921.jpg,train,mllm_selection,000000190921
coco-rem,000000455435,/home/felix/fiftyone/coco-2017/train/data/000000455435.jpg,train,mllm_selection,000000455435
coco-rem,000000241312,/home/felix/fiftyone/coco-2017/train/data/000000241312.jpg,train,mllm_selection,000000241312
coco-rem,000000552966,/home/felix/fiftyone/coco-2017/train/data/000000552966.jpg,train,mllm_selection,000000552966
coco-rem,000000360017,/home/felix/fiftyone/coco-2017/train/data/000000360017.jpg,train,mllm_selection,000000360017
coco-rem,000000405838,/home/felix/fiftyone/coco-2017/train/data/000000405838.jpg,train,mllm_selection,000000405838
coco-rem,000000279256,/home/felix/fiftyone/coco-2017/train/data/000000279256.jpg,train,mllm_selection,000000279256
coco-rem,000000335072,/home/felix/fiftyone/coco-2017/train/data/000000335072.jpg,train,mllm_selection,000000335072
coco-rem,000000000397,/home/felix/fiftyone/coco-2017/train/data/000000000397.jpg,train,mllm_selection,000000000397
coco-rem,000000556955,/home/felix/fiftyone/coco-2017/train/data/000000556955.jpg,train,mllm_selection,000000556955
coco-rem,000000443634,/home/felix/fiftyone/coco-2017/train/data/000000443634.jpg,train,mllm_selection,000000443634
coco-rem,000000537475,/home/felix/fiftyone/coco-2017/train/data/000000537475.jpg,train,mllm_selection,000000537475
coco-rem,000000354834,/home/felix/fiftyone/coco-2017/train/data/000000354834.jpg,train,mllm_selection,000000354834
coco-rem,000000084193,/home/felix/fiftyone/coco-2017/train/data/000000084193.jpg,train,mllm_selection,000000084193
coco-rem,000000113967,/home/felix/fiftyone/coco-2017/train/data/000000113967.jpg,train,mllm_selection,000000113967
coco-rem,000000264214,/home/felix/fiftyone/coco-2017/train/data/000000264214.jpg,train,mllm_selection,000000264214
coco-rem,000000010114,/home/felix/fiftyone/coco-2017/train/data/000000010114.jpg,train,mllm_selection,000000010114
coco-rem,000000518774,/home/felix/fiftyone/coco-2017/train/data/000000518774.jpg,train,mllm_selection,000000518774
coco-rem,000000034138,/home/felix/fiftyone/coco-2017/train/data/000000034138.jpg,train,mllm_selection,000000034138
coco-rem,000000365121,/home/felix/fiftyone/coco-2017/train/data/000000365121.jpg,train,mllm_selection,000000365121
coco-rem,000000218924,/home/felix/fiftyone/coco-2017/train/data/000000218924.jpg,train,mllm_selection,000000218924
coco-rem,000000028503,/home/felix/fiftyone/coco-2017/train/data/000000028503.jpg,train,mllm_selection,000000028503
coco-rem,000000244720,/home/felix/fiftyone/coco-2017/train/data/000000244720.jpg,train,mllm_selection,000000244720
coco-rem,000000541319,/home/felix/fiftyone/coco-2017/train/data/000000541319.jpg,train,mllm_selection,000000541319
coco-rem,000000147846,/home/felix/fiftyone/coco-2017/train/data/000000147846.jpg,train,mllm_selection,000000147846
coco-rem,000000269920,/home/felix/fiftyone/coco-2017/train/data/000000269920.jpg,train,mllm_selection,000000269920
coco-rem,000000425200,/home/felix/fiftyone/coco-2017/train/data/000000425200.jpg,train,mllm_selection,000000425200
coco-rem,000000422967,/home/felix/fiftyone/coco-2017/train/data/000000422967.jpg,train,mllm_selection,000000422967
coco-rem,000000210981,/home/felix/fiftyone/coco-2017/train/data/000000210981.jpg,train,mllm_selection,000000210981
coco-rem,000000529411,/home/felix/fiftyone/coco-2017/train/data/000000529411.jpg,train,mllm_selection,000000529411
coco-rem,000000440964,/home/felix/fiftyone/coco-2017/train/data/000000440964.jpg,train,mllm_selection,000000440964
coco-rem,000000330609,/home/felix/fiftyone/coco-2017/train/data/000000330609.jpg,train,mllm_selection,000000330609
coco-rem,000000311412,/home/felix/fiftyone/coco-2017/train/data/000000311412.jpg,train,mllm_selection,000000311412
coco-rem,000000253521,/home/felix/fiftyone/coco-2017/train/data/000000253521.jpg,train,mllm_selection,000000253521
coco-rem,000000317237,/home/felix/fiftyone/coco-2017/train/data/000000317237.jpg,train,mllm_selection,000000317237
coco-rem,000000185773,/home/felix/fiftyone/coco-2017/train/data/000000185773.jpg,train,mllm_selection,000000185773
coco-rem,000000406734,/home/felix/fiftyone/coco-2017/train/data/000000406734.jpg,train,mllm_selection,000000406734
coco-rem,000000216332,/home/felix/fiftyone/coco-2017/train/data/000000216332.jpg,train,mllm_selection,000000216332
coco-rem,000000268715,/home/felix/fiftyone/coco-2017/train/data/000000268715.jpg,train,mllm_selection,000000268715
coco-rem,000000324521,/home/felix/fiftyone/coco-2017/train/data/000000324521.jpg,train,mllm_selection,000000324521
coco-rem,000000010442,/home/felix/fiftyone/coco-2017/train/data/000000010442.jpg,train,mllm_selection,000000010442
coco-rem,000000491269,/home/felix/fiftyone/coco-2017/train/data/000000491269.jpg,train,mllm_selection,000000491269
coco-rem,000000086836,/home/felix/fiftyone/coco-2017/train/data/000000086836.jpg,train,mllm_selection,000000086836
coco-rem,000000556363,/home/felix/fiftyone/coco-2017/train/data/000000556363.jpg,train,mllm_selection,000000556363
coco-rem,000000091171,/home/felix/fiftyone/coco-2017/train/data/000000091171.jpg,train,mllm_selection,000000091171
coco-rem,000000382958,/home/felix/fiftyone/coco-2017/train/data/000000382958.jpg,train,mllm_selection,000000382958
coco-rem,000000202387,/home/felix/fiftyone/coco-2017/train/data/000000202387.jpg,train,mllm_selection,000000202387
coco-rem,000000347467,/home/felix/fiftyone/coco-2017/train/data/000000347467.jpg,train,mllm_selection,000000347467
coco-rem,000000475982,/home/felix/fiftyone/coco-2017/train/data/000000475982.jpg,train,mllm_selection,000000475982
coco-rem,000000452198,/home/felix/fiftyone/coco-2017/train/data/000000452198.jpg,train,mllm_selection,000000452198
coco-rem,000000581486,/home/felix/fiftyone/coco-2017/train/data/000000581486.jpg,train,mllm_selection,000000581486
coco-rem,000000108210,/home/felix/fiftyone/coco-2017/train/data/000000108210.jpg,train,mllm_selection,000000108210
coco-rem,000000017463,/home/felix/fiftyone/coco-2017/train/data/000000017463.jpg,train,mllm_selection,000000017463
coco-rem,000000042967,/home/felix/fiftyone/coco-2017/train/data/000000042967.jpg,train,mllm_selection,000000042967
coco-rem,000000065095,/home/felix/fiftyone/coco-2017/train/data/000000065095.jpg,train,mllm_selection,000000065095
coco-rem,000000237044,/home/felix/fiftyone/coco-2017/train/data/000000237044.jpg,train,mllm_selection,000000237044
coco-rem,000000331076,/home/felix/fiftyone/coco-2017/train/data/000000331076.jpg,train,mllm_selection,000000331076
coco-rem,000000112860,/home/felix/fiftyone/coco-2017/train/data/000000112860.jpg,train,mllm_selection,000000112860
coco-rem,000000289640,/home/felix/fiftyone/coco-2017/train/data/000000289640.jpg,train,mllm_selection,000000289640
coco-rem,000000144033,/home/felix/fiftyone/coco-2017/train/data/000000144033.jpg,train,mllm_selection,000000144033
coco-rem,000000511328,/home/felix/fiftyone/coco-2017/train/data/000000511328.jpg,train,mllm_selection,000000511328
coco-rem,000000249357,/home/felix/fiftyone/coco-2017/train/data/000000249357.jpg,train,mllm_selection,000000249357
coco-rem,000000221004,/home/felix/fiftyone/coco-2017/train/data/000000221004.jpg,train,mllm_selection,000000221004
coco-rem,000000361604,/home/felix/fiftyone/coco-2017/train/data/000000361604.jpg,train,mllm_selection,000000361604
coco-rem,000000204536,/home/felix/fiftyone/coco-2017/train/data/000000204536.jpg,train,mllm_selection,000000204536
coco-rem,000000238604,/home/felix/fiftyone/coco-2017/train/data/000000238604.jpg,train,mllm_selection,000000238604
coco-rem,000000026152,/home/felix/fiftyone/coco-2017/train/data/000000026152.jpg,train,mllm_selection,000000026152
coco-rem,000000080471,/home/felix/fiftyone/coco-2017/train/data/000000080471.jpg,train,mllm_selection,000000080471
coco-rem,000000327610,/home/felix/fiftyone/coco-2017/train/data/000000327610.jpg,train,mllm_selection,000000327610
coco-rem,000000573485,/home/felix/fiftyone/coco-2017/train/data/000000573485.jpg,train,mllm_selection,000000573485
coco-rem,000000170227,/home/felix/fiftyone/coco-2017/train/data/000000170227.jpg,train,mllm_selection,000000170227
coco-rem,000000012321,/home/felix/fiftyone/coco-2017/train/data/000000012321.jpg,train,mllm_selection,000000012321
coco-rem,000000543747,/home/felix/fiftyone/coco-2017/train/data/000000543747.jpg,train,mllm_selection,000000543747
coco-rem,000000349719,/home/felix/fiftyone/coco-2017/train/data/000000349719.jpg,train,mllm_selection,000000349719
coco-rem,000000516503,/home/felix/fiftyone/coco-2017/train/data/000000516503.jpg,train,mllm_selection,000000516503
coco-rem,000000208955,/home/felix/fiftyone/coco-2017/train/data/000000208955.jpg,train,mllm_selection,000000208955
coco-rem,000000496090,/home/felix/fiftyone/coco-2017/train/data/000000496090.jpg,train,mllm_selection,000000496090
coco-rem,000000268151,/home/felix/fiftyone/coco-2017/train/data/000000268151.jpg,train,mllm_selection,000000268151
coco-rem,000000358660,/home/felix/fiftyone/coco-2017/train/data/000000358660.jpg,train,mllm_selection,000000358660
coco-rem,000000435187,/home/felix/fiftyone/coco-2017/train/data/000000435187.jpg,train,mllm_selection,000000435187
coco-rem,000000449171,/home/felix/fiftyone/coco-2017/train/data/000000449171.jpg,train,mllm_selection,000000449171
coco-rem,000000512282,/home/felix/fiftyone/coco-2017/train/data/000000512282.jpg,train,mllm_selection,000000512282
coco-rem,000000221615,/home/felix/fiftyone/coco-2017/train/data/000000221615.jpg,train,mllm_selection,000000221615
coco-rem,000000548550,/home/felix/fiftyone/coco-2017/train/data/000000548550.jpg,train,mllm_selection,000000548550
coco-rem,000000359354,/home/felix/fiftyone/coco-2017/train/data/000000359354.jpg,train,mllm_selection,000000359354
coco-rem,000000191964,/home/felix/fiftyone/coco-2017/train/data/000000191964.jpg,train,mllm_selection,000000191964
coco-rem,000000361233,/home/felix/fiftyone/coco-2017/train/data/000000361233.jpg,train,mllm_selection,000000361233
coco-rem,000000097682,/home/felix/fiftyone/coco-2017/train/data/000000097682.jpg,train,mllm_selection,000000097682
coco-rem,000000074017,/home/felix/fiftyone/coco-2017/train/data/000000074017.jpg,train,mllm_selection,000000074017
coco-rem,000000215546,/home/felix/fiftyone/coco-2017/train/data/000000215546.jpg,train,mllm_selection,000000215546
coco-rem,000000558454,/home/felix/fiftyone/coco-2017/train/data/000000558454.jpg,train,mllm_selection,000000558454
coco-rem,000000510684,/home/felix/fiftyone/coco-2017/train/data/000000510684.jpg,train,mllm_selection,000000510684
coco-rem,000000092627,/home/felix/fiftyone/coco-2017/train/data/000000092627.jpg,train,mllm_selection,000000092627
coco-rem,000000551338,/home/felix/fiftyone/coco-2017/train/data/000000551338.jpg,train,mllm_selection,000000551338
coco-rem,000000198785,/home/felix/fiftyone/coco-2017/train/data/000000198785.jpg,train,mllm_selection,000000198785
coco-rem,000000397859,/home/felix/fiftyone/coco-2017/train/data/000000397859.jpg,train,mllm_selection,000000397859
coco-rem,000000390963,/home/felix/fiftyone/coco-2017/train/data/000000390963.jpg,train,mllm_selection,000000390963
coco-rem,000000247700,/home/felix/fiftyone/coco-2017/train/data/000000247700.jpg,train,mllm_selection,000000247700
coco-rem,000000433705,/home/felix/fiftyone/coco-2017/train/data/000000433705.jpg,train,mllm_selection,000000433705
coco-rem,000000522280,/home/felix/fiftyone/coco-2017/train/data/000000522280.jpg,train,mllm_selection,000000522280
coco-rem,000000113144,/home/felix/fiftyone/coco-2017/train/data/000000113144.jpg,train,mllm_selection,000000113144
coco-rem,000000417248,/home/felix/fiftyone/coco-2017/train/data/000000417248.jpg,train,mllm_selection,000000417248
coco-rem,000000439676,/home/felix/fiftyone/coco-2017/train/data/000000439676.jpg,train,mllm_selection,000000439676
coco-rem,000000433723,/home/felix/fiftyone/coco-2017/train/data/000000433723.jpg,train,mllm_selection,000000433723
coco-rem,000000402335,/home/felix/fiftyone/coco-2017/train/data/000000402335.jpg,train,mllm_selection,000000402335
coco-rem,000000401400,/home/felix/fiftyone/coco-2017/train/data/000000401400.jpg,train,mllm_selection,000000401400
coco-rem,000000154567,/home/felix/fiftyone/coco-2017/train/data/000000154567.jpg,train,mllm_selection,000000154567
coco-rem,000000196839,/home/felix/fiftyone/coco-2017/train/data/000000196839.jpg,train,mllm_selection,000000196839
coco-rem,000000473323,/home/felix/fiftyone/coco-2017/train/data/000000473323.jpg,train,mllm_selection,000000473323
coco-rem,000000559364,/home/felix/fiftyone/coco-2017/train/data/000000559364.jpg,train,mllm_selection,000000559364
coco-rem,000000161758,/home/felix/fiftyone/coco-2017/train/data/000000161758.jpg,train,mllm_selection,000000161758
coco-rem,000000387083,/home/felix/fiftyone/coco-2017/train/data/000000387083.jpg,train,mllm_selection,000000387083
coco-rem,000000382472,/home/felix/fiftyone/coco-2017/train/data/000000382472.jpg,train,mllm_selection,000000382472
coco-rem,000000425691,/home/felix/fiftyone/coco-2017/train/data/000000425691.jpg,train,mllm_selection,000000425691
coco-rem,000000191251,/home/felix/fiftyone/coco-2017/train/data/000000191251.jpg,train,mllm_selection,000000191251
coco-rem,000000577451,/home/felix/fiftyone/coco-2017/train/data/000000577451.jpg,train,mllm_selection,000000577451
coco-rem,000000465267,/home/felix/fiftyone/coco-2017/train/data/000000465267.jpg,train,mllm_selection,000000465267
coco-rem,000000325992,/home/felix/fiftyone/coco-2017/train/data/000000325992.jpg,train,mllm_selection,000000325992
coco-rem,000000169360,/home/felix/fiftyone/coco-2017/train/data/000000169360.jpg,train,mllm_selection,000000169360
coco-rem,000000485081,/home/felix/fiftyone/coco-2017/train/data/000000485081.jpg,train,mllm_selection,000000485081
coco-rem,000000028389,/home/felix/fiftyone/coco-2017/train/data/000000028389.jpg,train,mllm_selection,000000028389
coco-rem,000000573406,/home/felix/fiftyone/coco-2017/train/data/000000573406.jpg,train,mllm_selection,000000573406
coco-rem,000000449660,/home/felix/fiftyone/coco-2017/train/data/000000449660.jpg,train,mllm_selection,000000449660
coco-rem,000000396811,/home/felix/fiftyone/coco-2017/train/data/000000396811.jpg,train,mllm_selection,000000396811
coco-rem,000000533532,/home/felix/fiftyone/coco-2017/train/data/000000533532.jpg,train,mllm_selection,000000533532
coco-rem,000000310804,/home/felix/fiftyone/coco-2017/train/data/000000310804.jpg,train,mllm_selection,000000310804
coco-rem,000000039438,/home/felix/fiftyone/coco-2017/train/data/000000039438.jpg,train,mllm_selection,000000039438
coco-rem,000000336667,/home/felix/fiftyone/coco-2017/train/data/000000336667.jpg,train,mllm_selection,000000336667
coco-rem,000000165451,/home/felix/fiftyone/coco-2017/train/data/000000165451.jpg,train,mllm_selection,000000165451
coco-rem,000000348982,/home/felix/fiftyone/coco-2017/train/data/000000348982.jpg,train,mllm_selection,000000348982
coco-rem,000000527193,/home/felix/fiftyone/coco-2017/train/data/000000527193.jpg,train,mllm_selection,000000527193
coco-rem,000000130413,/home/felix/fiftyone/coco-2017/train/data/000000130413.jpg,train,mllm_selection,000000130413
coco-rem,000000050552,/home/felix/fiftyone/coco-2017/train/data/000000050552.jpg,train,mllm_selection,000000050552
coco-rem,000000217676,/home/felix/fiftyone/coco-2017/train/data/000000217676.jpg,train,mllm_selection,000000217676
coco-rem,000000107051,/home/felix/fiftyone/coco-2017/train/data/000000107051.jpg,train,mllm_selection,000000107051
coco-rem,000000255934,/home/felix/fiftyone/coco-2017/train/data/000000255934.jpg,train,mllm_selection,000000255934
coco-rem,000000010037,/home/felix/fiftyone/coco-2017/train/data/000000010037.jpg,train,mllm_selection,000000010037
coco-rem,000000272635,/home/felix/fiftyone/coco-2017/train/data/000000272635.jpg,train,mllm_selection,000000272635
coco-rem,000000447376,/home/felix/fiftyone/coco-2017/train/data/000000447376.jpg,train,mllm_selection,000000447376
coco-rem,000000291574,/home/felix/fiftyone/coco-2017/train/data/000000291574.jpg,train,mllm_selection,000000291574
coco-rem,000000346093,/home/felix/fiftyone/coco-2017/train/data/000000346093.jpg,train,mllm_selection,000000346093
coco-rem,000000058241,/home/felix/fiftyone/coco-2017/train/data/000000058241.jpg,train,mllm_selection,000000058241
coco-rem,000000274547,/home/felix/fiftyone/coco-2017/train/data/000000274547.jpg,train,mllm_selection,000000274547
coco-rem,000000310227,/home/felix/fiftyone/coco-2017/train/data/000000310227.jpg,train,mllm_selection,000000310227
coco-rem,000000428148,/home/felix/fiftyone/coco-2017/train/data/000000428148.jpg,train,mllm_selection,000000428148
coco-rem,000000276956,/home/felix/fiftyone/coco-2017/train/data/000000276956.jpg,train,mllm_selection,000000276956
coco-rem,000000359772,/home/felix/fiftyone/coco-2017/train/data/000000359772.jpg,train,mllm_selection,000000359772
coco-rem,000000386400,/home/felix/fiftyone/coco-2017/train/data/000000386400.jpg,train,mllm_selection,000000386400
coco-rem,000000302312,/home/felix/fiftyone/coco-2017/train/data/000000302312.jpg,train,mllm_selection,000000302312
coco-rem,000000512785,/home/felix/fiftyone/coco-2017/train/data/000000512785.jpg,train,mllm_selection,000000512785
coco-rem,000000462381,/home/felix/fiftyone/coco-2017/train/data/000000462381.jpg,train,mllm_selection,000000462381
coco-rem,000000299134,/home/felix/fiftyone/coco-2017/train/data/000000299134.jpg,train,mllm_selection,000000299134
coco-rem,000000045197,/home/felix/fiftyone/coco-2017/train/data/000000045197.jpg,train,mllm_selection,000000045197
coco-rem,000000149657,/home/felix/fiftyone/coco-2017/train/data/000000149657.jpg,train,mllm_selection,000000149657
coco-rem,000000237897,/home/felix/fiftyone/coco-2017/train/data/000000237897.jpg,train,mllm_selection,000000237897
coco-rem,000000262092,/home/felix/fiftyone/coco-2017/train/data/000000262092.jpg,train,mllm_selection,000000262092
coco-rem,000000471880,/home/felix/fiftyone/coco-2017/train/data/000000471880.jpg,train,mllm_selection,000000471880
coco-rem,000000207676,/home/felix/fiftyone/coco-2017/train/data/000000207676.jpg,train,mllm_selection,000000207676
coco-rem,000000345952,/home/felix/fiftyone/coco-2017/train/data/000000345952.jpg,train,mllm_selection,000000345952
coco-rem,000000016233,/home/felix/fiftyone/coco-2017/train/data/000000016233.jpg,train,mllm_selection,000000016233
coco-rem,000000491450,/home/felix/fiftyone/coco-2017/train/data/000000491450.jpg,train,mllm_selection,000000491450
coco-rem,000000248833,/home/felix/fiftyone/coco-2017/train/data/000000248833.jpg,train,mllm_selection,000000248833
coco-rem,000000548965,/home/felix/fiftyone/coco-2017/train/data/000000548965.jpg,train,mllm_selection,000000548965
coco-rem,000000432998,/home/felix/fiftyone/coco-2017/train/data/000000432998.jpg,train,mllm_selection,000000432998
coco-rem,000000070480,/home/felix/fiftyone/coco-2017/train/data/000000070480.jpg,train,mllm_selection,000000070480
coco-rem,000000098550,/home/felix/fiftyone/coco-2017/train/data/000000098550.jpg,train,mllm_selection,000000098550
coco-rem,000000149371,/home/felix/fiftyone/coco-2017/train/data/000000149371.jpg,train,mllm_selection,000000149371
coco-rem,000000124004,/home/felix/fiftyone/coco-2017/train/data/000000124004.jpg,train,mllm_selection,000000124004
coco-rem,000000446603,/home/felix/fiftyone/coco-2017/train/data/000000446603.jpg,train,mllm_selection,000000446603
coco-rem,000000550968,/home/felix/fiftyone/coco-2017/train/data/000000550968.jpg,train,mllm_selection,000000550968
coco-rem,000000288827,/home/felix/fiftyone/coco-2017/train/data/000000288827.jpg,train,mllm_selection,000000288827
coco-rem,000000560721,/home/felix/fiftyone/coco-2017/train/data/000000560721.jpg,train,mllm_selection,000000560721
coco-rem,000000007762,/home/felix/fiftyone/coco-2017/train/data/000000007762.jpg,train,mllm_selection,000000007762
coco-rem,000000440124,/home/felix/fiftyone/coco-2017/train/data/000000440124.jpg,train,mllm_selection,000000440124
coco-rem,000000259793,/home/felix/fiftyone/coco-2017/train/data/000000259793.jpg,train,mllm_selection,000000259793
coco-rem,000000348134,/home/felix/fiftyone/coco-2017/train/data/000000348134.jpg,train,mllm_selection,000000348134
coco-rem,000000539376,/home/felix/fiftyone/coco-2017/train/data/000000539376.jpg,train,mllm_selection,000000539376
coco-rem,000000263178,/home/felix/fiftyone/coco-2017/train/data/000000263178.jpg,train,mllm_selection,000000263178
coco-rem,000000294051,/home/felix/fiftyone/coco-2017/train/data/000000294051.jpg,train,mllm_selection,000000294051
coco-rem,000000478328,/home/felix/fiftyone/coco-2017/train/data/000000478328.jpg,train,mllm_selection,000000478328
coco-rem,000000195724,/home/felix/fiftyone/coco-2017/train/data/000000195724.jpg,train,mllm_selection,000000195724
coco-rem,000000282768,/home/felix/fiftyone/coco-2017/train/data/000000282768.jpg,train,mllm_selection,000000282768
coco-rem,000000027538,/home/felix/fiftyone/coco-2017/train/data/000000027538.jpg,train,mllm_selection,000000027538
coco-rem,000000458862,/home/felix/fiftyone/coco-2017/train/data/000000458862.jpg,train,mllm_selection,000000458862
coco-rem,000000063938,/home/felix/fiftyone/coco-2017/train/data/000000063938.jpg,train,mllm_selection,000000063938
coco-rem,000000473952,/home/felix/fiftyone/coco-2017/train/data/000000473952.jpg,train,mllm_selection,000000473952
coco-rem,000000361029,/home/felix/fiftyone/coco-2017/train/data/000000361029.jpg,train,mllm_selection,000000361029
coco-rem,000000504338,/home/felix/fiftyone/coco-2017/train/data/000000504338.jpg,train,mllm_selection,000000504338
coco-rem,000000068595,/home/felix/fiftyone/coco-2017/train/data/000000068595.jpg,train,mllm_selection,000000068595
coco-rem,000000168259,/home/felix/fiftyone/coco-2017/train/data/000000168259.jpg,train,mllm_selection,000000168259
coco-rem,000000290684,/home/felix/fiftyone/coco-2017/train/data/000000290684.jpg,train,mllm_selection,000000290684
coco-rem,000000219462,/home/felix/fiftyone/coco-2017/train/data/000000219462.jpg,train,mllm_selection,000000219462
coco-rem,000000182164,/home/felix/fiftyone/coco-2017/train/data/000000182164.jpg,train,mllm_selection,000000182164
coco-rem,000000471839,/home/felix/fiftyone/coco-2017/train/data/000000471839.jpg,train,mllm_selection,000000471839
coco-rem,000000569946,/home/felix/fiftyone/coco-2017/train/data/000000569946.jpg,train,mllm_selection,000000569946
coco-rem,000000425219,/home/felix/fiftyone/coco-2017/train/data/000000425219.jpg,train,mllm_selection,000000425219
coco-rem,000000571311,/home/felix/fiftyone/coco-2017/train/data/000000571311.jpg,train,mllm_selection,000000571311
coco-rem,000000375220,/home/felix/fiftyone/coco-2017/train/data/000000375220.jpg,train,mllm_selection,000000375220
coco-rem,000000057107,/home/felix/fiftyone/coco-2017/train/data/000000057107.jpg,train,mllm_selection,000000057107
coco-rem,000000093644,/home/felix/fiftyone/coco-2017/train/data/000000093644.jpg,train,mllm_selection,000000093644
coco-rem,000000156152,/home/felix/fiftyone/coco-2017/train/data/000000156152.jpg,train,mllm_selection,000000156152
coco-rem,000000161337,/home/felix/fiftyone/coco-2017/train/data/000000161337.jpg,train,mllm_selection,000000161337
coco-rem,000000225383,/home/felix/fiftyone/coco-2017/train/data/000000225383.jpg,train,mllm_selection,000000225383
coco-rem,000000438053,/home/felix/fiftyone/coco-2017/train/data/000000438053.jpg,train,mllm_selection,000000438053
coco-rem,000000299649,/home/felix/fiftyone/coco-2017/train/data/000000299649.jpg,train,mllm_selection,000000299649
coco-rem,000000336081,/home/felix/fiftyone/coco-2017/train/data/000000336081.jpg,train,mllm_selection,000000336081
coco-rem,000000511554,/home/felix/fiftyone/coco-2017/train/data/000000511554.jpg,train,mllm_selection,000000511554
coco-rem,000000209266,/home/felix/fiftyone/coco-2017/train/data/000000209266.jpg,train,mllm_selection,000000209266
coco-rem,000000546126,/home/felix/fiftyone/coco-2017/train/data/000000546126.jpg,train,mllm_selection,000000546126
coco-rem,000000390086,/home/felix/fiftyone/coco-2017/train/data/000000390086.jpg,train,mllm_selection,000000390086
coco-rem,000000144049,/home/felix/fiftyone/coco-2017/train/data/000000144049.jpg,train,mllm_selection,000000144049
coco-rem,000000447991,/home/felix/fiftyone/coco-2017/train/data/000000447991.jpg,train,mllm_selection,000000447991
coco-rem,000000420354,/home/felix/fiftyone/coco-2017/train/data/000000420354.jpg,train,mllm_selection,000000420354
coco-rem,000000022575,/home/felix/fiftyone/coco-2017/train/data/000000022575.jpg,train,mllm_selection,000000022575
coco-rem,000000172366,/home/felix/fiftyone/coco-2017/train/data/000000172366.jpg,train,mllm_selection,000000172366
coco-rem,000000132591,/home/felix/fiftyone/coco-2017/train/data/000000132591.jpg,train,mllm_selection,000000132591
coco-rem,000000565849,/home/felix/fiftyone/coco-2017/train/data/000000565849.jpg,train,mllm_selection,000000565849
coco-rem,000000142240,/home/felix/fiftyone/coco-2017/train/data/000000142240.jpg,train,mllm_selection,000000142240
coco-rem,000000276531,/home/felix/fiftyone/coco-2017/train/data/000000276531.jpg,train,mllm_selection,000000276531
coco-rem,000000514099,/home/felix/fiftyone/coco-2017/train/data/000000514099.jpg,train,mllm_selection,000000514099
coco-rem,000000568156,/home/felix/fiftyone/coco-2017/train/data/000000568156.jpg,train,mllm_selection,000000568156
coco-rem,000000554621,/home/felix/fiftyone/coco-2017/train/data/000000554621.jpg,train,mllm_selection,000000554621
coco-rem,000000022056,/home/felix/fiftyone/coco-2017/train/data/000000022056.jpg,train,mllm_selection,000000022056
coco-rem,000000084801,/home/felix/fiftyone/coco-2017/train/data/000000084801.jpg,train,mllm_selection,000000084801
coco-rem,000000437370,/home/felix/fiftyone/coco-2017/train/data/000000437370.jpg,train,mllm_selection,000000437370
coco-rem,000000253710,/home/felix/fiftyone/coco-2017/train/data/000000253710.jpg,train,mllm_selection,000000253710
coco-rem,000000387900,/home/felix/fiftyone/coco-2017/train/data/000000387900.jpg,train,mllm_selection,000000387900
coco-rem,000000216044,/home/felix/fiftyone/coco-2017/train/data/000000216044.jpg,train,mllm_selection,000000216044
coco-rem,000000204272,/home/felix/fiftyone/coco-2017/train/data/000000204272.jpg,train,mllm_selection,000000204272
coco-rem,000000503501,/home/felix/fiftyone/coco-2017/train/data/000000503501.jpg,train,mllm_selection,000000503501
coco-rem,000000047857,/home/felix/fiftyone/coco-2017/train/data/000000047857.jpg,train,mllm_selection,000000047857
coco-rem,000000361190,/home/felix/fiftyone/coco-2017/train/data/000000361190.jpg,train,mllm_selection,000000361190
coco-rem,000000356586,/home/felix/fiftyone/coco-2017/train/data/000000356586.jpg,train,mllm_selection,000000356586
coco-rem,000000449152,/home/felix/fiftyone/coco-2017/train/data/000000449152.jpg,train,mllm_selection,000000449152
coco-rem,000000455182,/home/felix/fiftyone/coco-2017/train/data/000000455182.jpg,train,mllm_selection,000000455182
coco-rem,000000423962,/home/felix/fiftyone/coco-2017/train/data/000000423962.jpg,train,mllm_selection,000000423962
coco-rem,000000278512,/home/felix/fiftyone/coco-2017/train/data/000000278512.jpg,train,mllm_selection,000000278512
coco-rem,000000552198,/home/felix/fiftyone/coco-2017/train/data/000000552198.jpg,train,mllm_selection,000000552198
coco-rem,000000530777,/home/felix/fiftyone/coco-2017/train/data/000000530777.jpg,train,mllm_selection,000000530777
coco-rem,000000522054,/home/felix/fiftyone/coco-2017/train/data/000000522054.jpg,train,mllm_selection,000000522054
coco-rem,000000448439,/home/felix/fiftyone/coco-2017/train/data/000000448439.jpg,train,mllm_selection,000000448439
coco-rem,000000541391,/home/felix/fiftyone/coco-2017/train/data/000000541391.jpg,train,mllm_selection,000000541391
coco-rem,000000277681,/home/felix/fiftyone/coco-2017/train/data/000000277681.jpg,train,mllm_selection,000000277681
coco-rem,000000305703,/home/felix/fiftyone/coco-2017/train/data/000000305703.jpg,train,mllm_selection,000000305703
coco-rem,000000533258,/home/felix/fiftyone/coco-2017/train/data/000000533258.jpg,train,mllm_selection,000000533258
coco-rem,000000388616,/home/felix/fiftyone/coco-2017/train/data/000000388616.jpg,train,mllm_selection,000000388616
coco-rem,000000348841,/home/felix/fiftyone/coco-2017/train/data/000000348841.jpg,train,mllm_selection,000000348841
coco-rem,000000109776,/home/felix/fiftyone/coco-2017/train/data/000000109776.jpg,train,mllm_selection,000000109776
coco-rem,000000010138,/home/felix/fiftyone/coco-2017/train/data/000000010138.jpg,train,mllm_selection,000000010138
coco-rem,000000465005,/home/felix/fiftyone/coco-2017/train/data/000000465005.jpg,train,mllm_selection,000000465005
coco-rem,000000400740,/home/felix/fiftyone/coco-2017/train/data/000000400740.jpg,train,mllm_selection,000000400740
coco-rem,000000522270,/home/felix/fiftyone/coco-2017/train/data/000000522270.jpg,train,mllm_selection,000000522270
coco-rem,000000105605,/home/felix/fiftyone/coco-2017/train/data/000000105605.jpg,train,mllm_selection,000000105605
coco-rem,000000512183,/home/felix/fiftyone/coco-2017/train/data/000000512183.jpg,train,mllm_selection,000000512183
coco-rem,000000520701,/home/felix/fiftyone/coco-2017/train/data/000000520701.jpg,train,mllm_selection,000000520701
coco-rem,000000070745,/home/felix/fiftyone/coco-2017/train/data/000000070745.jpg,train,mllm_selection,000000070745
coco-rem,000000238505,/home/felix/fiftyone/coco-2017/train/data/000000238505.jpg,train,mllm_selection,000000238505
coco-rem,000000174573,/home/felix/fiftyone/coco-2017/train/data/000000174573.jpg,train,mllm_selection,000000174573
coco-rem,000000387576,/home/felix/fiftyone/coco-2017/train/data/000000387576.jpg,train,mllm_selection,000000387576
coco-rem,000000197713,/home/felix/fiftyone/coco-2017/train/data/000000197713.jpg,train,mllm_selection,000000197713
coco-rem,000000476950,/home/felix/fiftyone/coco-2017/train/data/000000476950.jpg,train,mllm_selection,000000476950
coco-rem,000000278853,/home/felix/fiftyone/coco-2017/train/data/000000278853.jpg,train,mllm_selection,000000278853
coco-rem,000000094795,/home/felix/fiftyone/coco-2017/train/data/000000094795.jpg,train,mllm_selection,000000094795
coco-rem,000000007276,/home/felix/fiftyone/coco-2017/train/data/000000007276.jpg,train,mllm_selection,000000007276
coco-rem,000000301334,/home/felix/fiftyone/coco-2017/train/data/000000301334.jpg,train,mllm_selection,000000301334
coco-rem,000000493395,/home/felix/fiftyone/coco-2017/train/data/000000493395.jpg,train,mllm_selection,000000493395
coco-rem,000000172979,/home/felix/fiftyone/coco-2017/train/data/000000172979.jpg,train,mllm_selection,000000172979
coco-rem,000000090125,/home/felix/fiftyone/coco-2017/train/data/000000090125.jpg,train,mllm_selection,000000090125
coco-rem,000000403710,/home/felix/fiftyone/coco-2017/train/data/000000403710.jpg,train,mllm_selection,000000403710
coco-rem,000000107565,/home/felix/fiftyone/coco-2017/train/data/000000107565.jpg,train,mllm_selection,000000107565
coco-rem,000000280260,/home/felix/fiftyone/coco-2017/train/data/000000280260.jpg,train,mllm_selection,000000280260
coco-rem,000000545361,/home/felix/fiftyone/coco-2017/train/data/000000545361.jpg,train,mllm_selection,000000545361
coco-rem,000000146315,/home/felix/fiftyone/coco-2017/train/data/000000146315.jpg,train,mllm_selection,000000146315
coco-rem,000000115404,/home/felix/fiftyone/coco-2017/train/data/000000115404.jpg,train,mllm_selection,000000115404
coco-rem,000000116735,/home/felix/fiftyone/coco-2017/train/data/000000116735.jpg,train,mllm_selection,000000116735
coco-rem,000000063478,/home/felix/fiftyone/coco-2017/train/data/000000063478.jpg,train,mllm_selection,000000063478
coco-rem,000000126027,/home/felix/fiftyone/coco-2017/train/data/000000126027.jpg,train,mllm_selection,000000126027
coco-rem,000000016730,/home/felix/fiftyone/coco-2017/train/data/000000016730.jpg,train,mllm_selection,000000016730
coco-rem,000000290192,/home/felix/fiftyone/coco-2017/train/data/000000290192.jpg,train,mllm_selection,000000290192
coco-rem,000000104495,/home/felix/fiftyone/coco-2017/train/data/000000104495.jpg,train,mllm_selection,000000104495
coco-rem,000000579261,/home/felix/fiftyone/coco-2017/train/data/000000579261.jpg,train,mllm_selection,000000579261
coco-rem,000000091842,/home/felix/fiftyone/coco-2017/train/data/000000091842.jpg,train,mllm_selection,000000091842
coco-rem,000000384030,/home/felix/fiftyone/coco-2017/train/data/000000384030.jpg,train,mllm_selection,000000384030
coco-rem,000000201115,/home/felix/fiftyone/coco-2017/train/data/000000201115.jpg,train,mllm_selection,000000201115
coco-rem,000000176925,/home/felix/fiftyone/coco-2017/train/data/000000176925.jpg,train,mllm_selection,000000176925
coco-rem,000000345275,/home/felix/fiftyone/coco-2017/train/data/000000345275.jpg,train,mllm_selection,000000345275
coco-rem,000000078633,/home/felix/fiftyone/coco-2017/train/data/000000078633.jpg,train,mllm_selection,000000078633
coco-rem,000000389595,/home/felix/fiftyone/coco-2017/train/data/000000389595.jpg,train,mllm_selection,000000389595
coco-rem,000000264282,/home/felix/fiftyone/coco-2017/train/data/000000264282.jpg,train,mllm_selection,000000264282
coco-rem,000000376623,/home/felix/fiftyone/coco-2017/train/data/000000376623.jpg,train,mllm_selection,000000376623
coco-rem,000000446494,/home/felix/fiftyone/coco-2017/train/data/000000446494.jpg,train,mllm_selection,000000446494
coco-rem,000000242301,/home/felix/fiftyone/coco-2017/train/data/000000242301.jpg,train,mllm_selection,000000242301
coco-rem,000000025854,/home/felix/fiftyone/coco-2017/train/data/000000025854.jpg,train,mllm_selection,000000025854
coco-rem,000000428291,/home/felix/fiftyone/coco-2017/train/data/000000428291.jpg,train,mllm_selection,000000428291
coco-rem,000000491742,/home/felix/fiftyone/coco-2017/train/data/000000491742.jpg,train,mllm_selection,000000491742
coco-rem,000000139130,/home/felix/fiftyone/coco-2017/train/data/000000139130.jpg,train,mllm_selection,000000139130
coco-rem,000000355950,/home/felix/fiftyone/coco-2017/train/data/000000355950.jpg,train,mllm_selection,000000355950
coco-rem,000000378604,/home/felix/fiftyone/coco-2017/train/data/000000378604.jpg,train,mllm_selection,000000378604
coco-rem,000000080686,/home/felix/fiftyone/coco-2017/train/data/000000080686.jpg,train,mllm_selection,000000080686
coco-rem,000000048199,/home/felix/fiftyone/coco-2017/train/data/000000048199.jpg,train,mllm_selection,000000048199
coco-rem,000000366934,/home/felix/fiftyone/coco-2017/train/data/000000366934.jpg,train,mllm_selection,000000366934
coco-rem,000000263104,/home/felix/fiftyone/coco-2017/train/data/000000263104.jpg,train,mllm_selection,000000263104
coco-rem,000000459401,/home/felix/fiftyone/coco-2017/train/data/000000459401.jpg,train,mllm_selection,000000459401
coco-rem,000000097369,/home/felix/fiftyone/coco-2017/train/data/000000097369.jpg,train,mllm_selection,000000097369
coco-rem,000000566076,/home/felix/fiftyone/coco-2017/train/data/000000566076.jpg,train,mllm_selection,000000566076
coco-rem,000000475523,/home/felix/fiftyone/coco-2017/train/data/000000475523.jpg,train,mllm_selection,000000475523
coco-rem,000000474369,/home/felix/fiftyone/coco-2017/train/data/000000474369.jpg,train,mllm_selection,000000474369
coco-rem,000000011233,/home/felix/fiftyone/coco-2017/train/data/000000011233.jpg,train,mllm_selection,000000011233
coco-rem,000000227732,/home/felix/fiftyone/coco-2017/train/data/000000227732.jpg,train,mllm_selection,000000227732
coco-rem,000000426803,/home/felix/fiftyone/coco-2017/train/data/000000426803.jpg,train,mllm_selection,000000426803
coco-rem,000000506315,/home/felix/fiftyone/coco-2017/train/data/000000506315.jpg,train,mllm_selection,000000506315
coco-rem,000000194896,/home/felix/fiftyone/coco-2017/train/data/000000194896.jpg,train,mllm_selection,000000194896
coco-rem,000000104796,/home/felix/fiftyone/coco-2017/train/data/000000104796.jpg,train,mllm_selection,000000104796
coco-rem,000000184143,/home/felix/fiftyone/coco-2017/train/data/000000184143.jpg,train,mllm_selection,000000184143
coco-rem,000000261720,/home/felix/fiftyone/coco-2017/train/data/000000261720.jpg,train,mllm_selection,000000261720
coco-rem,000000461286,/home/felix/fiftyone/coco-2017/train/data/000000461286.jpg,train,mllm_selection,000000461286
coco-rem,000000364815,/home/felix/fiftyone/coco-2017/train/data/000000364815.jpg,train,mllm_selection,000000364815
coco-rem,000000100482,/home/felix/fiftyone/coco-2017/train/data/000000100482.jpg,train,mllm_selection,000000100482
coco-rem,000000285325,/home/felix/fiftyone/coco-2017/train/data/000000285325.jpg,train,mllm_selection,000000285325
coco-rem,000000538879,/home/felix/fiftyone/coco-2017/train/data/000000538879.jpg,train,mllm_selection,000000538879
coco-rem,000000565269,/home/felix/fiftyone/coco-2017/train/data/000000565269.jpg,train,mllm_selection,000000565269
coco-rem,000000127491,/home/felix/fiftyone/coco-2017/train/data/000000127491.jpg,train,mllm_selection,000000127491
coco-rem,000000498061,/home/felix/fiftyone/coco-2017/train/data/000000498061.jpg,train,mllm_selection,000000498061
coco-rem,000000242001,/home/felix/fiftyone/coco-2017/train/data/000000242001.jpg,train,mllm_selection,000000242001
coco-rem,000000008944,/home/felix/fiftyone/coco-2017/train/data/000000008944.jpg,train,mllm_selection,000000008944
coco-rem,000000444928,/home/felix/fiftyone/coco-2017/train/data/000000444928.jpg,train,mllm_selection,000000444928
coco-rem,000000382615,/home/felix/fiftyone/coco-2017/train/data/000000382615.jpg,train,mllm_selection,000000382615
coco-rem,000000287781,/home/felix/fiftyone/coco-2017/train/data/000000287781.jpg,train,mllm_selection,000000287781
coco-rem,000000150773,/home/felix/fiftyone/coco-2017/train/data/000000150773.jpg,train,mllm_selection,000000150773
coco-rem,000000320217,/home/felix/fiftyone/coco-2017/train/data/000000320217.jpg,train,mllm_selection,000000320217
coco-rem,000000479202,/home/felix/fiftyone/coco-2017/train/data/000000479202.jpg,train,mllm_selection,000000479202
coco-rem,000000253958,/home/felix/fiftyone/coco-2017/train/data/000000253958.jpg,train,mllm_selection,000000253958
coco-rem,000000548951,/home/felix/fiftyone/coco-2017/train/data/000000548951.jpg,train,mllm_selection,000000548951
coco-rem,000000221883,/home/felix/fiftyone/coco-2017/train/data/000000221883.jpg,train,mllm_selection,000000221883
coco-rem,000000129379,/home/felix/fiftyone/coco-2017/train/data/000000129379.jpg,train,mllm_selection,000000129379
coco-rem,000000374734,/home/felix/fiftyone/coco-2017/train/data/000000374734.jpg,train,mllm_selection,000000374734
coco-rem,000000381186,/home/felix/fiftyone/coco-2017/train/data/000000381186.jpg,train,mllm_selection,000000381186
coco-rem,000000431240,/home/felix/fiftyone/coco-2017/train/data/000000431240.jpg,train,mllm_selection,000000431240
coco-rem,000000483182,/home/felix/fiftyone/coco-2017/train/data/000000483182.jpg,train,mllm_selection,000000483182
coco-rem,000000113054,/home/felix/fiftyone/coco-2017/train/data/000000113054.jpg,train,mllm_selection,000000113054
coco-rem,000000383807,/home/felix/fiftyone/coco-2017/train/data/000000383807.jpg,train,mllm_selection,000000383807
coco-rem,000000255124,/home/felix/fiftyone/coco-2017/train/data/000000255124.jpg,train,mllm_selection,000000255124
coco-rem,000000324740,/home/felix/fiftyone/coco-2017/train/data/000000324740.jpg,train,mllm_selection,000000324740
coco-rem,000000090778,/home/felix/fiftyone/coco-2017/train/data/000000090778.jpg,train,mllm_selection,000000090778
coco-rem,000000356201,/home/felix/fiftyone/coco-2017/train/data/000000356201.jpg,train,mllm_selection,000000356201
coco-rem,000000192181,/home/felix/fiftyone/coco-2017/train/data/000000192181.jpg,train,mllm_selection,000000192181
coco-rem,000000480487,/home/felix/fiftyone/coco-2017/train/data/000000480487.jpg,train,mllm_selection,000000480487
coco-rem,000000409030,/home/felix/fiftyone/coco-2017/train/data/000000409030.jpg,train,mllm_selection,000000409030
coco-rem,000000061911,/home/felix/fiftyone/coco-2017/train/data/000000061911.jpg,train,mllm_selection,000000061911
coco-rem,000000565429,/home/felix/fiftyone/coco-2017/train/data/000000565429.jpg,train,mllm_selection,000000565429
coco-rem,000000104166,/home/felix/fiftyone/coco-2017/train/data/000000104166.jpg,train,mllm_selection,000000104166
coco-rem,000000376233,/home/felix/fiftyone/coco-2017/train/data/000000376233.jpg,train,mllm_selection,000000376233
coco-rem,000000546292,/home/felix/fiftyone/coco-2017/train/data/000000546292.jpg,train,mllm_selection,000000546292
coco-rem,000000538285,/home/felix/fiftyone/coco-2017/train/data/000000538285.jpg,train,mllm_selection,000000538285
coco-rem,000000259811,/home/felix/fiftyone/coco-2017/train/data/000000259811.jpg,train,mllm_selection,000000259811
coco-rem,000000560148,/home/felix/fiftyone/coco-2017/train/data/000000560148.jpg,train,mllm_selection,000000560148
coco-rem,000000431452,/home/felix/fiftyone/coco-2017/train/data/000000431452.jpg,train,mllm_selection,000000431452
coco-rem,000000502152,/home/felix/fiftyone/coco-2017/train/data/000000502152.jpg,train,mllm_selection,000000502152
coco-rem,000000468280,/home/felix/fiftyone/coco-2017/train/data/000000468280.jpg,train,mllm_selection,000000468280
coco-rem,000000333922,/home/felix/fiftyone/coco-2017/train/data/000000333922.jpg,train,mllm_selection,000000333922
coco-rem,000000410082,/home/felix/fiftyone/coco-2017/train/data/000000410082.jpg,train,mllm_selection,000000410082
coco-rem,000000128838,/home/felix/fiftyone/coco-2017/train/data/000000128838.jpg,train,mllm_selection,000000128838
coco-rem,000000280469,/home/felix/fiftyone/coco-2017/train/data/000000280469.jpg,train,mllm_selection,000000280469
coco-rem,000000012059,/home/felix/fiftyone/coco-2017/train/data/000000012059.jpg,train,mllm_selection,000000012059
coco-rem,000000566771,/home/felix/fiftyone/coco-2017/train/data/000000566771.jpg,train,mllm_selection,000000566771
coco-rem,000000498381,/home/felix/fiftyone/coco-2017/train/data/000000498381.jpg,train,mllm_selection,000000498381
coco-rem,000000086584,/home/felix/fiftyone/coco-2017/train/data/000000086584.jpg,train,mllm_selection,000000086584
coco-rem,000000548291,/home/felix/fiftyone/coco-2017/train/data/000000548291.jpg,train,mllm_selection,000000548291
coco-rem,000000219434,/home/felix/fiftyone/coco-2017/train/data/000000219434.jpg,train,mllm_selection,000000219434
coco-rem,000000534093,/home/felix/fiftyone/coco-2017/train/data/000000534093.jpg,train,mllm_selection,000000534093
coco-rem,000000134085,/home/felix/fiftyone/coco-2017/train/data/000000134085.jpg,train,mllm_selection,000000134085
coco-rem,000000449835,/home/felix/fiftyone/coco-2017/train/data/000000449835.jpg,train,mllm_selection,000000449835
coco-rem,000000217191,/home/felix/fiftyone/coco-2017/train/data/000000217191.jpg,train,mllm_selection,000000217191
coco-rem,000000396213,/home/felix/fiftyone/coco-2017/train/data/000000396213.jpg,train,mllm_selection,000000396213
coco-rem,000000024591,/home/felix/fiftyone/coco-2017/train/data/000000024591.jpg,train,mllm_selection,000000024591
coco-rem,000000009708,/home/felix/fiftyone/coco-2017/train/data/000000009708.jpg,train,mllm_selection,000000009708
coco-rem,000000438157,/home/felix/fiftyone/coco-2017/train/data/000000438157.jpg,train,mllm_selection,000000438157
coco-rem,000000034471,/home/felix/fiftyone/coco-2017/train/data/000000034471.jpg,train,mllm_selection,000000034471
coco-rem,000000126239,/home/felix/fiftyone/coco-2017/train/data/000000126239.jpg,train,mllm_selection,000000126239
coco-rem,000000069052,/home/felix/fiftyone/coco-2017/train/data/000000069052.jpg,train,mllm_selection,000000069052
coco-rem,000000511700,/home/felix/fiftyone/coco-2017/train/data/000000511700.jpg,train,mllm_selection,000000511700
coco-rem,000000224838,/home/felix/fiftyone/coco-2017/train/data/000000224838.jpg,train,mllm_selection,000000224838
coco-rem,000000539718,/home/felix/fiftyone/coco-2017/train/data/000000539718.jpg,train,mllm_selection,000000539718
coco-rem,000000077154,/home/felix/fiftyone/coco-2017/train/data/000000077154.jpg,train,mllm_selection,000000077154
coco-rem,000000411912,/home/felix/fiftyone/coco-2017/train/data/000000411912.jpg,train,mllm_selection,000000411912
coco-rem,000000411624,/home/felix/fiftyone/coco-2017/train/data/000000411624.jpg,train,mllm_selection,000000411624
coco-rem,000000135486,/home/felix/fiftyone/coco-2017/train/data/000000135486.jpg,train,mllm_selection,000000135486
coco-rem,000000355956,/home/felix/fiftyone/coco-2017/train/data/000000355956.jpg,train,mllm_selection,000000355956
coco-rem,000000183672,/home/felix/fiftyone/coco-2017/train/data/000000183672.jpg,train,mllm_selection,000000183672
coco-rem,000000391141,/home/felix/fiftyone/coco-2017/train/data/000000391141.jpg,train,mllm_selection,000000391141
coco-rem,000000427972,/home/felix/fiftyone/coco-2017/train/data/000000427972.jpg,train,mllm_selection,000000427972
coco-rem,000000517586,/home/felix/fiftyone/coco-2017/train/data/000000517586.jpg,train,mllm_selection,000000517586
coco-rem,000000364448,/home/felix/fiftyone/coco-2017/train/data/000000364448.jpg,train,mllm_selection,000000364448
coco-rem,000000183519,/home/felix/fiftyone/coco-2017/train/data/000000183519.jpg,train,mllm_selection,000000183519
coco-rem,000000560646,/home/felix/fiftyone/coco-2017/train/data/000000560646.jpg,train,mllm_selection,000000560646
coco-rem,000000090628,/home/felix/fiftyone/coco-2017/train/data/000000090628.jpg,train,mllm_selection,000000090628
coco-rem,000000083755,/home/felix/fiftyone/coco-2017/train/data/000000083755.jpg,train,mllm_selection,000000083755
coco-rem,000000296933,/home/felix/fiftyone/coco-2017/train/data/000000296933.jpg,train,mllm_selection,000000296933
coco-rem,000000533276,/home/felix/fiftyone/coco-2017/train/data/000000533276.jpg,train,mllm_selection,000000533276
coco-rem,000000224108,/home/felix/fiftyone/coco-2017/train/data/000000224108.jpg,train,mllm_selection,000000224108
coco-rem,000000545491,/home/felix/fiftyone/coco-2017/train/data/000000545491.jpg,train,mllm_selection,000000545491
coco-rem,000000273371,/home/felix/fiftyone/coco-2017/train/data/000000273371.jpg,train,mllm_selection,000000273371
coco-rem,000000156606,/home/felix/fiftyone/coco-2017/train/data/000000156606.jpg,train,mllm_selection,000000156606
coco-rem,000000507273,/home/felix/fiftyone/coco-2017/train/data/000000507273.jpg,train,mllm_selection,000000507273
coco-rem,000000080835,/home/felix/fiftyone/coco-2017/train/data/000000080835.jpg,train,mllm_selection,000000080835
coco-rem,000000376858,/home/felix/fiftyone/coco-2017/train/data/000000376858.jpg,train,mllm_selection,000000376858
coco-rem,000000458932,/home/felix/fiftyone/coco-2017/train/data/000000458932.jpg,train,mllm_selection,000000458932
coco-rem,000000237098,/home/felix/fiftyone/coco-2017/train/data/000000237098.jpg,train,mllm_selection,000000237098
coco-rem,000000549939,/home/felix/fiftyone/coco-2017/train/data/000000549939.jpg,train,mllm_selection,000000549939
coco-rem,000000220402,/home/felix/fiftyone/coco-2017/train/data/000000220402.jpg,train,mllm_selection,000000220402
coco-rem,000000008594,/home/felix/fiftyone/coco-2017/train/data/000000008594.jpg,train,mllm_selection,000000008594
coco-rem,000000489778,/home/felix/fiftyone/coco-2017/train/data/000000489778.jpg,train,mllm_selection,000000489778
coco-rem,000000354309,/home/felix/fiftyone/coco-2017/train/data/000000354309.jpg,train,mllm_selection,000000354309
coco-rem,000000363119,/home/felix/fiftyone/coco-2017/train/data/000000363119.jpg,train,mllm_selection,000000363119
coco-rem,000000219832,/home/felix/fiftyone/coco-2017/train/data/000000219832.jpg,train,mllm_selection,000000219832
coco-rem,000000000661,/home/felix/fiftyone/coco-2017/train/data/000000000661.jpg,train,mllm_selection,000000000661
coco-rem,000000458599,/home/felix/fiftyone/coco-2017/train/data/000000458599.jpg,train,mllm_selection,000000458599
coco-rem,000000182927,/home/felix/fiftyone/coco-2017/train/data/000000182927.jpg,train,mllm_selection,000000182927
coco-rem,000000221932,/home/felix/fiftyone/coco-2017/train/data/000000221932.jpg,train,mllm_selection,000000221932
coco-rem,000000025616,/home/felix/fiftyone/coco-2017/train/data/000000025616.jpg,train,mllm_selection,000000025616
coco-rem,000000045954,/home/felix/fiftyone/coco-2017/train/data/000000045954.jpg,train,mllm_selection,000000045954
coco-rem,000000250240,/home/felix/fiftyone/coco-2017/train/data/000000250240.jpg,train,mllm_selection,000000250240
coco-rem,000000404243,/home/felix/fiftyone/coco-2017/train/data/000000404243.jpg,train,mllm_selection,000000404243
coco-rem,000000418565,/home/felix/fiftyone/coco-2017/train/data/000000418565.jpg,train,mllm_selection,000000418565
coco-rem,000000142545,/home/felix/fiftyone/coco-2017/train/data/000000142545.jpg,train,mllm_selection,000000142545
coco-rem,000000463013,/home/felix/fiftyone/coco-2017/train/data/000000463013.jpg,train,mllm_selection,000000463013
coco-rem,000000432607,/home/felix/fiftyone/coco-2017/train/data/000000432607.jpg,train,mllm_selection,000000432607
coco-rem,000000107638,/home/felix/fiftyone/coco-2017/train/data/000000107638.jpg,train,mllm_selection,000000107638
coco-rem,000000013284,/home/felix/fiftyone/coco-2017/train/data/000000013284.jpg,train,mllm_selection,000000013284
coco-rem,000000209940,/home/felix/fiftyone/coco-2017/train/data/000000209940.jpg,train,mllm_selection,000000209940
coco-rem,000000561426,/home/felix/fiftyone/coco-2017/train/data/000000561426.jpg,train,mllm_selection,000000561426
coco-rem,000000272957,/home/felix/fiftyone/coco-2017/train/data/000000272957.jpg,train,mllm_selection,000000272957
coco-rem,000000340699,/home/felix/fiftyone/coco-2017/train/data/000000340699.jpg,train,mllm_selection,000000340699
coco-rem,000000337728,/home/felix/fiftyone/coco-2017/train/data/000000337728.jpg,train,mllm_selection,000000337728
coco-rem,000000270758,/home/felix/fiftyone/coco-2017/train/data/000000270758.jpg,train,mllm_selection,000000270758
coco-rem,000000371705,/home/felix/fiftyone/coco-2017/train/data/000000371705.jpg,train,mllm_selection,000000371705
coco-rem,000000332875,/home/felix/fiftyone/coco-2017/train/data/000000332875.jpg,train,mllm_selection,000000332875
coco-rem,000000284703,/home/felix/fiftyone/coco-2017/train/data/000000284703.jpg,train,mllm_selection,000000284703
coco-rem,000000426421,/home/felix/fiftyone/coco-2017/train/data/000000426421.jpg,train,mllm_selection,000000426421
coco-rem,000000155219,/home/felix/fiftyone/coco-2017/train/data/000000155219.jpg,train,mllm_selection,000000155219
coco-rem,000000415991,/home/felix/fiftyone/coco-2017/train/data/000000415991.jpg,train,mllm_selection,000000415991
coco-rem,000000366469,/home/felix/fiftyone/coco-2017/train/data/000000366469.jpg,train,mllm_selection,000000366469
coco-rem,000000447941,/home/felix/fiftyone/coco-2017/train/data/000000447941.jpg,train,mllm_selection,000000447941
coco-rem,000000398623,/home/felix/fiftyone/coco-2017/train/data/000000398623.jpg,train,mllm_selection,000000398623
coco-rem,000000089158,/home/felix/fiftyone/coco-2017/train/data/000000089158.jpg,train,mllm_selection,000000089158
coco-rem,000000195203,/home/felix/fiftyone/coco-2017/train/data/000000195203.jpg,train,mllm_selection,000000195203
coco-rem,000000107367,/home/felix/fiftyone/coco-2017/train/data/000000107367.jpg,train,mllm_selection,000000107367
coco-rem,000000253607,/home/felix/fiftyone/coco-2017/train/data/000000253607.jpg,train,mllm_selection,000000253607
coco-rem,000000404565,/home/felix/fiftyone/coco-2017/train/data/000000404565.jpg,train,mllm_selection,000000404565
coco-rem,000000150208,/home/felix/fiftyone/coco-2017/train/data/000000150208.jpg,train,mllm_selection,000000150208
coco-rem,000000302372,/home/felix/fiftyone/coco-2017/train/data/000000302372.jpg,train,mllm_selection,000000302372
coco-rem,000000101895,/home/felix/fiftyone/coco-2017/train/data/000000101895.jpg,train,mllm_selection,000000101895
coco-rem,000000515098,/home/felix/fiftyone/coco-2017/train/data/000000515098.jpg,train,mllm_selection,000000515098
coco-rem,000000142357,/home/felix/fiftyone/coco-2017/train/data/000000142357.jpg,train,mllm_selection,000000142357
coco-rem,000000500323,/home/felix/fiftyone/coco-2017/train/data/000000500323.jpg,train,mllm_selection,000000500323
coco-rem,000000138494,/home/felix/fiftyone/coco-2017/train/data/000000138494.jpg,train,mllm_selection,000000138494
coco-rem,000000460022,/home/felix/fiftyone/coco-2017/train/data/000000460022.jpg,train,mllm_selection,000000460022
coco-rem,000000486581,/home/felix/fiftyone/coco-2017/train/data/000000486581.jpg,train,mllm_selection,000000486581
coco-rem,000000248441,/home/felix/fiftyone/coco-2017/train/data/000000248441.jpg,train,mllm_selection,000000248441
coco-rem,000000313927,/home/felix/fiftyone/coco-2017/train/data/000000313927.jpg,train,mllm_selection,000000313927
coco-rem,000000325545,/home/felix/fiftyone/coco-2017/train/data/000000325545.jpg,train,mllm_selection,000000325545
coco-rem,000000320627,/home/felix/fiftyone/coco-2017/train/data/000000320627.jpg,train,mllm_selection,000000320627
coco-rem,000000008547,/home/felix/fiftyone/coco-2017/train/data/000000008547.jpg,train,mllm_selection,000000008547
coco-rem,000000574014,/home/felix/fiftyone/coco-2017/train/data/000000574014.jpg,train,mllm_selection,000000574014
coco-rem,000000288560,/home/felix/fiftyone/coco-2017/train/data/000000288560.jpg,train,mllm_selection,000000288560
coco-rem,000000356060,/home/felix/fiftyone/coco-2017/train/data/000000356060.jpg,train,mllm_selection,000000356060
coco-rem,000000469119,/home/felix/fiftyone/coco-2017/train/data/000000469119.jpg,train,mllm_selection,000000469119
coco-rem,000000510611,/home/felix/fiftyone/coco-2017/train/data/000000510611.jpg,train,mllm_selection,000000510611
coco-rem,000000426133,/home/felix/fiftyone/coco-2017/train/data/000000426133.jpg,train,mllm_selection,000000426133
coco-rem,000000367610,/home/felix/fiftyone/coco-2017/train/data/000000367610.jpg,train,mllm_selection,000000367610
coco-rem,000000377019,/home/felix/fiftyone/coco-2017/train/data/000000377019.jpg,train,mllm_selection,000000377019
coco-rem,000000313799,/home/felix/fiftyone/coco-2017/train/data/000000313799.jpg,train,mllm_selection,000000313799
coco-rem,000000229270,/home/felix/fiftyone/coco-2017/train/data/000000229270.jpg,train,mllm_selection,000000229270
coco-rem,000000287171,/home/felix/fiftyone/coco-2017/train/data/000000287171.jpg,train,mllm_selection,000000287171
coco-rem,000000042979,/home/felix/fiftyone/coco-2017/train/data/000000042979.jpg,train,mllm_selection,000000042979
coco-rem,000000114954,/home/felix/fiftyone/coco-2017/train/data/000000114954.jpg,train,mllm_selection,000000114954
coco-rem,000000466223,/home/felix/fiftyone/coco-2017/train/data/000000466223.jpg,train,mllm_selection,000000466223
coco-rem,000000309371,/home/felix/fiftyone/coco-2017/train/data/000000309371.jpg,train,mllm_selection,000000309371
coco-rem,000000135538,/home/felix/fiftyone/coco-2017/train/data/000000135538.jpg,train,mllm_selection,000000135538
coco-rem,000000532662,/home/felix/fiftyone/coco-2017/train/data/000000532662.jpg,train,mllm_selection,000000532662
coco-rem,000000025316,/home/felix/fiftyone/coco-2017/train/data/000000025316.jpg,train,mllm_selection,000000025316
coco-rem,000000561953,/home/felix/fiftyone/coco-2017/train/data/000000561953.jpg,train,mllm_selection,000000561953
coco-rem,000000414709,/home/felix/fiftyone/coco-2017/train/data/000000414709.jpg,train,mllm_selection,000000414709
coco-rem,000000263677,/home/felix/fiftyone/coco-2017/train/data/000000263677.jpg,train,mllm_selection,000000263677
coco-rem,000000026938,/home/felix/fiftyone/coco-2017/train/data/000000026938.jpg,train,mllm_selection,000000026938
coco-rem,000000006715,/home/felix/fiftyone/coco-2017/train/data/000000006715.jpg,train,mllm_selection,000000006715
coco-rem,000000442416,/home/felix/fiftyone/coco-2017/train/data/000000442416.jpg,train,mllm_selection,000000442416
coco-rem,000000399573,/home/felix/fiftyone/coco-2017/train/data/000000399573.jpg,train,mllm_selection,000000399573
coco-rem,000000431236,/home/felix/fiftyone/coco-2017/train/data/000000431236.jpg,train,mllm_selection,000000431236
coco-rem,000000115260,/home/felix/fiftyone/coco-2017/train/data/000000115260.jpg,train,mllm_selection,000000115260
coco-rem,000000509490,/home/felix/fiftyone/coco-2017/train/data/000000509490.jpg,train,mllm_selection,000000509490
coco-rem,000000350852,/home/felix/fiftyone/coco-2017/train/data/000000350852.jpg,train,mllm_selection,000000350852
coco-rem,000000062344,/home/felix/fiftyone/coco-2017/train/data/000000062344.jpg,train,mllm_selection,000000062344
coco-rem,000000413374,/home/felix/fiftyone/coco-2017/train/data/000000413374.jpg,train,mllm_selection,000000413374
coco-rem,000000204241,/home/felix/fiftyone/coco-2017/train/data/000000204241.jpg,train,mllm_selection,000000204241
coco-rem,000000295620,/home/felix/fiftyone/coco-2017/train/data/000000295620.jpg,train,mllm_selection,000000295620
coco-rem,000000449901,/home/felix/fiftyone/coco-2017/train/data/000000449901.jpg,train,mllm_selection,000000449901
coco-rem,000000127100,/home/felix/fiftyone/coco-2017/train/data/000000127100.jpg,train,mllm_selection,000000127100
coco-rem,000000319322,/home/felix/fiftyone/coco-2017/train/data/000000319322.jpg,train,mllm_selection,000000319322
coco-rem,000000371186,/home/felix/fiftyone/coco-2017/train/data/000000371186.jpg,train,mllm_selection,000000371186
coco-rem,000000533159,/home/felix/fiftyone/coco-2017/train/data/000000533159.jpg,train,mllm_selection,000000533159
coco-rem,000000491515,/home/felix/fiftyone/coco-2017/train/data/000000491515.jpg,train,mllm_selection,000000491515
coco-rem,000000049257,/home/felix/fiftyone/coco-2017/train/data/000000049257.jpg,train,mllm_selection,000000049257
coco-rem,000000294970,/home/felix/fiftyone/coco-2017/train/data/000000294970.jpg,train,mllm_selection,000000294970
coco-rem,000000386436,/home/felix/fiftyone/coco-2017/train/data/000000386436.jpg,train,mllm_selection,000000386436
coco-rem,000000402213,/home/felix/fiftyone/coco-2017/train/data/000000402213.jpg,train,mllm_selection,000000402213
coco-rem,000000080397,/home/felix/fiftyone/coco-2017/train/data/000000080397.jpg,train,mllm_selection,000000080397
coco-rem,000000518509,/home/felix/fiftyone/coco-2017/train/data/000000518509.jpg,train,mllm_selection,000000518509
coco-rem,000000292001,/home/felix/fiftyone/coco-2017/train/data/000000292001.jpg,train,mllm_selection,000000292001
coco-rem,000000160163,/home/felix/fiftyone/coco-2017/train/data/000000160163.jpg,train,mllm_selection,000000160163
coco-rem,000000249659,/home/felix/fiftyone/coco-2017/train/data/000000249659.jpg,train,mllm_selection,000000249659
coco-rem,000000032193,/home/felix/fiftyone/coco-2017/train/data/000000032193.jpg,train,mllm_selection,000000032193
coco-rem,000000377518,/home/felix/fiftyone/coco-2017/train/data/000000377518.jpg,train,mllm_selection,000000377518
coco-rem,000000207937,/home/felix/fiftyone/coco-2017/train/data/000000207937.jpg,train,mllm_selection,000000207937
coco-rem,000000543090,/home/felix/fiftyone/coco-2017/train/data/000000543090.jpg,train,mllm_selection,000000543090
coco-rem,000000066348,/home/felix/fiftyone/coco-2017/train/data/000000066348.jpg,train,mllm_selection,000000066348
