image_id,level
000001,4.0
000002,2.0
000003,3.0
000004,2.0
000005,2.0
000006,2.0
000007,3.0
000008,3.0
000009,3.0
000010,3.0
000011,3.0
000012,3.0
000013,3.0
000014,4.0
000015,3.0
000016,4.0
000017,3.0
000018,2.0
000019,3.0
000020,4.0
000021,3.0
000022,2.0
000023,2.0
000024,2.0
000025,3.0
000026,3.0
000027,2.0
000028,4.0
000029,3.0
000030,2.0
000031,2.0
000032,2.0
000033,3.0
000034,3.0
000035,3.0
000036,3.0
000037,2.0
000038,2.0
000039,1.0
000040,2.0
000041,2.0
000042,3.0
000043,2.0
000044,2.0
000045,2.0
000046,3.0
000047,3.0
000048,3.0
000049,2.0
000050,4.0
000051,4.0
000052,3.0
000053,3.0
000054,3.0
000055,2.0
000056,2.0
000057,2.0
000058,3.0
000059,2.0
000060,4.0
000061,3.0
000062,2.0
000063,3.0
000064,2.0
000065,2.0
000066,2.0
000067,2.0
000068,2.0
000069,3.0
000070,3.0
000071,3.0
000072,2.0
000073,3.0
000074,4.0
000075,3.0
000076,3.0
000077,3.0
000078,4.0
000079,2.0
000080,3.0
000081,3.0
000082,3.0
000083,2.0
000084,3.0
000085,2.0
000086,4.0
000087,3.0
000088,2.0
000089,
000090,3.0
000091,2.0
000092,2.0
000093,3.0
000094,3.0
000095,2.0
000096,3.0
000097,3.0
000098,2.0
000099,1.0
000100,4.0
000101,2.0
000102,3.0
000103,2.0
000104,4.0
000105,2.0
000106,2.0
000107,3.0
000108,2.0
000109,3.0
000110,1.0
000111,3.0
000112,3.0
000113,3.0
000114,3.0
000115,3.0
000116,4.0
000117,3.0
000118,2.0
000119,2.0
000120,2.0
000121,2.0
000122,3.0
000123,3.0
000124,3.0
000125,2.0
000126,2.0
000127,3.0
000128,2.0
000129,3.0
000130,2.0
000131,3.0
000132,2.0
000133,2.0
000134,2.0
000135,3.0
000136,3.0
000137,3.0
000138,3.0
000139,3.0
000140,3.0
000141,2.0
000142,3.0
000143,3.0
000144,2.0
000145,4.0
000146,3.0
000147,2.0
000148,2.0
000149,3.0
000150,4.0
000151,3.0
000152,3.0
000153,2.0
000154,2.0
000155,3.0
000156,4.0
000157,2.0
000158,3.0
000159,3.0
000160,2.0
000161,2.0
000162,1.0
000163,3.0
000164,2.0
000165,2.0
000166,3.0
000167,3.0
000168,2.0
000169,3.0
000170,2.0
000171,2.0
000172,2.0
000173,4.0
000174,3.0
000175,3.0
000176,3.0
000177,3.0
000178,2.0
000179,3.0
000180,3.0
000181,2.0
000182,2.0
000183,4.0
000184,2.0
000185,1.0
000186,2.0
000187,2.0
000188,3.0
000189,2.0
000190,2.0
000191,2.0
000192,3.0
000193,3.0
000194,2.0
000195,3.0
000196,2.0
000197,
000198,2.0
000199,1.0
000200,2.0
000201,
000202,2.0
000203,2.0
000204,2.0
000205,2.0
000206,3.0
000207,3.0
000208,2.0
000209,3.0
000210,3.0
000211,3.0
000212,2.0
000213,2.0
000214,2.0
000215,3.0
000216,3.0
000217,3.0
000218,2.0
000219,3.0
000220,2.0
000221,3.0
000222,3.0
000223,3.0
000224,3.0
000225,3.0
000226,4.0
000227,4.0
000228,2.0
000229,3.0
000230,3.0
000231,2.0
000232,2.0
000233,3.0
000234,3.0
000235,3.0
000236,2.0
000237,3.0
000238,4.0
000239,2.0
000240,2.0
000241,3.0
000242,3.0
000243,2.0
000244,2.0
000245,3.0
000246,4.0
000247,2.0
000248,3.0
000249,2.0
000250,3.0
000251,3.0
000252,2.0
000253,2.0
000254,3.0
000255,3.0
000256,4.0
000257,3.0
000258,2.0
000259,3.0
000260,3.0
000261,2.0
000262,3.0
000263,2.0
000264,4.0
000265,4.0
000266,3.0
000267,4.0
000268,4.0
000269,2.0
000270,2.0
000271,2.0
000272,3.0
000273,2.0
000274,2.0
000275,2.0
000276,3.0
000277,2.0
000278,2.0
000279,3.0
000280,3.0
000281,3.0
000282,2.0
000283,2.0
000284,3.0
000285,4.0
000286,2.0
000287,2.0
000288,
000289,2.0
000290,2.0
000291,3.0
000292,4.0
000293,3.0
000294,3.0
000295,2.0
000296,2.0
000297,1.0
000298,3.0
000299,2.0
000300,3.0
000301,3.0
000302,2.0
000303,2.0
000304,3.0
000305,4.0
000306,3.0
000307,3.0
000308,
000309,2.0
000310,3.0
000311,3.0
000312,4.0
000313,2.0
000314,2.0
000315,2.0
000316,2.0
000317,3.0
000318,2.0
000319,3.0
000320,2.0
000321,3.0
000322,3.0
000323,2.0
000324,3.0
000325,2.0
000326,2.0
000327,3.0
000328,3.0
000329,2.0
000330,2.0
000331,3.0
000332,2.0
000333,1.0
000334,2.0
000335,3.0
000336,3.0
000337,2.0
000338,2.0
000339,3.0
000340,3.0
000341,3.0
000342,3.0
000343,2.0
000344,4.0
000345,2.0
000346,4.0
000347,3.0
000348,3.0
000349,2.0
000350,2.0
000351,3.0
000352,3.0
000353,2.0
000354,3.0
000355,3.0
000356,4.0
000357,3.0
000358,2.0
000359,4.0
000360,3.0
000361,2.0
000362,2.0
000363,2.0
000364,2.0
000365,2.0
000366,3.0
000367,4.0
000368,3.0
000369,3.0
000370,4.0
000371,3.0
000372,2.0
000373,4.0
000374,3.0
000375,3.0
000376,2.0
000377,4.0
000378,3.0
000379,3.0
000380,2.0
000381,3.0
000382,3.0
000383,2.0
000384,3.0
000385,3.0
000386,3.0
000387,3.0
000388,3.0
000389,3.0
000390,2.0
000391,3.0
000392,3.0
000393,3.0
000394,4.0
000395,3.0
000396,1.0
000397,3.0
000398,2.0
000399,2.0
000400,4.0
000401,2.0
000402,3.0
000403,3.0
000404,3.0
000405,3.0
000406,2.0
000407,4.0
000408,3.0
000409,4.0
000410,4.0
000411,2.0
000412,2.0
000413,3.0
000414,2.0
000415,3.0
000416,2.0
000417,1.0
000418,3.0
000419,2.0
000420,2.0
000421,3.0
000422,2.0
000423,3.0
000424,4.0
000425,3.0
000426,3.0
000427,3.0
000428,3.0
000429,4.0
000430,2.0
000431,2.0
000432,2.0
000433,3.0
000434,3.0
000435,2.0
000436,3.0
000437,3.0
000438,2.0
000439,3.0
000440,2.0
000441,3.0
000442,3.0
000443,2.0
000444,3.0
000445,4.0
000446,2.0
000447,2.0
000448,2.0
000449,3.0
000450,2.0
000451,2.0
000452,4.0
000453,4.0
000454,3.0
000455,2.0
000456,2.0
000457,4.0
000458,2.0
000459,2.0
000460,3.0
000461,3.0
000462,2.0
000463,3.0
000464,3.0
000465,3.0
000466,2.0
000467,3.0
000468,4.0
000469,3.0
000470,2.0
000471,3.0
000472,3.0
000473,2.0
000474,3.0
000475,3.0
000476,2.0
000477,1.0
000478,2.0
000479,4.0
000480,2.0
000481,2.0
000482,3.0
000483,2.0
000484,2.0
000485,3.0
000486,2.0
000487,3.0
000488,2.0
000489,4.0
000490,3.0
000491,4.0
000492,1.0
000493,2.0
000494,4.0
000495,2.0
000496,3.0
000497,2.0
000498,3.0
000499,3.0
000500,2.0
000501,2.0
000502,3.0
000503,4.0
000504,3.0
000505,2.0
000506,2.0
000507,2.0
000508,3.0
000509,2.0
000510,2.0
000511,1.0
000512,2.0
000513,3.0
000514,4.0
000515,2.0
000516,3.0
000517,3.0
000518,2.0
000519,4.0
000520,2.0
000521,3.0
000522,2.0
000523,2.0
000524,2.0
000525,3.0
000526,3.0
000527,1.0
000528,3.0
000529,3.0
000530,2.0
000531,3.0
000532,3.0
000533,2.0
000534,2.0
000535,3.0
000536,2.0
000537,1.0
000538,2.0
000539,2.0
000540,3.0
000541,2.0
000542,2.0
000543,3.0
000544,4.0
000545,3.0
000546,3.0
000547,2.0
000548,2.0
000549,3.0
000550,2.0
000551,3.0
000552,3.0
000553,3.0
000554,3.0
000555,4.0
000556,3.0
000557,1.0
000558,2.0
000559,2.0
000560,2.0
000561,3.0
000562,3.0
000563,2.0
000564,3.0
000565,2.0
000566,3.0
000567,3.0
000568,
000569,2.0
000570,2.0
000571,4.0
000572,3.0
000573,4.0
000574,3.0
000575,3.0
000576,2.0
000577,3.0
000578,4.0
000579,3.0
000580,3.0
000581,2.0
000582,3.0
000583,3.0
000584,2.0
000585,2.0
000586,2.0
000587,3.0
000588,2.0
000589,3.0
000590,3.0
000591,2.0
000592,4.0
000593,2.0
000594,2.0
000595,2.0
000596,2.0
000597,3.0
000598,2.0
000599,2.0
000600,2.0
000601,3.0
000602,3.0
000603,4.0
000604,3.0
000605,2.0
000606,3.0
000607,3.0
000608,2.0
000609,2.0
000610,2.0
000611,3.0
000612,3.0
000613,2.0
000614,2.0
000615,2.0
000616,4.0
000617,2.0
000618,2.0
000619,3.0
000620,3.0
000621,3.0
000622,2.0
000623,4.0
000624,2.0
000625,2.0
000626,3.0
000627,3.0
000628,2.0
000629,3.0
000630,2.0
000631,3.0
000632,3.0
000633,2.0
000634,2.0
000635,3.0
000636,3.0
000637,2.0
000638,2.0
000639,3.0
000640,3.0
000641,2.0
000642,3.0
000643,3.0
000644,3.0
000645,2.0
000646,3.0
000647,3.0
000648,2.0
000649,3.0
000650,1.0
000651,2.0
000652,3.0
000653,3.0
000654,2.0
000655,3.0
000656,2.0
000657,3.0
000658,3.0
000659,3.0
000660,3.0
000661,3.0
000662,2.0
000663,2.0
000664,2.0
000665,3.0
000666,2.0
000667,3.0
000668,3.0
000669,3.0
000670,3.0
000671,2.0
000672,3.0
000673,3.0
000674,3.0
000675,2.0
000676,3.0
000677,3.0
000678,3.0
000679,3.0
000680,2.0
000681,3.0
000682,2.0
000683,2.0
000684,3.0
000685,2.0
000686,3.0
000687,2.0
000688,2.0
000689,2.0
000690,3.0
000691,2.0
000692,2.0
000693,2.0
000694,3.0
000695,3.0
000696,3.0
000697,
000698,3.0
000699,2.0
000700,3.0
000701,2.0
000702,4.0
000703,4.0
000704,2.0
000705,3.0
000706,3.0
000707,2.0
000708,3.0
000709,2.0
000710,2.0
000711,4.0
000712,3.0
000713,3.0
000714,2.0
000715,3.0
000716,2.0
000717,3.0
000718,2.0
000719,3.0
000720,2.0
000721,3.0
000722,2.0
000723,2.0
000724,3.0
000725,3.0
000726,3.0
000727,2.0
000728,2.0
000729,2.0
000730,3.0
000731,3.0
000732,2.0
000733,2.0
000734,3.0
000735,4.0
000736,3.0
000737,3.0
000738,3.0
000739,3.0
000740,3.0
000741,2.0
000742,3.0
000743,3.0
000744,3.0
000745,2.0
000746,3.0
000747,3.0
000748,3.0
000749,3.0
000750,3.0
000751,2.0
000752,3.0
000753,3.0
000754,3.0
000755,2.0
000756,3.0
000757,2.0
000758,4.0
000759,2.0
000760,2.0
000761,2.0
000762,3.0
000763,2.0
000764,4.0
000765,3.0
000766,2.0
000767,3.0
000768,4.0
000769,3.0
000770,2.0
000771,2.0
000772,3.0
000773,3.0
000774,3.0
000775,2.0
000776,2.0
000777,3.0
000778,3.0
000779,3.0
000780,3.0
000781,2.0
000782,3.0
000783,4.0
000784,3.0
000785,3.0
000786,3.0
000787,3.0
000788,2.0
000789,3.0
000790,2.0
000791,2.0
000792,3.0
000793,3.0
000794,3.0
000795,2.0
000796,4.0
000797,3.0
000798,2.0
000799,3.0
000800,2.0
000801,3.0
000802,2.0
000803,2.0
000804,2.0
000805,3.0
000806,2.0
000807,3.0
000808,2.0
000809,3.0
000810,3.0
000811,4.0
000812,3.0
000813,2.0
000814,4.0
000815,3.0
000816,3.0
000817,3.0
000818,3.0
000819,2.0
000820,2.0
000821,4.0
000822,3.0
000823,3.0
000824,3.0
000825,4.0
000826,3.0
000827,3.0
000828,4.0
000829,3.0
000830,3.0
000831,2.0
000832,4.0
000833,3.0
000834,3.0
000835,2.0
000836,2.0
000837,2.0
000838,3.0
000839,3.0
000840,2.0
000841,2.0
000842,3.0
000843,2.0
000844,4.0
000845,2.0
000846,2.0
000847,2.0
000848,3.0
000849,2.0
000850,3.0
000851,3.0
000852,4.0
000853,3.0
000854,2.0
000855,2.0
000856,3.0
000857,3.0
000858,3.0
000859,2.0
000860,2.0
000861,3.0
000862,3.0
000863,3.0
000864,2.0
000865,3.0
000866,2.0
000867,3.0
000868,2.0
000869,3.0
000870,4.0
000871,3.0
000872,3.0
000873,3.0
000874,4.0
000875,3.0
000876,2.0
000877,4.0
000878,4.0
000879,3.0
000880,2.0
000881,2.0
000882,4.0
000883,3.0
000884,2.0
000885,3.0
000886,2.0
000887,3.0
000888,4.0
000889,2.0
000890,3.0
000891,3.0
000892,2.0
000893,3.0
000894,3.0
000895,2.0
000896,3.0
000897,2.0
000898,3.0
000899,2.0
000900,4.0
000901,4.0
000902,3.0
000903,2.0
000904,3.0
000905,3.0
000906,2.0
000907,2.0
000908,3.0
000909,2.0
000910,4.0
000911,3.0
000912,2.0
000913,2.0
000914,2.0
000915,4.0
000916,3.0
000917,2.0
000918,2.0
000919,3.0
000920,3.0
000921,4.0
000922,2.0
000923,4.0
000924,3.0
000925,1.0
000926,4.0
000927,2.0
000928,2.0
000929,2.0
000930,3.0
000931,3.0
000932,3.0
000933,2.0
000934,3.0
000935,3.0
000936,3.0
000937,2.0
000938,3.0
000939,3.0
000940,4.0
000941,3.0
000942,4.0
000943,2.0
000944,3.0
000945,2.0
000946,2.0
000947,3.0
000948,4.0
000949,2.0
000950,3.0
000951,3.0
000952,4.0
000953,4.0
000954,2.0
000955,3.0
000956,2.0
000957,2.0
000958,3.0
000959,2.0
000960,2.0
000961,3.0
000962,2.0
000963,3.0
000964,3.0
000965,4.0
000966,4.0
000967,2.0
000968,2.0
000969,2.0
000970,3.0
000971,2.0
000972,3.0
000973,3.0
000974,3.0
000975,2.0
000976,2.0
000977,1.0
000978,3.0
000979,3.0
000980,2.0
000981,4.0
000982,2.0
000983,3.0
000984,3.0
000985,3.0
000986,2.0
000987,4.0
000988,4.0
000989,3.0
000990,2.0
000991,1.0
000992,2.0
000993,2.0
000994,3.0
000995,3.0
000996,3.0
000997,2.0
000998,3.0
000999,3.0
001000,2.0
001001,3.0
001002,3.0
001003,2.0
001004,2.0
001005,2.0
001006,2.0
001007,3.0
001008,4.0
001009,2.0
001010,2.0
001011,3.0
001012,3.0
001013,2.0
001014,3.0
001015,2.0
001016,4.0
001017,3.0
001018,3.0
001019,3.0
001020,2.0
001021,3.0
001022,3.0
001023,2.0
001024,3.0
001025,3.0
001026,2.0
001027,2.0
001028,2.0
001029,3.0
001030,2.0
001031,2.0
001032,3.0
001033,3.0
001034,2.0
001035,2.0
001036,2.0
001037,3.0
001038,4.0
001039,1.0
001040,3.0
001041,3.0
001042,2.0
001043,4.0
001044,2.0
001045,3.0
001046,3.0
001047,2.0
001048,2.0
001049,4.0
001050,3.0
001051,3.0
001052,4.0
001053,2.0
001054,2.0
001055,
001056,3.0
001057,3.0
001058,2.0
001059,4.0
001060,2.0
001061,2.0
001062,3.0
001063,4.0
001064,4.0
001065,3.0
001066,2.0
001067,2.0
001068,3.0
001069,3.0
001070,3.0
001071,4.0
001072,1.0
001073,3.0
001074,3.0
001075,3.0
001076,2.0
001077,2.0
001078,2.0
001079,2.0
001080,3.0
001081,3.0
001082,3.0
001083,4.0
001084,2.0
001085,3.0
001086,4.0
001087,1.0
001088,2.0
001089,2.0
001090,2.0
001091,4.0
001092,3.0
001093,3.0
001094,3.0
001095,3.0
001096,1.0
001097,4.0
001098,3.0
001099,3.0
001100,2.0
001101,3.0
001102,4.0
001103,2.0
001104,3.0
001105,3.0
001106,2.0
001107,2.0
001108,3.0
001109,3.0
001110,3.0
001111,3.0
001112,4.0
001113,3.0
001114,4.0
001115,3.0
001116,2.0
001117,3.0
001118,4.0
001119,2.0
001120,2.0
001121,2.0
001122,4.0
001123,2.0
001124,4.0
001125,3.0
001126,3.0
001127,2.0
001128,3.0
001129,2.0
001130,3.0
001131,3.0
001132,4.0
001133,4.0
001134,3.0
001135,3.0
001136,2.0
001137,3.0
001138,3.0
001139,3.0
001140,2.0
001141,1.0
001142,3.0
001143,3.0
001144,2.0
001145,3.0
001146,4.0
001147,4.0
001148,2.0
001149,3.0
001150,3.0
001151,2.0
001152,4.0
001153,3.0
001154,4.0
001155,2.0
001156,2.0
001157,3.0
001158,2.0
001159,4.0
001160,2.0
001161,4.0
001162,2.0
001163,2.0
001164,2.0
001165,2.0
001166,3.0
001167,2.0
001168,2.0
001169,2.0
001170,3.0
001171,4.0
001172,3.0
001173,2.0
001174,2.0
001175,3.0
001176,4.0
001177,4.0
001178,2.0
001179,3.0
001180,4.0
001181,2.0
001182,2.0
001183,2.0
001184,4.0
001185,2.0
001186,3.0
001187,3.0
001188,3.0
001189,3.0
001190,3.0
001191,2.0
001192,2.0
001193,3.0
001194,2.0
001195,3.0
001196,2.0
001197,2.0
001198,2.0
001199,
001200,2.0
001201,3.0
001202,2.0
001203,3.0
001204,2.0
001205,3.0
001206,2.0
001207,3.0
001208,2.0
001209,2.0
001210,3.0
001211,2.0
001212,2.0
001213,3.0
001214,3.0
001215,3.0
001216,3.0
001217,4.0
001218,3.0
001219,3.0
001220,2.0
001221,2.0
001222,2.0
001223,3.0
001224,3.0
001225,3.0
001226,3.0
001227,4.0
001228,3.0
001229,3.0
001230,2.0
001231,2.0
001232,3.0
001233,3.0
001234,1.0
001235,2.0
001236,2.0
001237,3.0
001238,3.0
001239,3.0
001240,2.0
001241,2.0
001242,3.0
001243,3.0
001244,2.0
001245,3.0
001246,4.0
001247,4.0
001248,3.0
001249,3.0
001250,4.0
001251,2.0
001252,2.0
001253,2.0
001254,2.0
001255,3.0
001256,3.0
001257,2.0
001258,1.0
001259,3.0
001260,3.0
001261,3.0
001262,3.0
001263,4.0
001264,2.0
001265,4.0
001266,2.0
001267,2.0
001268,3.0
001269,2.0
001270,2.0
001271,4.0
001272,3.0
001273,3.0
001274,3.0
001275,3.0
001276,3.0
001277,
001278,3.0
001279,2.0
001280,3.0
001281,3.0
001282,2.0
001283,2.0
001284,3.0
001285,4.0
001286,2.0
001287,3.0
001288,3.0
001289,2.0
001290,3.0
001291,3.0
001292,4.0
001293,3.0
001294,3.0
001295,2.0
001296,2.0
001297,2.0
001298,2.0
001299,3.0
001300,3.0
001301,2.0
001302,2.0
001303,3.0
001304,3.0
001305,4.0
001306,4.0
001307,2.0
001308,3.0
001309,2.0
001310,3.0
001311,3.0
001312,2.0
001313,2.0
001314,3.0
001315,3.0
001316,3.0
001317,3.0
001318,3.0
001319,3.0
001320,3.0
001321,2.0
001322,4.0
001323,2.0
001324,2.0
001325,2.0
001326,2.0
001327,1.0
001328,2.0
001329,2.0
001330,3.0
001331,2.0
001332,3.0
001333,1.0
001334,2.0
001335,3.0
001336,1.0
001337,3.0
001338,3.0
001339,2.0
001340,2.0
001341,2.0
001342,3.0
001343,3.0
001344,3.0
001345,3.0
001346,2.0
001347,2.0
001348,4.0
001349,2.0
001350,3.0
001351,3.0
001352,3.0
001353,4.0
001354,3.0
001355,3.0
001356,3.0
001357,2.0
001358,2.0
001359,3.0
001360,3.0
001361,3.0
001362,3.0
001363,4.0
001364,2.0
001365,3.0
001366,2.0
001367,3.0
001368,2.0
001369,4.0
001370,4.0
001371,3.0
001372,
001373,2.0
001374,2.0
001375,3.0
001376,3.0
001377,3.0
001378,3.0
001379,2.0
001380,3.0
001381,3.0
001382,2.0
001383,4.0
001384,3.0
001385,2.0
001386,3.0
001387,3.0
001388,3.0
001389,3.0
001390,3.0
001391,2.0
001392,3.0
001393,3.0
001394,3.0
001395,2.0
001396,3.0
001397,3.0
001398,3.0
001399,2.0
001400,3.0
001401,3.0
001402,2.0
001403,2.0
001404,3.0
001405,3.0
001406,4.0
001407,3.0
001408,4.0
001409,3.0
001410,2.0
001411,3.0
001412,2.0
001413,2.0
001414,3.0
001415,3.0
001416,2.0
001417,4.0
001418,2.0
001419,4.0
001420,3.0
001421,4.0
001422,3.0
001423,3.0
001424,3.0
001425,2.0
001426,2.0
001427,3.0
001428,3.0
001429,2.0
001430,3.0
001431,3.0
001432,2.0
001433,3.0
001434,3.0
001435,4.0
001436,2.0
001437,2.0
001438,2.0
001439,2.0
001440,2.0
001441,3.0
001442,4.0
001443,3.0
001444,3.0
001445,3.0
001446,4.0
001447,2.0
001448,2.0
001449,2.0
001450,3.0
001451,3.0
001452,2.0
001453,3.0
001454,2.0
001455,3.0
001456,3.0
001457,3.0
001458,4.0
001459,4.0
001460,2.0
001461,3.0
001462,4.0
001463,2.0
001464,2.0
001465,3.0
001466,3.0
001467,3.0
001468,4.0
001469,2.0
001470,3.0
001471,3.0
001472,4.0
001473,3.0
001474,3.0
001475,3.0
001476,2.0
001477,2.0
001478,3.0
001479,2.0
001480,2.0
001481,3.0
001482,3.0
001483,2.0
001484,2.0
001485,3.0
001486,3.0
001487,3.0
001488,3.0
001489,2.0
001490,2.0
001491,3.0
001492,2.0
001493,3.0
001494,2.0
001495,3.0
001496,2.0
001497,4.0
001498,4.0
001499,3.0
001500,3.0
001501,3.0
001502,2.0
001503,3.0
001504,3.0
001505,3.0
001506,2.0
001507,3.0
001508,3.0
001509,4.0
001510,2.0
001511,2.0
001512,3.0
001513,2.0
001514,3.0
001515,2.0
001516,2.0
001517,3.0
001518,3.0
001519,1.0
001520,
001521,1.0
001522,3.0
001523,2.0
001524,2.0
001525,3.0
001526,3.0
001527,4.0
001528,3.0
001529,3.0
001530,2.0
001531,4.0
001532,2.0
001533,2.0
001534,3.0
001535,3.0
001536,2.0
001537,4.0
001538,3.0
001539,3.0
001540,4.0
001541,3.0
001542,3.0
001543,2.0
001544,3.0
001545,2.0
001546,3.0
001547,2.0
001548,2.0
001549,3.0
001550,2.0
001551,3.0
001552,2.0
001553,3.0
001554,2.0
001555,4.0
001556,2.0
001557,2.0
001558,4.0
001559,4.0
001560,4.0
001561,3.0
001562,2.0
001563,3.0
001564,1.0
001565,3.0
001566,3.0
001567,3.0
001568,3.0
001569,3.0
001570,3.0
001571,3.0
001572,3.0
001573,2.0
001574,2.0
001575,3.0
001576,2.0
001577,3.0
001578,2.0
001579,3.0
001580,2.0
001581,4.0
001582,3.0
001583,2.0
001584,3.0
001585,4.0
001586,3.0
001587,4.0
001588,1.0
001589,3.0
001590,2.0
001591,3.0
001592,3.0
001593,4.0
001594,3.0
001595,3.0
001596,3.0
001597,3.0
001598,4.0
001599,2.0
001600,3.0
001601,3.0
001602,3.0
001603,2.0
001604,3.0
001605,2.0
001606,3.0
001607,2.0
001608,2.0
001609,3.0
001610,3.0
001611,2.0
001612,4.0
001613,3.0
001614,2.0
001615,3.0
001616,3.0
001617,3.0
001618,3.0
001619,2.0
001620,2.0
001621,2.0
001622,3.0
001623,3.0
001624,3.0
001625,3.0
001626,3.0
001627,2.0
001628,3.0
001629,3.0
001630,3.0
001631,2.0
001632,3.0
001633,3.0
001634,2.0
001635,3.0
001636,
001637,3.0
001638,3.0
001639,3.0
001640,2.0
001641,3.0
001642,3.0
001643,3.0
001644,4.0
001645,3.0
001646,2.0
001647,3.0
001648,2.0
001649,3.0
001650,2.0
001651,2.0
001652,2.0
001653,2.0
001654,3.0
001655,2.0
001656,4.0
001657,4.0
001658,3.0
001659,2.0
001660,3.0
001661,2.0
001662,2.0
001663,3.0
001664,3.0
001665,4.0
001666,2.0
001667,2.0
001668,3.0
001669,3.0
001670,3.0
001671,3.0
001672,4.0
001673,3.0
001674,2.0
001675,2.0
001676,3.0
001677,2.0
001678,3.0
001679,
001680,3.0
001681,3.0
001682,2.0
001683,4.0
001684,3.0
001685,3.0
001686,3.0
001687,2.0
001688,2.0
001689,3.0
001690,2.0
001691,2.0
001692,2.0
001693,2.0
001694,2.0
001695,3.0
001696,3.0
001697,3.0
001698,3.0
001699,2.0
001700,4.0
001701,2.0
001702,3.0
001703,2.0
001704,2.0
001705,3.0
001706,3.0
001707,3.0
001708,2.0
001709,3.0
001710,3.0
001711,4.0
001712,3.0
001713,3.0
001714,3.0
001715,2.0
001716,2.0
001717,3.0
001718,3.0
001719,3.0
001720,3.0
001721,3.0
001722,4.0
001723,3.0
001724,3.0
001725,2.0
001726,3.0
001727,3.0
001728,3.0
001729,
001730,2.0
001731,2.0
001732,
001733,3.0
001734,4.0
001735,2.0
001736,2.0
001737,3.0
001738,3.0
001739,2.0
001740,3.0
001741,2.0
001742,2.0
001743,3.0
001744,3.0
001745,2.0
001746,3.0
001747,3.0
001748,4.0
001749,3.0
001750,4.0
001751,3.0
001752,2.0
001753,3.0
001754,3.0
001755,3.0
001756,3.0
001757,2.0
001758,2.0
001759,2.0
001760,3.0
001761,3.0
001762,2.0
001763,
001764,3.0
001765,4.0
001766,3.0
001767,3.0
001768,3.0
001769,2.0
001770,3.0
001771,3.0
001772,3.0
001773,3.0
001774,2.0
001775,2.0
001776,2.0
001777,2.0
001778,3.0
001779,2.0
001780,4.0
001781,3.0
001782,2.0
001783,2.0
001784,2.0
001785,2.0
001786,1.0
001787,3.0
001788,3.0
001789,2.0
001790,2.0
001791,2.0
001792,2.0
001793,3.0
001794,2.0
001795,3.0
001796,3.0
001797,3.0
001798,3.0
001799,3.0
001800,2.0
001801,2.0
001802,3.0
001803,2.0
001804,2.0
001805,3.0
001806,3.0
001807,4.0
001808,3.0
001809,3.0
001810,4.0
001811,3.0
001812,4.0
001813,3.0
001814,3.0
001815,2.0
001816,2.0
001817,
001818,2.0
001819,2.0
001820,2.0
001821,3.0
001822,3.0
001823,3.0
001824,2.0
001825,2.0
001826,3.0
001827,3.0
001828,3.0
001829,3.0
001830,2.0
001831,1.0
001832,1.0
001833,3.0
001834,3.0
001835,4.0
001836,2.0
001837,2.0
001838,3.0
001839,2.0
001840,3.0
001841,3.0
001842,4.0
001843,3.0
001844,3.0
001845,2.0
001846,3.0
001847,3.0
001848,2.0
001849,3.0
001850,3.0
001851,3.0
001852,2.0
001853,2.0
001854,2.0
001855,2.0
001856,3.0
001857,3.0
001858,2.0
001859,3.0
001860,2.0
001861,2.0
001862,3.0
001863,3.0
001864,3.0
001865,3.0
001866,3.0
001867,4.0
001868,3.0
001869,2.0
001870,2.0
001871,3.0
001872,4.0
001873,3.0
001874,2.0
001875,4.0
001876,3.0
001877,2.0
001878,2.0
001879,3.0
001880,2.0
001881,3.0
001882,3.0
001883,3.0
001884,2.0
001885,2.0
001886,2.0
001887,3.0
001888,2.0
001889,2.0
001890,3.0
001891,3.0
001892,4.0
001893,4.0
001894,2.0
001895,3.0
001896,2.0
001897,4.0
001898,2.0
001899,3.0
001900,2.0
001901,3.0
001902,4.0
001903,2.0
001904,2.0
001905,3.0
001906,3.0
001907,2.0
001908,3.0
001909,4.0
001910,3.0
001911,2.0
001912,2.0
001913,3.0
001914,3.0
001915,3.0
001916,2.0
001917,3.0
001918,3.0
001919,3.0
001920,2.0
001921,2.0
001922,2.0
001923,2.0
001924,2.0
001925,3.0
001926,3.0
001927,2.0
001928,3.0
001929,2.0
001930,3.0
001931,2.0
001932,3.0
001933,2.0
001934,2.0
001935,2.0
001936,3.0
001937,3.0
001938,4.0
001939,3.0
001940,3.0
001941,2.0
001942,3.0
001943,4.0
001944,1.0
001945,2.0
001946,3.0
001947,3.0
001948,2.0
001949,2.0
001950,3.0
001951,2.0
001952,3.0
001953,4.0
001954,3.0
001955,3.0
001956,3.0
001957,2.0
001958,4.0
001959,2.0
001960,4.0
001961,3.0
001962,3.0
001963,3.0
001964,2.0
001965,2.0
001966,3.0
001967,3.0
001968,
001969,2.0
001970,3.0
001971,2.0
001972,2.0
001973,4.0
001974,4.0
001975,4.0
001976,3.0
001977,3.0
001978,3.0
001979,2.0
001980,4.0
001981,4.0
001982,3.0
001983,2.0
001984,2.0
001985,4.0
001986,2.0
001987,2.0
001988,3.0
001989,2.0
001990,2.0
001991,2.0
001992,4.0
001993,1.0
001994,3.0
001995,2.0
001996,2.0
001997,3.0
001998,4.0
001999,4.0
002000,3.0
1478900953101525249_jpg.rf.08fd1fae5abd546b17a8f5978d3ddc01,3.0
1478895756650717115_jpg.rf.08ef2429dcfa48c7210acab6ffc95641,4.0
1478731897148984706_jpg.rf.090c450e59e501af03cdd48a7893209c,4.0
1478900156723623484_jpg.rf.09055bfb301cc0b895c8af549c4261a4,3.0
1478897385968320111_jpg.rf.08fc7708ffe13254bf2ad6a2fd5c63e1,3.0
1478899179818913151_jpg.rf.08ef82a43163b3591bf41e7c3b4e3d73,3.0
1478898766204296847_jpg.rf.090f4c2c78355c0fccc6abe2f3a8aa23,3.0
1478901264454372674_jpg.rf.08f46d2982e6a9ea0852f7c9438aed6b,3.0
1478896364502082711_jpg.rf.08e73ca6cd7e2ddad9d1c271734b1b67,3.0
1478895444726083471_jpg.rf.08ecc8bea427aa7aaf847fa6308ee2e7,3.0
1478898487986686475_jpg.rf.08f6a6d75a30e3cf2db8faafd1365ba3,3.0
1478900610327540438_jpg.rf.0915928c56f54fbbfe851a9fc3a5e0cf,2.0
1478898443997115096_jpg.rf.08ed034e528db79cf3152bc165b0af4d,2.0
1478020896712000065_jpg.rf.090a1fcedae099b9e96704f3b4dcdc05,3.0
1478895411591141407_jpg.rf.08fdf9489d14210987049e957f06dd35,3.0
1478896823819197306_jpg.rf.08fdf8687e65c0f187cdf4e44b3abe3d,3.0
1478896068003618864_jpg.rf.090a1bfa7acf5885f640fe5e023de276,3.0
1478732190200530852_jpg.rf.091086bd0339f87d7ad19b667d952312,3.0
1478895928610066178_jpg.rf.0916515a96a4e0dc9e6fa6194a3fdf57,4.0
1478732198800906859_jpg.rf.08ff99a05eccb4673ed16c3709e3eeaa,3.0
1478899305502289074_jpg.rf.090bf35f384b62c67e6723e1e4b30b0d,3.0
1478897238004771157_jpg.rf.08ec6f1103ee9847e729f02010ac6d5c,3.0
1478020909712255859_jpg.rf.0911d17d8854890523503e09e2c4660d,3.0
1478020968722256855_jpg.rf.0905b58f7bd7fc0622a08ee4b74bec6f,3.0
1478020609202195342_jpg.rf.0910da8f8d861997a3988817d359b312,2.0
1478898633094696837_jpg.rf.091c3342c14e9b187e6dc20d76658298,4.0
1478732814149368262_jpg.rf.0917e410f187e2bf0d4f8d3bcecf9b0c,3.0
1478732369699003076_jpg.rf.0925e9eabd83f19a676825674e6bb3a9,4.0
1478899543729743565_jpg.rf.092bb8e3c36b39a3a8523af3b82b957f,3.0
1478898429143434482_jpg.rf.09278cddee6681088e472857ef052aa6,3.0
1478899705976206937_jpg.rf.09263c437ba3aaa5289d439ba2940454,3.0
1478732710348678903_jpg.rf.093128ef78abe234a23b7fb9f6181555,4.0
1478901011373557952_jpg.rf.0933bd17b2973df80bbdbb23b79469f4,3.0
1478898188631016480_jpg.rf.0916a1cbf77ab991a406971a2aa4b3a7,3.0
1478900748008458824_jpg.rf.093c8d8fc02195dd005fd65480f126a4,3.0
1478897523649048487_jpg.rf.095cb9a43649691b9c79c55d3507fc10,3.0
1478901241032094475_jpg.rf.093c7c27e8924dbe5f1b8e958d93a151,3.0
1478895485858595264_jpg.rf.093e5db7b4d75e1ee1b2c8e7a78c2c02,3.0
1478897768161882898_jpg.rf.094dfe7bc4ea7dd5fb2d0b3925434b58,3.0
1478895826919479260_jpg.rf.093c05f8d5fb94a219d457c397d0fb1f,3.0
1478897538502669843_jpg.rf.0945676a3275fccceb73c1d8f1ad24d6,3.0
1478022264093290678_jpg.rf.096763eeefb0621ab9dd59eed9a86f29,3.0
1478900570908361171_jpg.rf.095f971aafb4b82344932fb9dae0abf3,3.0
1478731990053529647_jpg.rf.096e1126906925131abcd040d93175a2,4.0
1478896637007633488_jpg.rf.092a347c652c06f6bb6e9449925ed065,3.0
1478732337011343842_jpg.rf.09640c31875ed7da8f0f541e81da9fad,4.0
1478896457050978111_jpg.rf.093f3cf8e90924337e67aaa16a76d8d1,3.0
1478895721801444779_jpg.rf.095de168e0d06636796352cef03b5dc8,3.0
1478898445140041068_jpg.rf.0935d6d16e0f97b5493d190cd432b7e0,3.0
1478897928122474684_jpg.rf.096c51d4945574c6a3e1f87d43d9823a,3.0
1478896621012181957_jpg.rf.094bf13ccb7f37293fc3939617c88855,3.0
1478896567309960556_jpg.rf.0967a7f58e309503982f8f20b977337e,3.0
1478897015201875261_jpg.rf.0974aec383dc4a00d921d976c60f6516,3.0
1478899259799568687_jpg.rf.0932d6ef0b01038efda1555fd9c709f0,3.0
1478020895718252651_jpg.rf.096f60e7e78a7c42f45ee5430190ba43,3.0
1478897019200096262_jpg.rf.097293baf4c37f4276511c5e0ef97312,3.0
1478901314156531360_jpg.rf.096fd985babb6523b065dd3b8acd3651,3.0
1478898962156961292_jpg.rf.0946e26e482b85aebd30f1f0c8003c3c,3.0
1478898806765560520_jpg.rf.09885a636f1a0eb76fc0938011047882,3.0
1478020505199222567_jpg.rf.098982dec70989bc96c3f7c0f4471610,3.0
1478901436984687206_jpg.rf.09886ca147ca2e5a2dd14238f670f19a,3.0
1478020457697040252_jpg.rf.09b3426e640d60cfe5125530fe914823,4.0
1478897565353388127_jpg.rf.0997acf0c3ef13c7db0937999668cadd,3.0
1478898584534346463_jpg.rf.099cbb0485656a01db7fa90fedf83fcb,4.0
1478732566405287799_jpg.rf.09a86b7c02bd2f6fc987fcdf49958faf,3.0
1478020263697979049_jpg.rf.09a46817f6fe54462704d81e8b28db4a,4.0
1478898151496476954_jpg.rf.09840dd31a219c83f8fa128dc102c673,4.0
1478732928271874735_jpg.rf.09a8b57ef84b79d70bbfcdfaa9f5fd8d,3.0
1478900505211105556_jpg.rf.097926f2aaae53985335c8f0d833786b,3.0
1478900209853687764_jpg.rf.099ea0d2598221eda807c0b4905efcbe,3.0
1478895343036312040_jpg.rf.0994daf7a493820d583d0a1ca910b91a,3.0
1478900468649452684_jpg.rf.09bfbfd9c39ad36c145bcf0de6e6011e,3.0
1478898447424515200_jpg.rf.09ae5cc7a58b5e22f5982cf9a4a57c23,3.0
1478732456295866959_jpg.rf.09c3ff947ef74cc38ba4ba827f13112a,4.0
1478021860086872697_jpg.rf.0989e9c453dfb9c025f653fb1b3e2d94,3.0
1478897963542765675_jpg.rf.098ebedd25b368715a2fb2ea467ff12e,3.0
1478896073715621050_jpg.rf.09a0d573306a1429bdca052eb59eb6c9,2.0
1478732688555973177_jpg.rf.0995170847deac7cbfaeca0c5bf0a329,3.0
1478898341164312072_jpg.rf.0975c108728fc920ef222d311c185e93,3.0
1478732012419285484_jpg.rf.09b5b8978816be7c725dbdbb1b243758,3.0
1478900910256548477_jpg.rf.0997149c8c0e2a8bebe8b68fc872307e,3.0
1478898546257948772_jpg.rf.09b1678160e83da157027b037c7639fd,3.0
1478896480474096855_jpg.rf.09cc69e739dae51506dd238b1a4dc923,3.0
1478895706949412509_jpg.rf.09a2017025a5e86495a41a62de6bcc01,3.0
1478895830345998238_jpg.rf.09ec48f0005887958b60ae1916887da6,3.0
1478732753932824027_jpg.rf.09cf0fdf232df2272c2e87b4509aaa72,3.0
1478895663530025988_jpg.rf.09d66db0d855da19bce3e5957520c444,2.0
1478895837773218994_jpg.rf.09e71a23bf139472dc7fb4e52c9283c1,3.0
1478896178833541715_jpg.rf.09e077335711ae35f8f8d220a2a333df,2.0
1478900034469431322_jpg.rf.09d02cf95a09134b981b4fca8bf6a429,3.0
1478897028340854226_jpg.rf.09cb5d716733d7718f5e595d25c9ffc4,3.0
1478900834273691602_jpg.rf.09ed8bc75978ada858e312f0765c6819,3.0
1478897094610306624_jpg.rf.09d68b2b578824579838cb3d483abc67,3.0
1478021873088264857_jpg.rf.0a02e70ccdac5a3ef9620702a91e7329,3.0
1478020626211438315_jpg.rf.09e4c9b1f9a79e42857e07dcc6dfd9a7,3.0
1478898397722831807_jpg.rf.0a0263630284ddf0269edb7ae649410c,3.0
1478020387201418954_jpg.rf.09eddd6effe5ed7607bc7053159242ab,3.0
1478020528700390619_jpg.rf.09e230a511d431c6fc3948f156a9a88d,3.0
1478898823334570087_jpg.rf.0a0b19ef560e758b934edc2f0ce26756,3.0
1478899301503894170_jpg.rf.0a0557cf3a4a63ccce1e2c28ace13928,3.0
1478899581434639255_jpg.rf.09fb0b76411f16697e3e9f034c60872e,3.0
1478900173290994592_jpg.rf.09e2f30358b9ae20060c823038cce4eb,3.0
1478900599472892714_jpg.rf.09ed7906f37527d18093b0783d10489c,3.0
1478900066459552219_jpg.rf.09da07d60e5f0526c07116352fc8dd67,3.0
1478895443583507284_jpg.rf.09d9f5fc865f0c2756d670f22633d8be,3.0
1478895678954506200_jpg.rf.0a05e0bd0439bbf2e6c51675f4560391,2.0
1478897208297969759_jpg.rf.09ce3218221820d0fca6f58e535c3f56,4.0
1478899632850936816_jpg.rf.0a14d2339505de17b4caf192dd7e4d77,3.0
1478898273181660057_jpg.rf.0a1665791a06ff51671b468f333872d2,3.0
1478732640383633414_jpg.rf.0a17116e92293190666b430fc2795390,3.0
1478731898295473636_jpg.rf.0a1764b44707a9b40946b65022b6d6cd,3.0
1478897707033150577_jpg.rf.0a20546920b21e523a95de6c8fd3243c,4.0
1478899079271612373_jpg.rf.0a22df29aec12d8bec83a0c0342d635a,3.0
1478897194588204575_jpg.rf.0a24931fbf2f38e791d11e2b8ebd396b,3.0
1478898806194766522_jpg.rf.0a2072b755e17046855dd776e397135c,3.0
1478899247801539083_jpg.rf.0a2fb85395a5c3c1c4dabef616c04018,4.0
1478895739511300858_jpg.rf.0a34c095b2a977a32a28492770250f84,3.0
1478898116648126854_jpg.rf.0a29625c06fbdf21cb375b12582e92e6,3.0
1478021149725443000_jpg.rf.0a2e53c6e86136f806f95c64f47ae603,3.0
1478900330967057319_jpg.rf.09e962c3503bad36f303c24ae4ae06ca,3.0
1478898613099001710_jpg.rf.0a41b72fb05137f8a2ab9734559ba4c1,3.0
1478899746537774357_jpg.rf.0a26aeb60d22eb61c54fab01878ef4d8,3.0
1478895811494773632_jpg.rf.0a4d6508b866f1a6ee7ef71831c960e1,2.0
1478901049077854956_jpg.rf.0a4726927d8dd7bcfe731edc12d42d6b,3.0
1478020394202260504_jpg.rf.0a3c46b1899f2330fb33bbab5db2775f,4.0
1478732780886764867_jpg.rf.0a2614b1180319062901d79d4ae41337,3.0
1478900541773001629_jpg.rf.0a4f80a9ead762125f9a29542f607424,3.0
1478897824147982400_jpg.rf.0a45b912d2e5080a796bc24fd1dcca9f,3.0
1478020355695816598_jpg.rf.0a5b3322b9394e05a4d980baf1c00a29,4.0
1478896541031072901_jpg.rf.0a5a264ea0ce21573b9c830ab9489492,3.0
1478732027903159148_jpg.rf.0a5dc7d452c5d6cdf304b478d2a58fab,3.0
1478896993492521559_jpg.rf.0a544cc51b568c1c359f23b516e0d53c,3.0
1478021147228220633_jpg.rf.0a403329e1fe6de90e2c92352a6788d6,3.0
1478896370786768715_jpg.rf.0a5245d58ff6bf46ea8e75cc229d9c22,3.0
1478895652675582355_jpg.rf.0a25695e1e003e5109717e508e77417d,3.0
1478732400094417130_jpg.rf.0a3c3fc1cb5e3dd63171ec2d53a57f4a,4.0
1478898817049725547_jpg.rf.0a613c740c59fab349b0e0e5cf5fc968,3.0
1478900625752220578_jpg.rf.0a534060fe22641083034bf6f4fbd388,3.0
1478896871237026378_jpg.rf.0a59b82039b26cdaab6163430a319900,3.0
1478896248530359089_jpg.rf.0a4dd253760d4e1eea16ea6bb4e1f599,2.0
1478897792726239313_jpg.rf.0a63491ef6c0d862813a2f952e785dc4,2.0
1478895877763316181_jpg.rf.0a630a3870a2ca2e4a26d603d27fa67b,2.0
1478732857160221208_jpg.rf.0a62916d3cb982df0e8b6018cab25264,3.0
1478899688837090026_jpg.rf.0a6667d9f291ec6943342aacba15e153,3.0
1478021156232032863_jpg.rf.0a256035eea417130c441d267b0ba790,3.0
1478896189688221008_jpg.rf.0a688e5a4d69d549bfac2d04d8ec020e,3.0
1478899019285803139_jpg.rf.0a68f7edeb0663cf60c217485133d9a3,3.0
1478020618703950920_jpg.rf.0a6fcd1fb1ed30091da337839b611ebf,3.0
1478895498427440592_jpg.rf.0a6f6f98e71e0dc65d329169b3864673,2.0
1478896363931000390_jpg.rf.0a7b2a4def9fe72a5590bf57cd15a953,3.0
1478898939304943256_jpg.rf.0a72ecc77b4350b28d25fd62bb2bd53b,3.0
1478896597588826295_jpg.rf.0a7ba319b640a982ff5ed535e679693a,3.0
1478896878091982736_jpg.rf.0a77d7cf600c31367e017c830ba4c92a,3.0
1478732215432602323_jpg.rf.0a7d856dfe920bc0884aa3623965a0a1,3.0
1478732405828919120_jpg.rf.0a6960880196c1d59c36927a7acdb109,3.0
1478895662960158160_jpg.rf.0a9d063c8bbd67821b659c32d44f9229,3.0
1478897028912820878_jpg.rf.0aa3f49d6e42eb64ba838497a0a5e717,3.0
1478896776402008954_jpg.rf.0a7cd5a4faa02d51bebc4f34f819ee7b,3.0
1478732272207253703_jpg.rf.0a8f90af43248a37ed6a8e862112121c,4.0
1478900311543203888_jpg.rf.0a9d940708ae221bc133d130f0ff8b91,3.0
1478898225194288724_jpg.rf.0aa3358270664382c2802277242df9ef,3.0
1478901272452484537_jpg.rf.0a6a55f06743cc4e662533c173ec992e,3.0
1478899669985644278_jpg.rf.0aa55c6a86adea16f9b1a930345b3629,3.0
1478732007831495739_jpg.rf.0a86da62f6515b23a0724bbbd5ca32e2,3.0
1478900095024715037_jpg.rf.0aafee317051aa1148b31101f95e7ca7,3.0
1478899391195682559_jpg.rf.0a85fe8c5803e12199ea54c028f51a8f,3.0
1478896506181975983_jpg.rf.0a7bdc20f9cab175986123ef2a7d13ec,3.0
1478897509938952500_jpg.rf.0aae11f98f9ecf8e0661794f13b4c46d,2.0
1478897858424622816_jpg.rf.0aacf94d7ac28b0b062eea5a92b980bf,3.0
1478901036510941216_jpg.rf.0ab73d03b3fde6ced0c61ad34fa5c6c8,3.0
1478898519978589074_jpg.rf.0ab47e88d0caee4f02294373e2afec39,4.0
1478021662583339540_jpg.rf.0a7c0303fe64f724abf5dbf1a4286aa7,3.0
1478901078787136837_jpg.rf.0a8257813bade8680e5424d8c074037b,3.0
1478900753721639810_jpg.rf.0ab9b8cfe9bff54901c8b06a436ad70d,3.0
1478897626481546434_jpg.rf.0ab911c9e22558a4c2ab980c15d5d711,3.0
1478896753550631737_jpg.rf.0aae567fd12c40b0425783e33296af29,3.0
1478898218909460402_jpg.rf.0ac532fd74b7705b8fe0a38ec04c1912,3.0
1478732402388346477_jpg.rf.0abe02170aa549a5a35afe59caa7d5f8,3.0
1478899595717696124_jpg.rf.0ac6fae8c37ecbad299563e42c439c99,3.0
1478896464477707748_jpg.rf.0ad3561e880993f475eada7b8ff12325,3.0
1478901021656045497_jpg.rf.0ad0ee665c068fb1f967d087a90ec167,3.0
1478900004189035481_jpg.rf.0aea8c791f4adb65cba2d98ea15aaec4,4.0
1478732376008651571_jpg.rf.0aefa15e7630960bbc9d764f1b0bedca,4.0
1478020572212127625_jpg.rf.0af4b3c6d26f3abef81124f3af7fec06,3.0
1478897098038157612_jpg.rf.0b0c606157f8e9e7cfb0ac9598814d21,4.0
1478895777216337907_jpg.rf.0b10fd05d2b1feb598dda20a6cb3a5e0,2.0
1478020585212162283_jpg.rf.0b12008d2cfc639844402c5853387026,2.0
1478900124160866383_jpg.rf.0ae993718229ca7fcd773f755ca6cd62,4.0
1478900857695688254_jpg.rf.0b380e24799ae6b19615ac2159594e97,3.0
1478900059032938032_jpg.rf.0b060051f9b05aa9b0e968f3cde58005,3.0
1478732968416336391_jpg.rf.0b03340ca1e40f0ec617e8ee0f1a60a7,3.0
1478898572537689785_jpg.rf.0afbe1e11df70c02267bd8ff9d013256,4.0
1478895713231609590_jpg.rf.0b1a75dec509fab43468021f6d93e4ef,3.0
1478898056662994206_jpg.rf.0b2eb53f307318ffc7b408be92da799e,3.0
1478897445954484213_jpg.rf.0b212ac10496d686d9abcd1a79df2e33,3.0
1478732639810797604_jpg.rf.0b166a6ef284274dd438ef3b1012b817,3.0
1478900979953043744_jpg.rf.0b166e674a17fae9c8733dd09426afe0,3.0
1478732444827056936_jpg.rf.0b0f54b73f3bfbaec8261cf3a6085410,3.0
1478896009162458795_jpg.rf.0acbf09b6221d8defcb7c9ec255bced4,3.0
1478898879320646276_jpg.rf.0b31dd7a61e251f4a69b0b5f3ee2dcad,2.0
1478732624899891839_jpg.rf.0b369a66094da9a539738edc87632050,4.0
1478899928209330078_jpg.rf.0b3e298efd98409d478966ed14b66047,4.0
1478898582249342946_jpg.rf.0b2f4af4b89bd338135841cf5f414fdf,4.0
1478020637705562678_jpg.rf.0ac239a889fbf228610be5c5835e93ec,3.0
1478898619383732382_jpg.rf.0b3b88f28731d731938da3637d85e737,3.0
1478897886989340605_jpg.rf.0b3edd9a372b9e4997404aa2290ac96c,3.0
1478895410448467762_jpg.rf.0b3a221bb515487558f5055286429d2b,3.0
1478897877277538473_jpg.rf.0b1199106165bf28b29b164371011d14,3.0
1478898324025854293_jpg.rf.0b4b0d675b03bbabc35614a1e3c5b6fb,3.0
1478732168406906494_jpg.rf.0b428af77f1bdf2b93155d3685ce94bb,4.0
1478020414698821141_jpg.rf.0b128deb8dcd119e292c5ac422c59790,3.0
1478895568124499923_jpg.rf.0b4e9e13d1cfa0381e56ecd846015c0e,3.0
1478732233210079567_jpg.rf.0b4ddecfab62fa017a76551866bd6516,4.0
1478732017007188764_jpg.rf.0b3ff5e246868775efb69ff0f3c6c645,3.0
1478897101466193766_jpg.rf.0b4a9ed15d398b7855ab70dd7a3dcf90,3.0
1478022257094515079_jpg.rf.0b4a66c1637f0bafb39c04f4c4c71fc8,3.0
1478897469377818740_jpg.rf.0b7dc6a833c2b71d3936680dc8ce48b4,3.0
1478898449138424085_jpg.rf.0b64582aa35f3de3f134546ce614e801,3.0
1478733032646038409_jpg.rf.0b6090fc51c9be409cd663a7f762a744,3.0
1478020210190790169_jpg.rf.0b627d636c7f473fac3c5a03daa2f5b1,3.0
1478898025812984059_jpg.rf.0b51c6a73d44d1b94d2a540e21ba3645,3.0
1478897924694357423_jpg.rf.0b456d4091d9ba80638abffb076a73cb,3.0
1478896533032395561_jpg.rf.0b6613116d1ae0931d89b826c0e22eef,3.0
1478898432570792942_jpg.rf.0b70ecad74979ee98c31bd7ac10863b8,3.0
1478895256771862257_jpg.rf.0b634f6b8bdb1a1c4916ccb93b597358,2.0
1478896686709601629_jpg.rf.0b49364ed12dabb32951de73311fb3b7,3.0
1478020848212094356_jpg.rf.0b7e4787c851c1df9bad9f7f5e11c1ce,3.0
1478896710132981359_jpg.rf.0b75e92a672446d7cdbfb051e9cc0578,3.0
1478897211724777174_jpg.rf.0b679504d54f11fb980d0215d1823402,3.0
1478897781300448441_jpg.rf.0b744dda5e45a4e034c79973392a7cbc,3.0
1478732899025355494_jpg.rf.0b76d09e8eda55cdc8ce19f604f42784,4.0
1478020524700412520_jpg.rf.0b5a48665cbfb1a800e3cb36c0044623,3.0
1478020851720052465_jpg.rf.0b83b16167318a47d0633067ed3fb175,3.0
1478897671613002839_jpg.rf.0b906e540d4a451ede875d863f06d22c,3.0
1478898038952597297_jpg.rf.0b83ed7097230520bd603853742ff612,3.0
1478895526991514340_jpg.rf.0b9d06b1bbf12e69ad2da679f04bcf76,2.0
1478898590819155692_jpg.rf.0b846ccf0a0cd5abbeea8246dd4b9add,4.0
1478898406292021233_jpg.rf.0ba436eb990e7cdfbf4004c97720f4c0,3.0
1478896517037429186_jpg.rf.0b930eaf60b99ad0b31272a5e2a94403,3.0
1478732934582152732_jpg.rf.0bb44257338cd7185877839f96a4bd8d,4.0
1478900277836512635_jpg.rf.0bc1ab880e917cb8c1af33fa4d274af4,3.0
1478020476197736265_jpg.rf.0b9d08d85343ce96d9b1f89bea8eb982,4.0
1478897609913504932_jpg.rf.0bc229d9be4941d76aa1f8bfbb54507f,3.0
1478020286191401014_jpg.rf.0bc6b9682c4c88d7853a67f816f5fa5e,4.0
1478897945261310481_jpg.rf.0bc0ced6ce91a503cb797172403c33ac,3.0
1478896326227252830_jpg.rf.0bc8a28468a8770ce925d27dba49abc2,3.0
1478732620311731280_jpg.rf.0bb12bf0f9c1e3785d24469cc5839bbe,3.0
1478896780972341137_jpg.rf.0bc89f72f0fa42d6ba058f01f3451dfb,3.0
1478898446282953875_jpg.rf.0bcd194e6c08c34581b026fe52564867,3.0
1478898152638655879_jpg.rf.0bca9ddcb0853e4bb776895d892d4bd0,3.0
1478897214581490325_jpg.rf.0bd14599da46c26ef761f6d66f01380b,3.0
1478732417872226513_jpg.rf.0bc2992c4d0ecacbe3d317798d537ffb,3.0
1478020566200177287_jpg.rf.0bd48729125bdfdc039e9ac28f77d396,3.0
1478898950160416472_jpg.rf.0bb5252ec8a5055b9e9e39956fec77a5,3.0
1478731934998178734_jpg.rf.0bafa148f590f1a6776efe037f5e1f1e,3.0
1478897870422194753_jpg.rf.0be26a10787bd2efae87033193c85773,3.0
1478896855811657925_jpg.rf.0bd1545711fc1c18ca8c1ce94615d19e,3.0
1478732618591696277_jpg.rf.0bdac3cc3ad1e7e871968d53dbac2dd1,3.0
1478898835330426878_jpg.rf.0bd54d3c2193c3e6cf3b41bf0d251bdd,3.0
1478020589702231080_jpg.rf.0be320acbee7b588fdef1c8cd0ea12dc,3.0
1478021870087174223_jpg.rf.0bcf12d52a9e5c344acd39e43f3f4caa,3.0
1478897674469619791_jpg.rf.0bece67ee0f31a0ef89fcb46d1afc2a2,3.0
1478732795797101812_jpg.rf.0bf4f75fb22918c33374435286e2fda0,3.0
1478897943547200651_jpg.rf.0beb5066df6ba3b12b1b8c3900777179,3.0
1478897495655857813_jpg.rf.0bf0caed7a0134e12f7355902dba1269,3.0
1478895655533865638_jpg.rf.0be8e7b417a7b913cbb9f34ba800a43a,3.0
1478901186759224341_jpg.rf.0bfdc159338d00e12090dda7fe239163,3.0
1478895578407583181_jpg.rf.0bf4d47741c1c73dcf0f6a94b3868958,2.0
1478732861174725016_jpg.rf.0c01395bec250f5b0f48df9bb196e8eb,3.0
1478896391924252240_jpg.rf.0bf2d85b4cb9ab396772960e83bf2c43,3.0
1478020859217604776_jpg.rf.0bd5dfa72662a7f9bc9d1a61e27fc243,3.0
1478895434443018575_jpg.rf.0bf89557e4d46d6d0e871940a346063e,3.0
1478020612211281066_jpg.rf.0c070aaf5028edb318ebe806602404d2,3.0
1478898851898470326_jpg.rf.0c00c1cf5653a111b8dcd9c9c2784b35,2.0
1478895886904506778_jpg.rf.0bf544a07a5c312bf5847ace44240aec,3.0
1478020579707951349_jpg.rf.0c13691799d7431f754e6965bd0a718f,3.0
1478020550204902743_jpg.rf.0c09aca809bcbcaee22ac91368731f54,3.0
1478897487658718043_jpg.rf.0c1c53caf38a226b028f5f1245d884ad,3.0
1478896324512388569_jpg.rf.0c0f3a411b6144ad885d0589cbda5dbc,3.0
1478897063189733215_jpg.rf.0c07a5a651d64d3781612494c122181e,3.0
1478021879087937197_jpg.rf.0c07e40d9de8a03a5279b2387f9cf68e,3.0
1478020431196343477_jpg.rf.0c20bd1ee556692b5eeb210904823e9b,3.0
1478897656759653408_jpg.rf.0c2366201c43e90006ac916da212e9f4,3.0
1478898557684817475_jpg.rf.0c0a5bcba2a1bbd2f981390188e94494,3.0
1478900474931596417_jpg.rf.0c305435cd0557e28cfcaac8957f3007,3.0
1478898266326535144_jpg.rf.0c37f814de0ca754d50cdbdc6c30fe78,3.0
1478901508395512636_jpg.rf.0c0abe0e76b11f1df55f4b3f448285f4,3.0
1478901003374738480_jpg.rf.0c454dba96fb69b7414094e28d251546,3.0
1478732472926144730_jpg.rf.0c3c3477c8a286f6a81aa455aaea79e5,4.0
1478897460237521345_jpg.rf.0c470ad9f302825cbf26ed1cc4695022,3.0
1478897398536307496_jpg.rf.0c4378c894e12758f23ad85b7383e821,3.0
1478732752213193387_jpg.rf.0c675d3b33a8a246f9835e7b857f8b28,4.0
1478898726215540680_jpg.rf.0c5af2e20d3aa79363e4b8191fcc85f3,3.0
1478732730993555336_jpg.rf.0c31be701a168708689bd70208f62879,3.0
1478899909355122200_jpg.rf.0c42d8b46d0487fc9c214e861b9ba9a5,3.0
1478901289592123725_jpg.rf.0be4ec031a84667e35536c33f0615c3a,3.0
1478732931713058343_jpg.rf.0c584527a5e750da50de86f3ff1fdc59,4.0
1478021042725682140_jpg.rf.0c5023568989d2a07c60d6407972b94d,3.0
1478899226664149627_jpg.rf.0c74c3f8aa5f0c1b7ef6513c1dbbcc41,3.0
1478899931065112871_jpg.rf.0c68a68285ac70affc3beae205932900,3.0
1478895665243640451_jpg.rf.0c621da0c50e86fc9cec743a888904b8,2.0
1478896466191737725_jpg.rf.0c62e5ac32c57f17b60037d05204ad1e,3.0
1478899118118565583_jpg.rf.0c3cf69338bd9e631bc708e7b997b378,3.0
1478896663288369251_jpg.rf.0c645031e9531094b7c4a187db79521e,3.0
1478899099837694306_jpg.rf.0c676198fcbfd52accbe60ee27081a40,3.0
1478901171905306448_jpg.rf.0c92cd141db8a702ac5b60ff0a0b39de,3.0
1478895905185468474_jpg.rf.0c5bd2c442b16c5a59f6d5b236917a52,3.0
1478900919967006838_jpg.rf.0c91d395a1353a636fd3dda12a35a19e,3.0
1478732840529749874_jpg.rf.0c6cea7372f15c8f91abf8c417e5d08a,4.0
1478898145784097578_jpg.rf.0c8a2dfee9f2cd35a9b9835c3a0da6b5,3.0
1478898282895032664_jpg.rf.0ca9815e08728f19ef15c0268037bcb8,3.0
1478732798664670842_jpg.rf.0c77c35f43b824d033af8b1424424f11,4.0
1478895380743253603_jpg.rf.0c73bcfda32c5f8d4709ff1e191f15c8,3.0
1478896187402071922_jpg.rf.0cbce3e803656e1aed513755fcc78ccd,2.0
1478021900091242224_jpg.rf.0c1e11635eaa1b479377b3a928d4678b,3.0
1478020345195889029_jpg.rf.0cc5ba5c8ad416ae137338e5beb149e9,4.0
1478900374956660325_jpg.rf.0c8a4fe20a2eeaffe7ba1d8c7b5e6326,3.0
1478021651578433472_jpg.rf.0c9c6862496ffe495351fc02d05f9193,4.0
1478899596288733046_jpg.rf.0cc19fb9b908b354df6a8cf6f0d7f77f,3.0
1478899755678278571_jpg.rf.0ca368df61bc2de3db1d7938557510f6,3.0
1478020539208402602_jpg.rf.0cb89ce88c7781c563b6df61e0dea4d3,3.0
1478731980304824647_jpg.rf.0cb13057eac67327818725c6e6bc60de,4.0
1478899961913643649_jpg.rf.0cc5ee80e07b1c5d0b55de058c7e6078,3.0
1478732045107922321_jpg.rf.0ccfafac9c31139efa00b0548c674e91,3.0
1478732538879551520_jpg.rf.0ccbdf47074bc7cea93dc50993964c2c,3.0
1478896894089005417_jpg.rf.0cd1f67173daafac92aa2f095db7bad2,3.0
1478899750537763680_jpg.rf.0cd77d3a3e31ba798a098b1c84c82a60,3.0
1478897425388646138_jpg.rf.0cd39132e0255e5eb1b7c7317a00c0b5,3.0
1478732105896505864_jpg.rf.0cdd75ab1455f001de9c2ab59ba8c112,3.0
1478895476147510073_jpg.rf.0ce15f74495885569561faecd4f3db35,2.0
1478898302888410319_jpg.rf.0cdda3102df939f45a54ac9ec1bc7cbe,3.0
1478899525449021892_jpg.rf.0ce2a4a75bcc718055ef0dbfb348a3a2,3.0
1478898461707197969_jpg.rf.0cddf7526751a85397fc794f5d800256,2.0
1478896407920474267_jpg.rf.0cde80f392374bef2017cca6ce7fc7ad,3.0
1478732873791831872_jpg.rf.0cbf1cd36b838f56b997cc420ba1ec4a,3.0
1478896317656392831_jpg.rf.0ce31e96a36957a49a45a610be8158fb,3.0
1478897493942226000_jpg.rf.0ced86421b48181fad4f026aafdfbec4,3.0
1478732975871054932_jpg.rf.0cf0778ad7aafcba14ad91c93a22b50f,4.0
1478896391353285755_jpg.rf.0cf5ec729613debdb345ba7bbd1806be,3.0
1478897643620615682_jpg.rf.0d029c13fb2cd910040e1114198028f4,3.0
1478895602973112527_jpg.rf.0cf073fd11f0f8d1758a498d9a3212e5,3.0
1478021142222118635_jpg.rf.0cecbe70ec98bd19ecaa75c7036f1ee9,3.0
1478896824962244442_jpg.rf.0d068d9b74fe9694352d1c1bfb3e4ce5,3.0
1478900817135358885_jpg.rf.0ce89c748d372284daf8dded6b3529e7,3.0
1478897658473809040_jpg.rf.0cff0f06c356f4c9214adcd6234785b6,3.0
1478900967954854969_jpg.rf.0cf24aadafea0b26ab1275fb54fb9894,3.0
1478896078858525872_jpg.rf.0d0d95392ebc353de83d93c8d5fdcf85,3.0
1478897157452527028_jpg.rf.0ce5fe8aaa4ad17e9ba69033f5737595,3.0
1478901067359710163_jpg.rf.0cfbe942a912bc4156801335317b3d28,3.0
1478732358229336223_jpg.rf.0d061989c450cfc83a0707e19b084c93,4.0
1478901130772706196_jpg.rf.0d0ac52fdaf1f2a4d1786595c6de7d41,3.0
1478898989578635642_jpg.rf.0d05d107b9ca2a511a77c3a5497fdb5b,3.0
1478732811856268654_jpg.rf.0d14c36d289e7f2478b0b25988dad964,3.0
1478020504199000364_jpg.rf.0cfdff5375b6bff2c4cb2b17d0725d34,4.0
1478895941176464529_jpg.rf.0d0f032babca6cc9c69dcdf669b07c3c,3.0
1478895482432011675_jpg.rf.0d188daaacfdfbaa0a0518584dec9a7e,3.0
1478732804973551360_jpg.rf.0d03e867045f092a4f48be59362c326b,4.0
1478897496227163472_jpg.rf.0d12df3f76a0ec146e2b46bda5f98dd4,3.0
1478896513608742608_jpg.rf.0d29b44fcb1ec8701b2f9c5730551b3f,3.0
1478898184631601686_jpg.rf.0d122fbff8400fbb15c4cc2aeafa85df,3.0
1478732029624383180_jpg.rf.0d2115a26c8a855d94e73698fc5da4fb,3.0
1478020470206075177_jpg.rf.0d1579b08d4967beca7eb814d49e9999,4.0
1478895367031292709_jpg.rf.0d2f99022e6cce5fb6c03c82c340f149,3.0
1478897420816978896_jpg.rf.0d1687d14e8b22dfd94f63a72ac1a8ff,4.0
1478020977720583269_jpg.rf.0d1d2849183898ba682442cecd392fef,3.0
1478732622032099514_jpg.rf.0d0e6bfe9e03ff4ef46459a983aa2e86,3.0
1478901053078789018_jpg.rf.0d30d8922574a650e94043365259841d,3.0
1478021620582731523_jpg.rf.0d445aa0992d940567ae9bc9c94f4fe9,4.0
1478896202256153180_jpg.rf.0d5152ff879a58bce19ba026c030db4e,3.0
1478900959386138849_jpg.rf.0d4611ff1821d8d9ef6b3e5245967035,3.0
1478895291049955990_jpg.rf.0d822c28ebfb68bd1fffddc6cd40138c,3.0
1478897377970858676_jpg.rf.0d533945339e2a6d4b09dcbee39efc17,3.0
1478897243146512959_jpg.rf.0d4efada1f3dd8805ed3b3c1de3586e4,4.0
1478898546257948772_jpg.rf.0d5e85607dfbc186046a295358eb8f40,3.0
1478020852711185283_jpg.rf.0d6e24e821f9f45507425210a54a37ee,3.0
1478898527405184126_jpg.rf.0d816bb6e7dd88fdc043cda808dacdaa,3.0
1478896094854068417_jpg.rf.0d6643b178dd6bee992d0a40921c4f5e,2.0
1478895650390284065_jpg.rf.0d6f0525876f11b496d08a1a47456fe8,3.0
1478900292118820181_jpg.rf.0d75902ed75f54f1228ec3aa5d5493cf,3.0
1478897571637674290_jpg.rf.0d776fa51002d398ca23f4079d873030,3.0
1478898747923237674_jpg.rf.0d66c4ea14d073971886c97e42111154,3.0
1478900540630331935_jpg.rf.0d5898682f9254aec31eba350b543ec4,3.0
1478899645991703770_jpg.rf.0d4af38bfd3c6ee282240d1b28ca5251,3.0
1478898874178422385_jpg.rf.0d3b4de467fed55db61ed29831994366,3.0
1478899010145433770_jpg.rf.0d831392bb3aa2d80e920cc474611036,3.0
1478899892787707304_jpg.rf.0d666432ca96c4221304a10c3fc5b631,3.0
1478732724686284152_jpg.rf.0d682f39fb6e7a468bf175d3608140ba,3.0
1478899765961227303_jpg.rf.0d67839b93d15755d10fad285a738de4,4.0
1478899111264306802_jpg.rf.0d8c30adbf0905fd56358102672c08d8,4.0
1478900338393714867_jpg.rf.0d8236563c5b5841e520c8e8fac7cf90,3.0
1478732783753889978_jpg.rf.0d8a0cb34c773a88c1ce2860b78991ca,3.0
1478020225192384535_jpg.rf.0d86d9d5b9b971907387a1c35125eac4,3.0
1478896510180814658_jpg.rf.0d59894429682c1c4ce027329c829418,3.0
1478898011530621390_jpg.rf.0d78355f09e9d29fc9a2a70345b1e29e,3.0
1478900189287278232_jpg.rf.0d8f08c9e357de6efaec7d1603382be6,3.0
1478897778444594146_jpg.rf.0da0bfda7e83adc577a0741f12ea43a5,3.0
1478020551199347255_jpg.rf.0d94d1cfd54238114f3c6583624dd653,3.0
1478895245346624033_jpg.rf.0da58b20f37d6f3cd279a8a6252590b3,3.0
1478731960231893384_jpg.rf.0da86f379c6fdb743c286e2e21bdb913,4.0
1478732338158235579_jpg.rf.0daeb55a8eb8bdcc11d49664f0751f61,4.0
1478897039766749291_jpg.rf.0d9a1683a0ed365dc6ae6a74b413b8df,3.0
1478732769990150972_jpg.rf.0db407b9d0fc121e6bc7340a52e26d3c,3.0
1478897705891015465_jpg.rf.0da3bbbc74fb3b5fcbb19fce7251cc9a,4.0
1478021643075553413_jpg.rf.0db598074304621a651a7982046a269f,3.0
1478901006802721563_jpg.rf.0dc33aee5734ac96d92bc6b40b7602dd,3.0
1478901293590165447_jpg.rf.0dbcc9d97fdf1f7a2d177a39f1e2fb4e,3.0
1478900585762094502_jpg.rf.0db8e4511392499311258577696ddfb9,3.0
1478898521692177834_jpg.rf.0dd65fb50a1ff774449601541708007f,3.0
1478899018714434544_jpg.rf.0dd7f54e7a5049b22b6fc50d804204f9,3.0
1478896131988857625_jpg.rf.0ddbffed8eafeac06c269411f13d1cc5,3.0
1478899840799986128_jpg.rf.0ddc9b69dab21a5259a51b829f35f261,3.0
1478732495865983003_jpg.rf.0da692e5dfb05b6795def3b28d9bb7bb,3.0
1478900934819888881_jpg.rf.0ddd72347e695a200284f23fff185378,3.0
1478020493698279067_jpg.rf.0da9ef44d673b62393ce8cd1b546b66a,4.0
1478899747680016606_jpg.rf.0db9bf2e16f8ff73706853d4fd79ff66,3.0
1478895401308036327_jpg.rf.0e00c4d2477f7f05c5de5abef82e9e76,2.0
1478732117939667772_jpg.rf.0dd25b0c1199954d8d3ca7c840a41953,3.0
1478020227191969599_jpg.rf.0ddde6cded9cad340652ca691976ce18,4.0
1478732951212006045_jpg.rf.0db83eae7342c6eb9254fc031dcbb176,3.0
1478732899025355494_jpg.rf.0df1824c5bd4c4ed08eb76c06786a8b8,3.0
1478021604576699321_jpg.rf.0dd5ba5d473dc36ab3af7eb2a229fa3b,3.0
1478900946246352438_jpg.rf.0dbe5320e14f3a6cbc6ea84b96e8c967,3.0
1478901516393309057_jpg.rf.0dfc14c60bdb54632e627fd5483df5b7,3.0
1478895621254375995_jpg.rf.0df9d1d2081c6144be47618c9b9f7a96,2.0
1478733032072462358_jpg.rf.0dd762103187f4e62dd39d45a6db0975,4.0
1478895558413680516_jpg.rf.0db638e9829d54bd7da42ce3793eee35,3.0
1478898815335269450_jpg.rf.0e036cd35d978dada6a4b2e10b2f1e7a,3.0
1478897319128722338_jpg.rf.0df2af4e412b6592e8ea8ad45586c57d,3.0
1478020600703438600_jpg.rf.0e0a28ca59370ee8159ad6abf823d821,2.0
1478020348696326192_jpg.rf.0de9793892d7538e756480b0715c1ee3,3.0
1478898143498748418_jpg.rf.0e161c5acdd5a2575d922d269c4ccf19,3.0
1478900240703214717_jpg.rf.0e0838c03ab6bddda32db0d43ef67850,3.0
1478898266326535144_jpg.rf.0dca9945b416c44ab26ac1c802b05fb6,3.0
1478898193201529746_jpg.rf.0e2280af22f82b43185d770c88ada2c4,3.0
1478896118847477534_jpg.rf.0e1a89555f83a897abd4d4bc8704ea54,3.0
1478901207896668772_jpg.rf.0e20e40dfe484df5fb2f81762d239325,3.0
1478899768246804900_jpg.rf.0e338473186b42dd147c74c2e7752eb4,3.0
1478898991292441391_jpg.rf.0e1ff5c035d86a90e8b70625e71a3089,3.0
1478898747352401157_jpg.rf.0e1870497a0eba364ba3468e4850cfc0,3.0
1478899019857094880_jpg.rf.0e354e9f66c548a0bfe0169f3613e7d4,3.0
1478898054377724353_jpg.rf.0e239d5af111cca566628ab84191113a,3.0
1478732046255613996_jpg.rf.0e455e41f91ca18b4042e3909b066d75,3.0
1478897174591688755_jpg.rf.0e2ad39f0a53209685cc7a70a5054206,3.0
1478896013731173106_jpg.rf.0e5e63960cfb57d0ae69d9858f75f20f,3.0
1478901366715754645_jpg.rf.0e41125c1f1d86673abb834a6a377616,3.0
1478900104166175129_jpg.rf.0e15314a3c3755d8f5c7a9ee33ffb489,3.0
1478895762934393681_jpg.rf.0e423232a15347e45ab73606b00336ad,3.0
1478900636606937929_jpg.rf.0e37b68fe4924c1fd480eedbca79ceec,3.0
1478897590490800518_jpg.rf.0e4c5ff4f8612badd731564a14bcec3b,3.0
1478895645820477408_jpg.rf.0e5c9879fd585fa511f63ff88bc2e19b,3.0
1478896697564055470_jpg.rf.0e6934d9a540fa356c98ef4dfdaa4087,3.0
1478019973185520968_jpg.rf.0e569a4f6b65583619ccbe1dda4564ae,3.0
1478899864223878969_jpg.rf.0e6dc27730dcfb33ad7205b9370093a6,4.0
1478897317414825614_jpg.rf.0e75d4ac0b28092ff0de6e876bc9c61a,3.0
1478896634722281131_jpg.rf.0e760993d9cf44d7e4a427b772bf0485,3.0
1478020259694436222_jpg.rf.0e8b2360d8b35710d6bd1ff64c6aed4a,4.0
1478897776730774147_jpg.rf.0e870a90c4a2a3633f809b2eee4fe989,3.0
1478900071601431652_jpg.rf.0e8a9ad31a1aac5cdf040e077d11be53,3.0
1478895447582075315_jpg.rf.0e90246e8a9de46bf085c4793d0d00c4,3.0
1478898709646333603_jpg.rf.0e971fd2beda4542743e1d58c65b2729,3.0
1478732331849095982_jpg.rf.0e823daddcf65ef0893f60ba27162770,4.0
1478900548057001512_jpg.rf.0e97defb74f60a0659e8b2918e5a88b9,3.0
1478732214285304786_jpg.rf.0e9c21854d3b933f46f770ad6ef96934,3.0
1478731936145711433_jpg.rf.0ea156909897d9e0effd7f755a8fcff8,3.0
1478899915639728785_jpg.rf.0e95099f858b655ea5ad02a4493bc756,3.0
1478897332837909564_jpg.rf.0ea3fe67535dd53933ff51ac2eafa107,4.0
1478899184389816445_jpg.rf.0e70fac33fef14378f1f44475481a5a6,
1478732706334689913_jpg.rf.0e77bebd7207c127c2e50d491d8a20ff,4.0
1478899676840434421_jpg.rf.0e49566cc7564ff08046fc9cbf05f510,3.0
1478899899072571191_jpg.rf.0e8cf1b1033b1ee3d595e63180bdf403,3.0
1478900542916043471_jpg.rf.0ea27e3e5273215f7a0716ca40324340,3.0
1478900508067132640_jpg.rf.0eb3a36b6a33885c0d01bbfb34fb5870,3.0
1478895774932081796_jpg.rf.0eab0b098d6eceb3b945f3df4bb8d4c0,3.0
1478899661415180271_jpg.rf.0e77db7688881ed7372ef1744fcfbbd0,3.0
1478732424753595994_jpg.rf.0ea414769d7c3588b0a4944a7434963e,3.0
1478896434200895904_jpg.rf.0eb67ad8e50a4d049e8e26a5ac0c04ed,2.0
1478898165779482301_jpg.rf.0eb2c42892caa801af6743895151e2d3,3.0
1478897320841437947_jpg.rf.0e94d2cf7f06ee30549e8e8731fcf52c,3.0
1478899860224081942_jpg.rf.0eb14cda6cec3ae6046c6615a950f248,3.0
1478895537846002041_jpg.rf.0eb2bb7dbdcd0084ad3c471988858bd9,2.0
1478899841943606797_jpg.rf.0e9f10dcb4335be349712477a2ec0477,3.0
1478900087599264420_jpg.rf.0eb7899de0675b15f76fa1a9400260f4,3.0
1478020502205681508_jpg.rf.0eb86d75525742f5aae7dbe45a7a2c2a,3.0
1478732971283749678_jpg.rf.0ecfc6cef6bb80318021e01f1260512d,4.0
1478895957745341919_jpg.rf.0ec70ef0cf41a2e05b6f2978ff6d7453,4.0
1478020505706477101_jpg.rf.0eb9c260b503fbd59c0c0d8177c7f7d7,3.0
1478897334552507911_jpg.rf.0ec7c513976d5c038f9ba348aa013a7c,4.0
1478901443268273899_jpg.rf.0ed3e8a9d16ac3f6d68440e04fb86c79,3.0
1478899567153949346_jpg.rf.0eec11a44ae09b2c41bbc6444c67f8d9,3.0
1478020246196421177_jpg.rf.0eea4591a5f1f7c2f891fafc8a20d0cf,4.0
1478898434285075011_jpg.rf.0eb8799f8c09d966404c3dbd565d5dc9,3.0
1478899530019427320_jpg.rf.0ed864d07515367993b18f0b4d30114c,3.0
1478897405963679249_jpg.rf.0ee0639c2c08116e06cf4da54953051d,4.0
1478895712089381825_jpg.rf.0ef4e333fa3c5992341da448840cc039,3.0
1478021632576580155_jpg.rf.0ef4ec0ce66344a51ed5cdcd2bb6d29d,3.0
1478732592785101627_jpg.rf.0efc387ca0e71681db7217f6344badf7,3.0
1478896793541447700_jpg.rf.0ef343fec5b0ec260e19374d8e7dc751,3.0
1478896149697946812_jpg.rf.0ee07814d567cfad82426e77f2fdd9c0,3.0
1478021931585416675_jpg.rf.0efea99f542d912d38c73534ffe5921e,4.0
1478895387025787132_jpg.rf.0efa71fac3b193d59d558da264271b69,3.0
1478021868580409436_jpg.rf.0f062004149ad162bdef0ebd93ddf1b5,3.0
1478899080413567784_jpg.rf.0edac46e202878e5108f5f1594f37e9f,3.0
1478898742210654718_jpg.rf.0ed655ec2ae20f033397ac5a7376e95e,3.0
1478897487086379743_jpg.rf.0ed09c4065078ca8e57c619f940061ab,3.0
1478732950065099507_jpg.rf.0ee70c9885b0eee045a70c142baed081,3.0
1478020391206064928_jpg.rf.0edee0e9a5459bb19c10dc3099f302f2,4.0
1478897216295162644_jpg.rf.0efd4a2e011bcaeed4e79adcb4ebd0c6,4.0
1478900834844439436_jpg.rf.0f01fe8309251b053a4286c24f45e4c5,3.0
1478896696992721801_jpg.rf.0f10fdf2657b4f71e43ddd2f60a1ec59,3.0
1478899366059574710_jpg.rf.0eebcf5b77b528133b98f1781b950b15,3.0
1478900314971347043_jpg.rf.0ef3d590db093b8e969931465417d369,3.0
1478895448725910159_jpg.rf.0f0cce5cc29e1f3551420cd63d6bdad4,3.0
1478898368586708765_jpg.rf.0f15b83c385f701bbb0b335f3b10f842,3.0
1478899530591969085_jpg.rf.0f20e8850a1b81bc3f3d2cdfd3143dbe,3.0
1478900092167541592_jpg.rf.0f1339ef1bfa6caf203287c54b18f43d,
1478732807268511377_jpg.rf.0f0f5a99bf52f8c26b5f0721f0509209,3.0
1478900901115687003_jpg.rf.0f06d7510151a829d48772a674737faf,4.0
1478899044422493989_jpg.rf.0f150b82f521a122e212693ff833251a,3.0
1478022255594396505_jpg.rf.0f15388c3ae1c276080ad26f6beda862,3.0
1478901438697699417_jpg.rf.0f1a9b2b0eadd8bf9c43b1c0dfec4699,3.0
1478732312924617196_jpg.rf.0f0d1163f5017c1e3757acb2d9e2d364,3.0
1478899503169603538_jpg.rf.0f2ae879c80711535e3c689fd0d6ebbd,3.0
1478732845118698935_jpg.rf.0f42e981f5e7f72e20a9f2b42268e79c,3.0
1478020539208402602_jpg.rf.0f2a0a950af60756a473cfb6983abadf,3.0
1478895910327532857_jpg.rf.0f3a51ce385d123c428372193dd6c56e,2.0
1478900840558673612_jpg.rf.0f27f1431666029f6c3672adb731e94a,3.0
1478899446610489889_jpg.rf.0f328b8f0838d19493d4578b0b2e81a4,4.0
1478897922981218285_jpg.rf.0f70608b4e90db91e16ab61a587ff289,3.0
1478900283550490710_jpg.rf.0f3032c81949d22e071958daf6aa5f50,3.0
1478732248694316618_jpg.rf.0f542c20dc7c2eb550164d7e79a17a15,3.0
1478900076743706962_jpg.rf.0f3b96cc55745dccfcbb88e0bc8944ad,3.0
1478899042709260519_jpg.rf.0f72a9968fe8e751bfe2331bb831e193,4.0
1478895445297186554_jpg.rf.0f27438802e3397609be22620f26eb26,4.0
1478731956792476740_jpg.rf.0f50bd6aa6bd5123413d686f3f6f4b5c,3.0
1478732185037696304_jpg.rf.0f490d7f23fb18f0fe78a8df906a3742,3.0
1478020964220155662_jpg.rf.0f40eb719a11133570ada7dde5c2f935,3.0
1478895279052570440_jpg.rf.0f4ab7d7bd10ba6a6076a554f27bf9b1,3.0
1478895486429991544_jpg.rf.0f89c180896fc6eecf300626902bb468,3.0
1478896915796608079_jpg.rf.0f3e54535b07857e0ed40ec22ec745f2,3.0
1478900557768677983_jpg.rf.0f4c86be2fdf2fad82791e736a74c8e6,2.0
1478896763263039712_jpg.rf.0f48f2ca1f44acc7682a51f2e71dd16c,3.0
1478898907312838891_jpg.rf.0f943478bbf677aa44f054c57767ad0b,3.0
1478897235718677343_jpg.rf.0f8163cc94f45709e43060943e08be9a,3.0
1478899913925551084_jpg.rf.0f9c77d6913756275e23276d326d0c50,3.0
1478896735269300928_jpg.rf.0f315ac57d244f4c62b551cf79b9d034,3.0
1478896525035490918_jpg.rf.0f9666c4a23e1d0a9d42a9de141d09ea,3.0
1478895958886861242_jpg.rf.0f81bd0a548850a53425844638bbcb77,4.0
1478900859981702684_jpg.rf.0f962f5f35d37d64a4c71b95c62ada64,3.0
1478900602331025972_jpg.rf.0f9d7316bc4e3a29721a5c61cd0a1f7f,3.0
1478900583476728345_jpg.rf.0f6962c6999b15743eafb43ac85e955e,3.0
1478897457379359214_jpg.rf.0f9fe28dcfde27f142c38b9c0ff3c9cf,3.0
1478020265697640039_jpg.rf.0f78f5958f9f32717ced089155775863,4.0
1478897541358847082_jpg.rf.0fa3ff2268b273fa14a337046a06357d,3.0
1478896445625842066_jpg.rf.0fa4e4ee28acc6647747afd369e53686,2.0
1478899758534533348_jpg.rf.0fa18865c6b495493a0fdde014bd9033,4.0
1478732285970833160_jpg.rf.0f9fe50489022e3109cd54317fa8f869,4.0
1478899352348558379_jpg.rf.0fc90ce9d9dcc6a41cd822c23bebc13e,3.0
1478896771261494404_jpg.rf.0fa76ea403d2c6270af552e79c1a4865,3.0
1478895852055312353_jpg.rf.0faedbcecc9461ea1ffc000dfd30494e,3.0
1478900259555717190_jpg.rf.0fa6ccb0197cb0e44d4db9c464a0aefc,3.0
1478900541773001629_jpg.rf.0fb04307392a38a1e984444a72edefa6,3.0
1478899809950990635_jpg.rf.0fcfc523adbc0799844669857107fba6,3.0
1478900120732902944_jpg.rf.0fcdb2f37fbaf40d02dfe919d9900268,3.0
1478900576621498172_jpg.rf.0fd77aee2344b8d56029fee64bf42c54,3.0
1478895810922908228_jpg.rf.0fe4e24a03620ecf77644ed05e09d74b,2.0
1478896567309960556_jpg.rf.0fd4eec7a3767cb13937f0812350319a,3.0
1478901528390429946_jpg.rf.0fc508879b57672d7d9e582bb46c3c29,3.0
1478021035217253015_jpg.rf.0fd8b9bdfc2294b19ad6a955fc3537a3,3.0
1478896954645900399_jpg.rf.0fb73def4b61e717b5c8f5200b21675b,3.0
1478900502926197169_jpg.rf.0fafc45dd14c22f5d61b1793deb3a550,3.0
1478896404492344905_jpg.rf.0fdb246e5ec35cb26a59aaf29548c81c,3.0
1478897086613069030_jpg.rf.0fb8c10db0d85c3573d9b19f095b71ef,3.0
1478896013159794062_jpg.rf.0feb60576e655e37ccf5f0221d8c25ec,3.0
1478897251715937898_jpg.rf.0fecc4e7e3b16d743801f702683daefa,3.0
1478895371602508405_jpg.rf.0fb5d06f14be8ddba634b82970a4bd0d,3.0
1478020278191731673_jpg.rf.0ff961e185d3e7113ce4072c5a72b346,4.0
1478731901736718571_jpg.rf.0fee6871603d7c4695c02a3409e615d2,3.0
1478896931221737332_jpg.rf.0fe925945ed7a3a332ac1a08f3356775,3.0
1478021590575550095_jpg.rf.0fd30324567f7d742388836657ef9a99,3.0
1478900536059920956_jpg.rf.0ff2763a707ad7d12683d6684da9ec58,3.0
1478895239635227246_jpg.rf.0ffe9fba6107e79e7f067470612408a5,3.0
1478900249844468669_jpg.rf.0fef00b0059cc6f61530c12aca33eca8,3.0
1478021152732922863_jpg.rf.0fff4e834b7717e5ceb9b773af359773,3.0
1478900834844439436_jpg.rf.0ff503940e49fe0b221f9ced0a373534,4.0
1478897464806157899_jpg.rf.100be5669ee2a436b79cd7c5f393f952,3.0
1478732225755221979_jpg.rf.0ff52bdcc3f628be166b10f857df8abd,3.0
1478732054857024616_jpg.rf.10058e7ca81be93aff6eae76340679e2,4.0
1478898893032543362_jpg.rf.0fc5862701f50365c1a947e66601a4fa,3.0
1478899974482215825_jpg.rf.10075d72d2ea52417edf8a39bcde36cf,4.0
1478895409877504929_jpg.rf.10011d60f5d2f6370dffc982317eb3e0,3.0
1478900849126903619_jpg.rf.1017f05367d9df1fc1e978d1d64c421e,4.0
1478898918740290794_jpg.rf.10138793dd51d61e24de5acf40a90a1b,3.0
1478897492799362567_jpg.rf.10179626d462e4f45136d79d1ec4b5d0,3.0
1478899376914210550_jpg.rf.10299e44a935db0fc792de8c5592f7e5,3.0
1478899098695311925_jpg.rf.101691f118871d00733b66ea130847ea,3.0
1478896116562688150_jpg.rf.10251bf3fb5201df3575a5e7b71cb142,3.0
1478896907798812043_jpg.rf.10055bda21f97bcfc5f5e49ea9643b03,3.0
1478900841700858129_jpg.rf.1032a226b1010e50454c92f4cc0dfecb,3.0
1478900697163900441_jpg.rf.1037988924b8afa6121986bf3df43826,3.0
1478020336695013518_jpg.rf.10433146665d7a6279c93197b7562e4c,4.0
1478898927880900356_jpg.rf.10398d434a9dec35c7bac6b7e1faa27f,3.0
1478020313192115464_jpg.rf.104063bf176584a4c13974de0589c6d1,3.0
1478020359695807829_jpg.rf.10512d25de6148e87ffec15166a50dbe,3.0
1478899815664174663_jpg.rf.1048e57cd0e95e9eb2d6ab3af69ed3be,3.0
1478896891803234122_jpg.rf.102a00b4754adcaa96b27a11ac36f72c,3.0
1478897393395667836_jpg.rf.1033d478e2b4c2917760ab04b39a17d3,3.0
1478898829617713044_jpg.rf.103bb8a4863c6d4cc843210b55b63eb3,3.0
1478898157780645323_jpg.rf.101ea8199b467a5ca63d48945f24aaca,3.0
1478898372014559152_jpg.rf.10439d31d9a7d81e904e04bf83b0d6a0,3.0
1478732377154826222_jpg.rf.105831398480c70ba65f3b80d6c147f4,4.0
1478896541601651304_jpg.rf.103e759c13685a6d5d4846ae7ae00029,3.0
1478898208625277008_jpg.rf.10247391129110aed2fee09beb9bf97b,3.0
1478897607629007752_jpg.rf.105df24dedd09b2e6a154dda7279ed0f,3.0
1478900278979584035_jpg.rf.105e0a186d251fe04b246b921bf1cfa4,3.0
1478897204869780862_jpg.rf.1056fa4469057ec7ffe84932b6e4dfef,3.0
1478900402950535263_jpg.rf.105b81ed76dd4510c630bdd1db2a70ff,3.0
1478898203484579378_jpg.rf.106326177527ba92a87a0e076afd18e6,3.0
1478897176306693957_jpg.rf.103d1981ae1c3ddb72f53efa355199dd,3.0
1478895262485106643_jpg.rf.105fc88aa3d2ac776319153234392d0d,3.0
1478897575065800975_jpg.rf.1071743d3d24af96ec515ce215a9e7de,3.0
1478896870665551735_jpg.rf.106a2b366c260fc00be4e12fd05fb492,3.0
1478020982222410390_jpg.rf.10647d7580c7872af787f000c7139346,3.0
1478897729884581178_jpg.rf.107fea4b9bcec810326dbc943cb38577,3.0
1478898562824989970_jpg.rf.1064b7636748fd179d2b1821d6da5622,4.0
1478897846428368511_jpg.rf.10735c9e6c1d679dc8982ad9841103b9,3.0
1478020630205714858_jpg.rf.10678ce4e67dedb2d0492ebc005b13b8,2.0
1478020549699750459_jpg.rf.109be8e781d3649344726eae48b173db,3.0
1478899683124380867_jpg.rf.109c87e671654981a4bb56f18ae7a507,3.0
1478900496070430343_jpg.rf.10a7d56d0e2aac51669f039c4f065624,3.0
1478897376256610917_jpg.rf.10b751950999e36f3f6f4832db9bbf4c,3.0
1478899989907374870_jpg.rf.1079eed76ec35c84ddaa5871dd7a8c3f,4.0
1478900635465841827_jpg.rf.10c013e813f7c39ecdf7c3fd5dadc6eb,4.0
1478732003817874403_jpg.rf.107ac3a7a57af3c6b78afc54e67e7ec1,3.0
1478900051035970387_jpg.rf.10b7c51f136df9df681c6b944ba8de93,3.0
1478896193115304601_jpg.rf.1098cc5a54c9342e2e0c352312fd4219,3.0
1478020828217927779_jpg.rf.10bf7ff2e76128c39616e427c9d23fbf,4.0
1478901299302922923_jpg.rf.1076fac1717a37db01e4ee441a8a5d74,4.0
1478898111506751023_jpg.rf.1094212049f5af925cb6e1c29bf2cd4a,3.0
1478900309259547899_jpg.rf.10c2b79898a38577b5189099347d243a,3.0
1478898907312838891_jpg.rf.1092806191a1fbaa2c40c18bddfd326b,3.0
1478901119347516922_jpg.rf.10ad7aad105541be4db8a42f7d3779b0,3.0
1478897167735598961_jpg.rf.107c3bd63adb558dd87754b78beb8fcf,4.0
1478732164393514551_jpg.rf.10c2c96df13760d6a02cf7cfa67f80f1,4.0
1478897751595240189_jpg.rf.108cbccd721eebc4b09501ab6844f8e1,4.0
1478895426446127698_jpg.rf.10d49aab601de2e5f34199d4e3d5a7a0,
1478732833075245578_jpg.rf.10d57e99c6aa57154d1b9a2bc761bced,3.0
1478898487986686475_jpg.rf.10cca0e999ebed3228541d95ebbca420,3.0
1478895734371352034_jpg.rf.10a31d80bf71ebfd5db9ca73843e304b,3.0
1478020924712473689_jpg.rf.10c534973707db85940d329e2513c4e6,3.0
1478895904615031274_jpg.rf.10c5c60073812b42f114522ea98794c7,2.0
1478900385810755376_jpg.rf.10d0128eecfd0a9c2a9ee798b571e61e,3.0
1478896943791065808_jpg.rf.10d8f7995552456bbb1e6803c0f5e28d,3.0
1478900777715917956_jpg.rf.10eca4baebda78b487c35970a1f7f867,4.0
1478899655702560359_jpg.rf.10df1be670454263d69acbbae4055eab,4.0
1478895425873387360_jpg.rf.10d5ee6142fc2e28f23777cc719a2daa,2.0
1478897457950587499_jpg.rf.10ec610620f6d7a788fdc66903a9f1aa,3.0
1478732160951255114_jpg.rf.10e2f30a4349ba2d06e15b0102892211,4.0
1478021590082591725_jpg.rf.11091dc6595a5e8a60da22b50093e96f,3.0
1478732616871016903_jpg.rf.10f86ff9965eb39b07fe88afbb0cdcef,3.0
1478896381071867054_jpg.rf.10fbaedffefa829275cc57c9f14cb393,3.0
1478898706220214549_jpg.rf.1118c5ca92b08c94d1ca17cf6fd5fda0,3.0
1478897284850722392_jpg.rf.10f6b1809fa9b9369b6328fd1a0fdb6f,3.0
1478896286807642136_jpg.rf.110ca40cc1bb180bd7e176115e32ab2f,
1478899912211051799_jpg.rf.10ef3fc6db1c776ab41907685881923a,3.0
1478020238191355246_jpg.rf.111c5c87b3d47fdd3e6a413ad5bdd067,3.0
1478900962242070323_jpg.rf.1121ef0fa0c1f9cd7c88ef320b1cea62,3.0
1478899125545635380_jpg.rf.111857a0babe0e91002655c6cce7cbbe,4.0
1478732316366066927_jpg.rf.111821fab1da673cde46cf7fb59ff2bd,3.0
1478897748166285105_jpg.rf.10f9c48b8fc178647411a1720228c64b,4.0
1478901499255301187_jpg.rf.10dea9c1594912857aa856c6ea692dc2,3.0
1478020788214748657_jpg.rf.1128590745e2993736b5b0e93aaa8923,3.0
1478020290197860608_jpg.rf.111edbe8505574fef2a72afb4e2a7d84,4.0
1478895924038865560_jpg.rf.112843bacf72b1a2d8893c580b1be597,3.0
1478899315785124722_jpg.rf.10e9f442463afd893d83845edc9662ec,3.0
1478899495169886103_jpg.rf.11313f96aae9c177f406215bc5c9e213,3.0
1478020965215533209_jpg.rf.11322efb506032be64f0dca8bfc9cd1b,3.0
1478897522507564814_jpg.rf.111470389850998791f5169b510d7e65,3.0
1478021673083938572_jpg.rf.10f30e242aba82620df63c2ac2820340,3.0
1478020479197878434_jpg.rf.1122bb00ed33b012ae33880a2dc8de2c,4.0
1478899127831164046_jpg.rf.112b760c7365e028c2969b458a2fe0e7,4.0
1478899201526924786_jpg.rf.113609669fb38ed726af62c788a66b74,3.0
1478900206997455696_jpg.rf.1137757dddb892d1793c99895a25ae20,3.0
1478731953349764856_jpg.rf.1143acfd070a7e68e3de4b336a4c7be0,3.0
1478897777873193102_jpg.rf.11375e124ad58c217231518566b80372,3.0
1478895384169910818_jpg.rf.11440da7715439a517411d17ab8e8ee5,4.0
1478901316442337446_jpg.rf.114c2ef27a4278824b456662f07abb30,3.0
1478732536009531711_jpg.rf.114b6407ee710e6fc42cc4d514ae1cac,3.0
1478895397880154874_jpg.rf.115d991a41feba677f23e31b36a4b395,3.0
1478732674792188324_jpg.rf.115c51e8f7de48a861e5a998a4816358,3.0
1478898634236230388_jpg.rf.11651979f25097ab9d4b12ee976ad833,4.0
1478899762533791727_jpg.rf.114d53d0cfb191319c0b8c2e2968f224,3.0
1478900522920626005_jpg.rf.116e039ac7367e9db6cf8be2cc15b97f,3.0
1478897672185011885_jpg.rf.114575137edd5f67692d253547bc0372,3.0
1478900112734438578_jpg.rf.113ce827493675ed6512017ea0018c73,3.0
1478896208540578080_jpg.rf.111ba1ecb3f86cfc5f95eac8b09d22f5,4.0
1478732310630426380_jpg.rf.115045fc469f6cd772923be6f40dce87,3.0
1478898794198249096_jpg.rf.116000c5738e069e53e1da7d6eef9cee,2.0
1478897102608668379_jpg.rf.116d74b2fbd5bff635d200e50dba7b55,3.0
1478021918085025035_jpg.rf.11699ccff3623c263973304f47056f8c,4.0
1478021017721193713_jpg.rf.1159a166356420933df9e0fc8ed59b49,3.0
1478898586248409307_jpg.rf.11429befb283b463f94340ac6bb48eb0,4.0
1478900741153208718_jpg.rf.115bead7c4b8e0df89ba3ba66eda2177,3.0
1478732426474266450_jpg.rf.116089ebfb685deda5f9696c87d91c95,4.0
1478901275309092071_jpg.rf.115f0d0c4b828014b023dc1f8a03efe1,3.0
1478897201441288062_jpg.rf.11690eaeabc31912ec3936695957aa68,3.0
1478899143826731884_jpg.rf.117ace9b2800bcbb1bad8f944ab9b31f,4.0
1478899426614929095_jpg.rf.115d9ed2e74275341679ff62d78058c8,4.0
1478901233034778481_jpg.rf.117850ae156802e90fe9bcf5b607f787,3.0
1478901505539871945_jpg.rf.117ec22887029c70725c24baef9210f4,3.0
1478901093067417712_jpg.rf.117f362fbcd5903f1126aa72641df854,4.0
1478732901891837012_jpg.rf.11773c91d64b15e10f4018024336c357,3.0
1478897763591172853_jpg.rf.117f4c184b7e0691a5c66f6daa5ce861,4.0
1478899650561380783_jpg.rf.114fe5c8a5f17bdc69fdb5f79b15ebb4,4.0
1478900926822914658_jpg.rf.117eaed14eb21ef9083f553cc12ada8e,3.0
1478898000677168947_jpg.rf.117fa6ca5ad22a019e4e1ea37f4663bb,3.0
1478896786115591217_jpg.rf.1181c717d5c1bdf3e437aaf8b1c0a667,3.0
1478021014220852744_jpg.rf.118de1c69b4f19c3d5cbe1d5c2c7a5d4,3.0
1478898979867133501_jpg.rf.117f4db913a8e696cd4ae5939f446bc8,4.0
1478731925822778182_jpg.rf.1185eccdd338e2db055543588ec78a18,4.0
1478733002825558239_jpg.rf.11935ebb1bc3e57890fb8927cdc6fafd,4.0
1478895697235932838_jpg.rf.118d61ef051432788269451ba29527a0,3.0
1478900527491015399_jpg.rf.11a0d60b237e1a666abff9efd59426ef,3.0
1478896544458674759_jpg.rf.11929e4a9b75bf33eebf23b00734165a,3.0
1478020363197149061_jpg.rf.118e9e599ba1f8b045fa15fe12edc469,4.0
1478899852226821562_jpg.rf.11a1d52d9dcc1e94a80b35c8301d0314,4.0
1478897383683959295_jpg.rf.118e24bf30201022e3890c891066627e,3.0
1478732343892994193_jpg.rf.11a90ba47574b2eb2daaa3e96c345552,4.0
1478020842218515409_jpg.rf.11ae1fea31fb6daf3afc40ff6d3c68bb,3.0
1478732248120865890_jpg.rf.11a022bc136ac099032aa1a3c64fb539,3.0
1478900705162857324_jpg.rf.119a4bd7cfdca9ff367137e89d42d091,3.0
1478899579149514307_jpg.rf.119043d13366484dcbbd7a085afa0b8d,3.0
1478901504967876252_jpg.rf.11a111a2adc11ab11720c306afe855f6,3.0
1478897855568054263_jpg.rf.11ab4c9f8ed6ff66f37a14c353a4fa26,3.0
1478895833774036594_jpg.rf.11b64fc18d102718d4090b12133d0fd0,3.0
1478020609703211574_jpg.rf.11b1c60519b55add6e1a9982d47380eb,3.0
1478900885117886026_jpg.rf.11b4c836e5c5bbe8c4fe39b19455a7ed,3.0
1478896338793894532_jpg.rf.11a6e41c41275654bf2c8c23e5c5db6e,3.0
1478900871978867136_jpg.rf.11af1e30f2d590450a5e057d150b361d,3.0
1478898421717030654_jpg.rf.11b38c78cb18c31f1845d6525f3c346c,3.0
1478901009659066114_jpg.rf.11b471fc6ac5dca05b5171d65ae29b28,3.0
1478897312843329519_jpg.rf.11b6db48a459f14d4a78181c6b47b8a8,3.0
1478020959720621677_jpg.rf.11c88eb4df9c48c94a238b3825b342dd,3.0
1478020286691706747_jpg.rf.11d40504442e076e118dbe2984fa1f90,3.0
1478901249029239574_jpg.rf.11bc07a61f5995024a500b2a1287b054,3.0
1478897591632684613_jpg.rf.11c26f6b98f29f781e0a74433ada4ec4,3.0
1478896934650434535_jpg.rf.11b0ed3679a19b1affba056b84b1033b,3.0
1478020197191156937_jpg.rf.11d3dcce85bf701f48467af8b0a35bad,3.0
1478900144727888521_jpg.rf.11d6502d6e205bcba518ea6e4234f743,3.0
1478896203400390428_jpg.rf.11d5edec2c4f1016bb1594f5bef441af,3.0
1478899704262280044_jpg.rf.11dc7c9d10337d51a2547dda146682a2,3.0
1478898186345243257_jpg.rf.11d9fbced74abadbf4401b288e2129b1,3.0
1478900256699219514_jpg.rf.11e5124219df78b501f7c67280152bf4,3.0
1478732452854519298_jpg.rf.11cea0137a53b7b27fef8d7cf9e15193,4.0
1478732272207253703_jpg.rf.11e0b3d258dbbcff525bd0fa58cc1605,3.0
1478897158024949395_jpg.rf.11ddc35911eb650d629638e68981c667,3.0
1478900793141083689_jpg.rf.11fd4003fe989dc374baf6db77061250,3.0
1478020320192461472_jpg.rf.11f5662791a169e1efbf623fa5cae5b5,4.0
1478896081142483657_jpg.rf.1205298a98a23b2c39cf8b598f56947e,3.0
1478732144893411228_jpg.rf.11e2cf2d3f152485b7688c8d5f5ada42,3.0
1478898183488805583_jpg.rf.121963d248201bc58d49c27aeaf53600,3.0
1478895984594519129_jpg.rf.11f44b2456d02f88ca543c64f7520d82,3.0
1478898462849534913_jpg.rf.11f1c03e597475b684139f38cd9b2502,2.0
1478898567967026601_jpg.rf.121e0ab4b05af03fc3aadf843e7320c8,4.0
1478901108492706833_jpg.rf.11cf11f6928813dc3df59046d258ae92,3.0
1478895798354680261_jpg.rf.120ffef6e4f84d677d4a5fcdb65ae169,3.0
1478901332438016258_jpg.rf.121add6307f7017d470bd7e0c5076749,3.0
1478732884687594327_jpg.rf.1217c5795559423646008a9870b8a2d0,4.0
1478020544706876525_jpg.rf.122ad11c472e5001423e916a1a670024,3.0
1478020379697057081_jpg.rf.121168fb1da120e49ebfb7ffa402b462,3.0
1478896015444237257_jpg.rf.11eac486d6b3af1fb505846cf6349284,3.0
1478901403278189232_jpg.rf.12234b5f762743721549434b1fe0e2aa,3.0
1478901471261659696_jpg.rf.123094701ff9343b9fd8a36701f758bf,3.0
1478732177582131180_jpg.rf.12071a343316fa8c631e8ee189c4a1c0,3.0
1478901023942012109_jpg.rf.123737f4eba09b5f74f19f20d2201272,3.0
1478899810522003938_jpg.rf.1232fbb932b6fad58df345eea7c925e4,3.0
1478899064988688671_jpg.rf.12220e30a021c594034d1f7e572c0e3c,3.0
1478900314399864041_jpg.rf.120b9f9489a3d9630063662f250f00ad,3.0
1478900993663700426_jpg.rf.1232502714e55f66a8fa03882682eee2,3.0
1478732811856268654_jpg.rf.123e750893b50a9adf75af3dfd846ccf,3.0
1478898785628059431_jpg.rf.12741b59261303a8e65f7ef56fc8ad44,2.0
1478897353405107726_jpg.rf.1210a30a39946f8e6bb9f08db98512c0,3.0
1478897639050436312_jpg.rf.12576f96689c1af64cacc9dc0302d4e1,3.0
1478897460807254017_jpg.rf.123734f6fe7d96318cbdb032a72cd302,3.0
1478898193201529746_jpg.rf.12451b3d2defc88c91ed7cf96ffb1545,3.0
1478901029082665770_jpg.rf.1272805e4b7f560a63b0b5d1da43b4f7,3.0
1478732831353246730_jpg.rf.124e94a115e8858cdff36f35d221bd34,4.0
1478020872717987339_jpg.rf.124e303305fec24dbae7debb4f8b3adc,3.0
1478899517450332531_jpg.rf.1247ad70bec4a7b8bf4790bae843252c,3.0
1478898424003175726_jpg.rf.12455fc24fa92b080b38fe6b1bc0c6e1,3.0
1478901158766229381_jpg.rf.124ff6f92371eb2115a704e24009ab81,3.0
1478897557926706444_jpg.rf.127d2c452fe389c46d5f3765f77f9f89,3.0
1478897277423510758_jpg.rf.12555f577f98effc2c150d6ffc0a4ab3,3.0
1478897388254677479_jpg.rf.127926483bd8a0823f6ad59af41724af,3.0
1478899334639172185_jpg.rf.1270caa9897738dd1e217db8ddf5edb6,3.0
1478899783100116655_jpg.rf.1263161ea141fc0daa1c158d89861766,4.0
1478732193065782885_jpg.rf.12340948f3508db8bd21d32f5a9bf287,3.0
1478896065147452390_jpg.rf.124b137576215d588792761a3857b91a,3.0
1478021631577557209_jpg.rf.12650e66e1c225d4bd8e57c4a9d3e4eb,3.0
1478900234990039839_jpg.rf.1253dade34bb350c051027f03e5cb4ce,2.0
1478899219237927610_jpg.rf.128b322a1bea10c7424fba0bfd86ce1c,3.0
1478899532874976162_jpg.rf.127d50ad0df8298dcfc0e3f303f5e17c,3.0
1478896815820833615_jpg.rf.128e33730e580a790b0d51db05e9bd02,3.0
1478901355860987688_jpg.rf.12859e0e99bdf9220e09764081f0e4db,3.0
1478895577836747420_jpg.rf.129aa3e60b141042a0886bd35b476b05,3.0
1478898687938714035_jpg.rf.12993db2c91d831daeffe55e63538014,3.0
1478897064331768649_jpg.rf.12927ab83a06edc4741f8fc675079a26,3.0
1478896828960543296_jpg.rf.129c300e03863d4140d481d92bfe9b7e,3.0
1478733028633217247_jpg.rf.12a6701ab9bcf36db8e0cf495a387a64,4.0
1478731967687807617_jpg.rf.12ae3699c806afc3b92ff68a03c4b62f,4.0
1478899011287926553_jpg.rf.12a237b3c38247add0712615a8d54804,3.0
1478899743111578622_jpg.rf.12a41d2bac21c5ad0beee42873a55891,3.0
1478020991214773759_jpg.rf.12af455f77ddf9ffd8b2a1c7cba3e24a,3.0
1478733001678141720_jpg.rf.12b46b82f5c48beccaa0974849b338b6,4.0
1478899910497578359_jpg.rf.12d88275d7589a860f34320d16c6d4fc,3.0
1478898637664328252_jpg.rf.12c2b7f35f356f264bb126ee37a13009,4.0
1478898156638691975_jpg.rf.12ca4269b062d1dac2e57ad31ac0eadc,3.0
1478021881091076785_jpg.rf.12d5d6651c358bb0cacf944936442d23,3.0
1478020502704788128_jpg.rf.12d79283520003f23d6814d3fccbad3a,3.0
1478021926084240764_jpg.rf.12a72cae55072d93d9b7a6fc519bcaca,4.0
1478020573209350950_jpg.rf.12acbc9bb51c73c79328a62fbe4628c2,3.0
1478901355289827542_jpg.rf.12ba3108e7052df87015f934cf012567,3.0
1478900001904361746_jpg.rf.12e1a37f90ec9b7053e2f497389ae235,4.0
1478731914354792809_jpg.rf.12ae2279baa74d9d53d4802704547c26,3.0
1478732137438593687_jpg.rf.12d5514ef084828b6311627ce3bf0514,3.0
1478020238698105458_jpg.rf.12a6cd20b96688a60bd3e7ca550f06d1,4.0
1478896916368439984_jpg.rf.12c81f5d04aa924e849d147b61c9d8ba,3.0
1478898628523467240_jpg.rf.12e6f923c5e9b4177472f15b0a792304,3.0
1478732568124573179_jpg.rf.12e5d922e44259d451c8af6965dd2ef0,3.0
1478020633205868287_jpg.rf.12d8e9a072a9fae8d7a615a7f93a12cb,2.0
1478900460649319821_jpg.rf.12f1c0f9bfac6ca964c86724c9382462,3.0
1478021040223612453_jpg.rf.12e78e5a72fb1f6ab37931c00cfc04eb,3.0
1478898874751425713_jpg.rf.12f983424894d01e402287d7b8533a4a,3.0
1478901460406416890_jpg.rf.12a7726b79245e4431471847ac125f25,4.0
1478732191919357430_jpg.rf.12faf3fffa295ae055b66c26d6386f46,4.0
1478900063032622053_jpg.rf.12ed72dbcce02e42a64f20df2be73cd9,3.0
1478898241188773306_jpg.rf.12dc1b4925f796c2d21ce828ce9d01e3,3.0
1478732481529085686_jpg.rf.127d37eed01b5becea8eb9f563dd1f6a,3.0
1478899736254739709_jpg.rf.12fc95f937a491da5b76ca5b821973bc,4.0
1478900949674669796_jpg.rf.12fd07ea1a055c8ec4a0c9857a97fefb,3.0
1478019960680764792_jpg.rf.12fb3f7692647ae12a3cfe469b55debf,3.0
1478020890212340470_jpg.rf.12fc742225f82bd556db0dbeb0235061,3.0
1478732587049835014_jpg.rf.130217ec2cc06fc9fa8d729383e41726,3.0
1478899208383495436_jpg.rf.1301a109b1307886b4ed30658c652b72,4.0
1478898549114385704_jpg.rf.1300e30092c0e680ad485ec85c0ac03e,3.0
1478899599144614733_jpg.rf.1308da6075ab175245917d13878504f8,3.0
1478900553199397180_jpg.rf.131ea07a7d815f39f3f665c32c486ff9,3.0
1478732646118152271_jpg.rf.130bab7e30bbd82a265c080770978f52,3.0
1478896737554815817_jpg.rf.132f1471c96584066c85bb06075fe3b1,3.0
1478901428414540522_jpg.rf.132e3074da0238a6e30cfc3068f1d584,3.0
1478899498598422490_jpg.rf.1316a6e0e32fc76b46814f54a24f35a4,3.0
1478900457794030014_jpg.rf.132a834a24a4d4f09da64d735ee66136,3.0
1478021850579294365_jpg.rf.13265d52d2086dc362fb38ea16756f1f,3.0
1478896502754274635_jpg.rf.13178eb6f7367a2a844d861ba7c4aa47,3.0
1478731896001615531_jpg.rf.130b2389f16fb1b61879b87f6fe768f7,3.0
1478901477545278345_jpg.rf.1320052c9174cbec88ff821097f98222,3.0
1478901154766496595_jpg.rf.130e969699b8bdc0f39e3258f90f771b,3.0
1478896683853262188_jpg.rf.1301cdbf2d2ab72135154726246b7440,3.0
1478020422696366401_jpg.rf.132520ea4fb84e80e9cafe877c658102,3.0
1478900829703935264_jpg.rf.13165a74c09cb2dbec7b8431a2005ca8,3.0
1478900621182014204_jpg.rf.13171644ed8589fe3d8127f340c755c8,3.0
1478895726371582005_jpg.rf.1336891197759a0d3d0a56a2bec09e46,3.0
1478732194213672353_jpg.rf.12ff0478c9139d5466c132788085ec2d,3.0
1478020848711037747_jpg.rf.132c878bb8b7e8d651b7253d74e72ca7,3.0
1478897463092958218_jpg.rf.1300fbb0887792d0a9f6ed1cd6e46caf,3.0
1478895522992796837_jpg.rf.133db412c6a69c314650af76d9ce149b,2.0
1478899916781793445_jpg.rf.1320d34b7fa233d90fd44262ae381472,3.0
1478733000531736437_jpg.rf.1344701d0003cd0ea33d7a07c2d90700,4.0
1478900362389984980_jpg.rf.13487e41a07f0a81f3a3f6090c7fd157,3.0
1478021603577052472_jpg.rf.134e01d4a478594afd9bd8a4c396cc47,3.0
1478900523491314127_jpg.rf.135013c8b979f77a425e3934344b6c19,3.0
1478732562389427600_jpg.rf.135471a075e51e3adb87b5fc51ccfecf,3.0
1478896784971501358_jpg.rf.135a131ae0dee6c20aee563340ce6e99,3.0
1478901234176319479_jpg.rf.136326bc516ed02c3bac11793ea031d2,3.0
1478897914411762824_jpg.rf.135fa80f3e420a04899a7af6d661b52f,3.0
1478897038053225700_jpg.rf.13630699e4595af53f0c773dc09c8b7a,3.0
1478898371443042883_jpg.rf.1356dcf43ea6292165d37dfbbafe7f32,3.0
1478901241603097315_jpg.rf.135a4c2cd546942f2074a2d20816a547,3.0
1478020407697886487_jpg.rf.1374ab7a545f7e0603477cfa7627fc74,4.0
1478899362061337810_jpg.rf.137772e402391024eaddfe1e35274833,2.0
1478020614203558690_jpg.rf.1395021f31f33d521d1c2e9328196064,3.0
1478896886089801683_jpg.rf.13966eb431c88b330cb8f944bfb67660,3.0
1478899769960460962_jpg.rf.139162868a03957ae67c1cddc82e4f0a,3.0
1478896231391739339_jpg.rf.1380689247087bda21c5d1d1aea3ce4d,3.0
1478900545200332640_jpg.rf.13706f43501a8896e7057ae4615819b4,3.0
1478898377727230259_jpg.rf.138410c04164fecf405aa45f79cbac83,3.0
1478732640957558254_jpg.rf.137a7aee58b9f204a39525f076da2c36,3.0
1478897464234840305_jpg.rf.135df1f97b363bf8d9ef103a884138b8,3.0
1478731964246268981_jpg.rf.136e109e6ca820cddd4e1c36392cb606,4.0
1478732059444249484_jpg.rf.135cd7d7e15f36e8e72bd43722079261,3.0
1478732827912761577_jpg.rf.139ac5feb4c172dbcfc6be4930391010,3.0
1478020480206095024_jpg.rf.13903f9036d168e2ebba6317609c824d,3.0
1478898687366598853_jpg.rf.1394d6f8fd9edba87a49d5d84ab6402d,3.0
1478897596203581186_jpg.rf.134c261096569659b93c01bdcba85cc7,3.0
1478897215152706406_jpg.rf.138e6b489439788fddb231f245bc8cbe,3.0
1478020382202253558_jpg.rf.138cd36fd8ad59327fda8214d3cb2cc1,3.0
1478900280122842159_jpg.rf.13689a20c1968d48dade176e7ee7c7d8,3.0
1478895453867128034_jpg.rf.138fe4934ede96ab0a800cf016ab2b09,3.0
1478897376827770823_jpg.rf.139b76b00fee43f6d1c84d6bc2eb4afe,3.0
1478896195401018383_jpg.rf.139eadb3c287dc2d579ca3dcbd300cc0,3.0
1478732507335692528_jpg.rf.139e08143d0ec4ab254fafd91300c12c,3.0
1478732568124573179_jpg.rf.13a331cd643bb4b8311599f6cd4ee425,3.0
1478896495327571342_jpg.rf.13ac23dce1c8ced2eff88dd6b26c0922,3.0
1478898621097119457_jpg.rf.13c375d3019ec009f547ce09fa9349ef,3.0
1478901210181859156_jpg.rf.13b93bc9bdcc969a92e188c0e897b2d1,3.0
1478896868380986623_jpg.rf.13b6182a3bf793b5ef5bcb0ea0c32809,3.0
1478900134443832000_jpg.rf.13d17fb720ae6b0128dfb4d0b241f878,3.0
1478898181774809057_jpg.rf.13b0ee85ce5986c0d36c40ed60c23e76,3.0
1478895568124499923_jpg.rf.139bba77225a01000ce288e1fc350a91,3.0
1478897094039913635_jpg.rf.13d1c8ddd4c2f955028c662be5b3f9fc,3.0
1478021863580052463_jpg.rf.13da489cbd41693e1b7707bce7906cdf,3.0
1478897476232047953_jpg.rf.13d2d23d4270b0e60cd4bccbd11847f7,3.0
1478897123176343517_jpg.rf.13da23c80800af7c2ecbaaff2e757cbd,3.0
1478020524700412520_jpg.rf.13dbd1ef6adafbb57574ccec44d77f62,3.0
1478020249197942478_jpg.rf.13ca4927b84310c2996e33800d60b936,4.0
1478021637075546487_jpg.rf.13a375555007d0c3da26b13e9edfa2fe,3.0
1478900756578153122_jpg.rf.13b80014bcc762985475f9a9116b677a,3.0
1478901506682366309_jpg.rf.13dd6f16367add511ca8afce2a983587,3.0
1478895959457817816_jpg.rf.13b5651e1e12d90b66e70494288759a9,3.0
1478899050707885254_jpg.rf.13c9a863297b3cf1d91c4d6e78312ae8,3.0
1478731904030543284_jpg.rf.13c9adf6832a6de77c205c1c3ab090f0,3.0
1478020414698821141_jpg.rf.13d7caa1a38f6616cf53abd2f20c85fd,3.0
1478900345249163561_jpg.rf.13c49c801c84d82cc92bb90f244ccbe0,3.0
1478896269668823217_jpg.rf.13e264708669818cdd4a7f12d28a2283,2.0
1478732486116743713_jpg.rf.13f390ce2f87d0e662f9b99058be320f,3.0
1478895829775818042_jpg.rf.13db71b8b6dab7c4417e886480cebaf5,3.0
1478900114448501517_jpg.rf.13e0353d6e146539c0270b9752a7c5b6,3.0
1478899757963508304_jpg.rf.13e7e7f4dc6ec084c071bd11bbfb4fc8,4.0
1478897384825629034_jpg.rf.13b9b00ce61026d2aee01e852a9e906c,3.0
1478898735925817401_jpg.rf.13fe250975777d9d3199e7340c59b77b,3.0
1478897949260017032_jpg.rf.13ec2b32cf56dd8029b2a546397f82c6,3.0
1478900133871927551_jpg.rf.141dd037c6f1e25eaffd2cc57380153a,3.0
1478900681168922238_jpg.rf.1416b9ae57ab102ddb2f9ebb421448aa,2.0
1478896676998005018_jpg.rf.13f8268c1b45f928c1ed924e54f4c88c,3.0
1478898965584723949_jpg.rf.1414396dddc8561b9bbd490b5c08e325,3.0
1478898217195263964_jpg.rf.13e61a983c1fa0bcb77dcac5e4868dee,3.0
1478732615151989237_jpg.rf.13f8f0d3fa6e213b000874d8addf6513,4.0
1478897056334978431_jpg.rf.1418e0991706179549e221fbc515c6b9,3.0
1478896711847099111_jpg.rf.13fddb5914934a194a14fd369060b684,3.0
1478896346792442054_jpg.rf.1428c9afb6a7bd61bc23a211084730ca,3.0
1478896538174168438_jpg.rf.13fa761d234b1716133958c7b91b6f51,3.0
1478900857126376029_jpg.rf.142b755e384907c7a1c34bea88ea048d,3.0
1478021594074444319_jpg.rf.13f8f9d8e91980c541cb38a81baa825c,3.0
1478732646692520740_jpg.rf.140dd15c02756a1d013b25da5dc23be7,3.0
1478895805782889346_jpg.rf.141fd14becafc90f6df7cc249fda8aa8,2.0
1478900993091760490_jpg.rf.142f2563bcba0d41175284d03198ed1c,3.0
1478732886981181580_jpg.rf.142939dd3914f132bf01f6247d2e70de,4.0
1478901088497577608_jpg.rf.13d6fb48a10d94a5da1f108c2694bb11,3.0
1478732178156986074_jpg.rf.13ff71067d4e53d492bc82c1963b0f09,4.0
1478899636851551867_jpg.rf.14009c551f47378b0a62d48183646d96,3.0
1478900815992527576_jpg.rf.14212d5d010cd84a37ef6b7ba045167e,3.0
1478898574252601122_jpg.rf.13e2dfb4f068a3f14c1b2102c8dfdab1,4.0
1478898797054295338_jpg.rf.142e8968f11ed66581f338ed9919d5ea,3.0
1478901318155593734_jpg.rf.13f14476d7a8a08652eb7c9dc9a0b793,3.0
1478895263627744192_jpg.rf.142fae4929e826760c7bd14f27f960b7,3.0
1478732905906890901_jpg.rf.14325f204ece449d9061f9fb82ccea47,4.0
1478020857217943521_jpg.rf.143559e0ea38260f25750671b05bf29d,3.0
1478899848227003047_jpg.rf.1433e0edad9fb151f45d4f991fd8be7e,3.0
1478899606000926548_jpg.rf.143a2c63dd49d2e350c969db162f8524,3.0
1478895501855228727_jpg.rf.144829cad8358e4f58e5eec14194ad63,3.0
1478898002390075751_jpg.rf.143e6a89e0b9a210422665b086de3ad7,3.0
1478898021814846569_jpg.rf.1442ea5c3ccdd9c5222b35af34dcd52f,3.0
1478732494145380576_jpg.rf.144b3208ccacfbe25283e6af8638345e,3.0
1478020373196452119_jpg.rf.14466ff61f31c66f354d84156511a180,4.0
1478895849199735790_jpg.rf.1452de03b299265f31a05e26700e3e7c,3.0
1478900999948632895_jpg.rf.14464979576a7d30cd63e34fbeea58b2,3.0
1478897299703554533_jpg.rf.144984c1691c35e7d5af93948dfe2441,3.0
1478899755107394552_jpg.rf.144458a93716e508df3cd1eaaadeef58,3.0
1478895426446127698_jpg.rf.145249d030dc8a5334d8f1ea0cb4741e,2.0
1478901431842569475_jpg.rf.146b174595728819efda1a86179d6b83,3.0
1478897052335008213_jpg.rf.1447a2da8abc7c70e9dfcd72fa63e3f0,3.0
1478901342722577513_jpg.rf.145152ff9f872cc952521df46dcd7fb5,3.0
1478900748579869781_jpg.rf.143b1154778a91e1ecd6b75148e56ef0,3.0
1478897913268757832_jpg.rf.14501f44c7d69828895983e2776a0d1a,3.0
1478896520465083532_jpg.rf.146d3e1ba8557cdc528a24a73fadf7cd,3.0
1478899511166523042_jpg.rf.146b057e4ec78afd9dbd2ce0132a65c3,4.0
1478895564126062514_jpg.rf.1453e04dfd38eb8b8e31dd52cdf367f2,3.0
1478895424732351009_jpg.rf.143d378e7a3edfeccbed749c527e8df7,3.0
1478896410205516052_jpg.rf.146e972f12c8c83c5d34f8d564efa174,3.0
1478897459665613818_jpg.rf.146b6401eb2999741fce91464a6f87db,3.0
1478901053648413096_jpg.rf.1464c8b17bc47c674d197d8be241d7e2,3.0
1478896586163579609_jpg.rf.146af9c13ce0b3ac5804d21eab8bb8de,3.0
1478895538988315835_jpg.rf.146984099b69fdd633e1b1192c139f1e,2.0
1478901392995702902_jpg.rf.146ff4cf281686fd60b7fab40fe06d42,3.0
1478899260370753670_jpg.rf.1471e9459fe32c17bbe9a4a6fb74c852,3.0
1478895562415971308_jpg.rf.147e207e63a09887d276b4de181438fe,3.0
1478895941176464529_jpg.rf.1475aad1cdc7c010c5b5d739befc5774,3.0
1478897066046050464_jpg.rf.147b2a37d305ebb936bc66377d49bfce,3.0
1478899407763798923_jpg.rf.14734f2edb4a0cdc7c64e8b8419a9c6a,3.0
1478899827661505052_jpg.rf.148d1d527cffd554ebe3ce70ed67db7b,4.0
1478901004517656236_jpg.rf.1493c1a0b456fabfbb1b7fb857a864a1,3.0
1478900233848094292_jpg.rf.1470aef4f5aa65c603e2126bf16430d4,3.0
1478020831711702639_jpg.rf.1473b8cae94a37519590b7f544ef48f4,3.0
1478900458364424376_jpg.rf.148456c135bc3d6847ca5a27cf34ea05,3.0
1478900865122631380_jpg.rf.14941dc9b9ee4d8625f77312683ec505,3.0
1478899290649889717_jpg.rf.1488dabffab2456e10bb0276893c0223,4.0
1478897242003257740_jpg.rf.14bfd09d08f844e6a82302b711d1db29,3.0
1478897752164962039_jpg.rf.149461d5a20378fb8e5591d39807a4b5,4.0
1478897164879217886_jpg.rf.14b40091ef04af6e4e493d935fceda0f,4.0
1478899518592859256_jpg.rf.14ba67db6fceb3291670e30506653001,3.0
1478898304031332679_jpg.rf.14ae04fc3882f51ff35d513791aa9d50,3.0
1478901207896668772_jpg.rf.14bb412a2e94c4c0151d15461c4b031f,3.0
1478896812964839889_jpg.rf.147c9717921a6a6dcd6ffe27def0a0ad,3.0
1478021858079954615_jpg.rf.149bc311f410f010a4940e17741d6b4f,3.0
1478901204469498050_jpg.rf.14b44741d1e28354ef17f899af63e4a3,3.0
1478897713888755672_jpg.rf.14a66102a13533cb36d2f3f7c9ab8919,4.0
1478732467766001247_jpg.rf.14c7a249c30777edbedc29fbfe7b835b,4.0
1478732931139312037_jpg.rf.14c4b9e9cfc624f90ca2de0d4f9bec27,4.0
1478901403278189232_jpg.rf.148f5296ea236388bdcc34c3249ec79f,3.0
1478896305659349273_jpg.rf.14c4980c4eef9599a2c75452e11b2dcc,3.0
1478900636606937929_jpg.rf.14cd40ac2b0756fe09a8cda27195a468,3.0
1478021149224225930_jpg.rf.14d0b80e661310783f8ad8b5c875cddc,3.0
1478898126360276669_jpg.rf.14c1091d4e65570dc042511243de4a0e,3.0
1478895273911158308_jpg.rf.14e1baa09184789e65632ca3739b74ce,3.0
1478731906324508684_jpg.rf.14d48ba4017464918406de618b4116f1,3.0
1478732186758922659_jpg.rf.14d01fd8779d633bb337082238cce92a,3.0
1478896740411614260_jpg.rf.14b8d9c3ea44a91b4d8007aab0594034,3.0
1478901193043198914_jpg.rf.14a69584e5aa21ff9b96ceee7fa19491,3.0
1478897070046358134_jpg.rf.150e584ad981dfce9d346f7532153e6c,3.0
1478898466848020993_jpg.rf.14ff99ab98b048d5dc055da98299cf6e,3.0
1478896567881824006_jpg.rf.14fddff9b838bb7a565b7ca3e4723ad3,3.0
1478896536460412073_jpg.rf.14dc1f0d8c4c67ee5ac9cdcb6b00b93f,3.0
1478899879077866810_jpg.rf.1500566de9084bca4f44bd16cf0e6327,3.0
1478020261697466210_jpg.rf.1517bbad3b5feab56755c1333da987ad,4.0
1478020334201915697_jpg.rf.1514ec4c2e803f133fd96dac127c988a,4.0
1478732834220860983_jpg.rf.14eefae8f1a76d9a1848dfd3dbe41e24,3.0
1478020832710622450_jpg.rf.1515ac564191c31ee6c1c98085bd1c2f,3.0
1478021130727457777_jpg.rf.150096374850ae110864963aeea3bb26,3.0
1478896719273662640_jpg.rf.15029c5d10be36db28cdc9c0e97a45a3,3.0
1478897222579531767_jpg.rf.150a04ee22dc5febc33a31e42d035d43,3.0
1478900749722360625_jpg.rf.151960dae53b3e2e23502febd18addc9,3.0
1478897459665613818_jpg.rf.151e32e5b3554c7134c49ce4ac47977a,3.0
1478896899801122324_jpg.rf.1512516ac04777caeca8ef4798acff5b,3.0
1478020880211427521_jpg.rf.153600a7efb845ff48192687cdb48a0a,3.0
1478732298587141830_jpg.rf.151b11b9c2726081a45afd96d4f021b3,3.0
1478901454694464665_jpg.rf.1532d86814144228fa9201a71bb2a616,3.0
1478901138770713376_jpg.rf.15290dac005b170ce27b1f065abd317e,3.0
1478897751595240189_jpg.rf.14dd241ad5d5756651f5a464c81db766,4.0
1478900825704123341_jpg.rf.1534b73423830d0d729a2a7c7b7ff8d7,3.0
1478900268126093853_jpg.rf.153d353eff29c48e04b24eb58fa99e7f,3.0
1478732801532688952_jpg.rf.151bff39c34b7bdca9d319eb32708768,3.0
1478901518106905028_jpg.rf.15389c2dcc605f84a896a2b918d91a8f,3.0
1478732267620438353_jpg.rf.155e2c7d6bccca01e6ea16e635d8fe44,4.0
1478020957714472646_jpg.rf.154245f377c7335055abfc40a1bbad82,3.0
1478021653578993027_jpg.rf.1556e4e5fb8ef2e6ef7b17c5c96203f2,3.0
1478900343534922511_jpg.rf.15575913d028e7b240cdc6a546786fb7,3.0
1478897716174445440_jpg.rf.153d995f8c5f9af6e86a62b0dd129897,4.0
1478731929837200319_jpg.rf.153d265265c4b6ce5d3f61b4eaf972d2,4.0
1478901394138143659_jpg.rf.1546d753fbfb5fdacc2e72e43b34bf5c,3.0
1478899836802091661_jpg.rf.1546fc6d36b1bbafd154461ea0324569,3.0
1478900049321589007_jpg.rf.1560db94b79adbf6063548081ab02b55,3.0
1478897934978606024_jpg.rf.155cc7aaf8b4ce17575e0f6ffeee588d,3.0
1478020313192115464_jpg.rf.1574f36813c89888e6d82cbc2137b16a,4.0
1478896337081885489_jpg.rf.153e67672b141d780fbcfaba23b2895b,3.0
1478020866720047235_jpg.rf.152627d4afaeef7b289cd48f8b0a249e,3.0
1478896405064585754_jpg.rf.1568bf987a8da132d7c69670297d6853,3.0
1478900165292743490_jpg.rf.1543a3c31f2a0e58db3214cca66614e2,3.0
1478900653747892794_jpg.rf.157538533238ea8aca5f60154bd5e39f,3.0
1478897825862066190_jpg.rf.157069fbe92f9da0f6b07e0961f31891,3.0
1478895918895874800_jpg.rf.155f00841777950dc67518600fee76d1,3.0
1478897236862213896_jpg.rf.15862c2ffe6baca25567c260ccf31481,3.0
1478897968113461727_jpg.rf.1579ad1476a4ae9d2aae0df4afdd3ba0,3.0
1478896363359700971_jpg.rf.158974d1d3a93649cbf3c88fa43a1ca1,3.0
1478899805951660636_jpg.rf.1587644bbac33cd56a71b5ef048dc10a,3.0
1478020964720369726_jpg.rf.1587063aca7561473b3b73fbc9851624,3.0
1478895241347847212_jpg.rf.15836df17b4efab7acbaa958117ed4e7,3.0
1478898773060382584_jpg.rf.1587def8d2832cd54cab8e3d5711df6d,3.0
1478895905756950865_jpg.rf.14f8f786fa45bc8ff51bcaddc7786015,3.0
1478897162022719502_jpg.rf.158aa82482542ed1932d9dcf8e01de56,3.0
1478898019528650725_jpg.rf.15876dd3b2322d86e46d8b487484eb7f,3.0
1478732038799176605_jpg.rf.158f419d743ae2177cfe026ed7dc14de,3.0
1478900037324476926_jpg.rf.15a17eb2ecc04efa39bc88617a226fca,3.0
1478896558169882939_jpg.rf.15a3525f5853cdf728de2d728eb907c3,3.0
1478896218252862575_jpg.rf.15a2e140a4c84e1441da960fab65a036,3.0
1478900818277024431_jpg.rf.15a43ba7c3f3540e85246f6dda03f89b,4.0
1478899451753079485_jpg.rf.15a520ac0ce8c764675b0cae820292af,3.0
1478897717887747451_jpg.rf.15ad9a92b2ebec3e7431cc19931fe35d,4.0
1478732216579832784_jpg.rf.15a2f1dbfe01497351ca4151cb27d187,3.0
1478021916084320491_jpg.rf.15a9057fd7ddea1eb7259342e8dbc8c7,4.0
1478901529534882257_jpg.rf.15b119edf4b5ccd81bfa096c036f3b73,3.0
1478731922382200668_jpg.rf.15b78e26093cc6bfea8867c34bcc808e,4.0
1478732264177902965_jpg.rf.15bc2ed71d562cb70167728687818cad,4.0
1478899608285297425_jpg.rf.15d9cefae392ce16d3fdb60daa3e1e21,3.0
1478896900943485038_jpg.rf.15c882dc37988a6b60ff00931e4c3da4,3.0
1478897409390924775_jpg.rf.15a7bb2d34d01c86b0126aa0192730bd,3.0
1478899250658635330_jpg.rf.15556b053e749b5105ff13db896325ab,3.0
1478896081142483657_jpg.rf.15d038f18082b6e496fc6ad9c472cabf,3.0
1478895331611742960_jpg.rf.15cd7160c11a8fb9e72174da38efa94c,2.0
1478900295547933658_jpg.rf.15bc9013922320c755ba65a0bb934b6f,3.0
1478020545206710791_jpg.rf.15b657aeca89cf3d8006cbde26fa7e3c,3.0
1478899215237741495_jpg.rf.15cba5411f61e899f822700639ef7a8b,3.0
1478732584182600619_jpg.rf.15e54d16be3fd204a82754337210da67,3.0
1478900919967006838_jpg.rf.15e3ea103f43ece6e98c63e23c3234bc,3.0
1478901278165554804_jpg.rf.15d2eb7aa06604ade81b2337f4e09e9b,3.0
1478898683938434255_jpg.rf.15cf33375fc359cd364430fd038b2c19,3.0
1478896848386177481_jpg.rf.15e6fe8bd0497463a233b8d9d0984132,3.0
1478896218823182692_jpg.rf.15e01750443ba2d9c1f84a4d0fc53e84,3.0
1478732816443335656_jpg.rf.15cd8ef13f4d7a5e2b7f768dae0af937,4.0
1478897714459721433_jpg.rf.15cc542f3ccad463d4780657562473e1,4.0
1478895412162919210_jpg.rf.15f0c35313fe5e4973a648bfe390e87d,3.0
1478897957829946287_jpg.rf.15ee148fddbbc5bd4febc70d7d515138,3.0
1478900449795923277_jpg.rf.15f3b12e55deabeefa40ddf141546743,3.0
1478895420732192674_jpg.rf.15fb782aac3c2be7e167de5792c27912,3.0
1478897279137549444_jpg.rf.15fa1a5b6ded344c4a7873bb2f740f7f,3.0
1478896045151262676_jpg.rf.15ee37e2a1d58a9bf15bd8fc557d7be3,3.0
1478900859409926816_jpg.rf.16189bb17f903797e3f2efb9cde7a799,3.0
1478900090454477532_jpg.rf.161b1dd4fbf33aa1033533a210906b05,3.0
1478899845942926470_jpg.rf.15f52f80e60376449ca3e1badfb5bd1b,3.0
1478901267882721895_jpg.rf.16185d054a72b271f545096d99576bd4,3.0
1478899155823799867_jpg.rf.15f91688f84052387430d3300f186c9e,3.0
1478732464897603160_jpg.rf.15b906372e5d536d76e1b8021c25fb99,3.0
1478732471779502707_jpg.rf.15fbdde3c8f5b81be87dcec06f147a7a,3.0
1478899223807906570_jpg.rf.161abcdcd96f7dd7029648f39c37e5b1,3.0
1478901127345582239_jpg.rf.1620c5aa72e6a45226194c76cbf0e8fd,3.0
1478897829860516683_jpg.rf.162583b906e94e6efc3653ba8bde92ba,3.0
1478732952358016507_jpg.rf.15f7d5db57bc7cfa562fa58129a7b4b6,3.0
1478899030140196990_jpg.rf.16235ad315082328c9245531c526b930,3.0
1478901359289030501_jpg.rf.1601a45795f811614a1f1f05a1dccf01,3.0
1478897218009380534_jpg.rf.160dc2523223fd3ef56f0bd0d14018e0,3.0
1478732554361019838_jpg.rf.16406e3f050f87c099b43073faf21233,4.0
1478900235561254756_jpg.rf.1641dfdf1574e927a20bde0c6c4c55ef,2.0
1478899499741166809_jpg.rf.1626bd3e27a5c3314551c27fe2548236,3.0
1478732445399110743_jpg.rf.164c49559a7a79e44525296de115193e,3.0
1478732632354803247_jpg.rf.162dcf4ff27dfa12825681415b9fed72,3.0
1478896412491297188_jpg.rf.162918944277b90a5001c077cdc7b61c,3.0
1478895806923725932_jpg.rf.1656e29dcfa937e32acd3ca57df45f80,2.0
1478895930323347647_jpg.rf.1637cdbfae884511765fae693b77d81a,4.0
1478895987451364960_jpg.rf.161b501b1073a2f4efe749568bd82bca,3.0
1478895563554419981_jpg.rf.1636aed7445470a930d034340552c906,3.0
1478898902173273571_jpg.rf.16593972bcc559e71a60459898696405,3.0
1478897008917102083_jpg.rf.1657b937674ce950f5749a23397f9144,3.0
1478895593262585007_jpg.rf.1658916c11fbcbd5f64760ab6563de54,3.0
1478900766860806289_jpg.rf.1632a42b862420d01a2529c3b3fce8a0,3.0
1478899452895126901_jpg.rf.167d87d087fffb5c21ea865217786259,4.0
1478899765961227303_jpg.rf.163c958dfc90cd5170eb1ce2c0ff8ab5,3.0
1478897774445504194_jpg.rf.166c009bb3b8e27003c80da331ae8c54,3.0
1478900839414730277_jpg.rf.165a42ee8f7c6a561994cd45db6b8785,3.0
1478020932720349932_jpg.rf.166ae62e1738caa5cd55cbe171d0f15b,3.0
1478896663858420390_jpg.rf.1653e6db7b3e3e9ea9546fb862a40c05,3.0
1478731895428613811_jpg.rf.166f4661a2e964cc215fa4ae1998d9f2,3.0
1478732167832571397_jpg.rf.166915022f847a43e6d96c09193ee4bd,3.0
1478732361097374354_jpg.rf.1672c60f91b4ad898e1b7f2044d7a7df,4.0
1478897975539337506_jpg.rf.165632d09ad6a39a21a31213bfc51fab,3.0
1478896469619457273_jpg.rf.168b80d4f247595620e7bff102492de1,3.0
1478732492998452789_jpg.rf.16864db438ab361e5a57aac08ad20307,4.0
1478899180389514677_jpg.rf.166cb27f3646aa4aaad014e48f65e70a,4.0
1478896912370393345_jpg.rf.16867f7e0342b91ced705033ea1b45f8,3.0
1478732034211543161_jpg.rf.168330ef90d6f40b9cb6cbec8c47a093,4.0
1478895487003492660_jpg.rf.168066c0fe2705ce1237aa2d1e0aedf0,2.0
1478900961099991049_jpg.rf.164346a0a93395090a86761c8a47d081,3.0
1478897796725589773_jpg.rf.1692c29747a58f93a5f02f4964701d9b,3.0
1478020849719184586_jpg.rf.169a6a3e4ee925b02ec805d6c13d1cad,3.0
1478021870586760650_jpg.rf.1693e048f43148470bf306f0cd8d7e37,3.0
1478732369127643683_jpg.rf.16a7c8223a6fb4ad834a61968e4e49c2,4.0
1478898715360482790_jpg.rf.169471d4c168532234ad1a85ae434587,3.0
1478900451509030030_jpg.rf.16945c5dd1e418c0596c1dea41c7c5f7,3.0
1478899516308679730_jpg.rf.16a3a903ff7d90d16c6fa9e776246203,4.0
1478900458935860495_jpg.rf.1693aac136e9c5ed5e8932514c48c6ce,3.0
1478897355689932947_jpg.rf.16ad8e3df466d7c30d4f0ab3b377d819,3.0
1478898773631243808_jpg.rf.16c158cd23a4126086ae27f3c22f0893,3.0
1478899147254573995_jpg.rf.16b421ff5c3c0cd85debecea3b8c1399,4.0
1478900958815046444_jpg.rf.16ad7c47b4192a26288cdf4d45c5e4ee,3.0
1478899345493880270_jpg.rf.16ac392dda3c6adb99567cc8488d7866,3.0
1478733022323231658_jpg.rf.16b819850b1c9e2c9ffe5f91f8373f87,3.0
1478732415577740567_jpg.rf.16988f16db7d47d2b8ed8e3a2ef28ee8,4.0
1478020333694644558_jpg.rf.16a3c2609cc8212769ad113f64d7224b,4.0
1478895952031104763_jpg.rf.169a787f8d4111717d4ac626c8e00249,2.0
1478020199190988152_jpg.rf.16a15ff349c8351e021a36c7c6cf29b7,4.0
1478897636764317197_jpg.rf.16a568f864095ad8f0ab08de5a33d6a9,3.0
1478020286691706747_jpg.rf.16ac220aa33032e33170baec56a585f3,4.0
1478898345165036086_jpg.rf.16cb9618ef09283e9b7a9bce7e57eace,
1478896535889019840_jpg.rf.16cb1a30d0ef594bf2b821fbcbf119ce,2.0
1478897898986636823_jpg.rf.16b088bfccfaf1ddc2f02aafb95490eb,3.0
1478898890174690383_jpg.rf.16c531f8e4f09b908c37f29279c56c67,3.0
1478020241197041221_jpg.rf.16c237d2148f71f68f402b381edd0820,4.0
1478896626725021490_jpg.rf.16d0b947e16759ac9bc97c013d97f2f3,3.0
1478898024671060512_jpg.rf.16da91207b16052aa131d30a588796bf,3.0
1478895820634849628_jpg.rf.16d93f7bb85ffe565e5e051d197d63de,3.0
1478898975867837103_jpg.rf.16bdb39305d4cb543896c4d6e68c5d82,3.0
1478897466520137991_jpg.rf.16cc4498c3a02c7e5f050ee74757cd23,3.0
1478895427016328681_jpg.rf.170561125fff828364ec3876dbf3a1b5,2.0
1478898839329852772_jpg.rf.16f59a0a64f01ecbfdd3f149b3d660b9,3.0
1478899590004121133_jpg.rf.16eef4d14ff23d11440d27245bdb9e7b,4.0
1478021636075129447_jpg.rf.16d1ee194a37b6c7a701923d2e9c9276,3.0
1478021641576314370_jpg.rf.16dacf26940973cf1b8c60eb6060ddfe,3.0
1478896754693434529_jpg.rf.16d9411b270440fb3b001c5c475a0db3,3.0
1478732448840019875_jpg.rf.16f0ffd1da4eb5db32bc9a9ebfc6c492,3.0
1478732789488940890_jpg.rf.16e66e520cd963270ab81f06f01574ef,4.0
1478898866180322470_jpg.rf.170625f1a744efbdea182a5fee071081,3.0
1478895239062048982_jpg.rf.16fd5d6cfd8f7ce980955a018f179e71,3.0
1478899676269706824_jpg.rf.1701ee12efee43e2f909b5af4dd569dd,3.0
1478732346759978276_jpg.rf.16fdff89e49ee859bb3df0259ac590da,4.0
1478897099751994434_jpg.rf.16dcc37ec6be1f8ffed4250d771c4b31,3.0
1478895948604513194_jpg.rf.170a2f4c02b1105045519df362e717c5,2.0
1478896729556982938_jpg.rf.17236e0dd66c0d8a12b0298308b847fc,3.0
1478896018302330930_jpg.rf.16d45754b36f9462cbc37f167a8247e6,3.0
1478900699449718444_jpg.rf.171fb4a1e868af76cfa12e3db824ae72,3.0
1478732826765830138_jpg.rf.1721d27c159d1ff8fba72a80aba5ec2a,3.0
1478020364701202643_jpg.rf.172a213df1cd08fb60148019a1006b98,3.0
1478896649576515090_jpg.rf.1734f55bfd96b630e61d087476802149,3.0
1478895524135331905_jpg.rf.17077e656598e9618a77997397c4fb04,2.0
1478900281264617630_jpg.rf.1728abf21be57a4dcc9616cebb28b45b,3.0
1478020289699341574_jpg.rf.17173e51fcd4eb3fa73e34025a88fb30,4.0
1478897808723406826_jpg.rf.17188b56220c672c2bf2949638cc09fa,3.0
1478021900588646231_jpg.rf.17247062469c098d58aeb601bed96d56,3.0
1478895747509993109_jpg.rf.17412811db5b93a1aec0106574eb3b1e,3.0
1478895853769819634_jpg.rf.170f9a4d468a05a84bb6fc795327134b,3.0
1478895939463768339_jpg.rf.173bb07822b728485728898f719d8234,3.0
1478897073472848714_jpg.rf.174a17452371fba7ff7598aa4f44e662,3.0
1478896379356950177_jpg.rf.17485a89341511a13ee5721abd4972fa,3.0
1478895833774036594_jpg.rf.1710b876c56b055be480e8442e994f41,3.0
1478021933583428386_jpg.rf.16fe987a83fc5a53ff0162e2e5d243d6,4.0
1478732485542771570_jpg.rf.1742403f751a21665177213a16431e1f,3.0
1478896792969325177_jpg.rf.171cdf1f66fc5a4846716f15f35adc6f,4.0
1478020960721744209_jpg.rf.1734f7bf6dfc70e651fecc9fc01ee48d,3.0
1478900017328817528_jpg.rf.1733ae1f86ba5a6ee4b410bced968440,3.0
1478900815420536590_jpg.rf.16c6768a04f8d5d2172e42dec5997454,3.0
1478895791499532388_jpg.rf.1751a7e8c8ce1f52769d4aa58510238f,3.0
1478898512551145258_jpg.rf.175e9aa4cc986a08179bed9728fbce86,3.0
1478021037725758499_jpg.rf.174f68f4ae0f1880581ae62200679037,3.0
1478021666576646955_jpg.rf.1753d526726347a0b9302e33f81c3911,2.0
1478732383462637511_jpg.rf.175f8702157e6f49d1803dcaad33f64c,4.0
1478896805537973954_jpg.rf.175b05c001bfb01f95e4ebc672910d72,3.0
1478901057647058989_jpg.rf.1771e7bddcc95783c3428cc5bcf14f9c,3.0
1478898875892807066_jpg.rf.1757a2efed5b347c16ba583220a6bc87,3.0
1478020791209430057_jpg.rf.177db2301bbe2e99ecfadd0585aaa220,3.0
1478899987051174979_jpg.rf.1764f13b27fff2d71f0b9d0850c8d104,3.0
1478896656431397287_jpg.rf.177734c69d7acd9c47d32e166a783e5d,3.0
1478896355932835697_jpg.rf.179d057aae74fe1bdd8611556ce8a09c,3.0
1478020625711101709_jpg.rf.17537477304559f06247d933c43f9908,2.0
1478020417197536343_jpg.rf.17949c21cfac62b611c275e98b16175e,4.0
1478899229520886173_jpg.rf.179a62ab4927e8c633c5e479558632d6,3.0
1478020344194617393_jpg.rf.17a06fb4dc468089ae31f7e1454dcf0f,3.0
1478896725559248929_jpg.rf.179f865cc51099c970f5ec291939b0ea,3.0
1478899408905909438_jpg.rf.176a808d37c23497ee2d83dec9aee21d,4.0
1478901391281391832_jpg.rf.179b7ecbab738212a0f214d9c45b9163,3.0
1478020320699088978_jpg.rf.17855c663cae699ef86a2f261558e0cd,4.0
1478900740581254696_jpg.rf.1782c2a2b8ce96a190b6a4c5f33cd055,3.0
1478020498698483613_jpg.rf.17b413e30fdb89e560af747aaeb8c00f,4.0
1478731956217366091_jpg.rf.17c01f33540d21bda0b0480846adb957,3.0
1478899915067553315_jpg.rf.179886b78120bf1f116f16c4cbbb018f,3.0
1478897877848943728_jpg.rf.17bc1c5dfa54d2e3d880131e4c463811,3.0
1478020547199076476_jpg.rf.1768634d2d9ee5b62c4761d6a391f283,3.0
1478895944603871656_jpg.rf.17a02201b6b2ee6fc5d118a43ba05fe8,2.0
1478897321984496415_jpg.rf.17e286d69bcfdf8d100c6a2fb8b13000,3.0
1478899649990367210_jpg.rf.17e10b0f859e86c7ce731e33fc54cf23,3.0
1478899557440523244_jpg.rf.17c01fa8b00933cfb1e9881dc68ad3d6,3.0
1478897725887349028_jpg.rf.17f040413bbda24df9803d6310f5a56c,3.0
1478020413198498857_jpg.rf.17e890cc84228f2c4909bee7d5bb2c25,3.0
1478896980923858971_jpg.rf.17dccbdc46140f2f0c6e6265668bea3f,3.0
1478901432415785890_jpg.rf.17eb7b4b46c7086281f165bd6ca8faf8,3.0
1478732019874299628_jpg.rf.17e38281e537d4311b8744d3b73731e0,4.0
1478895685811051429_jpg.rf.17d00f829147490fa883641e8105f69a,2.0
1478899773388821303_jpg.rf.17f9d7ec0de34f3f6bbea7063da0c09b,3.0
1478900919397327501_jpg.rf.17d169d82bc4ddacb8f225ca0cde8311,3.0
1478021050717489548_jpg.rf.17eed9592cfd6f1b7c53acc10f6aa585,3.0
1478900628608830223_jpg.rf.17e66c751b16a21aa80a0108d2cf0a9a,3.0
1478899911069029797_jpg.rf.17f61e4570d245cbc2fd6fce4ed3ae77,3.0
1478020950222284393_jpg.rf.1814b9734e5032edc220319e77281cbd,3.0
1478899938490961059_jpg.rf.17f3b4dba60c226c5618feac7372641d,3.0
1478020837717638007_jpg.rf.1803181fd6b71dd38dbe4d37a8831b75,3.0
1478732179876744646_jpg.rf.17f757d15aebbe5fb96e04a202d5c4ea,3.0
1478732702893512106_jpg.rf.17d4999ed4907586731ad603e46d2ba0,4.0
1478020403704214479_jpg.rf.17f8a9d77a25497b7f828adf1c0131fe,3.0
1478899962485276736_jpg.rf.1800205cfdc709e0053900649b48cc6e,3.0
1478900890260100592_jpg.rf.18179a3668fcd5a8460a6f8419f476d1,4.0
1478900503498271789_jpg.rf.180317a63c5010b1c0ad6b9c15c6bb81,3.0
1478896057148880952_jpg.rf.1818951e4cd13d173137712b824eeba7,3.0
1478020989215117277_jpg.rf.18108b502b636fcadd01d1e1896962c4,3.0
1478900856553797953_jpg.rf.1812ede0a1faf53b9c8150a0cbc5106d,3.0
1478895580693486925_jpg.rf.18204b4d801f0c8a65f3b6c85928ce54,2.0
1478732700025842877_jpg.rf.17ffc84e897ef76001c2275649c856e6,4.0
1478898274895117222_jpg.rf.1829311648f14ebe170d6ddb26e9a299,3.0
1478895730942393203_jpg.rf.18035d0ce67abdb63c89c3253b152207,3.0
1478021007222104068_jpg.rf.1826ca7d852cbdbc8815eed9b4c79fb0,3.0
1478732222887161481_jpg.rf.17f6f2930f3feda5903661ea9a168924,3.0
1478897780158375610_jpg.rf.18147e39fff832896dbb9d80da75c83d,3.0
1478732779165905311_jpg.rf.1817bb4f6ba69f2a9c1b5dc119822dfc,4.0
1478899120405194200_jpg.rf.1838e3dc01c1e8f08d4a7d724cf249e4,3.0
1478901490114731873_jpg.rf.1829881fefe22d0c4b59948e87b3ee17,3.0
1478897234005943460_jpg.rf.184068fd3cb6236f9603fd389dea53e4,3.0
1478020934221109621_jpg.rf.1834c71b35240de6a797518b74f919e5,3.0
1478901258742151627_jpg.rf.1846a587a6165104409b98304de17fa9,3.0
1478897736740015646_jpg.rf.181de367cfdea49519696bb480f15d45,4.0
1478901514679430114_jpg.rf.1827333a005d2bf187e0fefaee5da6db,3.0
1478020949714307200_jpg.rf.185588b291211132cb5b052d3ff3a6df,3.0
1478020300691292636_jpg.rf.1853cc372905d4a6699d7c665cb1fa82,4.0
1478899003861573476_jpg.rf.185a23a8ccd31ff89a9ea91f62484e48,3.0
1478900236133977355_jpg.rf.18369a9efe0f7b984ac72e71190776a5,3.0
1478020575711490055_jpg.rf.1853776d57a2a2d74e10ba2ef165ef51,2.0
1478732407549234628_jpg.rf.181ac4548b66f00df2d5e2de6690ea9e,3.0
1478020881718900817_jpg.rf.1842eb50633e578b48bc98b8fc9d80e2,3.0
1478901392423842211_jpg.rf.183736f5a71a1fef7cea39ab53ca0d97,4.0
1478898953016131505_jpg.rf.186714cda10fc1d8ba31c4d1b34348f6,3.0
1478899381483783436_jpg.rf.17fff0a0c7526b2b0e078ed1f5d03b7e,4.0
1478899160965407508_jpg.rf.1870a86e04b421b5b0fae801d2222e37,3.0
1478895993163695812_jpg.rf.18a401e5e7b60ed42d4e452408a91fec,3.0
1478897854426424817_jpg.rf.188ef640ecab53ba7950e014fbbf74a7,3.0
1478899600288778569_jpg.rf.184b5a36a395aea2e862f147840a6563,3.0
1478732874364857715_jpg.rf.1873ce35a2c23dd3c9384d44a90d9fe7,3.0
1478900882261479782_jpg.rf.188b9982c5be0e09e5ac417ffaa9512b,3.0
1478898000677168947_jpg.rf.187351d325281c8d8457bbcbb5848d82,3.0
1478899982480314766_jpg.rf.188a76c6e21ebc5283e571866b668bba,4.0
1478732768270092946_jpg.rf.186a3a395499b7f7e120b9ce8f76f3b1,3.0
1478901066787957636_jpg.rf.187a6606a24b1df01e978edd5d792211,3.0
1478901453552129760_jpg.rf.18b2cc778895cdbc9a397a393667aacb,3.0
1478731966540086588_jpg.rf.1862325a74171e1563edba19f6d891ad,3.0
1478021016223467890_jpg.rf.188397251d9d94f4db1f42731cdec078,3.0
1478020478703785611_jpg.rf.18a014d49b41810920f5bda8d0085c9f,4.0
1478900064174940760_jpg.rf.18a2db64edee06327393858be6c0f24f,3.0
1478021670586515394_jpg.rf.1883282e876f6a94516442975f9aaee8,3.0
1478895399024697959_jpg.rf.18aec03afdb733a57f8d7e4a4bb88d3b,3.0
1478895759506744025_jpg.rf.18b3388977e63c45fa49c21fb3386d13,3.0
1478897833860049886_jpg.rf.18707beafe63a1ee9e52360baf6e08b8,3.0
1478899796810992701_jpg.rf.18932de1f20b0a6d546172b1639da523,3.0
1478897160308767316_jpg.rf.18a4944f6e60c001b32a6f3d70a95af1,3.0
1478899384911002962_jpg.rf.18b55ad2432bddfb120caaa032d9dcd6,4.0
1478896283951590009_jpg.rf.18b7e2e10721cdbe4b2e66d538929ec8,3.0
1478898570252356747_jpg.rf.18baeff4a3e21f042dc0775562932955,4.0
1478021028221740981_jpg.rf.18b7f225961226c66b61dfd2df77a03f,3.0
1478899607714846349_jpg.rf.18b81693d9958837a36ebf43980b0972,4.0
1478899549442140756_jpg.rf.18721615ca77ef62d81574c36479f7e7,3.0
1478732084106368311_jpg.rf.18d4b8f93befe1942b968062e7ee702f,3.0
1478732790637449864_jpg.rf.18b8c55d7555a0e3b0dbd236d308b4f2,3.0
1478898753065245542_jpg.rf.18c864531a58f8e734ff3773e0445ada,3.0
1478732406977456380_jpg.rf.18c57000b8626d63defd19fecb20ebd4,3.0
1478901347862636597_jpg.rf.18d5c36089198b8320ed4f8e33c0078c,3.0
1478896223964917381_jpg.rf.18bc654a86f953209a0c0b486a598979,2.0
1478898916453736706_jpg.rf.18cb20159c3cb684353590c85d420385,3.0
1478899279794339545_jpg.rf.18ec1ebdb3683cb19ab41d08837cb19a,3.0
1478896923223751161_jpg.rf.18dd3f57c7cc6358e32aca9ea8863070,3.0
1478898701649074971_jpg.rf.18eb44aa2991bf354c3d529ff5714d13,3.0
1478896515894196905_jpg.rf.18dd752fd65eecbc268798c132b60752,3.0
1478020626704614590_jpg.rf.18f1a6a891608834cf46940c4110a4db,3.0
1478020923718459653_jpg.rf.18e965d559d64a41f7964251fc2059e5,3.0
1478898122360985309_jpg.rf.18e0eb67609db08aaf27b9f83392381b,3.0
1478732939741396147_jpg.rf.18e08f73821ed0acc2dc8e6c3ace9c56,3.0
1478900056176642064_jpg.rf.18f2012a5f6406221bac23bb7d98be3f,3.0
1478898368015430711_jpg.rf.18f25449e534ec3c3bdbc480c2b6d8c5,3.0
1478895499569826135_jpg.rf.18f15dd623788e7b7aaac42ef95a0009,2.0
1478898677083511425_jpg.rf.1902f8774334e144be63cd5786992092,3.0
1478897628767881386_jpg.rf.18f0c97c69bbe18c9655fe6dc3153ece,3.0
1478020586203630262_jpg.rf.1903715303508cc861cce28455c77705,3.0
1478901049077854956_jpg.rf.18ed6ba2689bfe73ed6eda533d1aaa85,3.0
1478901352432994028_jpg.rf.18ef14009d816ce12d06b04cfd461cd8,3.0
1478896495899007151_jpg.rf.1908bf2536f3cd062513e3de42b47f2c,3.0
1478895652675582355_jpg.rf.1916f4e6115904a2cb52e79e62f50fb6,2.0
1478895929751229899_jpg.rf.19116b5d5ed8201835483aa3e6c3cf21,3.0
1478895899473318990_jpg.rf.19264219dacc4969b135b7b1b0019955,3.0
1478898347448864142_jpg.rf.191de934659a20c3067c9528ec714474,3.0
1478732378874855526_jpg.rf.190e67280739bb775bfc57c09db6623b,3.0
1478020596709296824_jpg.rf.192241f042371eefaa011051eab9c276,2.0
1478896211968517871_jpg.rf.192ee0bb1f56a3cea5e5607dd20b831e,3.0
1478899427757762136_jpg.rf.18d625d9bf2aba7f310fd40dd7100190,4.0
1478899255228209259_jpg.rf.191b0945fe7df43335189576e7150596,3.0
1478899904784654518_jpg.rf.19523f9b4056be0a8f00cea82e49e7c6,4.0
1478900034469431322_jpg.rf.1930f40617deb14233ebffaa6e3b6ae1,3.0
1478899823090264340_jpg.rf.192ad9ebac172770f4b79834574a063d,4.0
1478897957257988193_jpg.rf.18ff97a78384612381ce8886f1f5150d,3.0
1478732498159838987_jpg.rf.1940337b6dec84330c53d881d5e32e2d,3.0
1478901020514330656_jpg.rf.193c2d8b27f296b0cb48704e559c196d,3.0
1478898677654203856_jpg.rf.1942fa1738811200eec5ad03a110e6fe,3.0
1478898571394530520_jpg.rf.195393e563b2a8a58dcf27c8f46f9d7c,4.0
1478896999776945848_jpg.rf.194ed567a29f5e86d95f06e15cd11b21,3.0
1478899557440523244_jpg.rf.196855d9bcd313a0c41502ea2390683e,3.0
1478899218665782814_jpg.rf.1936d8f757e7c7fa39a4ead84886bfa6,3.0
1478897610487236072_jpg.rf.195727c8d49d2326692107f2185a883c,3.0
1478900446939415117_jpg.rf.196941d9fd36960e74bca6aea66c2f5f,3.0
1478898835901744541_jpg.rf.1968c7cc14e1329c22bdb2ccc07612ae,3.0
1478732640957558254_jpg.rf.19733fc7d32579e356a45b5b7606db9c,3.0
1478896251387975269_jpg.rf.19329c0cf4d52c0a516f48bf1d418019,2.0
1478732107043922064_jpg.rf.1967731354099a709bb3621f3abef488,3.0
1478896374214046235_jpg.rf.1965f82e2ba5821cd725f0011a3fcbab,3.0
1478895862910281486_jpg.rf.197233423c6b6b642fc486194c328409,3.0
1478899544301098631_jpg.rf.196f42a49c71e18566d524f6bc919258,4.0
1478900664028905702_jpg.rf.198bbb90f12cb55d069c27baf89ea794,3.0
1478020422696366401_jpg.rf.19708e4bc63c3c2ec9ea7b27a9fa846d,4.0
1478898704506135812_jpg.rf.198356c6ee97b5d466aa124163e323e7,3.0
1478020611702894816_jpg.rf.195c161c4fb5fd4a8989e178bb095033,3.0
1478897976682370183_jpg.rf.1977cb5467c66f665db1c83371f1448c,3.0
1478898384012110175_jpg.rf.1962305115d48f35242435c37010e5b6,3.0
1478895553270880785_jpg.rf.1962f85742664c9688e08bd640fc8069,2.0
1478898621097119457_jpg.rf.19780b1ba4ba222cb6904f760f4d9671,3.0
1478732982179218754_jpg.rf.197af119d349f79b4387607464073533,3.0
1478020967721602171_jpg.rf.19751e478c6453ff8967d24bee5a051e,3.0
1478900309829106798_jpg.rf.19943e77a1da2a52fef55d170e4b3152,2.0
1478897846428368511_jpg.rf.1993bbb9fbead85fa61f140fb8098745,3.0
1478732717805285711_jpg.rf.199685f64b1c1bc2d7078a3706a1baf9,3.0
1478897693894122995_jpg.rf.19a045ff76e07b979152dd3c3c0fc036,3.0
1478900686881267404_jpg.rf.19c46100e273bb6a0b95bd990238a3b2,4.0
1478901415275033759_jpg.rf.19adfe6c00e3b07365ca6ae34fbd0679,3.0
1478899110121555666_jpg.rf.19d3d8d2da42c8b5ac1e64fa67e174b2,4.0
1478898243474576942_jpg.rf.1998172ecb3427c890f4f7cbb4d4bf58,3.0
1478900726299515325_jpg.rf.19c31461e7cedb7355de4f22fbfbbd7b,3.0
1478900257270526675_jpg.rf.19a9422d258663b545583ae81dcb421b,3.0
1478898966727228023_jpg.rf.19e2dc298cf38b7d8f8d045329796651,4.0
1478896450195247055_jpg.rf.19a39e5f9480adaea3fac16de6f94df3,3.0
1478897266568630611_jpg.rf.19c91dbe08410e08e2bfc8331fd22fed,3.0
1478732871497565512_jpg.rf.19e24631954ddf52d69209c4064fa00e,3.0
1478895761220625285_jpg.rf.19b2e67b46d39ca878fe36a59e5078ce,3.0
1478900862838402043_jpg.rf.19f1fd350c71bc8d4ae67317950723f3,3.0
1478732182744141553_jpg.rf.19c82328d14789b27ccbe8fa0069bcd8,3.0
1478899124974480903_jpg.rf.19a340fb7b4638f3b10e5140b1cb3466,4.0
1478020832710622450_jpg.rf.19ed6338c32e621d09ccdd3933166228,3.0
1478732531995515497_jpg.rf.19e53ee84765d5612a50e9d0445eb4be,3.0
1478898690794410101_jpg.rf.19ec1d6c20ad2add0ccf70eacaa1ba02,3.0
1478896760407446249_jpg.rf.19d85c9585c6a60132690da6a0ab4f55,4.0
1478732339878346293_jpg.rf.19db88c780c6c90da97f3499f0724c1b,4.0
1478900570908361171_jpg.rf.19dc75d8b6072992289207efcad55b21,3.0
1478899856798132605_jpg.rf.19ad3d586d94fc5cbbfa4a6ff2fcb9e8,3.0
1478899060418408158_jpg.rf.19d44dcd85a09d428f82c7dfcec911f3,4.0
1478896643862915877_jpg.rf.199d66ccc733177b6df428d11b56b331,3.0
1478900943961162556_jpg.rf.198e45a264e0ab4b5e6b17fb18a1b28a,3.0
1478898878177224502_jpg.rf.19f27a2db2004f6e5e84979dab166adf,2.0
1478900769148198574_jpg.rf.19f425ec97da633dfb9b05cfca79eb61,3.0
1478898189201825494_jpg.rf.19f9c2b95bd5ddfd2dc90a8cf1502079,3.0
1478898511409070339_jpg.rf.1a23037dd75453911089eead8fb72880,3.0
1478899871650668200_jpg.rf.1a099b09b90c4d7210accc72b5aa27c6,3.0
1478901479831297038_jpg.rf.1a34b5d849dc1e162369920eb172ca55,3.0
1478897333981875918_jpg.rf.1a095e5c444fc804c6188d160a6f45b8,3.0
1478899082699923555_jpg.rf.1a172e5bb0bc732b6db8f8e0876ecef0,3.0
1478898316028824612_jpg.rf.19ffa55dd81f02a2d11856941d3a623a,3.0
1478899831090254896_jpg.rf.1a331cc8712c84186de159403f50de64,3.0
1478896670141863840_jpg.rf.1a1dfa1326fcd61fa8b1c338d2ed6aa6,3.0
1478899650561380783_jpg.rf.1a36713b37edd081200a00b44625335f,3.0
1478901491827554425_jpg.rf.1a26a87035ed852a11028dc16f766cd8,3.0
1478899235232958015_jpg.rf.1a1e636e028cdedb978634d36f954b5d,3.0
1478895814350955749_jpg.rf.1a375d3e5a0665086d1f503a785751b4,3.0
1478021050222503606_jpg.rf.1a23dd588f8122edb47df69f98ade38d,3.0
1478895446439852577_jpg.rf.1a4fe9636e3c117556122fb78fd54183,4.0
1478900243559805766_jpg.rf.1a5bc0e7cdc59aaed0f9befb0c00aefe,3.0
1478900786857109463_jpg.rf.1a5123153dd1385f51a814fe58ebb982,3.0
1478897203729329944_jpg.rf.1a0fd76823a72ebe494d81c6375ede88,3.0
1478897779587319861_jpg.rf.1a4bed53b727dc05154fc402a190ad53,3.0
1478896674142732704_jpg.rf.1a0e501bef3c393eff4c0f96309313b7,3.0
1478021028722210215_jpg.rf.1a5a9bce1e9543bd7c7a512135f1f247,3.0
1478901085640678006_jpg.rf.1a468b70e70d3bc4ccf8b68573f38d37,3.0
1478901349576704935_jpg.rf.1a6d9a4ce22e90632c34e5f9ffc91bab,3.0
1478896645007380564_jpg.rf.1a4b5235042c60c0d4d23a353ab64b36,3.0
1478897226578315979_jpg.rf.1a5c46b549504d67545e3064cf07edaa,3.0
1478897563639252126_jpg.rf.1a614b83bd25e7be7f36bccca2260b8b,3.0
1478732179302649958_jpg.rf.1a614c013004227a76868c2af2c048dd,3.0
1478732606548471758_jpg.rf.1a6d3dcddd99f09e363a51f07fabdc6d,4.0
1478898939876756581_jpg.rf.1a2eee6e0915a862e0d544f2e494aaad,3.0
1478899568866310564_jpg.rf.1a7e9b940b3200562e7d2199ba6419fa,3.0
1478732167259721087_jpg.rf.1a6e4f4b23eb0de933fcd5772bee111e,3.0
1478899286078638903_jpg.rf.1a88f9034cb4fee82dd827e173907ce0,3.0
1478899607714846349_jpg.rf.1a75a60e281c8030e74f80e3dbc0d9bd,4.0
1478020514200124399_jpg.rf.1a52b365de5e2acb2cf839101d1edf93,3.0
1478020341201277146_jpg.rf.1a72cd6aa915d3e50271b3c2f963466d,3.0
1478899381483783436_jpg.rf.1a8f609d64c066ca0f3c6eb584731c69,4.0
1478896507896844461_jpg.rf.1a904d6dde96a113ceb0d3e44a160608,3.0
1478899712831512000_jpg.rf.1a790a108afe1b43ff7962d810130f50,3.0
1478895983452990341_jpg.rf.1a7cb9a861719f8bba6d87bb7fd2d6be,3.0
1478732558948798805_jpg.rf.1a8fed94660118435fafb270a8fa85d4,3.0
1478733032646038409_jpg.rf.1a938173fdb2b790112c8d0c599e5d54,3.0
1478897526506175167_jpg.rf.1a6492d2352eca5c40a1709f4130471a,3.0
1478897170020778046_jpg.rf.1a7d3118dd59bd511cd0fd652b2f32c3,4.0
1478895312187391325_jpg.rf.1a93d0744d7a3adf95355ad5f175034a,2.0
1478897734455141074_jpg.rf.1a957d31e19697539361a81ddb4a8308,3.0
1478900972526944352_jpg.rf.1a9cc54f6e52cab56e07d49718423465,3.0
1478020590208609714_jpg.rf.1aa3323aae93fa8ccbb9d9606b718f2b,3.0
1478732965548444956_jpg.rf.1aad9e133e3965a2c335bfd91cff39ea,3.0
1478900253271364510_jpg.rf.1aa2bb8f885d67fea3474f7465eb85e2,3.0
1478897805866283002_jpg.rf.1ab4fd0b2d5064770033de74bc2f09f4,3.0
1478901014801778941_jpg.rf.1a72d519cdb8405d83bc3e77ec3ad3f3,3.0
1478732639236561867_jpg.rf.1a70336f2f0a29a3648f49eb7f2513ba,3.0
1478900937105306299_jpg.rf.1abd2049df0b1efd37fc14aaa75255b8,3.0
1478895310472650538_jpg.rf.1aa329275712d25dc22c676153372141,2.0
1478732994222694245_jpg.rf.1aa2bce7ff03362909716fdd0be48de1,3.0
1478898218909460402_jpg.rf.1a803e62ad80fbd314bd5dcb8a59a407,3.0
1478897472234011520_jpg.rf.1ac4197073b094671012d66aa9526fe7,3.0
1478732414431443671_jpg.rf.1ac3e76321f956eaa5916b7bc7269ec9,4.0
1478899947631961084_jpg.rf.1ac34ed9b35f9fe7956445d7c14e4fb9,3.0
1478897887560739550_jpg.rf.1aa3a62c8dc15e7385ab83a7f4caa546,3.0
1478732158083870309_jpg.rf.1abdd3e76f930892f384956c794b8fc3,3.0
1478020914220995039_jpg.rf.1abd990378196db4cf1fb80ccfa586ed,3.0
1478899493456357335_jpg.rf.1ad9f2e9c825324319cb3b783e00faba,3.0
1478898044094117806_jpg.rf.1acc3a6848463d09b93de2f6429811db,3.0
1478898377155913601_jpg.rf.1add8a390e586d721f8ec95d8f48228b,3.0
1478900922252623734_jpg.rf.1ad9f92003d7cf19ac4367161071fcd9,3.0
1478897715032153687_jpg.rf.1aebc953ce3015e906c9024c107f6187,4.0
1478901495826953237_jpg.rf.1ad3d38add362475678582eccb62190f,3.0
1478899864794432745_jpg.rf.1af0e3984c2696cb89770b5570b9a6cb,3.0
1478896230822225235_jpg.rf.1b04052355a0c06be35b3f9afb5343f0,3.0
1478898825047183080_jpg.rf.1ade2d338a869f334e5aec22d6ac2e77,
1478897461378174242_jpg.rf.1ae602633bbefedf1a994fd49fa32ab7,3.0
1478898697079109225_jpg.rf.1af0bf1b57af23813936753d85d294a2,3.0
1478899997333556560_jpg.rf.1ae6ac6f432335e16c9e503561d106a1,4.0
1478896537032106809_jpg.rf.1b19c74ee8d0652610e125f70a9ccd9c,3.0
1478020422196622112_jpg.rf.1b108775bf608618af5e1a6e2e8ed039,4.0
1478896250815460120_jpg.rf.1ad548d47f0b3769f51bff5b672ace19,2.0
1478895367601623377_jpg.rf.1aedcafc32afcaf53832bd7b35a80ac1,2.0
1478732482102964001_jpg.rf.1af60aa1bbd88d896284df87d8cfe40e,3.0
1478895251058800401_jpg.rf.1b255fe2099c32412ecb22f3069c5e7f,3.0
1478021543077054521_jpg.rf.1b0b213e9f0d4cd902adf1c35582b0fd,3.0
1478900318399471145_jpg.rf.1af322e5537c3e6e7ade28f794cff22a,3.0
1478732114500710920_jpg.rf.1b24931279c8739aaf34bac3161cbc11,3.0
1478732328983001271_jpg.rf.1b239bf5209672e0aa5651e2c4b74992,4.0
1478897642477246747_jpg.rf.1b291d01be5d44cd02723b13f9af7367,3.0
1478020531200157247_jpg.rf.1b25cb28d7632458dee4217b1c4eb9db,3.0
1478896024584645220_jpg.rf.1b0033b0ae2d22847ccc9ad696eda3b6,3.0
1478896719844305769_jpg.rf.1b1ab7ae6ce7f228f9897a4a601a2295,3.0
1478020284690878247_jpg.rf.1b2761d1d88cb0c4acab846f6249432d,4.0
1478899641991433122_jpg.rf.1b2a2f41b2ac7d3d075de90cc2baa1a8,3.0
1478899048421712071_jpg.rf.1b328a996de0a5343f08efe7e23df53b,3.0
1478899659701814240_jpg.rf.1b3f40b53e6a8fb2c006ef956b708634,4.0
1478897356261726780_jpg.rf.1b39252308d484da4491e25b920fe2ae,3.0
1478020647205038888_jpg.rf.1b368e4b8254de67fe5caa5c8c1a7d63,4.0
1478896437056651126_jpg.rf.1b2dc16d3abd701e6274aa391d57a1e5,3.0
1478896064574715400_jpg.rf.1b08160dc570bcfbed9a820735277fd0,3.0
1478731980877245249_jpg.rf.1af9aaadabee9aa19919ff3068ff374f,
1478895776645771910_jpg.rf.1b3a207a8d35abab4d02016709e01444,3.0
1478021619576969976_jpg.rf.1b1ed273ee431f98437972502ac23525,4.0
1478732878379099954_jpg.rf.1b4c72b0ccf0a901eb2ed347c25491dd,4.0
1478896236533814196_jpg.rf.1b001a2a024c56fe14206311cfb72136,3.0
1478901038795935083_jpg.rf.1b33d3f608676830eff16b617047d610,3.0
1478895581835223286_jpg.rf.1b35e840d1f642d1a6855f775d5888f8,3.0
1478895843486594364_jpg.rf.1b43073c352fd836fb69e074a7d20105,3.0
1478897966969951955_jpg.rf.1b585ad9371b001dd69430d4239b0927,3.0
1478020547699392093_jpg.rf.1b4c234e96c9bfc73020a019fec2a77b,3.0
1478899196385789742_jpg.rf.1b496c42dc38a989403fbd21ecf2bece,3.0
1478900372099613219_jpg.rf.1b40f6611f570d381ab689dcead83152,3.0
1478897970968864533_jpg.rf.1b65aa6948e0d22a3d0a15f053264de4,3.0
1478898325739767924_jpg.rf.1b6837b2b5964c4e085f59a08e863bc1,3.0
1478020940219640716_jpg.rf.1b753b453e18a6d614d649232c1bcee4,3.0
1478898554827021791_jpg.rf.1b5d8051ce9aa17fa77709d7b1d16b69,
1478900558911406786_jpg.rf.1b581f1065414832f430c6a9c35e8573,3.0
1478895656674791794_jpg.rf.1b7f289e49455f8480f8f3e0b83cc280,3.0
1478896007446683675_jpg.rf.1b8e2d8d1efa9115badb72a32b67a6e9,2.0
1478732336437490916_jpg.rf.1b6e8b05c4ec3ea49e77e2a5b53a6fd0,4.0
1478896627866879863_jpg.rf.1b681fd0dd9d8c157eae96b45da9abda,3.0
1478898517121861021_jpg.rf.1b99412b53f13bfeee92515b80e90330,3.0
1478732408696113890_jpg.rf.1b7e341753334883ff3f1d5c9869f4f5,3.0
1478020612211281066_jpg.rf.1ba5c8624cf80ec800923b20550b861a,3.0
1478897504796728325_jpg.rf.1acc67a125e46a686dd551081de10c02,3.0
1478895674384327663_jpg.rf.1b9de660c58fc8efa88910a22212e145,3.0
1478895315614553917_jpg.rf.1bae9aa8bdcc4a985e0649f8ff9a16fe,3.0
1478732509055866905_jpg.rf.1b9658a164142c49707906c40513a6e5,4.0
1478898381154640105_jpg.rf.1b918707326fd41e1d74a19f6fae523c,3.0
1478898044094117806_jpg.rf.1b94791851b6154732a3e18580c86de3,3.0
1478897600773658082_jpg.rf.1bab6ef2c79233f548afd9242e4387ea,3.0
1478896616441163101_jpg.rf.1b9a0c7302149826fa36af754c91a2c2,3.0
1478896883234086036_jpg.rf.1b9756c72d8b4293ed4842f4397525bd,3.0
1478020933722421991_jpg.rf.1bc4f03ea81fa6d9fbf4242415946e89,3.0
1478900544058471475_jpg.rf.1b8f8b09abb2609a9cd082810ee4e276,4.0
1478895436156497218_jpg.rf.1bbdff2a7c8a669ddc52bbce4ccd1403,3.0
1478897720744343358_jpg.rf.1ba982993f503bac8b74f810d25192f1,3.0
1478021906584691476_jpg.rf.1bc70c80af3144b07d7b8ff611b02686,4.0
1478896876949239206_jpg.rf.1bb53478731340158a40dc142c0e8ff2,3.0
1478899617425904275_jpg.rf.1bb3f6f2e963379fe70ba296aa8db829,3.0
1478732495865983003_jpg.rf.1bd066c183e4db30ff37bf694e16c159,3.0
1478900982808808462_jpg.rf.1bd603e20dbe1435a2ca180657bfe6ab,3.0
1478896638149954192_jpg.rf.1bec0a064a0a19fc73878be6c820beb9,3.0
1478731933851304312_jpg.rf.1bdceef4d2ed6a85accbb948b87e6fcf,3.0
1478898998147711511_jpg.rf.1bdab656019f4a4948a6685a3c7b5891,3.0
1478021620076846266_jpg.rf.1bdfa91a069a12d68558074a3a7cae28,3.0
1478896241104097388_jpg.rf.1bd3d148c9aeed2001850e148b791129,2.0
1478898510266987956_jpg.rf.1bbf0ec40fc1081d89c6ffc753fb2407,3.0
1478897692750575823_jpg.rf.1bb2d5351042db9c4bdd86a8a0cc248b,3.0
1478896269096915700_jpg.rf.1bd1bce20cadebf83740bd3aec8aa722,2.0
1478732505041069729_jpg.rf.1bed9d2f2ed65396347783947ea206c0,3.0
1478895569267609625_jpg.rf.1bcd8a54a11d1b53f47a305ed242282d,2.0
1478898963299477632_jpg.rf.1c036ab75a4c69a2fede56349480d96f,3.0
1478897861281417115_jpg.rf.1bf9a7f5e6e833263e7c3bf2648929d1,3.0
1478898555398546739_jpg.rf.1bf620821754c103fd254825e0d30537,3.0
1478896367358318889_jpg.rf.1c0923d9c1bd89c565484c9c2cc3d4ec,3.0
1478896072001875118_jpg.rf.1bfbd30fd6269248099e167694f3a1ba,3.0
1478896554741790452_jpg.rf.1c0ae58647f63fdbe1e683ae9efc201a,3.0
1478896129131317221_jpg.rf.1bca525e8c68071f6942bf11b40852b7,3.0
1478732350201234468_jpg.rf.1bbc1ee0a85a6fbb5da6665ec73bb7f0,4.0
1478898329739869596_jpg.rf.1c2306aecb262e753c6507d12de2a7fc,4.0
1478020332695032368_jpg.rf.1c146de6f6368390a1a16df30e19ab98,4.0
1478896043437756441_jpg.rf.1c1aca338612546ded7ea8e0b9b13eed,2.0
1478900801710125139_jpg.rf.1c257f723c02db35d8ad601090a6b212,3.0
1478897464806157899_jpg.rf.1bff88977e46d466aad0f6a000fd279d,3.0
1478898037809916488_jpg.rf.1c09d468089c1b4547ec8ffbbbc6a7ba,3.0
1478021132726414967_jpg.rf.1c102b359dad3ae501abc9578fd34b2c,3.0
1478897027197960018_jpg.rf.1c23dff4407c0b8b5517fb0094b03392,3.0
1478896402208453308_jpg.rf.1c2872aeee76abb369e8923329a47ae0,3.0
1478899968197924653_jpg.rf.1c267b443a4619841e6f7c379c7d887e,3.0
1478895945746892899_jpg.rf.1c190b9a141181ea79cb0a2cc960f3da,2.0
1478899102123221076_jpg.rf.1bf611fa3265026722f673f4ad05906e,3.0
1478897584205458596_jpg.rf.1c39db6c1c3d1849fbc399cdf7e8e80a,3.0
1478899660272776154_jpg.rf.1c2b68496f4907a69694643e825e3abe,3.0
1478900874263405178_jpg.rf.1bf814af3974e22f75ae34eb107f8fc8,3.0
1478897269996540641_jpg.rf.1c353d270c0949e98ce82ca80d717a7a,3.0
1478898024098732367_jpg.rf.1c3e490753e7dd53bae0a9154458c110,3.0
1478020643204304455_jpg.rf.1c338b98fd8f7d2c2959274b779e53bc,3.0
1478897022056934477_jpg.rf.1c4f0c1e24a9852896ec24f071d37b76,3.0
1478900821133429154_jpg.rf.1c43bed05c1eb1a1f78482a635261b29,3.0
1478732703466624753_jpg.rf.1c310744ba3a1e5d438386b3c33972c0,3.0
1478899162680228499_jpg.rf.1c3d579d41e1e6b297468b6bf07dfd53,3.0
1478900081884623528_jpg.rf.1c4069e62fa53751e12c82842ba3cc05,3.0
1478899449466668225_jpg.rf.1c4eee08c94a7800c41611feae0076d6,3.0
1478901039366351032_jpg.rf.1c6a4d33c8271b820ba880db4b8ee781,3.0
1478020249699425195_jpg.rf.1c50f287e5d718a0e1f76743cb39321b,4.0
1478898534833039918_jpg.rf.1c5449742127fa19988e8673310e9c43,4.0
1478021930085705341_jpg.rf.1c55e9fa9c4e2147e7d42e3425ce5cc8,4.0
1478732664469393468_jpg.rf.1c5ea18c97f8010277434175b7e51773,4.0
1478901399850333911_jpg.rf.1c3a7365beaca3d2be56e4a59ceab1cc,3.0
1478899320355646086_jpg.rf.1c54cb41a3bca020cec7bb519e78032e,3.0
1478895948604513194_jpg.rf.1bf3f5ef03dc67fd9c7209169c2c8751,2.0
1478896264526313814_jpg.rf.1c61cee9b07611884dfa65720d4a4fa5,3.0
1478732854865862425_jpg.rf.1c77d14ca7fbc6a8dd069e32e0d93b65,3.0
1478897312843329519_jpg.rf.1c8079f776c048b6c15dcc26a7029a4b,3.0
1478901400421932506_jpg.rf.1c7439a516695cf0b26b2b2846e60692,3.0
1478896896945054737_jpg.rf.1c6b5034ea03ffebdb2e1df8b5225a3f,3.0
1478897424816205631_jpg.rf.1c709a3237596c2a29f1738e14f1f19d,3.0
1478897990392809471_jpg.rf.1c5a30e710ec1231cbf65fad0a42a666,3.0
1478020491698266386_jpg.rf.1c368bd3748e89e5ac0de11d33876798,4.0
1478898191487349207_jpg.rf.1c8d8d2f370acb1de77755cdc82813ba,3.0
1478897201441288062_jpg.rf.1c8246a0292c8e49700a753f8ca73089,3.0
1478733030926284991_jpg.rf.1c78b134f720136c5a961eef32a81653,3.0
1478896454766715987_jpg.rf.1c9c13e806f92825efc41773cac70694,2.0
1478899398050799514_jpg.rf.1c82a585aa1ba562110f9a71180bf441,4.0
1478899113548414795_jpg.rf.1c8c84f38c070dcfc2dfd5981c17d3bb,4.0
1478896247389212258_jpg.rf.1ca9bfc6605663317ba639495c4fc0bb,2.0
1478020436202883110_jpg.rf.1ca4c4214918b1ccb13f94f9a4c54d13,4.0
1478900659459431137_jpg.rf.1c8568b4c3d7a1532dc24bb5f95dc290,3.0
1478899850512527823_jpg.rf.1cab34d6e367dad546200b1d503fb50a,3.0
1478020974721336511_jpg.rf.1cd645d6a80e956f775254a146c03d8d,3.0
1478897371114631321_jpg.rf.1cd52d926a88c5c9aada714a79db4f85,3.0
1478901259884211490_jpg.rf.1c8afd70741ea0ce497b45cf33e8217d,3.0
1478896889517547321_jpg.rf.1cc518af2faac1120635b9215fb01015,3.0
1478732184464289856_jpg.rf.1cb2a87094a7d170830d1662e79e967c,3.0
1478899481459849975_jpg.rf.1ccbfc392b8f673f587f191342de595a,4.0
1478732239519417996_jpg.rf.1ccf05122ed8a04a5f670d100092f0f4,3.0
1478732304895648093_jpg.rf.1cbe80d07fbd6aefd9eba987101c4adf,3.0
1478900816563163026_jpg.rf.1cd0ef81feec68f7bdde8c0af1b8be0d,3.0
1478896195973177923_jpg.rf.1cd0bdd6c8ba3b9c144ea67539d5af48,3.0
1478020818219338393_jpg.rf.1cd7ba1e93a8f71fc5a1f3d036fd601d,3.0
1478897906414357338_jpg.rf.1cd7cd679c27a65fd60cada5fa91bd6f,3.0
1478899358632233867_jpg.rf.1cd9b4e2f73827cd5afb1aec47c21c7f,3.0
1478900415519285774_jpg.rf.1cceaf45312987840473973143b471f3,3.0
1478896808395042694_jpg.rf.1c9bf302345131f7bde00c31b5e8ea49,3.0
1478901374713838905_jpg.rf.1cc9d2bde4a4a689334818685c067bda,3.0
1478898076657470216_jpg.rf.1ce7564ad78f5bb5365d748bd5c83a01,3.0
1478897048907992974_jpg.rf.1ce791f2c633f09d54513569d7bfc0ab,3.0
1478899465462940862_jpg.rf.1cd7e8644e7bbf5dc6a88a413243d2ab,3.0
1478897168879405733_jpg.rf.1cd9fc798eaedbe3ad3a7088a2d3d462,4.0
1478899651132605487_jpg.rf.1cea08b59a10fdfa79cacc7cb77ec6da,3.0
1478899721971880700_jpg.rf.1c6c162ed058a8aa62b46fb3b42c14cf,3.0
1478901530676491729_jpg.rf.1ce00e387d6decb17f4c61fa5ff47c9a,3.0
1478900769717487190_jpg.rf.1d0343bccc5be479af104be52fc68931,3.0
1478895422445668546_jpg.rf.1cf324a3ac3385c217fc0cc40ebed53d,3.0
1478020338196262458_jpg.rf.1d0c5d45df5520a863d68788a90414da,4.0
1478898991864821308_jpg.rf.1d2dcd5ea7e93325a696fc914e16c06b,3.0
1478900007047145032_jpg.rf.1d196cb9ed039cd74b6499516e209bfe,4.0
1478020817217758610_jpg.rf.1d3260475b9264422f7ff068f5a53de2,3.0
1478898386867651114_jpg.rf.1d0763d476429bb63c6929c9ca7665ba,3.0
1478895883476213405_jpg.rf.1cea5b9e119e9b8fe094e316c512cf8d,3.0
1478896990064432390_jpg.rf.1d2570944084d46049d89a4ba07163c4,4.0
1478896581021714885_jpg.rf.1d116638838da4218b075dac4db98459,3.0
1478899188388383585_jpg.rf.1d47d47930545346462f467c1256ad62,4.0
1478020606209522192_jpg.rf.1d213acea296078cd0b5a7114064720b,2.0
1478897515079845692_jpg.rf.1d48ffbf33412b38b400304242cceab7,3.0
1478899158682317629_jpg.rf.1d2c1f356cb24894fbdd291abd6fcadb,3.0
1478897362546213555_jpg.rf.1d3d6dbcbef621ad676ff1e2607ce381,3.0
1478898478846479049_jpg.rf.1d249462a3efcaae38aeedc286025c9e,3.0
1478897305987806721_jpg.rf.1d4a7858a7e4a6a58ee98d453ce47229,3.0
1478898733069634842_jpg.rf.1d49d00a9dc64661ca5a37f7d06f44c8,3.0
1478898177204435304_jpg.rf.1d3ca585d90469d1e9413ccc0fb3a7ff,3.0
1478895384741215223_jpg.rf.1cefe2f97bbacb61eb2d50270fcb14c6,3.0
1478019963181283434_jpg.rf.1d25efb9c70c7fd3b4e8fe55873587e1,3.0
1478896190831080268_jpg.rf.1d414a2d77d149c1cd378ae6140d2fb5,3.0
1478896042865967201_jpg.rf.1d502f79ed33dbf2592f1d419fd8c60c,2.0
1478731910338794116_jpg.rf.1d52ccf504a7ceae8dce02dd484b564a,3.0
1478732823324423222_jpg.rf.1ce567a05c21ca52610b1047720c51b1,3.0
1478020515199458307_jpg.rf.1d504f7246f94522135cb8501794456e,3.0
1478020473197330918_jpg.rf.1d212c77c992539ca578f71551817a15,4.0
1478897831003043940_jpg.rf.1d55d96c1a4bafbca783f074cc08003d,3.0
1478895247060669117_jpg.rf.1d5bce26b809607a535721c37b60c609,2.0
1478895578407583181_jpg.rf.1d5ea97068d712b4ec5731e3575bf617,2.0
1478021623082435174_jpg.rf.1d598a03fd91259c65e20b73c63c1f37,4.0
1478899086126412880_jpg.rf.1d57a498be22f669fe635a5e6cd57b03,3.0
1478900742295539185_jpg.rf.1d5a2995509da3aa4e05d20d12a93b04,3.0
1478731964819468882_jpg.rf.1d5af20ccc4448aed20cf7c86ec0dc4d,4.0
1478899844799782363_jpg.rf.1d5d23d04cab576292fd6f09f3db09cf,3.0
1478896816393078424_jpg.rf.1d75e2376da7a3f49e6d604d87ba5059,3.0
1478897527076413448_jpg.rf.1d70cd53c8ad07582485044966e7f9f0,3.0
1478732061164489684_jpg.rf.1d56084a5251fb1dca99e42c7e589c26,3.0
1478900093881572115_jpg.rf.1d4afc172d32a5d17e4ec09c541dd148,
1478732663323124232_jpg.rf.1d5474d9158902e3885eb5e1a3015376,3.0
1478895584122532347_jpg.rf.1d6c49cca02111fce5f4ed73085a0d96,3.0
1478901227891721625_jpg.rf.1d7de6a849eb79e6d249f6ad1cfd093d,3.0
1478896367929871874_jpg.rf.1d6eeb0e413d7a963046b9f863f95598,2.0
1478896311373552930_jpg.rf.1d897e288cb9b421889c9f695d253277,3.0
1478897643048912758_jpg.rf.1d7ebce1a3862d450f05c7b367345b15,3.0
1478900091597227509_jpg.rf.1d6e0a83a694fdac2ae43edbd1e60577,3.0
1478899399193189723_jpg.rf.1d8576f5b4b0922ccd08cd269fe3f659,4.0
1478899255801512544_jpg.rf.1d8232ea15a8a8b2dcd75786d4685217,3.0
1478897108893026545_jpg.rf.1d65fee1198acaf49fbc57de38a365b0,3.0
1478897916697336376_jpg.rf.1d8fa85c916d57969fde7d5b30fafddf,3.0
1478895330468111619_jpg.rf.1d6133431e99137898d8feeb6734f949,3.0
1478897607058001654_jpg.rf.1d85e404a36461e0d2f8538ba354193a,3.0
1478898193771824897_jpg.rf.1d9aeb704d3015135cc6941acb141e5c,4.0
1478895344179913006_jpg.rf.1d97eb89a91c517b7dd67d4d4e110bf2,2.0
1478899636278595515_jpg.rf.1d67c695dbc620c38eb6d0f4eb018e3e,3.0
1478732817015745755_jpg.rf.1d9315bb8c1a214584392f3a76ff6a31,3.0
1478732518231513348_jpg.rf.1cea03929272574849456a5523f4a647,3.0
1478020613707533776_jpg.rf.1dba5a008b29e061c96d4b0bdfbb788e,3.0
1478020208191418605_jpg.rf.1d94e6b740b9a2b623192508ed0f9976,4.0
1478021144721739321_jpg.rf.1daf0373bca474efdc475107d07703a4,3.0
1478732108764183325_jpg.rf.1dae84532786621c9cda99086a370f90,3.0
1478895301904639376_jpg.rf.1d9e09fca40f0bf52bdde2cca859cdb8,2.0
1478895643534700238_jpg.rf.1da02126986eb6fa5ca4cd375c656e10,2.0
1478897361403462899_jpg.rf.1da5e437ee21afcb50a096d1035e71aa,3.0
1478897848141791708_jpg.rf.1db10ea64d28d6d5b8370bdafb95c1de,3.0
1478895799497513138_jpg.rf.1d8df9d4f6ccff5a3d7a8000371632e5,3.0
1478732068620144930_jpg.rf.1dc0303feb7dae7df1b4702e1eae7d84,4.0
1478897696750553970_jpg.rf.1d92771e77a9397aadfcbd10ae74768c,3.0
1478898881033566200_jpg.rf.1d976614135f32fd76f7445f159124a6,3.0
1478896718701363547_jpg.rf.1dc204c0520550f18934d4e743ad881d,3.0
1478897709889378139_jpg.rf.1d9167ef8bc588766abe094006e123c6,4.0
1478895973168364714_jpg.rf.1dbe6c71aacd195ffc8a3f3ae438f6ea,3.0
1478897977824598039_jpg.rf.1db6024fc70a870e35644fc16e38d822,3.0
1478899611143036579_jpg.rf.1dcb7a8623c1ff97b7e122d32877b537,4.0
1478895466434967345_jpg.rf.1dcac0c29d799a5e1f3da00e4d893f70,3.0
1478897123176343517_jpg.rf.1dd248b8e380eb2110aa3cccf89fce0e,3.0
1478896712989448888_jpg.rf.1dd63647cab8ce1535d36515ea8e6d03,3.0
1478899554012866935_jpg.rf.1dd47f465c7d0fe018a017735e255ee3,3.0
1478898244617510660_jpg.rf.1dcdeba27d5ecf23c6703a36220104c5,3.0
1478900759434882650_jpg.rf.1dd6b2b852192b5482714e5286ca09ac,4.0
1478896996349300193_jpg.rf.1e00983d265a4622d73a66c7b5212475,3.0
1478020608701921747_jpg.rf.1de3de96551c4543b6a8188571e08886,2.0
1478898906170883680_jpg.rf.1d9d8738450178d46374afe16cb6e51f,3.0
1478898653089886374_jpg.rf.1dce09122e50a5e5198b1db7a86fe45f,3.0
1478898246901787801_jpg.rf.1db636365e779c5e844508ea43120817,3.0
1478895657245601210_jpg.rf.1e092c4f90214f1889f0657814cd218a,3.0
1478020979715962006_jpg.rf.1dda651683a7c99fbdb820ed85c64045,3.0
1478895251630936475_jpg.rf.1dec9d3bd67f35b88c8df58a70d6737a,2.0
1478896898657711560_jpg.rf.1df6121e72b3f00021f010ec3e0e9a85,3.0
1478899641991433122_jpg.rf.1dc4a55f18687e221b05483c0dad6e85,3.0
1478896583878424333_jpg.rf.1e13211bfd52f1497e69763da0b5daf0,3.0
1478732340452093830_jpg.rf.1de1ee8bb291494e65c69dc48f292cb5,4.0
1478897576207711647_jpg.rf.1e0df5f6feffff06e0121f6ae14eaece,3.0
1478020265697640039_jpg.rf.1e1e9168d1fc0fe54981f819ec285f5b,4.0
1478019967180239928_jpg.rf.1de5756ed9d3fa85cd6a51e828f8a124,3.0
1478020887720892921_jpg.rf.1e2b8f8b697cc1cb65b2fc52089b8c9a,3.0
1478897960686349007_jpg.rf.1e21392a9a92b578c76ea2347300d115,3.0
1478732002669459440_jpg.rf.1ddd1016dab49ffd73f0e05d846ac041,3.0
1478732579020779485_jpg.rf.1e232cf8c33e317b4630f62ba0c7524e,3.0
1478900694878155346_jpg.rf.1e1ac1f11645f6b4ce4c157dfe8cecba,3.0
1478895583549585285_jpg.rf.1e2b9e074269614c9e6c8aca003abf67,3.0
1478897928693799177_jpg.rf.1e2627fd29923952476cab46460d03f8,3.0
1478897439098176816_jpg.rf.1e3afc6055fabbf476d4e4ada8f1f9db,3.0
1478901290162393887_jpg.rf.1e3218d17194ef2f6b52f34f55cf4c94,3.0
1478020416697582576_jpg.rf.1dee3ae6c5f9701ce56cd596ce4432bc,4.0
1478732002096482831_jpg.rf.1e2d9f39505245ae7c8a3c0d38fa2310,3.0
1478897151739665757_jpg.rf.1e3f1cff27de2c0892c882a4109d9d0a,3.0
1478900321826576438_jpg.rf.1e3052cef941fd34ccc80e1a255a9a76,3.0
1478020435701641959_jpg.rf.1e252b5c068300729475a636affdb791,4.0
1478895991450397467_jpg.rf.1e439b761ccd3dc8e67f4aae54b336a3,3.0
1478895834916854336_jpg.rf.1e2cf3fd11479f51cf3b481e2d82ed65,3.0
1478900435513723583_jpg.rf.1e14f17af4b3cba40d670f1996e716ee,3.0
1478732961533995077_jpg.rf.1e37c30bf4e5ea520d33def2433f1a90,4.0
1478732929418915847_jpg.rf.1e437dbcf2792eab1520f78cbd5d6f81,3.0
1478020632710790989_jpg.rf.1e45871ebfc4d342699a94d26203c41b,3.0
1478897479088366408_jpg.rf.1e217f331ad7523850513412d2c6234f,3.0
1478895978881539318_jpg.rf.1e47d582e27bda3fc14bb3e33a271c66,3.0
1478895488144188927_jpg.rf.1e5c86b1daa0569dd5db9d117776a929,2.0
1478895974883078757_jpg.rf.1e64d80a15494bcc810357cb438b949c,3.0
1478900423515489786_jpg.rf.1e56a345e1de1ba82fec8d65480e4240,3.0
1478896618726107881_jpg.rf.1e4734d534a69c273a44d46479893de6,3.0
1478900474931596417_jpg.rf.1e68afe26d7a5ee67d58d39235028c6e,3.0
1478901470119268407_jpg.rf.1e5cda85703ac458440576ff6cea06ae,3.0
1478896926079919125_jpg.rf.1e3ca2ef845981f525c471eedbe176b1,3.0
1478899749965313818_jpg.rf.1e56e7e74b90635d6f2cbe384b562df3,3.0
1478732394359230184_jpg.rf.1e780e4f3e8e7756e7776b849a2b8608,4.0
1478732150628180352_jpg.rf.1e86de26fe1bb15e05ee154eca51549d,3.0
1478896446767840395_jpg.rf.1e2634397d49df19ea8e98a64bee1a38,3.0
1478897372828129615_jpg.rf.1e5e087537bc8f87366bc060222d54cb,3.0
1478896329082497901_jpg.rf.1e7a436d4d019ea286cb862f3bed66f5,
1478898737640579622_jpg.rf.1e5bc24a7aad71b5c1b159257a85eb61,3.0
1478896591304201433_jpg.rf.1e767d22c4aa61701e53d75fab9a851b,3.0
1478898074944266822_jpg.rf.1e8d06c533e91f3f810070eb7b70e1af,3.0
1478732389771192012_jpg.rf.1e8ab2a0089de391feb0cfc5c3006c02,4.0
1478899845942926470_jpg.rf.1e65000613d9f0e07b5fbbaf0b5a4c23,3.0
1478020917220750338_jpg.rf.1e8b421cf1949ba36fd2cc37ade661f5,3.0
1478897847570646127_jpg.rf.1e8ec3f772b12c928047363c0762cb84,3.0
1478898478273915992_jpg.rf.1e78175dd0dde00920541711b2820aa4,2.0
1478732874938983504_jpg.rf.1e84c54127ec47a311a3ba9395f4d0e6,3.0
1478895654389168399_jpg.rf.1e956bb3fc0655e5300a9c597da744c1,2.0
1478900428658233538_jpg.rf.1ea058deddd08f15667d4c0229e4a3f3,3.0
1478020997714964121_jpg.rf.1ea81919ef6c7c8e09f01070c4a7593b,3.0
1478897932692237013_jpg.rf.1eb257f1634b62556713c4559390f1fc,3.0
1478900000761253373_jpg.rf.1ec0caf4cc0d1ca93bab3c97de44117a,4.0
1478900815420536590_jpg.rf.1e9fea4872f911eda0e2d644382d65b3,3.0
1478900086454813490_jpg.rf.1e997c4dd710b1b0dc5d08570336a013,3.0
1478897739025497743_jpg.rf.1e8d3bcc3bcb6d250152a96707920342,4.0
1478896206255805623_jpg.rf.1eaaad6fc90d81cb0bde0935868e1431,3.0
1478732799812206115_jpg.rf.1ecc57d324d9def34f8f40dda70d0371,3.0
1478895583549585285_jpg.rf.1eba89f8a3c7fe0cda2e6029972c55d2,3.0
1478897417389608204_jpg.rf.1e94a4b95efc0648f4d198961e7fb903,3.0
1478899995048192698_jpg.rf.1ee4a48a545d64c3f130a08319d5a450,4.0
1478899896786707985_jpg.rf.1eb4476d7c879b05b61cda1b74bf20f7,3.0
1478898218337159513_jpg.rf.1ea65d6b62166b3a67e21aad11c6041c,3.0
1478896043437756441_jpg.rf.1ebcd159f173cc99cce1dcfd1131d3af,2.0
1478898846184830052_jpg.rf.1ed908db68912856f69270c50ef93e14,3.0
1478732861174725016_jpg.rf.1e924881b3cb737c75dd8c039bff59c6,
1478899121546617959_jpg.rf.1ee5c7f27dbbafcbc5ce88c2088ee59f,3.0
1478898510838346190_jpg.rf.1ebb3ffc9e74ba072c493499a8425ae0,2.0
1478899832803299825_jpg.rf.1eac6957a05288515ba6f635fd3770f8,3.0
1478731948189057216_jpg.rf.1eaeca81271487bad4de2083aef143c1,3.0
1478901357574681920_jpg.rf.1ec4e3f3037b249237bd061a8a3137e3,3.0
1478900446939415117_jpg.rf.1e99f1d55d790db966de6fadaffad99f,3.0
1478895699523075197_jpg.rf.1ee4e4f10f645c664c044595e3b18cf3,3.0
1478901197613069513_jpg.rf.1eb694517c122798875a171fa2186370,3.0
1478898872464328748_jpg.rf.1eeb1fde9c7402975200bec55d7bdafa,3.0
1478899941347971167_jpg.rf.1ef18941752bb5145673f7fb5255bc06,3.0
1478899154110766364_jpg.rf.1eec1f94386ea562d0c808a62b5b726a,3.0
1478896339365675706_jpg.rf.1f0ae589b5956a72bbbab64527e925db,3.0
1478895308187573742_jpg.rf.1ef052f6439560b29a9d84bc6f107697,3.0
1478897514508863814_jpg.rf.1f2bb872d34e98d06721fb72e3c003ed,3.0
1478732277368113509_jpg.rf.1f2055a40c7a360620c0c568a4f2031d,4.0
1478898383440301915_jpg.rf.1f113953fc83e2e4e9739c3714f262ff,3.0
1478732948344939058_jpg.rf.1ef7ceab80c72d7b6297f6995e83c3d4,3.0
1478020295698459455_jpg.rf.1ef921a14ef8a74c1d8581a8448a3b83,4.0
1478732522247831679_jpg.rf.1f057d8dc255a1d5624701f9422bb09f,3.0
1478897132886718253_jpg.rf.1f19b19acb4fe4da2084a06063e3b784,3.0
1478897949831492592_jpg.rf.1f15fe539e31dd2c22cd263ffa823cae,3.0
1478897667042629447_jpg.rf.1ef0dad66ec25a1329a4e7bd3f6e4407,3.0
1478897556784187970_jpg.rf.1f2b35117b816368cfde255d3ffc8da5,3.0
1478897323126864860_jpg.rf.1f2e0e23a8f5782f680046fa617dbfc9,3.0
1478732989060931744_jpg.rf.1ef8affd20c89070e9700bf8f0c65d9c,3.0
1478901405562954996_jpg.rf.1f2b1f8ea09c340110ebac81694fbf6e,3.0
1478899699691666859_jpg.rf.1f2605aa4f83332ce9674b39c4ab37a1,3.0
1478897820148441106_jpg.rf.1f330a2b27f93f26c7903969b7cc6df5,3.0
1478733025191023835_jpg.rf.1f34bda43a933c40cc2416a840b47ace,3.0
1478897954974426629_jpg.rf.1f0549a499d4f01622062a580b419b99,3.0
1478732714362618442_jpg.rf.1f195286dfe705205692e9372f461918,3.0
1478900536631783113_jpg.rf.1f31d39d8724460793832547fe01677e,3.0
1478020991721756839_jpg.rf.1ef2be0485cf8cadd7a59b937e41ce51,3.0
1478897194588204575_jpg.rf.1f30c5e5f2b6155c2b0ea52d1468e014,3.0
1478896338223826128_jpg.rf.1f2cd261a173b376e9398569dd859928,3.0
1478731969407536895_jpg.rf.1f35632958ec307909dd65c859e73a40,3.0
1478896226250086040_jpg.rf.1f36ae237db1017649959e10d10460c6,3.0
1478898842757567589_jpg.rf.1f364b9af84cd8575f0daef90ceaf74b,3.0
1478732026182037172_jpg.rf.1f50c7df56ef897f12bdea04a5e6761a,3.0
1478895731513400177_jpg.rf.1f4d9768b4c3ea8866fcb3fae1034248,4.0
1478899034140716499_jpg.rf.1f5aec4236f7dd38db7cf36106db7a5f,4.0
1478732124247855938_jpg.rf.1f42a2287298f136c000d2fa4cc74cd3,3.0
1478898858753260294_jpg.rf.1f4ea71a9fd55176dd2123c27eb14628,2.0
1478896591876731338_jpg.rf.1f59b8081b557f7b09517b7fcebb33ee,3.0
1478896950074774501_jpg.rf.1f425cda849be4e6557a3637d77e5b60,3.0
1478899973340098650_jpg.rf.1f527c465b71c348ce7ae6bae007ba15,3.0
1478020992721674119_jpg.rf.1f424dc382f3c2c822330660b4ddae81,4.0
1478732255576503336_jpg.rf.1f66ee5f91cf5383812cc118d129d5b3,4.0
1478898681081930193_jpg.rf.1f3fe2af0557e70cb755baf6558d7406,3.0
1478901427843885760_jpg.rf.1f710491602ea45cfc4264b538021738,4.0
1478019967686224547_jpg.rf.1f63fd09577d316237e592d5ce017b4d,3.0
1478020425202215391_jpg.rf.1f6ec326a6a9196ed81ffe7a7529eb17,4.0
1478897837859133375_jpg.rf.1f63eb65604f33a5c3ec74eea7a95e75,3.0
1478020539706892400_jpg.rf.1ef3394c0fb1dce9f8182d1fef898390,3.0
1478897695036696700_jpg.rf.1f5deae09d00c01b2b132a2de7db6e5e,3.0
1478732783181723805_jpg.rf.1f689a46a323c5133bf1aacdd7c559e7,3.0
1478020313692595277_jpg.rf.1f5341aec297549af9aac98c76de7478,4.0
1478900152725431736_jpg.rf.1f6615bea2e5199f4d08bd530e6c61b0,3.0
1478895810351022364_jpg.rf.1f377cdb84c1a0be5d27d5489b3b2688,3.0
1478900650318492214_jpg.rf.1f6c588b380a7bace8ddb246051d40f4,3.0
1478020328199849964_jpg.rf.1f7585f605bfaed5bd2e0b53d91e2a14,4.0
1478896130845035783_jpg.rf.1f58491d7ea330c452075697b3d821a6,3.0
1478901211895521793_jpg.rf.1f7e89a4824ee771583215b7b9f5e0b6,3.0
1478896772974600579_jpg.rf.1f8f8b1d9a3ef356cf4aed39beeb0bf8,3.0
1478900772573838826_jpg.rf.1f73c8bc24f1a94ef25485fb7ef605a1,4.0
1478895542416321243_jpg.rf.1fa217e91d484695b59ed15cc7fcba87,3.0
1478897737883439194_jpg.rf.1f8af4d92778a18f1458ba0b36f3f72f,4.0
1478020560200832298_jpg.rf.1f9dd7e8a6e0dfe2e1fe63afdd41b8e7,3.0
1478895409877504929_jpg.rf.1fae56ccde62b49dcffe6619b14de4ac,3.0
1478899163821677189_jpg.rf.1fba1abf61e1c9e9ad5ad8070e87bc9c,4.0
1478897377970858676_jpg.rf.1f8cb62534d5f87e0517a45a7c810e06,3.0
1478732358229336223_jpg.rf.1f77b2933a87a2f7e2215d2f8e11f8ce,4.0
1478900251557596153_jpg.rf.1f9e76486eb61679ee891e05d837f691,3.0
1478897340836282941_jpg.rf.1fbda18931d3ce256e63cbf99100ad0e,3.0
1478732656441858185_jpg.rf.1facad9fa0251c2de2e7c163f22a4353,3.0
1478897060333442588_jpg.rf.1f9fab34012d5423a8d7750440d2a7ce,3.0
1478732898450848112_jpg.rf.1faad044c178330f9e7b6c2ea9e1ced9,4.0
1478897164879217886_jpg.rf.1fc64b51b942324180613c8724a057d4,4.0
1478897091183280605_jpg.rf.1fcb605b82094891c9202f6f650dc9ab,3.0
1478020540199207621_jpg.rf.1fc71249ce2953f4029b187dbfd6c92a,3.0
1478732605401119829_jpg.rf.1fd4a8a04c3e14d910333b3c00251d86,3.0
1478900092167541592_jpg.rf.1fcf96f7f71e90efab7fe286a9387533,3.0
1478901000518393728_jpg.rf.1f88c2d580eb65b98ec3b1fa220795e6,3.0
1478895678954506200_jpg.rf.1f9cf868d04c293839e80a277848a3d5,2.0
1478898819334190634_jpg.rf.1f9647b80028563c7ca4428f369cf277,3.0
1478897138599396367_jpg.rf.1fd11210d000096bc0f1753935a08a3c,3.0
1478898888461607554_jpg.rf.1f77a5dda56b71a15411e2f8be686fc7,3.0
1478899426044383240_jpg.rf.1f7883ac6bf4a3398ce5f55e0c17e554,4.0
1478732018154575657_jpg.rf.1fd47ef8b00b1c3ae13c38edd8ce0d2f,4.0
1478896348506555401_jpg.rf.1fa24b01b077cfe40438684cb79504b6,3.0
1478897026057391604_jpg.rf.1fd8ccf859cba94c5a6da16904b195f7,3.0
1478895264770226257_jpg.rf.1fdf17d2cdbb50db6aade0056dfec90a,3.0
1478900373242343356_jpg.rf.1fd8ef2c3a89cba81f896a2617da280a,3.0
1478732044534048644_jpg.rf.1fe15ba85703916739c1141443ed8932,3.0
1478732214858533763_jpg.rf.1feebec1915e198866adb006f9b7fb08,4.0
1478898017245516516_jpg.rf.1fd8f37e6bac9e314954070aaafc1d1e,4.0
1478900490928544273_jpg.rf.1ff8584c5e878854b4c270e81fba8eda,3.0
1478732835368233931_jpg.rf.1fdc15840077971d632bba2b55bd3a30,3.0
1478896445054114299_jpg.rf.1ff10b347aacb0ed1efbbdef73bbdca0,3.0
1478898008104608360_jpg.rf.1ff31bc694b99eba33ad511c8a74d47a,3.0
1478900673169695576_jpg.rf.1fd9269675895b70261e1e8e79aeb32c,2.0
1478895746367395701_jpg.rf.1ff442989575158fd0a9c3882e68a7b4,3.0
1478899709404108250_jpg.rf.1fd754b9ff55521e93e3370d6007b033,3.0
1478898752493078833_jpg.rf.1ff822645ed96c94ea1facc25d3c7548,3.0
1478899639707200542_jpg.rf.1ff4464abec73c2ff1aef37abbe15969,3.0
1478020988714958017_jpg.rf.1fdc5404daced899ce1d652b140df9bd,3.0
1478896406206785516_jpg.rf.1ffb31c3b9f6999d851d10759bef5767,3.0
1478898445710907624_jpg.rf.2002fcdcdfd75b0ed1b4812a146e95f5,3.0
1478899045564925635_jpg.rf.1ff5dee7f41a47c378f9c10c62ff0661,3.0
1478896205112997141_jpg.rf.1fe7f14bc4b5b77373b68f60c13e093e,3.0
1478898726784744549_jpg.rf.20222aa5983c084ad0b870e9b914d7cc,3.0
1478020233192824837_jpg.rf.20296c6d754480085f1937ca8dfdb112,4.0
1478732527407417878_jpg.rf.1ff5e555084e80f29b2412c9cfa8a1ea,3.0
1478732187331552342_jpg.rf.2007037213e4baaf28c1b0b8fe82bf29,3.0
1478895416732673838_jpg.rf.1fe0e548bc67cf25b60098a1e2fb4b71,2.0
1478896577593505680_jpg.rf.20253c8318cfbf26f3868cb85ede513f,3.0
1478901339294095327_jpg.rf.1fff3008ffadbb3511b4fb528416c9bf,3.0
1478898742210654718_jpg.rf.20009daa9561cc7e8c5937e0dbf0a935,3.0
1478900670884245657_jpg.rf.202910ab07052693b2d014ddd7a2482e,3.0
1478900938247936806_jpg.rf.20258ece97d8e7bd042f55c492a67e89,3.0
1478020406703197477_jpg.rf.20309be410f4c74cc922cb48aaa5f20f,4.0
1478896271953613553_jpg.rf.200c19e993d2ff23cdea1c34838d762a,3.0
1478732971283749678_jpg.rf.20254bb4e8026d33f91bc07ec577070b,4.0
1478901031938949451_jpg.rf.202aad456469ce18f929bdd4c9257588,3.0
1478895888046620962_jpg.rf.1fdc6d03ccebeaf6d84b74179ea659db,3.0
1478897382541078741_jpg.rf.2041733678bfebe35fe8ff2cc7d9db9a,3.0
1478898605100618626_jpg.rf.2051b9b516e0917238766f8e96102315,4.0
1478895676670430256_jpg.rf.2039d8230fab492cf573d9e563e321d7,3.0
1478732637517950553_jpg.rf.200e3cdabe783eb704006dfe6b160545,3.0
1478896569595501896_jpg.rf.204c2626643ed2ae4cc6b58088b3c2f0,3.0
1478899151824917836_jpg.rf.206704b875b6225f3ee089fbd09f1a7d,3.0
1478732942036055939_jpg.rf.205df24b23ccaec1fde60cf87381e9bd,4.0
1478899731112730610_jpg.rf.203c5831e6687045a16e51ffefb2fd08,3.0
1478901459264874358_jpg.rf.205fa7de74794854495971c0ad477bae,3.0
1478896699850585906_jpg.rf.202fed78b38d30afb5b9492dd2b89d7a,3.0
1478020832210646675_jpg.rf.204c7958027d61b7990e89f30e1378bf,3.0
1478020388696407620_jpg.rf.2031191ca2566b2f65c534ee12259828,4.0
1478898220052193825_jpg.rf.204beb236dbf779e0f11ceda06df8411,3.0
1478899923637961892_jpg.rf.2029db9b1968c13d0cd1aaf40bdcdfb9,3.0
1478896800968097632_jpg.rf.205538b57bb17a50f81fa393eff52225,3.0
1478896927793984442_jpg.rf.20776670ba4be076621da386574ad152,3.0
1478899839658083976_jpg.rf.2063b7894ff11a7f50c5ed7555e960d2,3.0
1478900845699138096_jpg.rf.2053f59b8cae2f3cc9ae2827428c2ade,4.0
1478021891590078387_jpg.rf.206765c40cfb1332c0a46321cf885c86,3.0
1478898219480029972_jpg.rf.203ad191715a0c0126fb546f26be7090,3.0
1478020621211798339_jpg.rf.2075c34a865cf526b655dabfb4f7be9f,3.0
1478020826716810326_jpg.rf.209674a79b363897e823411205dbf60f,3.0
1478899823662333255_jpg.rf.208247671c0f06c8482d3b5667be1f3f,4.0
1478895423587994270_jpg.rf.209266a967d3e051c663f0beb00b9f8b,
1478732818163176149_jpg.rf.2081b74f453dc9c20befb0ea885b0e89,3.0
1478895625253394898_jpg.rf.209e321ef7387448b93151477ddc0a4d,3.0
1478898153210715776_jpg.rf.20841c9751fe60c8128caacc3ab5d78f,3.0
1478901037081176919_jpg.rf.207c040330d9bf76bcf38f3ba3f79239,3.0
1478901436413704988_jpg.rf.209ed36e6113f382d15916400650de6d,3.0
1478895624682380838_jpg.rf.2085f66260cf70236d1ac3f92ecb9168,3.0
1478897491657602117_jpg.rf.209cb2135d0d1e946d8270bdc3afb951,3.0
1478020364701202643_jpg.rf.2087e009ea0e7bb3690601cababbb233,3.0
1478895526991514340_jpg.rf.209f15f3c16aded5b94a9a7fdec5f61b,3.0
1478896358218853117_jpg.rf.20afa900583b6271d78ca417f0a64101,3.0
1478732523392462578_jpg.rf.208435841895613de56ead6c4a21a03e,3.0
1478901458693156010_jpg.rf.20ab5da670d4697af41a3457ab872f8f,3.0
1478895806923725932_jpg.rf.20a2cc1ceb525a8ed76a9ed948367567,3.0
1478899929349973152_jpg.rf.20b62ff2f217090b2f839a0f5bc55f63,3.0
1478899278651080024_jpg.rf.20aca9a3c529c9fa18259ae1dd4c5471,3.0
1478732366832183313_jpg.rf.2091628d0f4b02727f74a641717a527f,4.0
1478899296361675578_jpg.rf.20abd996a29c9ae8edf2556bc9e8f569,3.0
1478895504711260203_jpg.rf.20bbecc08885c8b37c77ec03602cf995,3.0
1478899920781488773_jpg.rf.20ab5d3cc6d48704e8a46bb7131bfff5,3.0
1478900949102532584_jpg.rf.209f015204bd6161d12b84668085dbb4,3.0
1478021160231450076_jpg.rf.2088bdd478360bf3fcff1f46324b7cb5,3.0
1478895350462783264_jpg.rf.20cad9f5604ecc70714be5367061cf8d,2.0
1478896188545264588_jpg.rf.20c8218f8bc0df9e818f0cc3b2a2faf7,3.0
1478901050792719234_jpg.rf.20cee4b9b3292fa8a5f09b05121ce9b9,3.0
1478899734540482273_jpg.rf.20c28a20863532d50d40ed26b18c3aad,3.0
1478896267382914409_jpg.rf.20c552f0bc9ed6cd28b238c242579d47,3.0
1478899303788307726_jpg.rf.20ed4692cec33539a29224bedb36e351,3.0
1478898086369967184_jpg.rf.20c0941106fe84c95f025cfdef6e4be8,3.0
1478021163725978840_jpg.rf.20e149eef6f553cacd047041f9064ddf,3.0
1478900231563589177_jpg.rf.20ecca69cca5dd0ac85990f2fac618f0,2.0
1478020312692274517_jpg.rf.20e6ec407dbd6d2286979b733c066f16,4.0
1478732187331552342_jpg.rf.20f3400536a51d0fe53e5bddc6893f8b,3.0
1478899039280861122_jpg.rf.20db7f3148f53f283ca0dbed58f56031,3.0
1478732174141575909_jpg.rf.20f3d5fb432e398ee745d7112f21d743,4.0
1478901293590165447_jpg.rf.20cf24d8e5ca62a58f604fe428463d34,3.0
1478900221850502266_jpg.rf.20e8aa2d5827955cf8c49e813baa2a90,3.0
1478020905712213007_jpg.rf.20f0926615c3afcc552458f06b6fa581,3.0
1478900613755886070_jpg.rf.20c20905bd1c977d0fdfa6103f6a9b2c,3.0
1478899656274065854_jpg.rf.20f95049a9b73e2b2014359c1517deff,3.0
1478732976444296363_jpg.rf.20ff86e17cda42a87ff051b487911da3,3.0
1478020886217873069_jpg.rf.20ed1643c328829e9be4ab34d14dcafa,3.0
1478732351921407145_jpg.rf.20ed467fa82d944dba06534cf944eb8b,4.0
1478897529362302949_jpg.rf.20f6e98e6ab78aca23711a4afe1e58dd,3.0
1478900365815888896_jpg.rf.20f2e9ff6b10c6c68f1f13e94e300542,3.0
1478897427672606492_jpg.rf.210f0fe7937db38685ca916af6e411de,3.0
1478021647076630224_jpg.rf.20fa828768f15f5c0f23baa7fcf71bfe,3.0
1478899756249832188_jpg.rf.2104ae7f5a72fdaef6df5d8ddebfd4f6,3.0
1478895492142935135_jpg.rf.20d671ba088230c4776f1036b74ea70a,2.0
1478021046216863856_jpg.rf.2112379650dc607d2e9f93a8e350a4e6,2.0
1478897547644014561_jpg.rf.211065987b30b2c2dabe5877876271f4,2.0
1478900655460163339_jpg.rf.21180bc802dcc81fa3cdd5d57affe8b1,3.0
000000000139,3.0
000000000285,2.0
000000000632,4.0
000000000724,4.0
000000000776,3.0
000000000785,2.0
000000000802,3.0
000000000872,3.0
000000000885,2.0
000000001000,4.0
000000001268,4.0
000000001296,2.0
000000001353,3.0
000000001425,2.0
000000001490,2.0
000000001503,3.0
000000001532,3.0
000000001584,3.0
000000001675,2.0
000000001761,3.0
000000001818,3.0
000000001993,3.0
000000002006,3.0
000000002149,3.0
000000002153,3.0
000000002157,4.0
000000002261,3.0
000000002299,4.0
000000002431,3.0
000000002473,2.0
000000002532,2.0
000000002587,2.0
000000002592,2.0
000000002685,3.0
000000002923,3.0
000000003156,2.0
000000003255,3.0
000000003501,2.0
000000003553,3.0
000000003661,2.0
000000003845,2.0
000000003934,4.0
000000004134,4.0
000000004395,2.0
000000004495,3.0
000000004765,3.0
000000004795,3.0
000000005001,4.0
000000005037,2.0
000000005060,3.0
000000005193,3.0
000000005477,2.0
000000005503,3.0
000000005529,2.0
000000005586,3.0
000000005600,2.0
000000005992,3.0
000000006012,2.0
000000006040,2.0
000000006213,3.0
000000006460,3.0
000000006471,3.0
000000006614,4.0
000000006723,3.0
000000006763,3.0
000000006771,4.0
000000006818,3.0
000000006894,2.0
000000006954,3.0
000000007088,2.0
000000007108,3.0
000000007278,3.0
000000007281,3.0
000000007386,3.0
000000007511,3.0
000000007574,4.0
000000007784,1.0
000000007795,3.0
000000007816,3.0
000000007818,4.0
000000007888,2.0
000000007977,2.0
000000007991,3.0
000000008021,3.0
000000008211,3.0
000000008277,2.0
000000008532,2.0
000000008629,3.0
000000008690,3.0
000000008762,4.0
000000008844,3.0
000000008899,3.0
000000009378,3.0
000000009400,4.0
000000009448,2.0
000000009483,3.0
000000009590,4.0
000000009769,3.0
000000009772,3.0
000000009891,4.0
000000009914,3.0
000000010092,3.0
000000010363,3.0
000000010583,2.0
000000010707,3.0
000000010764,2.0
000000010977,3.0
000000010995,3.0
000000011051,2.0
000000011122,3.0
000000011149,3.0
000000011197,3.0
000000011511,3.0
000000011615,3.0
000000011699,3.0
000000011760,3.0
000000011813,3.0
000000012062,3.0
000000012120,3.0
000000012280,3.0
000000012576,3.0
000000012639,3.0
000000012667,2.0
000000012670,4.0
000000012748,2.0
000000013004,2.0
000000013177,3.0
000000013201,2.0
000000013291,3.0
000000013348,2.0
000000013546,3.0
000000013597,2.0
000000013659,4.0
000000013729,3.0
000000013774,2.0
000000013923,4.0
000000014007,3.0
000000014038,4.0
000000014226,2.0
000000014380,4.0
000000014439,3.0
000000014473,3.0
000000014831,2.0
000000014888,3.0
000000015079,2.0
000000015254,2.0
000000015272,2.0
000000015278,2.0
000000015335,4.0
000000015338,3.0
000000015440,3.0
000000015497,2.0
000000015517,4.0
000000015597,3.0
000000015660,3.0
000000015746,2.0
000000015751,3.0
000000015956,3.0
000000016010,3.0
000000016228,3.0
000000016249,3.0
000000016439,3.0
000000016451,3.0
000000016502,2.0
000000016598,2.0
000000016958,3.0
000000017029,3.0
000000017031,2.0
000000017115,2.0
000000017178,3.0
000000017182,3.0
000000017207,3.0
000000017379,3.0
000000017436,3.0
000000017627,4.0
000000017714,3.0
000000017899,4.0
000000017905,2.0
000000017959,4.0
000000018150,3.0
000000018193,2.0
000000018380,4.0
000000018491,3.0
000000018519,3.0
000000018575,3.0
000000018737,2.0
000000018770,2.0
000000018833,2.0
000000018837,4.0
000000019042,3.0
000000019109,4.0
000000019221,2.0
000000019402,4.0
000000019432,3.0
000000019742,2.0
000000019786,4.0
000000019924,2.0
000000020059,2.0
000000020107,2.0
000000020247,2.0
000000020333,2.0
000000020553,3.0
000000020571,3.0
000000020992,2.0
000000021167,2.0
000000021465,3.0
000000021503,3.0
000000021604,2.0
000000021839,4.0
000000021879,3.0
000000021903,3.0
000000022192,2.0
000000022371,2.0
000000022396,2.0
000000022479,3.0
000000022589,2.0
000000022623,2.0
000000022705,2.0
000000022755,3.0
000000022892,3.0
000000022935,2.0
000000022969,2.0
000000023023,3.0
000000023034,3.0
000000023126,3.0
000000023230,3.0
000000023272,2.0
000000023359,2.0
000000023666,3.0
000000023751,3.0
000000023781,4.0
000000023899,4.0
000000023937,3.0
000000024021,5.0
000000024027,2.0
000000024144,1.0
000000024243,3.0
000000024567,3.0
000000024610,3.0
000000024919,3.0
000000025057,2.0
000000025096,3.0
000000025139,2.0
000000025181,3.0
000000025228,3.0
000000025386,3.0
000000025393,3.0
000000025394,3.0
000000025424,3.0
000000025560,
000000025593,2.0
000000025603,3.0
000000025986,3.0
000000026204,4.0
000000026465,3.0
000000026564,3.0
000000026690,4.0
000000026926,2.0
000000026941,3.0
000000027186,2.0
000000027620,3.0
000000027696,2.0
000000027768,3.0
000000027932,2.0
000000027972,3.0
000000027982,3.0
000000028285,2.0
000000028449,4.0
000000028452,2.0
000000028809,3.0
000000028993,3.0
000000029187,3.0
000000029393,2.0
000000029397,2.0
000000029596,3.0
000000029640,4.0
000000029675,2.0
000000029984,3.0
000000030213,4.0
000000030494,2.0
000000030504,3.0
000000030675,2.0
000000030785,2.0
000000030828,3.0
000000031050,3.0
000000031093,3.0
000000031118,4.0
000000031217,2.0
000000031248,4.0
000000031269,2.0
000000031296,4.0
000000031322,4.0
000000031620,4.0
000000031735,4.0
000000031749,3.0
000000031817,3.0
000000032038,3.0
000000032081,2.0
000000032285,3.0
000000032334,3.0
000000032570,4.0
000000032610,4.0
000000032735,3.0
000000032811,2.0
000000032817,4.0
000000032861,4.0
000000032887,3.0
000000032901,3.0
000000032941,3.0
000000033005,2.0
000000033104,3.0
000000033109,3.0
000000033114,3.0
000000033221,3.0
000000033368,2.0
000000033638,4.0
000000033707,2.0
000000033759,3.0
000000033854,4.0
000000034071,4.0
000000034139,3.0
000000034205,3.0
000000034257,4.0
000000034417,4.0
000000034452,3.0
000000034760,3.0
000000034873,3.0
000000035062,4.0
000000035197,3.0
000000035279,4.0
000000035326,3.0
000000035682,4.0
000000035770,3.0
000000035963,3.0
000000036494,4.0
000000036539,2.0
000000036660,3.0
000000036678,3.0
000000036844,3.0
000000036861,2.0
000000036936,4.0
000000037670,3.0
000000037689,4.0
000000037740,3.0
000000037751,2.0
000000037777,3.0
000000037988,3.0
000000038048,2.0
000000038070,2.0
000000038118,2.0
000000038210,2.0
000000038576,3.0
000000038678,3.0
000000038825,2.0
000000038829,4.0
000000039405,4.0
000000039477,3.0
000000039480,2.0
000000039484,4.0
000000039551,2.0
000000039670,2.0
000000039769,2.0
000000039785,3.0
000000039914,3.0
000000039951,3.0
000000039956,4.0
000000040036,3.0
000000040083,3.0
000000040471,3.0
000000040757,3.0
000000041488,1.0
000000041633,3.0
000000041635,3.0
000000041872,3.0
000000041888,3.0
000000041990,3.0
000000042070,2.0
000000042102,2.0
000000042178,4.0
000000042276,4.0
000000042296,2.0
000000042528,3.0
000000042563,3.0
000000042628,3.0
000000042888,2.0
000000042889,3.0
000000043314,4.0
000000043435,3.0
000000043581,2.0
000000043737,3.0
000000043816,3.0
000000044068,2.0
000000044195,3.0
000000044260,2.0
000000044279,4.0
000000044590,4.0
000000044652,1.0
000000044699,3.0
000000044877,3.0
000000045070,3.0
000000045090,3.0
000000045229,4.0
000000045472,3.0
000000045550,3.0
000000045596,3.0
000000045728,2.0
000000046031,3.0
000000046048,3.0
000000046252,3.0
000000046378,2.0
000000046463,3.0
000000046497,3.0
000000046804,2.0
000000046872,3.0
000000047010,3.0
000000047112,3.0
000000047121,2.0
000000047571,3.0
000000047585,3.0
000000047740,3.0
000000047769,3.0
000000047801,2.0
000000047819,3.0
000000047828,4.0
000000048153,2.0
000000048396,2.0
000000048504,3.0
000000048555,3.0
000000048564,2.0
000000048924,3.0
000000049060,3.0
000000049091,4.0
000000049259,2.0
000000049269,2.0
000000049759,4.0
000000049761,4.0
000000049810,2.0
000000050006,4.0
000000050145,3.0
000000050149,4.0
000000050165,2.0
000000050326,3.0
000000050331,2.0
000000050380,3.0
000000050638,2.0
000000050679,2.0
000000050811,3.0
000000050828,3.0
000000050844,2.0
000000050896,3.0
000000050943,3.0
000000051008,2.0
000000051309,3.0
000000051314,3.0
000000051326,3.0
000000051598,3.0
000000051610,2.0
000000051712,2.0
000000051738,3.0
000000051938,3.0
000000051961,3.0
000000051976,3.0
000000052007,3.0
000000052017,1.0
000000052412,4.0
000000052413,3.0
000000052462,2.0
000000052507,2.0
000000052565,2.0
000000052591,2.0
000000052891,2.0
000000052996,4.0
000000053505,3.0
000000053529,3.0
000000053624,2.0
000000053626,3.0
000000053909,2.0
000000053994,2.0
000000054123,3.0
000000054164,2.0
000000054592,4.0
000000054593,3.0
000000054605,3.0
000000054628,4.0
000000054654,3.0
000000054931,2.0
000000054967,3.0
000000055002,2.0
000000055022,4.0
000000055072,2.0
000000055150,
000000055167,3.0
000000055299,3.0
000000055528,3.0
000000055950,2.0
000000056127,4.0
000000056288,3.0
000000056344,3.0
000000056350,4.0
000000056545,2.0
000000057027,3.0
000000057149,3.0
000000057150,3.0
000000057232,4.0
000000057238,3.0
000000057244,2.0
000000057597,4.0
000000057672,4.0
000000057725,4.0
000000057760,3.0
000000058029,3.0
000000058111,2.0
000000058350,2.0
000000058384,3.0
000000058393,2.0
000000058539,3.0
000000058636,2.0
000000058655,2.0
000000058705,3.0
000000059044,4.0
000000059386,3.0
000000059598,3.0
000000059635,4.0
000000059920,3.0
000000060052,4.0
000000060090,3.0
000000060102,3.0
000000060347,3.0
000000060363,2.0
000000060449,3.0
000000060507,3.0
000000060770,2.0
000000060823,4.0
000000060835,3.0
000000060855,3.0
000000060886,4.0
000000060899,3.0
000000060932,3.0
000000061108,3.0
000000061171,4.0
000000061268,4.0
000000061333,2.0
000000061418,3.0
000000061471,2.0
000000061584,3.0
000000061658,4.0
000000061747,2.0
000000061960,2.0
000000062025,3.0
000000062353,3.0
000000062355,3.0
000000062554,2.0
000000062692,3.0
000000062808,3.0
000000063047,3.0
000000063154,2.0
000000063552,3.0
000000063602,3.0
000000063740,4.0
000000063965,2.0
000000064084,3.0
000000064359,4.0
000000064462,2.0
000000064495,2.0
000000064499,3.0
000000064523,3.0
000000064574,3.0
000000064718,2.0
000000064868,3.0
000000064898,2.0
000000065074,3.0
000000065288,4.0
000000065350,4.0
000000065455,4.0
000000065485,2.0
000000065736,2.0
000000065798,4.0
000000066038,4.0
000000066135,2.0
000000066231,4.0
000000066523,2.0
000000066561,2.0
000000066635,2.0
000000066706,2.0
000000066771,3.0
000000066817,3.0
000000066841,3.0
000000066886,2.0
000000066926,3.0
000000067180,2.0
000000067213,3.0
000000067310,3.0
000000067315,2.0
000000067406,3.0
000000067534,2.0
000000067616,4.0
000000067896,2.0
000000068078,3.0
000000068093,3.0
000000068286,3.0
000000068387,3.0
000000068409,3.0
000000068628,2.0
000000068765,2.0
000000068833,4.0
000000068933,3.0
000000069106,3.0
000000069138,2.0
000000069213,3.0
000000069224,3.0
000000069356,4.0
000000069795,2.0
000000070048,3.0
000000070158,3.0
000000070229,2.0
000000070254,3.0
000000070739,3.0
000000070774,4.0
000000071226,3.0
000000071451,3.0
000000071711,4.0
000000071756,3.0
000000071877,3.0
000000071938,3.0
000000072281,3.0
000000072795,4.0
000000072813,2.0
000000072852,3.0
000000073118,2.0
000000073153,3.0
000000073326,4.0
000000073533,2.0
000000073702,3.0
000000073946,3.0
000000074058,4.0
000000074092,3.0
000000074200,3.0
000000074209,3.0
000000074256,3.0
000000074457,2.0
000000074646,3.0
000000074733,3.0
000000074860,2.0
000000075393,3.0
000000075456,1.0
000000075612,4.0
000000076211,3.0
000000076261,3.0
000000076416,3.0
000000076417,2.0
000000076468,4.0
000000076547,4.0
000000076625,4.0
000000076731,2.0
000000077396,3.0
000000077460,4.0
000000077595,2.0
000000078032,3.0
000000078170,3.0
000000078266,3.0
000000078404,3.0
000000078420,2.0
000000078426,2.0
000000078565,3.0
000000078748,4.0
000000078823,3.0
000000078843,3.0
000000078915,3.0
000000078959,3.0
000000079014,4.0
000000079031,2.0
000000079034,2.0
000000079144,2.0
000000079188,2.0
000000079229,2.0
000000079408,2.0
000000079565,2.0
000000079588,3.0
000000079651,2.0
000000079837,4.0
000000079969,4.0
000000080022,2.0
000000080057,2.0
000000080153,2.0
000000080273,2.0
000000080274,2.0
000000080340,3.0
000000080413,3.0
000000080659,4.0
000000080666,2.0
000000080671,2.0
000000080932,3.0
000000080949,3.0
000000081061,2.0
000000081394,3.0
000000081594,2.0
000000081738,2.0
000000081766,3.0
000000081988,3.0
000000082085,3.0
000000082180,2.0
000000082688,2.0
000000082696,3.0
000000082715,3.0
000000082765,3.0
000000082807,2.0
000000082812,4.0
000000082821,
000000082846,3.0
000000082986,3.0
000000083113,3.0
000000083172,3.0
000000083531,4.0
000000083540,3.0
000000084031,3.0
000000084170,3.0
000000084241,3.0
000000084270,4.0
000000084362,3.0
000000084431,2.0
000000084477,2.0
000000084492,3.0
000000084650,3.0
000000084664,3.0
000000084674,3.0
000000084752,3.0
000000085089,3.0
000000085157,3.0
000000085195,2.0
000000085329,1.0
000000085376,3.0
000000085478,3.0
000000085576,2.0
000000085665,1.0
000000085682,4.0
000000085772,2.0
000000085823,3.0
000000085911,2.0
000000086220,3.0
000000086483,2.0
000000086582,3.0
000000086755,2.0
000000086956,3.0
000000087038,3.0
000000087144,3.0
000000087244,2.0
000000087470,4.0
000000087476,3.0
000000087742,3.0
000000087875,2.0
000000088040,4.0
000000088218,3.0
000000088250,2.0
000000088265,2.0
000000088269,2.0
000000088345,3.0
000000088432,3.0
000000088462,3.0
000000088485,2.0
000000088848,2.0
000000088951,2.0
000000088970,2.0
000000089045,3.0
000000089078,2.0
000000089271,2.0
000000089296,3.0
000000089556,3.0
000000089648,4.0
000000089670,2.0
000000089697,3.0
000000089761,2.0
000000089880,3.0
000000090003,2.0
000000090062,2.0
000000090108,2.0
000000090155,3.0
000000090208,3.0
000000090284,2.0
000000090631,1.0
000000090891,4.0
000000090956,2.0
000000091406,4.0
000000091495,3.0
000000091500,3.0
000000091615,4.0
000000091619,2.0
000000091654,3.0
000000091779,3.0
000000091921,2.0
000000092053,3.0
000000092091,3.0
000000092124,2.0
000000092177,2.0
000000092416,2.0
000000092660,3.0
000000092839,2.0
000000092939,3.0
000000093154,4.0
000000093261,3.0
000000093353,2.0
000000093437,3.0
000000093717,4.0
000000093965,2.0
000000094157,3.0
000000094185,4.0
000000094326,2.0
000000094336,2.0
000000094614,2.0
000000094751,3.0
000000094852,2.0
000000094871,3.0
000000094944,3.0
000000095069,3.0
000000095155,3.0
000000095707,3.0
000000095786,2.0
000000095843,2.0
000000095862,4.0
000000095899,2.0
000000096001,3.0
000000096427,2.0
000000096493,2.0
000000096549,3.0
000000096825,3.0
000000096960,3.0
000000097022,3.0
000000097230,2.0
000000097278,2.0
000000097337,4.0
000000097585,4.0
000000097679,2.0
000000097924,3.0
000000097988,3.0
000000097994,4.0
000000098018,3.0
000000098261,2.0
000000098287,3.0
000000098392,3.0
000000098497,3.0
000000098520,3.0
000000098633,2.0
000000098716,2.0
000000098839,2.0
000000098853,4.0
000000099024,2.0
000000099039,4.0
000000099053,2.0
000000099054,3.0
000000099114,4.0
000000099182,3.0
000000099242,2.0
000000099428,2.0
000000099810,2.0
000000100238,3.0
000000100274,4.0
000000100283,3.0
000000100428,3.0
000000100489,2.0
000000100510,3.0
000000100582,2.0
000000100624,3.0
000000100723,4.0
000000101022,2.0
000000101068,3.0
000000101420,2.0
000000101762,2.0
000000101780,3.0
000000101787,2.0
000000101884,3.0
000000102331,2.0
000000102356,3.0
000000102411,3.0
000000102644,3.0
000000102707,3.0
000000102805,3.0
000000102820,2.0
000000103548,4.0
000000103585,3.0
000000103723,3.0
000000104119,3.0
000000104198,3.0
000000104424,2.0
000000104455,2.0
000000104572,3.0
000000104603,2.0
000000104612,4.0
000000104619,2.0
000000104666,4.0
000000104669,2.0
000000104782,2.0
000000104803,3.0
000000105014,3.0
000000105249,2.0
000000105264,3.0
000000105335,2.0
000000105455,3.0
000000105912,3.0
000000105923,4.0
000000106048,2.0
000000106235,4.0
000000106266,3.0
000000106281,3.0
000000106330,1.0
000000106389,3.0
000000106563,3.0
000000106757,2.0
000000106881,2.0
000000106912,2.0
000000107087,4.0
000000107094,3.0
000000107226,4.0
000000107339,3.0
000000107554,4.0
000000107851,4.0
000000108026,3.0
000000108244,3.0
000000108253,3.0
000000108440,2.0
000000108495,2.0
000000108503,3.0
000000108864,2.0
000000109055,3.0
000000109118,3.0
000000109313,3.0
000000109441,3.0
000000109798,2.0
000000109827,2.0
000000109900,3.0
000000109916,2.0
000000109976,3.0
000000109992,3.0
000000110042,3.0
000000110211,
000000110282,2.0
000000110359,1.0
000000110449,4.0
000000110638,3.0
000000110721,3.0
000000110784,4.0
000000110884,3.0
000000110972,2.0
000000110999,4.0
000000111036,3.0
000000111086,4.0
000000111179,2.0
000000111207,3.0
000000111609,3.0
000000111951,3.0
000000112110,3.0
000000112298,3.0
000000112378,3.0
000000112626,2.0
000000112634,2.0
000000112798,3.0
000000112997,2.0
000000113051,4.0
000000113235,2.0
000000113354,3.0
000000113403,2.0
000000113589,2.0
000000113720,3.0
000000113867,2.0
000000114049,4.0
000000114770,3.0
000000114871,2.0
000000114884,4.0
000000114907,4.0
000000115118,4.0
000000115245,4.0
000000115870,4.0
000000115885,3.0
000000115898,2.0
000000115946,3.0
000000116068,3.0
000000116206,3.0
000000116208,3.0
000000116362,2.0
000000116439,3.0
000000116479,3.0
000000116589,2.0
000000116825,2.0
000000117197,2.0
000000117374,2.0
000000117425,3.0
000000117492,4.0
000000117525,2.0
000000117645,3.0
000000117719,4.0
000000117744,2.0
000000117908,3.0
000000117914,3.0
000000118209,2.0
000000118367,2.0
000000118405,3.0
000000118515,2.0
000000118594,2.0
000000118921,2.0
000000119038,2.0
000000119088,2.0
000000119233,3.0
000000119365,3.0
000000119445,3.0
000000119452,3.0
000000119516,4.0
000000119641,4.0
000000119677,2.0
000000119828,4.0
000000119911,3.0
000000119995,2.0
000000120420,3.0
000000120572,3.0
000000120584,2.0
000000120777,3.0
000000120853,3.0
000000121031,3.0
000000121153,3.0
000000121242,3.0
000000121417,3.0
000000121497,4.0
000000121506,4.0
000000121586,3.0
000000121591,4.0
000000121673,2.0
000000121744,3.0
000000122046,2.0
000000122166,4.0
000000122217,3.0
000000122606,2.0
000000122672,3.0
000000122745,1.0
000000122927,2.0
000000122962,4.0
000000122969,2.0
000000123131,3.0
000000123213,3.0
000000123321,2.0
000000123480,3.0
000000123585,3.0
000000123633,3.0
000000124277,4.0
000000124442,2.0
000000124636,2.0
000000124659,4.0
000000124798,4.0
000000124975,2.0
000000125062,3.0
000000125072,3.0
000000125129,3.0
000000125211,2.0
000000125245,4.0
000000125257,2.0
000000125405,2.0
000000125472,2.0
000000125572,4.0
000000125778,3.0
000000125806,2.0
000000125850,2.0
000000125936,4.0
000000125952,2.0
000000126107,2.0
000000126110,4.0
000000126137,3.0
000000126216,4.0
000000126226,3.0
000000126592,3.0
000000127092,3.0
000000127135,2.0
000000127182,3.0
000000127263,3.0
000000127270,3.0
000000127394,4.0
000000127476,2.0
000000127494,2.0
000000127517,4.0
000000127530,3.0
000000127624,4.0
000000127660,2.0
000000127955,2.0
000000127987,3.0
000000128051,3.0
000000128112,2.0
000000128148,3.0
000000128372,3.0
000000128476,4.0
000000128598,4.0
000000128654,2.0
000000128658,3.0
000000128675,3.0
000000128699,3.0
000000128748,3.0
000000129054,4.0
000000129062,4.0
000000129113,2.0
000000129135,2.0
000000129322,3.0
000000129416,3.0
000000129492,3.0
000000129756,3.0
000000129812,4.0
000000129945,3.0
000000130386,3.0
000000130465,3.0
000000130566,3.0
000000130579,2.0
000000130586,2.0
000000130599,2.0
000000130613,3.0
000000130699,3.0
000000130826,4.0
000000131131,3.0
000000131138,4.0
000000131273,2.0
000000131379,2.0
000000131386,4.0
000000131431,2.0
000000131444,2.0
000000131556,3.0
000000131938,2.0
000000132116,2.0
000000132329,2.0
000000132375,2.0
000000132408,3.0
000000132544,3.0
000000132587,2.0
000000132622,2.0
000000132703,2.0
000000132796,3.0
000000132931,2.0
000000133000,3.0
000000133087,4.0
000000133233,4.0
000000133244,3.0
000000133343,2.0
000000133418,2.0
000000133567,3.0
000000133631,2.0
000000133645,3.0
000000133778,2.0
000000133819,3.0
000000133969,4.0
000000134034,3.0
000000134096,2.0
000000134112,2.0
000000134322,4.0
000000134689,2.0
000000134722,2.0
000000134856,3.0
000000134882,3.0
000000134886,3.0
000000135410,4.0
000000135561,4.0
000000135604,2.0
000000135670,3.0
000000135673,3.0
000000135872,4.0
000000135890,3.0
000000135902,3.0
000000136033,3.0
000000136334,3.0
000000136355,3.0
000000136466,3.0
000000136600,3.0
000000136633,4.0
000000136715,3.0
000000136772,3.0
000000136915,3.0
000000137106,2.0
000000137246,3.0
000000137294,3.0
000000137576,4.0
000000137727,3.0
000000137950,2.0
000000138115,2.0
000000138241,3.0
000000138492,2.0
000000138550,2.0
000000138639,4.0
000000138819,3.0
000000138856,3.0
000000138954,2.0
000000138979,3.0
000000139077,3.0
000000139099,4.0
000000139260,2.0
000000139684,3.0
000000139871,2.0
000000139872,2.0
000000139883,3.0
000000140076,3.0
000000140203,3.0
000000140270,3.0
000000140286,3.0
000000140420,3.0
000000140439,2.0
000000140556,3.0
000000140583,4.0
000000140640,3.0
000000140658,2.0
000000140840,4.0
000000140929,2.0
000000140987,3.0
000000141328,4.0
000000141597,3.0
000000141671,4.0
000000141821,2.0
000000142092,2.0
000000142238,4.0
000000142324,4.0
000000142472,3.0
000000142585,4.0
000000142620,3.0
000000142790,3.0
000000142971,3.0
000000143068,4.0
000000143556,3.0
000000143572,4.0
000000143931,2.0
000000143961,4.0
000000143998,2.0
000000144003,3.0
000000144114,1.0
000000144300,3.0
000000144333,3.0
000000144706,4.0
000000144784,2.0
000000144798,3.0
000000144932,3.0
000000144984,2.0
000000145020,4.0
000000145591,2.0
000000145597,4.0
000000145620,3.0
000000145665,2.0
000000145781,2.0
000000146155,3.0
000000146358,3.0
000000146363,2.0
000000146457,4.0
000000146489,3.0
000000146498,3.0
000000146667,3.0
000000146825,3.0
000000146831,3.0
000000147205,3.0
000000147223,3.0
000000147338,2.0
000000147415,4.0
000000147498,4.0
000000147518,3.0
000000147725,3.0
000000147729,4.0
000000147740,3.0
000000147745,2.0
000000148508,4.0
000000148620,3.0
000000148662,3.0
000000148707,2.0
000000148719,3.0
000000148730,3.0
000000148739,3.0
000000148783,2.0
000000148957,3.0
000000148999,4.0
000000149222,3.0
000000149375,3.0
000000149406,2.0
000000149568,2.0
000000149622,4.0
000000149770,4.0
000000150224,4.0
000000150265,3.0
000000150417,4.0
000000150638,4.0
000000150649,3.0
000000150726,2.0
000000150930,2.0
000000151000,3.0
000000151051,3.0
000000151480,3.0
000000151516,2.0
000000151629,3.0
000000151657,2.0
000000151662,3.0
000000151820,4.0
000000151857,3.0
000000151938,4.0
000000151962,3.0
000000152120,2.0
000000152214,2.0
000000152465,2.0
000000152686,2.0
000000152740,4.0
000000152771,3.0
000000152870,2.0
000000153011,4.0
000000153217,2.0
000000153229,3.0
000000153299,2.0
000000153343,3.0
000000153510,4.0
000000153527,4.0
000000153529,3.0
000000153568,2.0
000000153632,2.0
000000153669,4.0
000000153782,3.0
000000153797,2.0
000000154000,3.0
000000154004,4.0
000000154087,3.0
000000154213,2.0
000000154339,4.0
000000154358,3.0
000000154425,2.0
000000154431,3.0
000000154644,3.0
000000154705,3.0
000000154718,3.0
000000154947,2.0
000000155051,2.0
000000155145,3.0
000000155154,3.0
000000155179,2.0
000000155291,2.0
000000155341,3.0
000000155443,3.0
000000155451,4.0
000000155571,2.0
000000156071,4.0
000000156076,3.0
000000156278,4.0
000000156292,4.0
000000156372,3.0
000000156643,4.0
000000156924,3.0
000000157046,4.0
000000157098,3.0
000000157124,3.0
000000157138,2.0
000000157213,2.0
000000157365,3.0
000000157390,3.0
000000157418,3.0
000000157601,3.0
000000157756,4.0
000000157767,4.0
000000157807,2.0
000000157847,3.0
000000157928,3.0
000000158227,2.0
000000158548,3.0
000000158660,3.0
000000158744,3.0
000000158945,3.0
000000158956,2.0
000000159112,2.0
000000159282,2.0
000000159311,3.0
000000159399,3.0
000000159458,3.0
000000159684,3.0
000000159791,4.0
000000159977,2.0
000000160012,3.0
000000160556,3.0
000000160666,2.0
000000160728,4.0
000000160772,2.0
000000160864,3.0
000000161008,2.0
000000161032,4.0
000000161044,2.0
000000161128,3.0
000000161397,3.0
000000161609,3.0
000000161642,2.0
000000161781,3.0
000000161799,3.0
000000161820,4.0
000000161861,3.0
000000161875,2.0
000000161879,3.0
000000161925,3.0
000000161978,4.0
000000162035,3.0
000000162092,4.0
000000162130,2.0
000000162366,2.0
000000162415,2.0
000000162543,3.0
000000162581,3.0
000000162732,3.0
000000162858,3.0
000000163057,4.0
000000163117,3.0
000000163118,2.0
000000163155,2.0
000000163257,2.0
000000163258,3.0
000000163290,2.0
000000163314,4.0
000000163562,2.0
000000163611,3.0
000000163640,3.0
000000163682,2.0
000000163746,3.0
000000163951,2.0
000000164115,3.0
000000164363,2.0
000000164602,3.0
000000164637,3.0
000000164883,3.0
000000164885,3.0
000000164969,2.0
000000165039,3.0
000000165257,3.0
000000165336,3.0
000000165351,3.0
000000165500,3.0
000000165518,4.0
000000165681,4.0
000000165713,2.0
000000165831,4.0
000000166165,2.0
000000166166,3.0
000000166259,2.0
000000166277,2.0
000000166287,3.0
000000166391,4.0
000000166426,3.0
000000166478,3.0
000000166509,3.0
000000166521,3.0
000000166563,3.0
000000166642,2.0
000000166664,2.0
000000166747,4.0
000000166768,2.0
000000166918,4.0
000000167067,3.0
000000167122,4.0
000000167128,3.0
000000167159,2.0
000000167240,2.0
000000167353,2.0
000000167486,4.0
000000167540,1.0
000000167572,3.0
000000167898,3.0
000000167902,2.0
000000168330,3.0
000000168337,2.0
000000168458,2.0
000000168593,2.0
000000168619,2.0
000000168883,3.0
000000168974,3.0
000000169076,3.0
000000169169,3.0
000000169356,3.0
000000169996,3.0
000000170099,3.0
000000170116,4.0
000000170191,3.0
000000170278,2.0
000000170474,2.0
000000170545,4.0
000000170595,3.0
000000170613,2.0
000000170670,4.0
000000170739,3.0
000000170893,2.0
000000170955,2.0
000000171050,2.0
000000171190,4.0
000000171298,2.0
000000171382,3.0
000000171611,3.0
000000171740,4.0
000000171757,4.0
000000171788,3.0
000000172083,4.0
000000172330,2.0
000000172396,2.0
000000172547,3.0
000000172571,2.0
000000172595,4.0
000000172617,3.0
000000172648,3.0
000000172649,2.0
000000172856,2.0
000000172877,3.0
000000172935,4.0
000000172946,4.0
000000172977,2.0
000000173004,3.0
000000173008,3.0
000000173033,2.0
000000173044,2.0
000000173057,4.0
000000173091,2.0
000000173183,2.0
000000173302,3.0
000000173371,3.0
000000173383,3.0
000000173799,4.0
000000173830,2.0
000000174004,3.0
000000174018,2.0
000000174123,2.0
000000174231,3.0
000000174371,3.0
000000174482,3.0
000000175251,2.0
000000175364,3.0
000000175387,2.0
000000175438,4.0
000000175443,3.0
000000175535,3.0
000000176037,4.0
000000176232,2.0
000000176446,2.0
000000176606,2.0
000000176634,3.0
000000176701,3.0
000000176778,3.0
000000176799,3.0
000000176847,4.0
000000176857,4.0
000000176901,3.0
000000177015,3.0
000000177065,3.0
000000177213,2.0
000000177357,3.0
000000177383,2.0
000000177489,3.0
000000177539,2.0
000000177714,4.0
000000177861,3.0
000000177893,2.0
000000177934,4.0
000000177935,3.0
000000178028,3.0
000000178469,3.0
000000178618,3.0
000000178744,3.0
000000178982,4.0
000000179112,2.0
000000179141,4.0
000000179174,4.0
000000179214,2.0
000000179265,3.0
000000179285,2.0
000000179392,3.0
000000179487,
000000179642,3.0
000000179653,3.0
000000179765,2.0
000000179898,4.0
000000180011,4.0
000000180101,3.0
000000180135,2.0
000000180188,2.0
000000180296,3.0
000000180383,3.0
000000180487,3.0
000000180560,3.0
000000180751,3.0
000000180792,3.0
000000180798,2.0
000000180878,3.0
000000181303,2.0
000000181421,3.0
000000181499,2.0
000000181542,4.0
000000181666,4.0
000000181753,3.0
000000181796,3.0
000000181816,2.0
000000181859,2.0
000000181969,2.0
000000182021,4.0
000000182155,3.0
000000182162,3.0
000000182202,2.0
000000182417,3.0
000000182441,4.0
000000182611,4.0
000000182805,3.0
000000182923,4.0
000000183049,4.0
000000183104,2.0
000000183127,2.0
000000183246,3.0
000000183391,3.0
000000183437,3.0
000000183500,2.0
000000183648,3.0
000000183675,2.0
000000183709,4.0
000000183716,2.0
000000183965,2.0
000000184321,3.0
000000184324,4.0
000000184338,3.0
000000184384,3.0
000000184400,3.0
000000184611,3.0
000000184762,2.0
000000184791,
000000184978,3.0
000000185157,2.0
000000185250,2.0
000000185292,4.0
000000185409,4.0
000000185472,3.0
000000185473,4.0
000000185599,3.0
000000185802,3.0
000000185890,3.0
000000185950,2.0
000000186042,2.0
000000186282,3.0
000000186296,2.0
000000186345,3.0
000000186422,3.0
000000186449,3.0
000000186624,3.0
000000186632,3.0
000000186637,2.0
000000186873,3.0
000000186929,
000000186938,2.0
000000186980,3.0
000000187055,3.0
000000187144,3.0
000000187236,3.0
000000187243,3.0
000000187249,3.0
000000187271,2.0
000000187362,2.0
000000187513,3.0
000000187585,3.0
000000187734,3.0
000000187745,1.0
000000187990,3.0
000000188296,4.0
000000188439,3.0
000000188465,4.0
000000188592,2.0
000000188689,2.0
000000188906,2.0
000000189078,3.0
000000189213,3.0
000000189226,2.0
000000189310,3.0
000000189436,2.0
000000189451,2.0
000000189475,4.0
000000189698,2.0
000000189752,3.0
000000189775,4.0
000000189806,3.0
000000189820,4.0
000000189828,2.0
000000190007,3.0
000000190140,3.0
000000190236,4.0
000000190307,2.0
000000190637,2.0
000000190648,4.0
000000190676,4.0
000000190753,4.0
000000190756,2.0
000000190841,3.0
000000190853,2.0
000000190923,3.0
000000191013,3.0
000000191288,3.0
000000191471,2.0
000000191580,2.0
000000191614,3.0
000000191672,3.0
000000191761,3.0
000000191845,4.0
000000192047,3.0
000000192191,3.0
000000192607,3.0
000000192670,3.0
000000192699,3.0
000000192716,2.0
000000192871,2.0
000000192904,3.0
000000192964,3.0
000000193162,3.0
000000193181,3.0
000000193245,4.0
000000193348,2.0
000000193429,2.0
000000193494,3.0
000000193674,3.0
000000193717,3.0
000000193743,2.0
000000193884,3.0
000000193926,3.0
000000194216,3.0
000000194471,3.0
000000194506,3.0
000000194716,2.0
000000194724,3.0
000000194746,2.0
000000194832,4.0
000000194875,4.0
000000194940,2.0
000000195045,3.0
000000195165,4.0
000000195754,4.0
000000195842,3.0
000000195918,3.0
000000196009,2.0
000000196141,3.0
000000196185,2.0
000000196442,3.0
000000196754,3.0
000000196759,2.0
000000196843,3.0
000000197004,2.0
000000197022,2.0
000000197388,3.0
000000197528,2.0
000000197658,2.0
000000197796,3.0
000000197870,2.0
000000198489,3.0
000000198510,3.0
000000198641,3.0
000000198805,2.0
000000198915,2.0
000000198928,3.0
000000198960,2.0
000000199055,2.0
000000199236,3.0
000000199310,2.0
000000199395,2.0
000000199442,3.0
000000199551,2.0
000000199681,2.0
000000199771,4.0
000000199977,2.0
000000200152,4.0
000000200162,3.0
000000200252,2.0
000000200421,2.0
000000200667,3.0
000000200839,2.0
000000200961,3.0
000000201025,4.0
000000201072,3.0
000000201148,3.0
000000201418,4.0
000000201426,3.0
000000201646,2.0
000000201676,3.0
000000201775,2.0
000000201934,3.0
000000202001,2.0
000000202228,2.0
000000202339,3.0
000000202445,2.0
000000203095,3.0
000000203294,3.0
000000203317,2.0
000000203389,4.0
000000203488,3.0
000000203546,3.0
000000203580,3.0
000000203629,4.0
000000203639,2.0
000000203864,3.0
000000203931,4.0
000000204186,4.0
000000204329,2.0
000000204871,3.0
000000205105,3.0
000000205282,3.0
000000205289,2.0
000000205324,3.0
000000205333,2.0
000000205401,2.0
000000205514,3.0
000000205542,2.0
000000205647,2.0
000000205776,2.0
000000205834,2.0
000000206025,2.0
000000206027,2.0
000000206135,3.0
000000206218,3.0
000000206271,3.0
000000206411,2.0
000000206487,4.0
000000206579,4.0
000000206831,2.0
000000206838,2.0
000000206994,2.0
000000207306,3.0
000000207538,2.0
000000207585,3.0
000000207728,2.0
000000207844,4.0
000000208208,2.0
000000208363,4.0
000000208423,4.0
000000208901,1.0
000000209142,4.0
000000209222,4.0
000000209530,4.0
000000209613,3.0
000000209747,2.0
000000209753,3.0
000000209757,4.0
000000209829,3.0
000000209972,2.0
000000210030,2.0
000000210032,3.0
000000210099,2.0
000000210230,3.0
000000210273,4.0
000000210299,2.0
000000210388,3.0
000000210394,3.0
000000210502,2.0
000000210520,4.0
000000210708,2.0
000000210789,3.0
000000210855,3.0
000000210915,4.0
000000211042,3.0
000000211069,3.0
000000211120,3.0
000000211674,3.0
000000211825,3.0
000000212072,2.0
000000212166,3.0
000000212226,3.0
000000212453,2.0
000000212559,3.0
000000212573,4.0
000000212800,4.0
000000212895,2.0
000000213033,3.0
000000213035,3.0
000000213086,2.0
000000213171,2.0
000000213224,2.0
000000213255,4.0
000000213422,3.0
000000213445,3.0
000000213547,4.0
000000213593,4.0
000000213605,3.0
000000213816,2.0
000000213830,3.0
000000213935,3.0
000000214192,3.0
000000214200,2.0
000000214205,2.0
000000214224,3.0
000000214539,3.0
000000214703,3.0
000000214720,3.0
000000214753,3.0
000000214869,2.0
000000215072,3.0
000000215114,3.0
000000215245,3.0
000000215259,3.0
000000215644,3.0
000000215723,3.0
000000215778,4.0
000000216277,2.0
000000216296,3.0
000000216419,3.0
000000216497,3.0
000000216516,2.0
000000216636,3.0
000000216739,2.0
000000217060,1.0
000000217219,2.0
000000217285,4.0
000000217400,3.0
000000217425,3.0
000000217614,2.0
000000217753,4.0
000000217872,2.0
000000217948,3.0
000000217957,3.0
000000218091,3.0
000000218249,2.0
000000218362,4.0
000000218424,3.0
000000218439,4.0
000000218997,3.0
000000219271,4.0
000000219283,3.0
000000219440,3.0
000000219485,3.0
000000219578,2.0
000000220310,3.0
000000220584,3.0
000000220732,4.0
000000220764,3.0
000000220858,2.0
000000221017,2.0
000000221155,3.0
000000221213,4.0
000000221281,3.0
000000221291,2.0
000000221502,2.0
000000221693,2.0
000000221708,3.0
000000221754,3.0
000000221872,2.0
000000222094,3.0
000000222118,2.0
000000222235,3.0
000000222299,4.0
000000222317,3.0
000000222455,3.0
000000222458,3.0
000000222559,3.0
000000222735,2.0
000000222825,3.0
000000222863,2.0
000000222991,2.0
000000223090,3.0
000000223130,2.0
000000223182,3.0
000000223188,3.0
000000223738,3.0
000000223747,4.0
000000223789,3.0
000000223955,2.0
000000223959,3.0
000000224051,3.0
000000224093,3.0
000000224119,4.0
000000224200,2.0
000000224222,3.0
000000224337,2.0
000000224664,4.0
000000224675,3.0
000000224724,3.0
000000224807,4.0
000000225184,2.0
000000225405,3.0
000000225532,3.0
000000225670,2.0
000000225757,4.0
000000225946,3.0
000000226058,2.0
000000226111,2.0
000000226130,2.0
000000226147,3.0
000000226154,2.0
000000226171,3.0
000000226408,4.0
000000226417,4.0
000000226592,3.0
000000226662,3.0
000000226802,4.0
000000226883,3.0
000000226903,4.0
000000226984,4.0
000000227044,3.0
000000227187,3.0
000000227399,3.0
000000227478,3.0
000000227482,2.0
000000227491,3.0
000000227511,3.0
000000227686,3.0
000000227765,3.0
000000227898,3.0
000000227985,2.0
000000228144,3.0
000000228214,3.0
000000228436,3.0
000000228771,2.0
000000228942,4.0
000000228981,2.0
000000229111,2.0
000000229216,3.0
000000229221,2.0
000000229311,3.0
000000229358,3.0
000000229553,2.0
000000229601,4.0
000000229659,3.0
000000229747,1.0
